<?xml version='1.0' encoding='UTF-8'?>
<gpx version="1.1" creator="https://www.komoot.de" xmlns="http://www.topografix.com/GPX/1/1" xmlns:xsi="http://www.w3.org/2001/XMLSchema-instance" xsi:schemaLocation="http://www.topografix.com/GPX/1/1 http://www.topografix.com/GPX/1/1/gpx.xsd">
  <metadata>
    <name>GraveLova Środa #116 - Narodziny gwiazdy</name>
    <author>
      <link href="https://www.komoot.de">
        <text>komoot</text>
        <type>text/html</type>
      </link>
    </author>
  </metadata>
  <trk>
    <name>GraveLova Środa #116 - Narodziny gwiazdy</name>
    <type>mtb_easy</type>
    <trkseg>
      <trkpt lat="50.656527" lon="17.913921">
        <ele>150.751588</ele>
        <time>2026-08-03T14:29:09.870Z</time>
      </trkpt>
      <trkpt lat="50.656430" lon="17.913905">
        <ele>150.751588</ele>
        <time>2026-08-03T14:29:11.675Z</time>
      </trkpt>
      <trkpt lat="50.656316" lon="17.913936">
        <ele>150.751588</ele>
        <time>2026-08-03T14:29:13.796Z</time>
      </trkpt>
      <trkpt lat="50.656168" lon="17.913998">
        <ele>150.751588</ele>
        <time>2026-08-03T14:29:16.608Z</time>
      </trkpt>
      <trkpt lat="50.656272" lon="17.914023">
        <ele>150.751588</ele>
        <time>2026-08-03T14:29:18.528Z</time>
      </trkpt>
      <trkpt lat="50.656296" lon="17.914126">
        <ele>150.751588</ele>
        <time>2026-08-03T14:29:19.820Z</time>
      </trkpt>
      <trkpt lat="50.656253" lon="17.914156">
        <ele>150.751588</ele>
        <time>2026-08-03T14:29:20.693Z</time>
      </trkpt>
      <trkpt lat="50.656140" lon="17.914262">
        <ele>150.751588</ele>
        <time>2026-08-03T14:29:23.103Z</time>
      </trkpt>
      <trkpt lat="50.656120" lon="17.914415">
        <ele>150.751588</ele>
        <time>2026-08-03T14:29:24.920Z</time>
      </trkpt>
      <trkpt lat="50.656140" lon="17.914496">
        <ele>150.751588</ele>
        <time>2026-08-03T14:29:25.937Z</time>
      </trkpt>
      <trkpt lat="50.656199" lon="17.914587">
        <ele>150.758072</ele>
        <time>2026-08-03T14:29:27.455Z</time>
      </trkpt>
      <trkpt lat="50.656249" lon="17.914627">
        <ele>150.764456</ele>
        <time>2026-08-03T14:29:28.491Z</time>
      </trkpt>
      <trkpt lat="50.656316" lon="17.914627">
        <ele>150.772085</ele>
        <time>2026-08-03T14:29:29.713Z</time>
      </trkpt>
      <trkpt lat="50.656371" lon="17.914590">
        <ele>150.778893</ele>
        <time>2026-08-03T14:29:30.814Z</time>
      </trkpt>
      <trkpt lat="50.656428" lon="17.914457">
        <ele>150.790481</ele>
        <time>2026-08-03T14:29:32.689Z</time>
      </trkpt>
      <trkpt lat="50.656390" lon="17.914145">
        <ele>150.813415</ele>
        <time>2026-08-03T14:29:36.402Z</time>
      </trkpt>
      <trkpt lat="50.656433" lon="17.910633">
        <ele>151.172966</ele>
        <time>2026-08-03T14:30:14.951Z</time>
      </trkpt>
      <trkpt lat="50.656433" lon="17.910314">
        <ele>151.218062</ele>
        <time>2026-08-03T14:30:18.637Z</time>
      </trkpt>
      <trkpt lat="50.656364" lon="17.909295">
        <ele>151.361065</ele>
        <time>2026-08-03T14:30:31.149Z</time>
      </trkpt>
      <trkpt lat="50.656368" lon="17.909216">
        <ele>151.368440</ele>
        <time>2026-08-03T14:30:32.119Z</time>
      </trkpt>
      <trkpt lat="50.656390" lon="17.909067">
        <ele>151.382678</ele>
        <time>2026-08-03T14:30:33.933Z</time>
      </trkpt>
      <trkpt lat="50.656334" lon="17.908932">
        <ele>151.397692</ele>
        <time>2026-08-03T14:30:35.861Z</time>
      </trkpt>
      <trkpt lat="50.656330" lon="17.908893">
        <ele>151.401369</ele>
        <time>2026-08-03T14:30:36.319Z</time>
      </trkpt>
      <trkpt lat="50.656326" lon="17.908845">
        <ele>151.405875</ele>
        <time>2026-08-03T14:30:36.881Z</time>
      </trkpt>
      <trkpt lat="50.656322" lon="17.908798">
        <ele>151.410288</ele>
        <time>2026-08-03T14:30:37.433Z</time>
      </trkpt>
      <trkpt lat="50.656318" lon="17.908749">
        <ele>151.414886</ele>
        <time>2026-08-03T14:30:38.023Z</time>
      </trkpt>
      <trkpt lat="50.655836" lon="17.908853">
        <ele>151.486301</ele>
        <time>2026-08-03T14:30:47.008Z</time>
      </trkpt>
      <trkpt lat="50.654959" lon="17.909039">
        <ele>151.616201</ele>
        <time>2026-08-03T14:31:02.162Z</time>
      </trkpt>
      <trkpt lat="50.654387" lon="17.909152">
        <ele>151.859685</ele>
        <time>2026-08-03T14:31:11.607Z</time>
      </trkpt>
      <trkpt lat="50.654358" lon="17.909135">
        <ele>151.873321</ele>
        <time>2026-08-03T14:31:12.095Z</time>
      </trkpt>
      <trkpt lat="50.654348" lon="17.909138">
        <ele>151.877808</ele>
        <time>2026-08-03T14:31:12.266Z</time>
      </trkpt>
      <trkpt lat="50.654286" lon="17.909149">
        <ele>151.905308</ele>
        <time>2026-08-03T14:31:13.275Z</time>
      </trkpt>
      <trkpt lat="50.654265" lon="17.908713">
        <ele>152.027498</ele>
        <time>2026-08-03T14:31:17.784Z</time>
      </trkpt>
      <trkpt lat="50.654275" lon="17.908123">
        <ele>152.192431</ele>
        <time>2026-08-03T14:31:24.113Z</time>
      </trkpt>
      <trkpt lat="50.654286" lon="17.907503">
        <ele>152.365756</ele>
        <time>2026-08-03T14:31:32.922Z</time>
      </trkpt>
      <trkpt lat="50.654317" lon="17.907208">
        <ele>152.569853</ele>
        <time>2026-08-03T14:31:38.320Z</time>
      </trkpt>
      <trkpt lat="50.654300" lon="17.906832">
        <ele>153.037615</ele>
        <time>2026-08-03T14:31:45.295Z</time>
      </trkpt>
      <trkpt lat="50.654320" lon="17.906816">
        <ele>153.081507</ele>
        <time>2026-08-03T14:31:45.903Z</time>
      </trkpt>
      <trkpt lat="50.654335" lon="17.906801">
        <ele>153.116269</ele>
        <time>2026-08-03T14:31:46.420Z</time>
      </trkpt>
      <trkpt lat="50.654400" lon="17.906633">
        <ele>153.360493</ele>
        <time>2026-08-03T14:31:50.038Z</time>
      </trkpt>
      <trkpt lat="50.654419" lon="17.906389">
        <ele>153.665546</ele>
        <time>2026-08-03T14:31:54.497Z</time>
      </trkpt>
      <trkpt lat="50.654395" lon="17.906367">
        <ele>153.719877</ele>
        <time>2026-08-03T14:31:55.301Z</time>
      </trkpt>
      <trkpt lat="50.654383" lon="17.906334">
        <ele>153.767084</ele>
        <time>2026-08-03T14:31:56.044Z</time>
      </trkpt>
      <trkpt lat="50.654356" lon="17.906251">
        <ele>153.882845</ele>
        <time>2026-08-03T14:31:57.762Z</time>
      </trkpt>
      <trkpt lat="50.654347" lon="17.906222">
        <ele>153.922911</ele>
        <time>2026-08-03T14:31:58.332Z</time>
      </trkpt>
      <trkpt lat="50.654322" lon="17.906177">
        <ele>153.997156</ele>
        <time>2026-08-03T14:31:59.377Z</time>
      </trkpt>
      <trkpt lat="50.654280" lon="17.906096">
        <ele>154.127004</ele>
        <time>2026-08-03T14:32:01.390Z</time>
      </trkpt>
      <trkpt lat="50.654234" lon="17.905980">
        <ele>154.296786</ele>
        <time>2026-08-03T14:32:03.865Z</time>
      </trkpt>
      <trkpt lat="50.654261" lon="17.905826">
        <ele>154.495057</ele>
        <time>2026-08-03T14:32:06.925Z</time>
      </trkpt>
      <trkpt lat="50.654216" lon="17.905788">
        <ele>154.594962</ele>
        <time>2026-08-03T14:32:08.379Z</time>
      </trkpt>
      <trkpt lat="50.654294" lon="17.905505">
        <ele>154.977885</ele>
        <time>2026-08-03T14:32:14.194Z</time>
      </trkpt>
      <trkpt lat="50.654304" lon="17.905319">
        <ele>155.209520</ele>
        <time>2026-08-03T14:32:17.602Z</time>
      </trkpt>
      <trkpt lat="50.654272" lon="17.902694">
        <ele>156.013571</ele>
        <time>2026-08-03T14:32:50.228Z</time>
      </trkpt>
      <trkpt lat="50.654270" lon="17.902575">
        <ele>156.018171</ele>
        <time>2026-08-03T14:32:51.361Z</time>
      </trkpt>
      <trkpt lat="50.654256" lon="17.901701">
        <ele>155.873895</ele>
        <time>2026-08-03T14:32:59.345Z</time>
      </trkpt>
      <trkpt lat="50.654254" lon="17.901646">
        <ele>155.826337</ele>
        <time>2026-08-03T14:32:59.835Z</time>
      </trkpt>
      <trkpt lat="50.654246" lon="17.901170">
        <ele>155.415277</ele>
        <time>2026-08-03T14:33:04.056Z</time>
      </trkpt>
      <trkpt lat="50.654243" lon="17.900951">
        <ele>155.226177</ele>
        <time>2026-08-03T14:33:05.992Z</time>
      </trkpt>
      <trkpt lat="50.654221" lon="17.899871">
        <ele>154.293367</ele>
        <time>2026-08-03T14:33:15.604Z</time>
      </trkpt>
      <trkpt lat="50.654199" lon="17.898892">
        <ele>153.543019</ele>
        <time>2026-08-03T14:33:24.529Z</time>
      </trkpt>
      <trkpt lat="50.654177" lon="17.897881">
        <ele>153.233880</ele>
        <time>2026-08-03T14:33:34.601Z</time>
      </trkpt>
      <trkpt lat="50.654171" lon="17.897565">
        <ele>153.137269</ele>
        <time>2026-08-03T14:33:37.907Z</time>
      </trkpt>
      <trkpt lat="50.654171" lon="17.897541">
        <ele>153.129934</ele>
        <time>2026-08-03T14:33:38.159Z</time>
      </trkpt>
      <trkpt lat="50.654170" lon="17.897496">
        <ele>153.116174</ele>
        <time>2026-08-03T14:33:38.637Z</time>
      </trkpt>
      <trkpt lat="50.654136" lon="17.895292">
        <ele>152.592685</ele>
        <time>2026-08-03T14:34:01.779Z</time>
      </trkpt>
      <trkpt lat="50.654120" lon="17.894361">
        <ele>152.457667</ele>
        <time>2026-08-03T14:34:11.427Z</time>
      </trkpt>
      <trkpt lat="50.654106" lon="17.893616">
        <ele>152.349615</ele>
        <time>2026-08-03T14:34:19.032Z</time>
      </trkpt>
      <trkpt lat="50.654047" lon="17.893090">
        <ele>152.376501</ele>
        <time>2026-08-03T14:34:24.625Z</time>
      </trkpt>
      <trkpt lat="50.653967" lon="17.892691">
        <ele>152.457015</ele>
        <time>2026-08-03T14:34:29.109Z</time>
      </trkpt>
      <trkpt lat="50.653938" lon="17.892452">
        <ele>152.503833</ele>
        <time>2026-08-03T14:34:32.224Z</time>
      </trkpt>
      <trkpt lat="50.653905" lon="17.892313">
        <ele>152.532390</ele>
        <time>2026-08-03T14:34:34.196Z</time>
      </trkpt>
      <trkpt lat="50.653922" lon="17.892278">
        <ele>152.540873</ele>
        <time>2026-08-03T14:34:34.745Z</time>
      </trkpt>
      <trkpt lat="50.653941" lon="17.892182">
        <ele>152.560223</ele>
        <time>2026-08-03T14:34:36.069Z</time>
      </trkpt>
      <trkpt lat="50.653931" lon="17.892093">
        <ele>152.577613</ele>
        <time>2026-08-03T14:34:37.306Z</time>
      </trkpt>
      <trkpt lat="50.653977" lon="17.891984">
        <ele>152.602806</ele>
        <time>2026-08-03T14:34:39.036Z</time>
      </trkpt>
      <trkpt lat="50.654078" lon="17.891742">
        <ele>152.658549</ele>
        <time>2026-08-03T14:34:43.115Z</time>
      </trkpt>
      <trkpt lat="50.654535" lon="17.890939">
        <ele>152.870862</ele>
        <time>2026-08-03T14:34:56.959Z</time>
      </trkpt>
      <trkpt lat="50.654037" lon="17.890627">
        <ele>153.263485</ele>
        <time>2026-08-03T14:35:08.084Z</time>
      </trkpt>
      <trkpt lat="50.653657" lon="17.890315">
        <ele>153.577382</ele>
        <time>2026-08-03T14:35:16.730Z</time>
      </trkpt>
      <trkpt lat="50.653525" lon="17.890207">
        <ele>153.686339</ele>
        <time>2026-08-03T14:35:19.733Z</time>
      </trkpt>
      <trkpt lat="50.653230" lon="17.889909">
        <ele>153.943021</ele>
        <time>2026-08-03T14:35:27.059Z</time>
      </trkpt>
      <trkpt lat="50.652699" lon="17.889258">
        <ele>154.289093</ele>
        <time>2026-08-03T14:35:40.663Z</time>
      </trkpt>
      <trkpt lat="50.652590" lon="17.889105">
        <ele>154.334513</ele>
        <time>2026-08-03T14:35:43.552Z</time>
      </trkpt>
      <trkpt lat="50.652400" lon="17.888839">
        <ele>154.413594</ele>
        <time>2026-08-03T14:35:48.520Z</time>
      </trkpt>
      <trkpt lat="50.651889" lon="17.888228">
        <ele>154.613199</ele>
        <time>2026-08-03T14:36:00.590Z</time>
      </trkpt>
      <trkpt lat="50.650689" lon="17.887172">
        <ele>154.443108</ele>
        <time>2026-08-03T14:36:22.971Z</time>
      </trkpt>
      <trkpt lat="50.650548" lon="17.887035">
        <ele>154.392045</ele>
        <time>2026-08-03T14:36:25.576Z</time>
      </trkpt>
      <trkpt lat="50.650248" lon="17.886835">
        <ele>154.291619</ele>
        <time>2026-08-03T14:36:30.721Z</time>
      </trkpt>
      <trkpt lat="50.650233" lon="17.886796">
        <ele>154.282701</ele>
        <time>2026-08-03T14:36:31.179Z</time>
      </trkpt>
      <trkpt lat="50.650182" lon="17.886694">
        <ele>154.257305</ele>
        <time>2026-08-03T14:36:32.478Z</time>
      </trkpt>
      <trkpt lat="50.649407" lon="17.885547">
        <ele>154.220660</ele>
        <time>2026-08-03T14:36:50.050Z</time>
      </trkpt>
      <trkpt lat="50.648605" lon="17.884375">
        <ele>154.323952</ele>
        <time>2026-08-03T14:37:26.055Z</time>
      </trkpt>
      <trkpt lat="50.648289" lon="17.883965">
        <ele>154.528059</ele>
        <time>2026-08-03T14:37:40.093Z</time>
      </trkpt>
      <trkpt lat="50.647350" lon="17.882989">
        <ele>155.089009</ele>
        <time>2026-08-03T14:38:18.709Z</time>
      </trkpt>
      <trkpt lat="50.647135" lon="17.882647">
        <ele>155.219582</ele>
        <time>2026-08-03T14:38:29.116Z</time>
      </trkpt>
      <trkpt lat="50.646936" lon="17.882205">
        <ele>155.346228</ele>
        <time>2026-08-03T14:38:40.668Z</time>
      </trkpt>
      <trkpt lat="50.646118" lon="17.880885">
        <ele>155.777436</ele>
        <time>2026-08-03T14:39:19.467Z</time>
      </trkpt>
      <trkpt lat="50.645486" lon="17.880295">
        <ele>156.015567</ele>
        <time>2026-08-03T14:39:43.818Z</time>
      </trkpt>
      <trkpt lat="50.645179" lon="17.880077">
        <ele>156.121892</ele>
        <time>2026-08-03T14:39:55.109Z</time>
      </trkpt>
      <trkpt lat="50.644763" lon="17.879325">
        <ele>156.321733</ele>
        <time>2026-08-03T14:40:16.237Z</time>
      </trkpt>
      <trkpt lat="50.644575" lon="17.879130">
        <ele>156.391940</ele>
        <time>2026-08-03T14:40:23.622Z</time>
      </trkpt>
      <trkpt lat="50.644219" lon="17.878858">
        <ele>156.490023</ele>
        <time>2026-08-03T14:40:36.469Z</time>
      </trkpt>
      <trkpt lat="50.643758" lon="17.878432">
        <ele>156.622506</ele>
        <time>2026-08-03T14:40:53.921Z</time>
      </trkpt>
      <trkpt lat="50.643228" lon="17.878159">
        <ele>156.760750</ele>
        <time>2026-08-03T14:41:12.296Z</time>
      </trkpt>
      <trkpt lat="50.642432" lon="17.877836">
        <ele>156.984266</ele>
        <time>2026-08-03T14:41:39.820Z</time>
      </trkpt>
      <trkpt lat="50.642329" lon="17.877728">
        <ele>157.019597</ele>
        <time>2026-08-03T14:41:43.996Z</time>
      </trkpt>
      <trkpt lat="50.641518" lon="17.877224">
        <ele>157.268583</ele>
        <time>2026-08-03T14:42:12.559Z</time>
      </trkpt>
      <trkpt lat="50.641092" lon="17.876766">
        <ele>157.373786</ele>
        <time>2026-08-03T14:42:29.311Z</time>
      </trkpt>
      <trkpt lat="50.640969" lon="17.876546">
        <ele>157.393716</ele>
        <time>2026-08-03T14:42:35.480Z</time>
      </trkpt>
      <trkpt lat="50.640961" lon="17.876439">
        <ele>157.401038</ele>
        <time>2026-08-03T14:42:37.709Z</time>
      </trkpt>
      <trkpt lat="50.641174" lon="17.875854">
        <ele>157.446877</ele>
        <time>2026-08-03T14:42:51.821Z</time>
      </trkpt>
      <trkpt lat="50.641201" lon="17.875788">
        <ele>157.452214</ele>
        <time>2026-08-03T14:42:52.860Z</time>
      </trkpt>
      <trkpt lat="50.641464" lon="17.875081">
        <ele>157.507914</ele>
        <time>2026-08-03T14:43:09.833Z</time>
      </trkpt>
      <trkpt lat="50.641446" lon="17.874863">
        <ele>157.522853</ele>
        <time>2026-08-03T14:43:14.233Z</time>
      </trkpt>
      <trkpt lat="50.641461" lon="17.874703">
        <ele>157.533843</ele>
        <time>2026-08-03T14:43:17.447Z</time>
      </trkpt>
      <trkpt lat="50.641654" lon="17.874221">
        <ele>157.477882</ele>
        <time>2026-08-03T14:43:28.618Z</time>
      </trkpt>
      <trkpt lat="50.641751" lon="17.874099">
        <ele>157.450975</ele>
        <time>2026-08-03T14:43:32.426Z</time>
      </trkpt>
      <trkpt lat="50.641808" lon="17.874036">
        <ele>157.435880</ele>
        <time>2026-08-03T14:43:34.688Z</time>
      </trkpt>
      <trkpt lat="50.641875" lon="17.873993">
        <ele>157.420193</ele>
        <time>2026-08-03T14:43:36.020Z</time>
      </trkpt>
      <trkpt lat="50.641520" lon="17.873413">
        <ele>157.309338</ele>
        <time>2026-08-03T14:43:51.529Z</time>
      </trkpt>
      <trkpt lat="50.641117" lon="17.872857">
        <ele>157.193215</ele>
        <time>2026-08-03T14:44:08.090Z</time>
      </trkpt>
      <trkpt lat="50.640919" lon="17.872629">
        <ele>157.172429</ele>
        <time>2026-08-03T14:44:15.895Z</time>
      </trkpt>
      <trkpt lat="50.640599" lon="17.872321">
        <ele>157.326923</ele>
        <time>2026-08-03T14:44:28.688Z</time>
      </trkpt>
      <trkpt lat="50.639893" lon="17.871853">
        <ele>157.642524</ele>
        <time>2026-08-03T14:44:55.689Z</time>
      </trkpt>
      <trkpt lat="50.640240" lon="17.870457">
        <ele>157.865629</ele>
        <time>2026-08-03T14:45:27.110Z</time>
      </trkpt>
      <trkpt lat="50.640222" lon="17.870252">
        <ele>157.855423</ele>
        <time>2026-08-03T14:45:31.236Z</time>
      </trkpt>
      <trkpt lat="50.640185" lon="17.870202">
        <ele>157.851634</ele>
        <time>2026-08-03T14:45:32.758Z</time>
      </trkpt>
      <trkpt lat="50.640046" lon="17.870042">
        <ele>157.838251</ele>
        <time>2026-08-03T14:45:38.106Z</time>
      </trkpt>
      <trkpt lat="50.639137" lon="17.869417">
        <ele>157.761138</ele>
        <time>2026-08-03T14:46:08.745Z</time>
      </trkpt>
      <trkpt lat="50.638203" lon="17.869015">
        <ele>158.016420</ele>
        <time>2026-08-03T14:46:39.808Z</time>
      </trkpt>
      <trkpt lat="50.637994" lon="17.868874">
        <ele>158.086351</ele>
        <time>2026-08-03T14:46:47.509Z</time>
      </trkpt>
      <trkpt lat="50.637857" lon="17.868713">
        <ele>158.138913</ele>
        <time>2026-08-03T14:46:53.367Z</time>
      </trkpt>
      <trkpt lat="50.637720" lon="17.868604">
        <ele>158.186119</ele>
        <time>2026-08-03T14:46:58.683Z</time>
      </trkpt>
      <trkpt lat="50.637240" lon="17.868316">
        <ele>158.360867</ele>
        <time>2026-08-03T14:47:16.767Z</time>
      </trkpt>
      <trkpt lat="50.636515" lon="17.867659">
        <ele>158.730810</ele>
        <time>2026-08-03T14:47:45.755Z</time>
      </trkpt>
      <trkpt lat="50.636279" lon="17.867092">
        <ele>158.921103</ele>
        <time>2026-08-03T14:47:59.780Z</time>
      </trkpt>
      <trkpt lat="50.636152" lon="17.866917">
        <ele>158.995721</ele>
        <time>2026-08-03T14:48:05.193Z</time>
      </trkpt>
      <trkpt lat="50.635751" lon="17.866660">
        <ele>159.127094</ele>
        <time>2026-08-03T14:48:18.945Z</time>
      </trkpt>
      <trkpt lat="50.635671" lon="17.866566">
        <ele>159.140245</ele>
        <time>2026-08-03T14:48:22.077Z</time>
      </trkpt>
      <trkpt lat="50.636238" lon="17.864981">
        <ele>159.292372</ele>
        <time>2026-08-03T14:48:45.895Z</time>
      </trkpt>
      <trkpt lat="50.636496" lon="17.864145">
        <ele>159.334590</ele>
        <time>2026-08-03T14:48:58.431Z</time>
      </trkpt>
      <trkpt lat="50.637232" lon="17.862179">
        <ele>159.309921</ele>
        <time>2026-08-03T14:49:27.034Z</time>
      </trkpt>
      <trkpt lat="50.637363" lon="17.861636">
        <ele>159.322471</ele>
        <time>2026-08-03T14:49:33.927Z</time>
      </trkpt>
      <trkpt lat="50.637311" lon="17.861629">
        <ele>159.325416</ele>
        <time>2026-08-03T14:49:37.528Z</time>
      </trkpt>
      <trkpt lat="50.636469" lon="17.861130">
        <ele>159.376176</ele>
        <time>2026-08-03T14:49:52.795Z</time>
      </trkpt>
      <trkpt lat="50.636368" lon="17.861064">
        <ele>159.382346</ele>
        <time>2026-08-03T14:49:54.700Z</time>
      </trkpt>
      <trkpt lat="50.636294" lon="17.861059">
        <ele>159.386526</ele>
        <time>2026-08-03T14:49:55.986Z</time>
      </trkpt>
      <trkpt lat="50.636238" lon="17.861061">
        <ele>159.389687</ele>
        <time>2026-08-03T14:49:57.006Z</time>
      </trkpt>
      <trkpt lat="50.636085" lon="17.860963">
        <ele>159.399006</ele>
        <time>2026-08-03T14:50:00.017Z</time>
      </trkpt>
      <trkpt lat="50.635885" lon="17.860830">
        <ele>159.428045</ele>
        <time>2026-08-03T14:50:04.132Z</time>
      </trkpt>
      <trkpt lat="50.635461" lon="17.860549">
        <ele>159.703576</ele>
        <time>2026-08-03T14:50:13.413Z</time>
      </trkpt>
      <trkpt lat="50.635111" lon="17.860316">
        <ele>159.931173</ele>
        <time>2026-08-03T14:50:21.351Z</time>
      </trkpt>
      <trkpt lat="50.634774" lon="17.860094">
        <ele>160.149972</ele>
        <time>2026-08-03T14:50:28.553Z</time>
      </trkpt>
      <trkpt lat="50.634264" lon="17.859757">
        <ele>160.481244</ele>
        <time>2026-08-03T14:50:39.473Z</time>
      </trkpt>
      <trkpt lat="50.633975" lon="17.859565">
        <ele>160.539910</ele>
        <time>2026-08-03T14:50:45.551Z</time>
      </trkpt>
      <trkpt lat="50.633637" lon="17.859342">
        <ele>160.603668</ele>
        <time>2026-08-03T14:50:52.328Z</time>
      </trkpt>
      <trkpt lat="50.633556" lon="17.859213">
        <ele>160.623703</ele>
        <time>2026-08-03T14:50:54.387Z</time>
      </trkpt>
      <trkpt lat="50.633299" lon="17.859039">
        <ele>160.672373</ele>
        <time>2026-08-03T14:50:59.367Z</time>
      </trkpt>
      <trkpt lat="50.633315" lon="17.858978">
        <ele>160.679659</ele>
        <time>2026-08-03T14:51:00.103Z</time>
      </trkpt>
      <trkpt lat="50.633115" lon="17.858845">
        <ele>160.717431</ele>
        <time>2026-08-03T14:51:03.855Z</time>
      </trkpt>
      <trkpt lat="50.631537" lon="17.857793">
        <ele>160.917979</ele>
        <time>2026-08-03T14:51:33.031Z</time>
      </trkpt>
      <trkpt lat="50.629945" lon="17.856735">
        <ele>161.290188</ele>
        <time>2026-08-03T14:52:04.873Z</time>
      </trkpt>
      <trkpt lat="50.629526" lon="17.856532">
        <ele>161.409885</ele>
        <time>2026-08-03T14:52:12.971Z</time>
      </trkpt>
      <trkpt lat="50.627861" lon="17.855749">
        <ele>162.042591</ele>
        <time>2026-08-03T14:52:44.980Z</time>
      </trkpt>
      <trkpt lat="50.627519" lon="17.855684">
        <ele>162.179521</ele>
        <time>2026-08-03T14:52:51.921Z</time>
      </trkpt>
      <trkpt lat="50.627166" lon="17.855705">
        <ele>162.341645</ele>
        <time>2026-08-03T14:52:59.008Z</time>
      </trkpt>
      <trkpt lat="50.627007" lon="17.855764">
        <ele>162.416612</ele>
        <time>2026-08-03T14:53:02.243Z</time>
      </trkpt>
      <trkpt lat="50.626912" lon="17.855846">
        <ele>162.466321</ele>
        <time>2026-08-03T14:53:04.402Z</time>
      </trkpt>
      <trkpt lat="50.626684" lon="17.856099">
        <ele>162.594287</ele>
        <time>2026-08-03T14:53:09.859Z</time>
      </trkpt>
      <trkpt lat="50.626586" lon="17.856155">
        <ele>162.642127</ele>
        <time>2026-08-03T14:53:11.820Z</time>
      </trkpt>
      <trkpt lat="50.626342" lon="17.856150">
        <ele>162.754120</ele>
        <time>2026-08-03T14:53:16.470Z</time>
      </trkpt>
      <trkpt lat="50.625466" lon="17.855843">
        <ele>162.882986</ele>
        <time>2026-08-03T14:53:32.873Z</time>
      </trkpt>
      <trkpt lat="50.624913" lon="17.855781">
        <ele>162.782139</ele>
        <time>2026-08-03T14:53:41.963Z</time>
      </trkpt>
      <trkpt lat="50.624494" lon="17.855793">
        <ele>162.705908</ele>
        <time>2026-08-03T14:53:48.616Z</time>
      </trkpt>
      <trkpt lat="50.624274" lon="17.855837">
        <ele>162.665569</ele>
        <time>2026-08-03T14:53:52.072Z</time>
      </trkpt>
      <trkpt lat="50.624055" lon="17.856057">
        <ele>162.688684</ele>
        <time>2026-08-03T14:53:56.247Z</time>
      </trkpt>
      <trkpt lat="50.623899" lon="17.856361">
        <ele>162.821890</ele>
        <time>2026-08-03T14:54:00.317Z</time>
      </trkpt>
      <trkpt lat="50.623725" lon="17.857048">
        <ele>163.073900</ele>
        <time>2026-08-03T14:54:08.170Z</time>
      </trkpt>
      <trkpt lat="50.623580" lon="17.857652">
        <ele>163.293912</ele>
        <time>2026-08-03T14:54:16.478Z</time>
      </trkpt>
      <trkpt lat="50.623469" lon="17.857970">
        <ele>163.417565</ele>
        <time>2026-08-03T14:54:21.675Z</time>
      </trkpt>
      <trkpt lat="50.623375" lon="17.858131">
        <ele>163.492108</ele>
        <time>2026-08-03T14:54:24.925Z</time>
      </trkpt>
      <trkpt lat="50.623133" lon="17.858397">
        <ele>163.728164</ele>
        <time>2026-08-03T14:54:32.191Z</time>
      </trkpt>
      <trkpt lat="50.622745" lon="17.858790">
        <ele>164.371993</ele>
        <time>2026-08-03T14:54:43.982Z</time>
      </trkpt>
      <trkpt lat="50.620979" lon="17.860542">
        <ele>166.707901</ele>
        <time>2026-08-03T14:55:31.782Z</time>
      </trkpt>
      <trkpt lat="50.620644" lon="17.860747">
        <ele>166.962576</ele>
        <time>2026-08-03T14:55:38.960Z</time>
      </trkpt>
      <trkpt lat="50.620425" lon="17.860790">
        <ele>167.118978</ele>
        <time>2026-08-03T14:55:43.086Z</time>
      </trkpt>
      <trkpt lat="50.619916" lon="17.860763">
        <ele>167.306966</ele>
        <time>2026-08-03T14:55:51.806Z</time>
      </trkpt>
      <trkpt lat="50.619702" lon="17.860757">
        <ele>167.174609</ele>
        <time>2026-08-03T14:55:55.267Z</time>
      </trkpt>
      <trkpt lat="50.619635" lon="17.860759">
        <ele>167.133169</ele>
        <time>2026-08-03T14:55:56.334Z</time>
      </trkpt>
      <trkpt lat="50.619126" lon="17.860802">
        <ele>166.817954</ele>
        <time>2026-08-03T14:56:04.311Z</time>
      </trkpt>
      <trkpt lat="50.619094" lon="17.860805">
        <ele>166.798131</ele>
        <time>2026-08-03T14:56:04.792Z</time>
      </trkpt>
      <trkpt lat="50.618729" lon="17.860899">
        <ele>166.569423</ele>
        <time>2026-08-03T14:56:10.255Z</time>
      </trkpt>
      <trkpt lat="50.618277" lon="17.861024">
        <ele>166.285639</ele>
        <time>2026-08-03T14:56:17.063Z</time>
      </trkpt>
      <trkpt lat="50.618153" lon="17.860770">
        <ele>166.172665</ele>
        <time>2026-08-03T14:56:20.157Z</time>
      </trkpt>
      <trkpt lat="50.618307" lon="17.860194">
        <ele>165.954566</ele>
        <time>2026-08-03T14:56:26.264Z</time>
      </trkpt>
      <trkpt lat="50.619084" lon="17.857459">
        <ele>164.732675</ele>
        <time>2026-08-03T14:56:56.831Z</time>
      </trkpt>
      <trkpt lat="50.619127" lon="17.857199">
        <ele>164.595108</ele>
        <time>2026-08-03T14:56:59.456Z</time>
      </trkpt>
      <trkpt lat="50.619118" lon="17.857075">
        <ele>164.531206</ele>
        <time>2026-08-03T14:57:00.638Z</time>
      </trkpt>
      <trkpt lat="50.619063" lon="17.856949">
        <ele>164.452901</ele>
        <time>2026-08-03T14:57:02.098Z</time>
      </trkpt>
      <trkpt lat="50.618956" lon="17.856805">
        <ele>164.339361</ele>
        <time>2026-08-03T14:57:04.169Z</time>
      </trkpt>
      <trkpt lat="50.618550" lon="17.856724">
        <ele>164.009119</ele>
        <time>2026-08-03T14:57:11.199Z</time>
      </trkpt>
      <trkpt lat="50.618285" lon="17.856725">
        <ele>163.809329</ele>
        <time>2026-08-03T14:57:15.741Z</time>
      </trkpt>
      <trkpt lat="50.618202" lon="17.856715">
        <ele>163.766113</ele>
        <time>2026-08-03T14:57:17.182Z</time>
      </trkpt>
      <trkpt lat="50.618109" lon="17.856695">
        <ele>163.717383</ele>
        <time>2026-08-03T14:57:18.787Z</time>
      </trkpt>
      <trkpt lat="50.617921" lon="17.856635">
        <ele>163.617798</ele>
        <time>2026-08-03T14:57:22.075Z</time>
      </trkpt>
      <trkpt lat="50.617654" lon="17.856492">
        <ele>163.471395</ele>
        <time>2026-08-03T14:57:26.963Z</time>
      </trkpt>
      <trkpt lat="50.617010" lon="17.856091">
        <ele>163.111903</ele>
        <time>2026-08-03T14:57:39.880Z</time>
      </trkpt>
      <trkpt lat="50.616732" lon="17.855953">
        <ele>162.960585</ele>
        <time>2026-08-03T14:57:45.850Z</time>
      </trkpt>
      <trkpt lat="50.616356" lon="17.855779">
        <ele>163.076145</ele>
        <time>2026-08-03T14:57:54.415Z</time>
      </trkpt>
      <trkpt lat="50.614027" lon="17.854839">
        <ele>164.637295</ele>
        <time>2026-08-03T14:58:50.232Z</time>
      </trkpt>
      <trkpt lat="50.612569" lon="17.854291">
        <ele>165.742771</ele>
        <time>2026-08-03T14:59:24.242Z</time>
      </trkpt>
      <trkpt lat="50.612353" lon="17.854175">
        <ele>165.932559</ele>
        <time>2026-08-03T14:59:29.524Z</time>
      </trkpt>
      <trkpt lat="50.612270" lon="17.854097">
        <ele>166.012931</ele>
        <time>2026-08-03T14:59:31.771Z</time>
      </trkpt>
      <trkpt lat="50.612135" lon="17.853893">
        <ele>166.168486</ele>
        <time>2026-08-03T14:59:36.168Z</time>
      </trkpt>
      <trkpt lat="50.612058" lon="17.853702">
        <ele>166.287910</ele>
        <time>2026-08-03T14:59:39.564Z</time>
      </trkpt>
      <trkpt lat="50.610759" lon="17.850250">
        <ele>168.852655</ele>
        <time>2026-08-03T15:00:43.075Z</time>
      </trkpt>
      <trkpt lat="50.609996" lon="17.850570">
        <ele>169.356072</ele>
        <time>2026-08-03T15:00:59.454Z</time>
      </trkpt>
      <trkpt lat="50.609480" lon="17.850727">
        <ele>169.691145</ele>
        <time>2026-08-03T15:01:09.553Z</time>
      </trkpt>
      <trkpt lat="50.608855" lon="17.850857">
        <ele>169.849771</ele>
        <time>2026-08-03T15:01:20.957Z</time>
      </trkpt>
      <trkpt lat="50.607312" lon="17.851600">
        <ele>169.620077</ele>
        <time>2026-08-03T15:01:47.961Z</time>
      </trkpt>
      <trkpt lat="50.603707" lon="17.853425">
        <ele>167.489193</ele>
        <time>2026-08-03T15:02:45.883Z</time>
      </trkpt>
      <trkpt lat="50.603373" lon="17.853539">
        <ele>167.695410</ele>
        <time>2026-08-03T15:02:52.599Z</time>
      </trkpt>
      <trkpt lat="50.602247" lon="17.853612">
        <ele>168.375820</ele>
        <time>2026-08-03T15:03:17.699Z</time>
      </trkpt>
      <trkpt lat="50.601623" lon="17.853676">
        <ele>168.781263</ele>
        <time>2026-08-03T15:03:31.324Z</time>
      </trkpt>
      <trkpt lat="50.601438" lon="17.853708">
        <ele>168.901933</ele>
        <time>2026-08-03T15:03:35.096Z</time>
      </trkpt>
      <trkpt lat="50.601363" lon="17.853753">
        <ele>168.953968</ele>
        <time>2026-08-03T15:03:36.683Z</time>
      </trkpt>
      <trkpt lat="50.601330" lon="17.853650">
        <ele>169.001450</ele>
        <time>2026-08-03T15:03:38.250Z</time>
      </trkpt>
      <trkpt lat="50.601256" lon="17.853034">
        <ele>169.259454</ele>
        <time>2026-08-03T15:03:46.546Z</time>
      </trkpt>
      <trkpt lat="50.600811" lon="17.851156">
        <ele>169.764803</ele>
        <time>2026-08-03T15:04:12.642Z</time>
      </trkpt>
      <trkpt lat="50.600713" lon="17.850576">
        <ele>169.867727</ele>
        <time>2026-08-03T15:04:20.488Z</time>
      </trkpt>
      <trkpt lat="50.600657" lon="17.849647">
        <ele>170.023271</ele>
        <time>2026-08-03T15:04:32.487Z</time>
      </trkpt>
      <trkpt lat="50.600632" lon="17.849234">
        <ele>170.034549</ele>
        <time>2026-08-03T15:04:37.661Z</time>
      </trkpt>
      <trkpt lat="50.600633" lon="17.848501">
        <ele>170.054476</ele>
        <time>2026-08-03T15:04:46.583Z</time>
      </trkpt>
      <trkpt lat="50.600499" lon="17.846604">
        <ele>170.247070</ele>
        <time>2026-08-03T15:05:09.469Z</time>
      </trkpt>
      <trkpt lat="50.600468" lon="17.845833">
        <ele>170.696235</ele>
        <time>2026-08-03T15:05:19.901Z</time>
      </trkpt>
      <trkpt lat="50.600433" lon="17.844835">
        <ele>171.277366</ele>
        <time>2026-08-03T15:05:35.411Z</time>
      </trkpt>
      <trkpt lat="50.600384" lon="17.844430">
        <ele>171.517077</ele>
        <time>2026-08-03T15:05:42.383Z</time>
      </trkpt>
      <trkpt lat="50.600299" lon="17.844076">
        <ele>171.737131</ele>
        <time>2026-08-03T15:05:48.863Z</time>
      </trkpt>
      <trkpt lat="50.600188" lon="17.843816">
        <ele>171.839713</ele>
        <time>2026-08-03T15:05:54.083Z</time>
      </trkpt>
      <trkpt lat="50.599890" lon="17.843425">
        <ele>172.030827</ele>
        <time>2026-08-03T15:06:03.790Z</time>
      </trkpt>
      <trkpt lat="50.599710" lon="17.843039">
        <ele>172.180650</ele>
        <time>2026-08-03T15:06:10.823Z</time>
      </trkpt>
      <trkpt lat="50.599226" lon="17.841826">
        <ele>172.628819</ele>
        <time>2026-08-03T15:06:27.692Z</time>
      </trkpt>
      <trkpt lat="50.598894" lon="17.841376">
        <ele>172.935639</ele>
        <time>2026-08-03T15:06:41.626Z</time>
      </trkpt>
      <trkpt lat="50.598399" lon="17.840772">
        <ele>173.377090</ele>
        <time>2026-08-03T15:07:02.987Z</time>
      </trkpt>
      <trkpt lat="50.596162" lon="17.838121">
        <ele>177.156652</ele>
        <time>2026-08-03T15:09:11.859Z</time>
      </trkpt>
      <trkpt lat="50.595104" lon="17.836894">
        <ele>176.868011</ele>
        <time>2026-08-03T15:09:35.762Z</time>
      </trkpt>
      <trkpt lat="50.594042" lon="17.835693">
        <ele>174.469580</ele>
        <time>2026-08-03T15:09:55.830Z</time>
      </trkpt>
      <trkpt lat="50.593428" lon="17.834961">
        <ele>172.905754</ele>
        <time>2026-08-03T15:10:07.044Z</time>
      </trkpt>
      <trkpt lat="50.592766" lon="17.834167">
        <ele>172.932287</ele>
        <time>2026-08-03T15:10:20.326Z</time>
      </trkpt>
      <trkpt lat="50.592736" lon="17.834138">
        <ele>172.933409</ele>
        <time>2026-08-03T15:10:20.973Z</time>
      </trkpt>
      <trkpt lat="50.590740" lon="17.831871">
        <ele>176.040659</ele>
        <time>2026-08-03T15:11:31.213Z</time>
      </trkpt>
      <trkpt lat="50.590657" lon="17.831792">
        <ele>176.229656</ele>
        <time>2026-08-03T15:11:33.828Z</time>
      </trkpt>
      <trkpt lat="50.589859" lon="17.830862">
        <ele>177.964622</ele>
        <time>2026-08-03T15:11:58.659Z</time>
      </trkpt>
      <trkpt lat="50.589687" lon="17.830649">
        <ele>178.340871</ele>
        <time>2026-08-03T15:12:04.013Z</time>
      </trkpt>
      <trkpt lat="50.587367" lon="17.827966">
        <ele>183.678579</ele>
        <time>2026-08-03T15:13:27.759Z</time>
      </trkpt>
      <trkpt lat="50.585194" lon="17.825420">
        <ele>185.705472</ele>
        <time>2026-08-03T15:14:24.825Z</time>
      </trkpt>
      <trkpt lat="50.584354" lon="17.824424">
        <ele>186.475203</ele>
        <time>2026-08-03T15:14:47.603Z</time>
      </trkpt>
      <trkpt lat="50.583907" lon="17.823906">
        <ele>186.950817</ele>
        <time>2026-08-03T15:14:59.659Z</time>
      </trkpt>
      <trkpt lat="50.582794" lon="17.822652">
        <ele>187.936590</ele>
        <time>2026-08-03T15:15:27.080Z</time>
      </trkpt>
      <trkpt lat="50.582437" lon="17.822240">
        <ele>188.190071</ele>
        <time>2026-08-03T15:15:35.419Z</time>
      </trkpt>
      <trkpt lat="50.580988" lon="17.820569">
        <ele>189.573303</ele>
        <time>2026-08-03T15:16:10.828Z</time>
      </trkpt>
      <trkpt lat="50.579735" lon="17.819123">
        <ele>190.619013</ele>
        <time>2026-08-03T15:16:47.141Z</time>
      </trkpt>
      <trkpt lat="50.579679" lon="17.819059">
        <ele>190.652930</ele>
        <time>2026-08-03T15:16:48.447Z</time>
      </trkpt>
      <trkpt lat="50.579564" lon="17.819130">
        <ele>190.713478</ele>
        <time>2026-08-03T15:16:50.814Z</time>
      </trkpt>
      <trkpt lat="50.579397" lon="17.818638">
        <ele>190.887129</ele>
        <time>2026-08-03T15:16:57.529Z</time>
      </trkpt>
      <trkpt lat="50.578607" lon="17.816139">
        <ele>191.079852</ele>
        <time>2026-08-03T15:17:28.511Z</time>
      </trkpt>
      <trkpt lat="50.577914" lon="17.814017">
        <ele>192.859670</ele>
        <time>2026-08-03T15:18:09.088Z</time>
      </trkpt>
      <trkpt lat="50.577461" lon="17.812591">
        <ele>194.313498</ele>
        <time>2026-08-03T15:18:37.202Z</time>
      </trkpt>
      <trkpt lat="50.576193" lon="17.808679">
        <ele>196.293547</ele>
        <time>2026-08-03T15:19:39.866Z</time>
      </trkpt>
      <trkpt lat="50.574480" lon="17.803309">
        <ele>196.072394</ele>
        <time>2026-08-03T15:20:49.703Z</time>
      </trkpt>
      <trkpt lat="50.573030" lon="17.798788">
        <ele>199.710212</ele>
        <time>2026-08-03T15:22:11.825Z</time>
      </trkpt>
      <trkpt lat="50.572771" lon="17.797987">
        <ele>200.330187</ele>
        <time>2026-08-03T15:22:25.032Z</time>
      </trkpt>
      <trkpt lat="50.572528" lon="17.797237">
        <ele>200.264740</ele>
        <time>2026-08-03T15:22:35.823Z</time>
      </trkpt>
      <trkpt lat="50.571250" lon="17.793236">
        <ele>198.976329</ele>
        <time>2026-08-03T15:23:25.509Z</time>
      </trkpt>
      <trkpt lat="50.569688" lon="17.788379">
        <ele>198.558692</ele>
        <time>2026-08-03T15:24:33.306Z</time>
      </trkpt>
      <trkpt lat="50.567887" lon="17.782799">
        <ele>194.330017</ele>
        <time>2026-08-03T15:25:38.553Z</time>
      </trkpt>
      <trkpt lat="50.567088" lon="17.780301">
        <ele>194.088622</ele>
        <time>2026-08-03T15:26:15.542Z</time>
      </trkpt>
      <trkpt lat="50.566425" lon="17.778235">
        <ele>192.383124</ele>
        <time>2026-08-03T15:26:38.970Z</time>
      </trkpt>
      <trkpt lat="50.566052" lon="17.777070">
        <ele>191.988203</ele>
        <time>2026-08-03T15:26:52.947Z</time>
      </trkpt>
      <trkpt lat="50.566239" lon="17.776712">
        <ele>192.082802</ele>
        <time>2026-08-03T15:26:58.779Z</time>
      </trkpt>
      <trkpt lat="50.567657" lon="17.773813">
        <ele>193.169518</ele>
        <time>2026-08-03T15:27:55.557Z</time>
      </trkpt>
      <trkpt lat="50.569550" lon="17.769942">
        <ele>194.107439</ele>
        <time>2026-08-03T15:28:55.098Z</time>
      </trkpt>
      <trkpt lat="50.569726" lon="17.770038">
        <ele>194.362844</ele>
        <time>2026-08-03T15:29:02.644Z</time>
      </trkpt>
      <trkpt lat="50.570409" lon="17.770405">
        <ele>195.352418</ele>
        <time>2026-08-03T15:29:34.329Z</time>
      </trkpt>
      <trkpt lat="50.571474" lon="17.770990">
        <ele>196.321745</ele>
        <time>2026-08-03T15:30:21.662Z</time>
      </trkpt>
      <trkpt lat="50.571633" lon="17.771122">
        <ele>196.460857</ele>
        <time>2026-08-03T15:30:27.455Z</time>
      </trkpt>
      <trkpt lat="50.571920" lon="17.771493">
        <ele>196.748242</ele>
        <time>2026-08-03T15:30:38.565Z</time>
      </trkpt>
      <trkpt lat="50.572360" lon="17.772260">
        <ele>196.472428</ele>
        <time>2026-08-03T15:30:56.929Z</time>
      </trkpt>
      <trkpt lat="50.572680" lon="17.772709">
        <ele>195.909319</ele>
        <time>2026-08-03T15:31:08.628Z</time>
      </trkpt>
      <trkpt lat="50.573239" lon="17.773528">
        <ele>194.906174</ele>
        <time>2026-08-03T15:31:30.341Z</time>
      </trkpt>
      <trkpt lat="50.573459" lon="17.773759">
        <ele>194.612023</ele>
        <time>2026-08-03T15:31:38.355Z</time>
      </trkpt>
      <trkpt lat="50.573801" lon="17.774055">
        <ele>194.720975</ele>
        <time>2026-08-03T15:31:50.576Z</time>
      </trkpt>
      <trkpt lat="50.574498" lon="17.774522">
        <ele>194.932444</ele>
        <time>2026-08-03T15:32:15.388Z</time>
      </trkpt>
      <trkpt lat="50.574555" lon="17.774560">
        <ele>194.949725</ele>
        <time>2026-08-03T15:32:17.515Z</time>
      </trkpt>
      <trkpt lat="50.574877" lon="17.774986">
        <ele>195.067137</ele>
        <time>2026-08-03T15:32:32.183Z</time>
      </trkpt>
      <trkpt lat="50.575538" lon="17.776077">
        <ele>195.550850</ele>
        <time>2026-08-03T15:33:08.641Z</time>
      </trkpt>
      <trkpt lat="50.575974" lon="17.776812">
        <ele>195.897184</ele>
        <time>2026-08-03T15:33:31.284Z</time>
      </trkpt>
      <trkpt lat="50.576161" lon="17.777022">
        <ele>196.021724</ele>
        <time>2026-08-03T15:33:38.610Z</time>
      </trkpt>
      <trkpt lat="50.577202" lon="17.777982">
        <ele>193.967596</ele>
        <time>2026-08-03T15:34:11.889Z</time>
      </trkpt>
      <trkpt lat="50.577788" lon="17.778601">
        <ele>192.618694</ele>
        <time>2026-08-03T15:34:30.486Z</time>
      </trkpt>
      <trkpt lat="50.578013" lon="17.778870">
        <ele>192.463574</ele>
        <time>2026-08-03T15:34:38.140Z</time>
      </trkpt>
      <trkpt lat="50.578337" lon="17.779279">
        <ele>192.235560</ele>
        <time>2026-08-03T15:34:49.706Z</time>
      </trkpt>
      <trkpt lat="50.578764" lon="17.779963">
        <ele>191.901109</ele>
        <time>2026-08-03T15:35:08.291Z</time>
      </trkpt>
      <trkpt lat="50.578819" lon="17.780048">
        <ele>191.858794</ele>
        <time>2026-08-03T15:35:10.999Z</time>
      </trkpt>
      <trkpt lat="50.579262" lon="17.780775">
        <ele>191.958685</ele>
        <time>2026-08-03T15:35:35.651Z</time>
      </trkpt>
      <trkpt lat="50.579899" lon="17.781835">
        <ele>193.261773</ele>
        <time>2026-08-03T15:36:12.914Z</time>
      </trkpt>
      <trkpt lat="50.580088" lon="17.782573">
        <ele>193.972287</ele>
        <time>2026-08-03T15:36:32.545Z</time>
      </trkpt>
      <trkpt lat="50.580264" lon="17.783444">
        <ele>194.208964</ele>
        <time>2026-08-03T15:36:51.461Z</time>
      </trkpt>
      <trkpt lat="50.580401" lon="17.783945">
        <ele>194.244567</ele>
        <time>2026-08-03T15:37:02.277Z</time>
      </trkpt>
      <trkpt lat="50.580693" lon="17.784503">
        <ele>194.291761</ele>
        <time>2026-08-03T15:37:17.171Z</time>
      </trkpt>
      <trkpt lat="50.581367" lon="17.785780">
        <ele>193.950192</ele>
        <time>2026-08-03T15:37:50.023Z</time>
      </trkpt>
      <trkpt lat="50.581614" lon="17.786486">
        <ele>193.547558</ele>
        <time>2026-08-03T15:38:05.192Z</time>
      </trkpt>
      <trkpt lat="50.581940" lon="17.787778">
        <ele>193.058445</ele>
        <time>2026-08-03T15:38:30.303Z</time>
      </trkpt>
      <trkpt lat="50.582062" lon="17.788114">
        <ele>193.360496</ele>
        <time>2026-08-03T15:38:37.723Z</time>
      </trkpt>
      <trkpt lat="50.582175" lon="17.788303">
        <ele>193.563082</ele>
        <time>2026-08-03T15:38:42.906Z</time>
      </trkpt>
      <trkpt lat="50.582248" lon="17.788376">
        <ele>193.669357</ele>
        <time>2026-08-03T15:38:45.774Z</time>
      </trkpt>
      <trkpt lat="50.582289" lon="17.788352">
        <ele>193.723115</ele>
        <time>2026-08-03T15:38:47.256Z</time>
      </trkpt>
      <trkpt lat="50.582324" lon="17.788260">
        <ele>193.806809</ele>
        <time>2026-08-03T15:38:49.643Z</time>
      </trkpt>
      <trkpt lat="50.582273" lon="17.787875">
        <ele>194.113724</ele>
        <time>2026-08-03T15:38:55.800Z</time>
      </trkpt>
      <trkpt lat="50.582303" lon="17.787605">
        <ele>194.327628</ele>
        <time>2026-08-03T15:39:00.612Z</time>
      </trkpt>
      <trkpt lat="50.582405" lon="17.787112">
        <ele>194.732263</ele>
        <time>2026-08-03T15:39:10.931Z</time>
      </trkpt>
      <trkpt lat="50.582694" lon="17.786274">
        <ele>195.813408</ele>
        <time>2026-08-03T15:39:32.394Z</time>
      </trkpt>
      <trkpt lat="50.583050" lon="17.785494">
        <ele>197.322343</ele>
        <time>2026-08-03T15:39:53.386Z</time>
      </trkpt>
      <trkpt lat="50.583352" lon="17.784485">
        <ele>199.074565</ele>
        <time>2026-08-03T15:40:15.078Z</time>
      </trkpt>
      <trkpt lat="50.583960" lon="17.782974">
        <ele>199.398314</ele>
        <time>2026-08-03T15:40:40.669Z</time>
      </trkpt>
      <trkpt lat="50.584040" lon="17.782621">
        <ele>199.348167</ele>
        <time>2026-08-03T15:40:44.974Z</time>
      </trkpt>
      <trkpt lat="50.584372" lon="17.780697">
        <ele>198.092694</ele>
        <time>2026-08-03T15:41:06.126Z</time>
      </trkpt>
      <trkpt lat="50.584471" lon="17.780285">
        <ele>197.595751</ele>
        <time>2026-08-03T15:41:10.514Z</time>
      </trkpt>
      <trkpt lat="50.584714" lon="17.779712">
        <ele>196.818435</ele>
        <time>2026-08-03T15:41:17.414Z</time>
      </trkpt>
      <trkpt lat="50.585271" lon="17.779019">
        <ele>196.048686</ele>
        <time>2026-08-03T15:41:29.166Z</time>
      </trkpt>
      <trkpt lat="50.585630" lon="17.778585">
        <ele>196.100705</ele>
        <time>2026-08-03T15:41:37.616Z</time>
      </trkpt>
      <trkpt lat="50.585770" lon="17.778390">
        <ele>196.122187</ele>
        <time>2026-08-03T15:41:41.574Z</time>
      </trkpt>
      <trkpt lat="50.585895" lon="17.778160">
        <ele>196.144282</ele>
        <time>2026-08-03T15:41:46.025Z</time>
      </trkpt>
      <trkpt lat="50.586027" lon="17.777752">
        <ele>196.177700</ele>
        <time>2026-08-03T15:41:53.362Z</time>
      </trkpt>
      <trkpt lat="50.586147" lon="17.777127">
        <ele>196.225353</ele>
        <time>2026-08-03T15:42:04.172Z</time>
      </trkpt>
      <trkpt lat="50.586316" lon="17.776554">
        <ele>196.360468</ele>
        <time>2026-08-03T15:42:14.353Z</time>
      </trkpt>
      <trkpt lat="50.586379" lon="17.776405">
        <ele>196.398870</ele>
        <time>2026-08-03T15:42:17.122Z</time>
      </trkpt>
      <trkpt lat="50.587260" lon="17.775038">
        <ele>196.816715</ele>
        <time>2026-08-03T15:42:42.226Z</time>
      </trkpt>
      <trkpt lat="50.587424" lon="17.774737">
        <ele>196.716119</ele>
        <time>2026-08-03T15:42:46.862Z</time>
      </trkpt>
      <trkpt lat="50.587618" lon="17.774203">
        <ele>196.490484</ele>
        <time>2026-08-03T15:42:53.968Z</time>
      </trkpt>
      <trkpt lat="50.587840" lon="17.773300">
        <ele>196.135356</ele>
        <time>2026-08-03T15:43:04.995Z</time>
      </trkpt>
      <trkpt lat="50.588269" lon="17.771371">
        <ele>195.688608</ele>
        <time>2026-08-03T15:43:28.958Z</time>
      </trkpt>
      <trkpt lat="50.588648" lon="17.771954">
        <ele>195.609434</ele>
        <time>2026-08-03T15:43:39.315Z</time>
      </trkpt>
      <trkpt lat="50.591004" lon="17.775615">
        <ele>196.223018</ele>
        <time>2026-08-03T15:44:48.423Z</time>
      </trkpt>
      <trkpt lat="50.593377" lon="17.779214">
        <ele>197.754694</ele>
        <time>2026-08-03T15:46:00.895Z</time>
      </trkpt>
      <trkpt lat="50.593495" lon="17.779391">
        <ele>197.847054</ele>
        <time>2026-08-03T15:46:04.618Z</time>
      </trkpt>
      <trkpt lat="50.595381" lon="17.782220">
        <ele>199.441696</ele>
        <time>2026-08-03T15:47:03.258Z</time>
      </trkpt>
      <trkpt lat="50.595935" lon="17.783076">
        <ele>199.861558</ele>
        <time>2026-08-03T15:47:21.701Z</time>
      </trkpt>
      <trkpt lat="50.597074" lon="17.784806">
        <ele>199.932128</ele>
        <time>2026-08-03T15:47:56.973Z</time>
      </trkpt>
      <trkpt lat="50.598332" lon="17.786719">
        <ele>197.320965</ele>
        <time>2026-08-03T15:48:24.852Z</time>
      </trkpt>
      <trkpt lat="50.600469" lon="17.783371">
        <ele>192.819562</ele>
        <time>2026-08-03T15:49:15.169Z</time>
      </trkpt>
      <trkpt lat="50.602902" lon="17.779558">
        <ele>191.551860</ele>
        <time>2026-08-03T15:50:18.730Z</time>
      </trkpt>
      <trkpt lat="50.603945" lon="17.777920">
        <ele>192.736848</ele>
        <time>2026-08-03T15:50:59.869Z</time>
      </trkpt>
      <trkpt lat="50.606359" lon="17.774127">
        <ele>193.914034</ele>
        <time>2026-08-03T15:52:12.818Z</time>
      </trkpt>
      <trkpt lat="50.607697" lon="17.772026">
        <ele>193.179796</ele>
        <time>2026-08-03T15:52:46.058Z</time>
      </trkpt>
      <trkpt lat="50.609516" lon="17.769164">
        <ele>193.033720</ele>
        <time>2026-08-03T15:53:38.736Z</time>
      </trkpt>
      <trkpt lat="50.611222" lon="17.766499">
        <ele>193.179578</ele>
        <time>2026-08-03T15:54:29.015Z</time>
      </trkpt>
      <trkpt lat="50.613344" lon="17.763167">
        <ele>190.941656</ele>
        <time>2026-08-03T15:55:22.674Z</time>
      </trkpt>
      <trkpt lat="50.613563" lon="17.762834">
        <ele>190.333788</ele>
        <time>2026-08-03T15:55:27.757Z</time>
      </trkpt>
      <trkpt lat="50.613605" lon="17.762774">
        <ele>190.201534</ele>
        <time>2026-08-03T15:55:28.698Z</time>
      </trkpt>
      <trkpt lat="50.613501" lon="17.761725">
        <ele>188.629747</ele>
        <time>2026-08-03T15:55:37.746Z</time>
      </trkpt>
      <trkpt lat="50.613228" lon="17.758986">
        <ele>184.948337</ele>
        <time>2026-08-03T15:56:00.125Z</time>
      </trkpt>
      <trkpt lat="50.613262" lon="17.758560">
        <ele>184.437815</ele>
        <time>2026-08-03T15:56:03.844Z</time>
      </trkpt>
      <trkpt lat="50.613450" lon="17.757754">
        <ele>183.416756</ele>
        <time>2026-08-03T15:56:12.003Z</time>
      </trkpt>
      <trkpt lat="50.613429" lon="17.757502">
        <ele>183.479835</ele>
        <time>2026-08-03T15:56:14.702Z</time>
      </trkpt>
      <trkpt lat="50.613382" lon="17.757372">
        <ele>183.643517</ele>
        <time>2026-08-03T15:56:16.393Z</time>
      </trkpt>
      <trkpt lat="50.613301" lon="17.757262">
        <ele>183.827860</ele>
        <time>2026-08-03T15:56:18.411Z</time>
      </trkpt>
      <trkpt lat="50.612349" lon="17.756419">
        <ele>185.710500</ele>
        <time>2026-08-03T15:56:48.777Z</time>
      </trkpt>
      <trkpt lat="50.612250" lon="17.756315">
        <ele>185.915626</ele>
        <time>2026-08-03T15:56:52.343Z</time>
      </trkpt>
      <trkpt lat="50.612117" lon="17.756099">
        <ele>186.244894</ele>
        <time>2026-08-03T15:56:58.010Z</time>
      </trkpt>
      <trkpt lat="50.612036" lon="17.755787">
        <ele>186.544493</ele>
        <time>2026-08-03T15:57:04.193Z</time>
      </trkpt>
      <trkpt lat="50.612010" lon="17.755591">
        <ele>186.690670</ele>
        <time>2026-08-03T15:57:07.744Z</time>
      </trkpt>
      <trkpt lat="50.611928" lon="17.753494">
        <ele>188.224425</ele>
        <time>2026-08-03T15:57:37.245Z</time>
      </trkpt>
      <trkpt lat="50.611730" lon="17.752105">
        <ele>188.094497</ele>
        <time>2026-08-03T15:57:52.246Z</time>
      </trkpt>
      <trkpt lat="50.611595" lon="17.750744">
        <ele>187.609506</ele>
        <time>2026-08-03T15:58:06.015Z</time>
      </trkpt>
      <trkpt lat="50.611546" lon="17.750253">
        <ele>187.309465</ele>
        <time>2026-08-03T15:58:10.554Z</time>
      </trkpt>
      <trkpt lat="50.611424" lon="17.749044">
        <ele>185.609536</ele>
        <time>2026-08-03T15:58:20.778Z</time>
      </trkpt>
      <trkpt lat="50.611668" lon="17.749138">
        <ele>185.059878</ele>
        <time>2026-08-03T15:58:24.010Z</time>
      </trkpt>
      <trkpt lat="50.611824" lon="17.749277">
        <ele>184.667721</ele>
        <time>2026-08-03T15:58:28.679Z</time>
      </trkpt>
      <trkpt lat="50.611974" lon="17.749576">
        <ele>184.138452</ele>
        <time>2026-08-03T15:58:35.055Z</time>
      </trkpt>
      <trkpt lat="50.612132" lon="17.749922">
        <ele>183.546527</ele>
        <time>2026-08-03T15:58:42.348Z</time>
      </trkpt>
      <trkpt lat="50.612218" lon="17.750007">
        <ele>183.554611</ele>
        <time>2026-08-03T15:58:45.109Z</time>
      </trkpt>
      <trkpt lat="50.612325" lon="17.750027">
        <ele>183.569316</ele>
        <time>2026-08-03T15:58:48.042Z</time>
      </trkpt>
      <trkpt lat="50.612653" lon="17.749954">
        <ele>183.614524</ele>
        <time>2026-08-03T15:58:57.501Z</time>
      </trkpt>
      <trkpt lat="50.616409" lon="17.748870">
        <ele>187.272898</ele>
        <time>2026-08-03T16:01:18.005Z</time>
      </trkpt>
      <trkpt lat="50.618585" lon="17.748248">
        <ele>191.311847</ele>
        <time>2026-08-03T16:02:54.238Z</time>
      </trkpt>
      <trkpt lat="50.619883" lon="17.747876">
        <ele>191.372767</ele>
        <time>2026-08-03T16:03:36.639Z</time>
      </trkpt>
      <trkpt lat="50.620390" lon="17.747688">
        <ele>190.620386</ele>
        <time>2026-08-03T16:03:51.160Z</time>
      </trkpt>
      <trkpt lat="50.622214" lon="17.747076">
        <ele>185.929333</ele>
        <time>2026-08-03T16:04:39.563Z</time>
      </trkpt>
      <trkpt lat="50.623072" lon="17.746821">
        <ele>183.707473</ele>
        <time>2026-08-03T16:05:02.118Z</time>
      </trkpt>
      <trkpt lat="50.624945" lon="17.746158">
        <ele>180.865999</ele>
        <time>2026-08-03T16:05:56.346Z</time>
      </trkpt>
      <trkpt lat="50.626529" lon="17.745583">
        <ele>180.456221</ele>
        <time>2026-08-03T16:06:49.451Z</time>
      </trkpt>
      <trkpt lat="50.628105" lon="17.745011">
        <ele>180.506909</ele>
        <time>2026-08-03T16:07:39.860Z</time>
      </trkpt>
      <trkpt lat="50.628895" lon="17.744716">
        <ele>181.531884</ele>
        <time>2026-08-03T16:08:07.520Z</time>
      </trkpt>
      <trkpt lat="50.629655" lon="17.744416">
        <ele>182.521007</ele>
        <time>2026-08-03T16:08:39.501Z</time>
      </trkpt>
      <trkpt lat="50.630038" lon="17.744319">
        <ele>183.503155</ele>
        <time>2026-08-03T16:08:56.908Z</time>
      </trkpt>
      <trkpt lat="50.630076" lon="17.744327">
        <ele>183.613399</ele>
        <time>2026-08-03T16:08:58.151Z</time>
      </trkpt>
      <trkpt lat="50.630280" lon="17.744393">
        <ele>184.212252</ele>
        <time>2026-08-03T16:09:04.638Z</time>
      </trkpt>
      <trkpt lat="50.630398" lon="17.744475">
        <ele>184.583079</ele>
        <time>2026-08-03T16:09:08.676Z</time>
      </trkpt>
      <trkpt lat="50.630521" lon="17.744612">
        <ele>185.016153</ele>
        <time>2026-08-03T16:09:13.342Z</time>
      </trkpt>
      <trkpt lat="50.630912" lon="17.745271">
        <ele>186.662097</ele>
        <time>2026-08-03T16:09:31.620Z</time>
      </trkpt>
      <trkpt lat="50.631280" lon="17.745919">
        <ele>187.835367</ele>
        <time>2026-08-03T16:09:47.837Z</time>
      </trkpt>
      <trkpt lat="50.631516" lon="17.746300">
        <ele>187.916748</ele>
        <time>2026-08-03T16:09:56.833Z</time>
      </trkpt>
      <trkpt lat="50.631690" lon="17.746445">
        <ele>187.964165</ele>
        <time>2026-08-03T16:10:01.473Z</time>
      </trkpt>
      <trkpt lat="50.631960" lon="17.746498">
        <ele>188.029717</ele>
        <time>2026-08-03T16:10:07.111Z</time>
      </trkpt>
      <trkpt lat="50.632151" lon="17.746419">
        <ele>188.077291</ele>
        <time>2026-08-03T16:10:10.621Z</time>
      </trkpt>
      <trkpt lat="50.632256" lon="17.746330">
        <ele>188.106013</ele>
        <time>2026-08-03T16:10:12.557Z</time>
      </trkpt>
      <trkpt lat="50.632343" lon="17.746206">
        <ele>188.134269</ele>
        <time>2026-08-03T16:10:14.362Z</time>
      </trkpt>
      <trkpt lat="50.632483" lon="17.745878">
        <ele>188.194685</ele>
        <time>2026-08-03T16:10:17.873Z</time>
      </trkpt>
      <trkpt lat="50.632718" lon="17.745155">
        <ele>186.832155</ele>
        <time>2026-08-03T16:10:24.417Z</time>
      </trkpt>
      <trkpt lat="50.632883" lon="17.744797">
        <ele>185.756187</ele>
        <time>2026-08-03T16:10:27.806Z</time>
      </trkpt>
      <trkpt lat="50.633525" lon="17.743856">
        <ele>182.395992</ele>
        <time>2026-08-03T16:10:38.147Z</time>
      </trkpt>
      <trkpt lat="50.634069" lon="17.743067">
        <ele>180.515392</ele>
        <time>2026-08-03T16:10:47.157Z</time>
      </trkpt>
      <trkpt lat="50.634467" lon="17.742689">
        <ele>179.691134</ele>
        <time>2026-08-03T16:10:53.313Z</time>
      </trkpt>
      <trkpt lat="50.636657" lon="17.741887">
        <ele>177.901208</ele>
        <time>2026-08-03T16:11:35.327Z</time>
      </trkpt>
      <trkpt lat="50.638322" lon="17.741241">
        <ele>176.786245</ele>
        <time>2026-08-03T16:12:07.398Z</time>
      </trkpt>
      <trkpt lat="50.638764" lon="17.740531">
        <ele>176.167659</ele>
        <time>2026-08-03T16:12:24.556Z</time>
      </trkpt>
      <trkpt lat="50.638962" lon="17.740350">
        <ele>175.780880</ele>
        <time>2026-08-03T16:12:30.613Z</time>
      </trkpt>
      <trkpt lat="50.639356" lon="17.740022">
        <ele>175.027934</ele>
        <time>2026-08-03T16:12:42.416Z</time>
      </trkpt>
      <trkpt lat="50.639478" lon="17.739888">
        <ele>174.776669</ele>
        <time>2026-08-03T16:12:46.434Z</time>
      </trkpt>
      <trkpt lat="50.639806" lon="17.739419">
        <ele>174.028392</ele>
        <time>2026-08-03T16:12:58.769Z</time>
      </trkpt>
      <trkpt lat="50.640477" lon="17.738445">
        <ele>173.402967</ele>
        <time>2026-08-03T16:13:26.760Z</time>
      </trkpt>
      <trkpt lat="50.640926" lon="17.737852">
        <ele>173.476197</ele>
        <time>2026-08-03T16:13:45.835Z</time>
      </trkpt>
      <trkpt lat="50.641449" lon="17.737557">
        <ele>173.545646</ele>
        <time>2026-08-03T16:13:56.546Z</time>
      </trkpt>
      <trkpt lat="50.641754" lon="17.737386">
        <ele>173.810069</ele>
        <time>2026-08-03T16:14:03.113Z</time>
      </trkpt>
      <trkpt lat="50.642119" lon="17.737232">
        <ele>174.352690</ele>
        <time>2026-08-03T16:14:10.821Z</time>
      </trkpt>
      <trkpt lat="50.642727" lon="17.737096">
        <ele>175.234590</ele>
        <time>2026-08-03T16:14:25.535Z</time>
      </trkpt>
      <trkpt lat="50.643493" lon="17.736961">
        <ele>176.361152</ele>
        <time>2026-08-03T16:14:45.699Z</time>
      </trkpt>
      <trkpt lat="50.643860" lon="17.736860">
        <ele>176.950445</ele>
        <time>2026-08-03T16:14:55.417Z</time>
      </trkpt>
      <trkpt lat="50.644763" lon="17.736412">
        <ele>178.447830</ele>
        <time>2026-08-03T16:15:18.239Z</time>
      </trkpt>
      <trkpt lat="50.645083" lon="17.736377">
        <ele>178.955221</ele>
        <time>2026-08-03T16:15:25.450Z</time>
      </trkpt>
      <trkpt lat="50.645533" lon="17.736383">
        <ele>179.616120</ele>
        <time>2026-08-03T16:15:35.427Z</time>
      </trkpt>
      <trkpt lat="50.645569" lon="17.736384">
        <ele>179.668771</ele>
        <time>2026-08-03T16:15:36.207Z</time>
      </trkpt>
      <trkpt lat="50.649215" lon="17.736080">
        <ele>185.875104</ele>
        <time>2026-08-03T16:17:04.541Z</time>
      </trkpt>
      <trkpt lat="50.650282" lon="17.735981">
        <ele>188.629576</ele>
        <time>2026-08-03T16:17:38.188Z</time>
      </trkpt>
      <trkpt lat="50.650763" lon="17.735969">
        <ele>189.627285</ele>
        <time>2026-08-03T16:17:52.531Z</time>
      </trkpt>
      <trkpt lat="50.650981" lon="17.735993">
        <ele>189.992567</ele>
        <time>2026-08-03T16:17:58.503Z</time>
      </trkpt>
      <trkpt lat="50.651632" lon="17.736200">
        <ele>191.102633</ele>
        <time>2026-08-03T16:18:14.612Z</time>
      </trkpt>
      <trkpt lat="50.653331" lon="17.736777">
        <ele>193.227628</ele>
        <time>2026-08-03T16:18:51.429Z</time>
      </trkpt>
      <trkpt lat="50.654183" lon="17.736838">
        <ele>194.074678</ele>
        <time>2026-08-03T16:19:09.469Z</time>
      </trkpt>
      <trkpt lat="50.654357" lon="17.736912">
        <ele>194.287352</ele>
        <time>2026-08-03T16:19:13.482Z</time>
      </trkpt>
      <trkpt lat="50.655079" lon="17.736863">
        <ele>195.140187</ele>
        <time>2026-08-03T16:19:40.698Z</time>
      </trkpt>
      <trkpt lat="50.655486" lon="17.736738">
        <ele>195.629516</ele>
        <time>2026-08-03T16:19:56.502Z</time>
      </trkpt>
      <trkpt lat="50.655743" lon="17.736627">
        <ele>195.943971</ele>
        <time>2026-08-03T16:20:06.634Z</time>
      </trkpt>
      <trkpt lat="50.656102" lon="17.736386">
        <ele>195.958448</ele>
        <time>2026-08-03T16:20:20.932Z</time>
      </trkpt>
      <trkpt lat="50.656575" lon="17.736077">
        <ele>195.846733</ele>
        <time>2026-08-03T16:20:38.292Z</time>
      </trkpt>
      <trkpt lat="50.656996" lon="17.735870">
        <ele>195.750507</ele>
        <time>2026-08-03T16:20:51.808Z</time>
      </trkpt>
      <trkpt lat="50.657335" lon="17.735780">
        <ele>195.675494</ele>
        <time>2026-08-03T16:21:01.797Z</time>
      </trkpt>
      <trkpt lat="50.657444" lon="17.735769">
        <ele>195.651660</ele>
        <time>2026-08-03T16:21:04.916Z</time>
      </trkpt>
      <trkpt lat="50.658963" lon="17.736198">
        <ele>192.102258</ele>
        <time>2026-08-03T16:21:46.700Z</time>
      </trkpt>
      <trkpt lat="50.659202" lon="17.736218">
        <ele>191.526739</ele>
        <time>2026-08-03T16:21:52.903Z</time>
      </trkpt>
      <trkpt lat="50.659579" lon="17.736093">
        <ele>189.893843</ele>
        <time>2026-08-03T16:22:02.774Z</time>
      </trkpt>
      <trkpt lat="50.659716" lon="17.736016">
        <ele>189.196145</ele>
        <time>2026-08-03T16:22:06.441Z</time>
      </trkpt>
      <trkpt lat="50.661048" lon="17.735225">
        <ele>182.385699</ele>
        <time>2026-08-03T16:22:40.490Z</time>
      </trkpt>
      <trkpt lat="50.661561" lon="17.734914">
        <ele>179.894792</ele>
        <time>2026-08-03T16:22:53.081Z</time>
      </trkpt>
      <trkpt lat="50.662257" lon="17.734640">
        <ele>176.643492</ele>
        <time>2026-08-03T16:23:10.330Z</time>
      </trkpt>
      <trkpt lat="50.662614" lon="17.734647">
        <ele>175.025296</ele>
        <time>2026-08-03T16:23:19.725Z</time>
      </trkpt>
      <trkpt lat="50.662683" lon="17.734690">
        <ele>174.689043</ele>
        <time>2026-08-03T16:23:21.711Z</time>
      </trkpt>
      <trkpt lat="50.662892" lon="17.734913">
        <ele>174.268685</ele>
        <time>2026-08-03T16:23:28.754Z</time>
      </trkpt>
      <trkpt lat="50.663037" lon="17.735149">
        <ele>174.018291</ele>
        <time>2026-08-03T16:23:34.839Z</time>
      </trkpt>
      <trkpt lat="50.663283" lon="17.735571">
        <ele>173.581513</ele>
        <time>2026-08-03T16:23:46.279Z</time>
      </trkpt>
      <trkpt lat="50.664853" lon="17.730597">
        <ele>170.696315</ele>
        <time>2026-08-03T16:25:29.130Z</time>
      </trkpt>
      <trkpt lat="50.666401" lon="17.725838">
        <ele>173.746626</ele>
        <time>2026-08-03T16:26:49.744Z</time>
      </trkpt>
      <trkpt lat="50.666617" lon="17.725134">
        <ele>174.637047</ele>
        <time>2026-08-03T16:27:04.488Z</time>
      </trkpt>
      <trkpt lat="50.667966" lon="17.726240">
        <ele>177.161708</ele>
        <time>2026-08-03T16:27:47.450Z</time>
      </trkpt>
      <trkpt lat="50.668064" lon="17.726000">
        <ele>177.435273</ele>
        <time>2026-08-03T16:27:51.963Z</time>
      </trkpt>
      <trkpt lat="50.668183" lon="17.725874">
        <ele>177.651938</ele>
        <time>2026-08-03T16:27:55.531Z</time>
      </trkpt>
      <trkpt lat="50.668346" lon="17.725862">
        <ele>177.898633</ele>
        <time>2026-08-03T16:27:59.539Z</time>
      </trkpt>
      <trkpt lat="50.668875" lon="17.726053">
        <ele>178.719063</ele>
        <time>2026-08-03T16:28:12.620Z</time>
      </trkpt>
      <trkpt lat="50.669553" lon="17.726311">
        <ele>179.431993</ele>
        <time>2026-08-03T16:28:28.897Z</time>
      </trkpt>
      <trkpt lat="50.669735" lon="17.726456">
        <ele>179.633650</ele>
        <time>2026-08-03T16:28:33.509Z</time>
      </trkpt>
      <trkpt lat="50.670986" lon="17.728615">
        <ele>182.115118</ele>
        <time>2026-08-03T16:29:17.778Z</time>
      </trkpt>
      <trkpt lat="50.671645" lon="17.729759">
        <ele>183.854019</ele>
        <time>2026-08-03T16:29:46.769Z</time>
      </trkpt>
      <trkpt lat="50.673134" lon="17.732351">
        <ele>188.742337</ele>
        <time>2026-08-03T16:30:55.183Z</time>
      </trkpt>
      <trkpt lat="50.674171" lon="17.734283">
        <ele>190.514654</ele>
        <time>2026-08-03T16:31:30.903Z</time>
      </trkpt>
      <trkpt lat="50.674470" lon="17.734706">
        <ele>190.730382</ele>
        <time>2026-08-03T16:31:39.064Z</time>
      </trkpt>
      <trkpt lat="50.676069" lon="17.736457">
        <ele>192.098986</ele>
        <time>2026-08-03T16:32:21.326Z</time>
      </trkpt>
      <trkpt lat="50.676919" lon="17.737380">
        <ele>193.008211</ele>
        <time>2026-08-03T16:32:47.051Z</time>
      </trkpt>
      <trkpt lat="50.677495" lon="17.738052">
        <ele>193.449699</ele>
        <time>2026-08-03T16:33:04.260Z</time>
      </trkpt>
      <trkpt lat="50.678847" lon="17.740162">
        <ele>194.059866</ele>
        <time>2026-08-03T16:34:09.526Z</time>
      </trkpt>
      <trkpt lat="50.679653" lon="17.741393">
        <ele>194.043130</ele>
        <time>2026-08-03T16:34:46.902Z</time>
      </trkpt>
      <trkpt lat="50.679347" lon="17.742985">
        <ele>193.949861</ele>
        <time>2026-08-03T16:35:11.332Z</time>
      </trkpt>
      <trkpt lat="50.678860" lon="17.745608">
        <ele>193.345761</ele>
        <time>2026-08-03T16:35:50.520Z</time>
      </trkpt>
      <trkpt lat="50.678851" lon="17.745701">
        <ele>193.318635</ele>
        <time>2026-08-03T16:35:51.755Z</time>
      </trkpt>
      <trkpt lat="50.678857" lon="17.745729">
        <ele>193.310112</ele>
        <time>2026-08-03T16:35:52.152Z</time>
      </trkpt>
      <trkpt lat="50.678486" lon="17.745896">
        <ele>193.134561</ele>
        <time>2026-08-03T16:35:57.996Z</time>
      </trkpt>
      <trkpt lat="50.677703" lon="17.746322">
        <ele>192.056149</ele>
        <time>2026-08-03T16:36:09.993Z</time>
      </trkpt>
      <trkpt lat="50.678089" lon="17.747645">
        <ele>190.741499</ele>
        <time>2026-08-03T16:36:23.016Z</time>
      </trkpt>
      <trkpt lat="50.678193" lon="17.748351">
        <ele>189.658191</ele>
        <time>2026-08-03T16:36:29.389Z</time>
      </trkpt>
      <trkpt lat="50.678198" lon="17.748611">
        <ele>189.193275</ele>
        <time>2026-08-03T16:36:31.624Z</time>
      </trkpt>
      <trkpt lat="50.677980" lon="17.749903">
        <ele>186.803596</ele>
        <time>2026-08-03T16:36:42.629Z</time>
      </trkpt>
      <trkpt lat="50.677692" lon="17.751283">
        <ele>183.408295</ele>
        <time>2026-08-03T16:36:53.788Z</time>
      </trkpt>
      <trkpt lat="50.676936" lon="17.754639">
        <ele>173.850001</ele>
        <time>2026-08-03T16:37:20.223Z</time>
      </trkpt>
      <trkpt lat="50.676655" lon="17.755921">
        <ele>170.721038</ele>
        <time>2026-08-03T16:37:31.156Z</time>
      </trkpt>
      <trkpt lat="50.674203" lon="17.767048">
        <ele>163.566393</ele>
        <time>2026-08-03T16:39:23.730Z</time>
      </trkpt>
      <trkpt lat="50.673386" lon="17.770757">
        <ele>162.010151</ele>
        <time>2026-08-03T16:40:02.016Z</time>
      </trkpt>
      <trkpt lat="50.672485" lon="17.774912">
        <ele>161.352967</ele>
        <time>2026-08-03T16:40:48.198Z</time>
      </trkpt>
      <trkpt lat="50.672264" lon="17.775803">
        <ele>161.683784</ele>
        <time>2026-08-03T16:40:58.892Z</time>
      </trkpt>
      <trkpt lat="50.669935" lon="17.783581">
        <ele>164.254275</ele>
        <time>2026-08-03T16:42:48.714Z</time>
      </trkpt>
      <trkpt lat="50.668616" lon="17.787982">
        <ele>162.227166</ele>
        <time>2026-08-03T16:43:34.641Z</time>
      </trkpt>
      <trkpt lat="50.668349" lon="17.788857">
        <ele>162.203740</ele>
        <time>2026-08-03T16:43:44.566Z</time>
      </trkpt>
      <trkpt lat="50.666307" lon="17.795651">
        <ele>162.280160</ele>
        <time>2026-08-03T16:45:09.179Z</time>
      </trkpt>
      <trkpt lat="50.666265" lon="17.795781">
        <ele>162.265976</ele>
        <time>2026-08-03T16:45:10.747Z</time>
      </trkpt>
      <trkpt lat="50.666197" lon="17.795891">
        <ele>162.251039</ele>
        <time>2026-08-03T16:45:12.406Z</time>
      </trkpt>
      <trkpt lat="50.666189" lon="17.796087">
        <ele>162.231947</ele>
        <time>2026-08-03T16:45:14.507Z</time>
      </trkpt>
      <trkpt lat="50.665636" lon="17.800549">
        <ele>161.545141</ele>
        <time>2026-08-03T16:46:02.078Z</time>
      </trkpt>
      <trkpt lat="50.665290" lon="17.802783">
        <ele>160.641168</ele>
        <time>2026-08-03T16:46:24.384Z</time>
      </trkpt>
      <trkpt lat="50.664826" lon="17.805351">
        <ele>159.740784</ele>
        <time>2026-08-03T16:46:50.856Z</time>
      </trkpt>
      <trkpt lat="50.664758" lon="17.805740">
        <ele>159.618267</ele>
        <time>2026-08-03T16:46:54.865Z</time>
      </trkpt>
      <trkpt lat="50.664721" lon="17.805964">
        <ele>159.547985</ele>
        <time>2026-08-03T16:46:57.204Z</time>
      </trkpt>
      <trkpt lat="50.664623" lon="17.806390">
        <ele>159.451735</ele>
        <time>2026-08-03T16:47:01.924Z</time>
      </trkpt>
      <trkpt lat="50.664450" lon="17.807097">
        <ele>159.455588</ele>
        <time>2026-08-03T16:47:10.360Z</time>
      </trkpt>
      <trkpt lat="50.664434" lon="17.807385">
        <ele>159.457058</ele>
        <time>2026-08-03T16:47:13.561Z</time>
      </trkpt>
      <trkpt lat="50.664474" lon="17.807915">
        <ele>159.459771</ele>
        <time>2026-08-03T16:47:19.531Z</time>
      </trkpt>
      <trkpt lat="50.664519" lon="17.808409">
        <ele>159.462309</ele>
        <time>2026-08-03T16:47:25.026Z</time>
      </trkpt>
      <trkpt lat="50.664478" lon="17.808411">
        <ele>159.462638</ele>
        <time>2026-08-03T16:47:27.900Z</time>
      </trkpt>
      <trkpt lat="50.664399" lon="17.808415">
        <ele>159.463272</ele>
        <time>2026-08-03T16:47:33.351Z</time>
      </trkpt>
      <trkpt lat="50.664302" lon="17.808393">
        <ele>159.464058</ele>
        <time>2026-08-03T16:47:37.054Z</time>
      </trkpt>
      <trkpt lat="50.664079" lon="17.808203">
        <ele>159.462870</ele>
        <time>2026-08-03T16:47:46.669Z</time>
      </trkpt>
      <trkpt lat="50.663732" lon="17.808186">
        <ele>159.450951</ele>
        <time>2026-08-03T16:47:59.490Z</time>
      </trkpt>
      <trkpt lat="50.663578" lon="17.808279">
        <ele>159.445290</ele>
        <time>2026-08-03T16:48:10.913Z</time>
      </trkpt>
      <trkpt lat="50.663483" lon="17.808521">
        <ele>159.439095</ele>
        <time>2026-08-03T16:48:23.485Z</time>
      </trkpt>
      <trkpt lat="50.663376" lon="17.808704">
        <ele>159.433677</ele>
        <time>2026-08-03T16:48:34.410Z</time>
      </trkpt>
      <trkpt lat="50.663134" lon="17.808991">
        <ele>159.423283</ele>
        <time>2026-08-03T16:48:55.489Z</time>
      </trkpt>
      <trkpt lat="50.663046" lon="17.809248">
        <ele>159.416927</ele>
        <time>2026-08-03T16:49:08.322Z</time>
      </trkpt>
      <trkpt lat="50.662989" lon="17.809316">
        <ele>159.414473</ele>
        <time>2026-08-03T16:49:13.333Z</time>
      </trkpt>
      <trkpt lat="50.662903" lon="17.809287">
        <ele>159.411454</ele>
        <time>2026-08-03T16:49:19.392Z</time>
      </trkpt>
      <trkpt lat="50.662883" lon="17.809261">
        <ele>159.410564</ele>
        <time>2026-08-03T16:49:21.230Z</time>
      </trkpt>
      <trkpt lat="50.662848" lon="17.809228">
        <ele>159.409164</ele>
        <time>2026-08-03T16:49:24.028Z</time>
      </trkpt>
      <trkpt lat="50.662678" lon="17.809271">
        <ele>159.405601</ele>
        <time>2026-08-03T16:49:36.038Z</time>
      </trkpt>
      <trkpt lat="50.662425" lon="17.809369">
        <ele>159.440709</ele>
        <time>2026-08-03T16:49:54.130Z</time>
      </trkpt>
      <trkpt lat="50.662225" lon="17.809516">
        <ele>159.470444</ele>
        <time>2026-08-03T16:50:09.455Z</time>
      </trkpt>
      <trkpt lat="50.662121" lon="17.809740">
        <ele>159.494163</ele>
        <time>2026-08-03T16:50:21.702Z</time>
      </trkpt>
      <trkpt lat="50.662100" lon="17.809914">
        <ele>159.509294</ele>
        <time>2026-08-03T16:50:29.491Z</time>
      </trkpt>
      <trkpt lat="50.662057" lon="17.810062">
        <ele>159.523201</ele>
        <time>2026-08-03T16:50:36.681Z</time>
      </trkpt>
      <trkpt lat="50.662094" lon="17.810106">
        <ele>159.529446</ele>
        <time>2026-08-03T16:50:39.880Z</time>
      </trkpt>
      <trkpt lat="50.662081" lon="17.810500">
        <ele>159.563149</ele>
        <time>2026-08-03T16:50:57.270Z</time>
      </trkpt>
      <trkpt lat="50.662096" lon="17.810645">
        <ele>159.575700</ele>
        <time>2026-08-03T16:51:03.754Z</time>
      </trkpt>
      <trkpt lat="50.662131" lon="17.810794">
        <ele>159.589274</ele>
        <time>2026-08-03T16:51:10.747Z</time>
      </trkpt>
      <trkpt lat="50.662233" lon="17.811018">
        <ele>159.612834</ele>
        <time>2026-08-03T16:51:22.888Z</time>
      </trkpt>
      <trkpt lat="50.662500" lon="17.811444">
        <ele>159.718036</ele>
        <time>2026-08-03T16:51:49.280Z</time>
      </trkpt>
      <trkpt lat="50.662769" lon="17.811672">
        <ele>159.883468</ele>
        <time>2026-08-03T16:52:10.533Z</time>
      </trkpt>
      <trkpt lat="50.662928" lon="17.811770">
        <ele>159.975947</ele>
        <time>2026-08-03T16:52:22.404Z</time>
      </trkpt>
      <trkpt lat="50.663003" lon="17.811754">
        <ele>160.016948</ele>
        <time>2026-08-03T16:52:27.652Z</time>
      </trkpt>
      <trkpt lat="50.663121" lon="17.811612">
        <ele>160.097349</ele>
        <time>2026-08-03T16:52:37.969Z</time>
      </trkpt>
      <trkpt lat="50.663220" lon="17.810785">
        <ele>160.386363</ele>
        <time>2026-08-03T16:53:15.020Z</time>
      </trkpt>
      <trkpt lat="50.663194" lon="17.810560">
        <ele>160.464902</ele>
        <time>2026-08-03T16:53:25.119Z</time>
      </trkpt>
      <trkpt lat="50.663054" lon="17.810264">
        <ele>160.591727</ele>
        <time>2026-08-03T16:53:41.377Z</time>
      </trkpt>
      <trkpt lat="50.663239" lon="17.810281">
        <ele>160.710225</ele>
        <time>2026-08-03T16:53:54.270Z</time>
      </trkpt>
      <trkpt lat="50.663604" lon="17.810371">
        <ele>160.960979</ele>
        <time>2026-08-03T16:54:19.979Z</time>
      </trkpt>
      <trkpt lat="50.663764" lon="17.810483">
        <ele>161.079791</ele>
        <time>2026-08-03T16:54:32.121Z</time>
      </trkpt>
      <trkpt lat="50.664118" lon="17.810770">
        <ele>161.349943</ele>
        <time>2026-08-03T16:54:59.734Z</time>
      </trkpt>
      <trkpt lat="50.664128" lon="17.810951">
        <ele>161.428112</ele>
        <time>2026-08-03T16:55:07.736Z</time>
      </trkpt>
      <trkpt lat="50.664189" lon="17.810944">
        <ele>161.469626</ele>
        <time>2026-08-03T16:55:09.578Z</time>
      </trkpt>
      <trkpt lat="50.664471" lon="17.810913">
        <ele>161.661500</ele>
        <time>2026-08-03T16:55:17.028Z</time>
      </trkpt>
      <trkpt lat="50.664608" lon="17.810897">
        <ele>161.754744</ele>
        <time>2026-08-03T16:55:20.364Z</time>
      </trkpt>
      <trkpt lat="50.664674" lon="17.810888">
        <ele>161.799709</ele>
        <time>2026-08-03T16:55:21.980Z</time>
      </trkpt>
      <trkpt lat="50.664679" lon="17.810957">
        <ele>161.829589</ele>
        <time>2026-08-03T16:55:22.630Z</time>
      </trkpt>
      <trkpt lat="50.664690" lon="17.811206">
        <ele>161.725844</ele>
        <time>2026-08-03T16:55:25.014Z</time>
      </trkpt>
      <trkpt lat="50.664695" lon="17.811313">
        <ele>161.670059</ele>
        <time>2026-08-03T16:55:26.062Z</time>
      </trkpt>
      <trkpt lat="50.664737" lon="17.811835">
        <ele>161.396471</ele>
        <time>2026-08-03T16:55:31.162Z</time>
      </trkpt>
      <trkpt lat="50.664780" lon="17.812178">
        <ele>161.214676</ele>
        <time>2026-08-03T16:55:34.509Z</time>
      </trkpt>
      <trkpt lat="50.664815" lon="17.812302">
        <ele>161.144100</ele>
        <time>2026-08-03T16:55:35.760Z</time>
      </trkpt>
      <trkpt lat="50.665064" lon="17.812906">
        <ele>160.769478</ele>
        <time>2026-08-03T16:55:42.343Z</time>
      </trkpt>
      <trkpt lat="50.665094" lon="17.812979">
        <ele>160.724243</ele>
        <time>2026-08-03T16:55:43.161Z</time>
      </trkpt>
      <trkpt lat="50.665340" lon="17.813583">
        <ele>160.374606</ele>
        <time>2026-08-03T16:55:50.220Z</time>
      </trkpt>
      <trkpt lat="50.665380" lon="17.813753">
        <ele>160.428750</ele>
        <time>2026-08-03T16:55:52.029Z</time>
      </trkpt>
      <trkpt lat="50.665376" lon="17.814054">
        <ele>160.518645</ele>
        <time>2026-08-03T16:55:55.025Z</time>
      </trkpt>
      <trkpt lat="50.665298" lon="17.814325">
        <ele>160.607514</ele>
        <time>2026-08-03T16:55:58.019Z</time>
      </trkpt>
      <trkpt lat="50.665124" lon="17.814720">
        <ele>160.751142</ele>
        <time>2026-08-03T16:56:03.136Z</time>
      </trkpt>
      <trkpt lat="50.665091" lon="17.814797">
        <ele>160.778896</ele>
        <time>2026-08-03T16:56:04.165Z</time>
      </trkpt>
      <trkpt lat="50.664975" lon="17.815099">
        <ele>160.884335</ele>
        <time>2026-08-03T16:56:08.493Z</time>
      </trkpt>
      <trkpt lat="50.664929" lon="17.815423">
        <ele>160.983475</ele>
        <time>2026-08-03T16:56:12.966Z</time>
      </trkpt>
      <trkpt lat="50.664946" lon="17.815771">
        <ele>161.087693</ele>
        <time>2026-08-03T16:56:18.108Z</time>
      </trkpt>
      <trkpt lat="50.665032" lon="17.816114">
        <ele>161.197831</ele>
        <time>2026-08-03T16:56:23.850Z</time>
      </trkpt>
      <trkpt lat="50.665475" lon="17.817532">
        <ele>163.063243</ele>
        <time>2026-08-03T16:56:50.607Z</time>
      </trkpt>
      <trkpt lat="50.665640" lon="17.817887">
        <ele>163.595804</ele>
        <time>2026-08-03T16:56:58.524Z</time>
      </trkpt>
      <trkpt lat="50.665777" lon="17.818111">
        <ele>163.972377</ele>
        <time>2026-08-03T16:57:03.844Z</time>
      </trkpt>
      <trkpt lat="50.665948" lon="17.818322">
        <ele>164.386718</ele>
        <time>2026-08-03T16:57:09.385Z</time>
      </trkpt>
      <trkpt lat="50.666393" lon="17.818869">
        <ele>164.938393</ele>
        <time>2026-08-03T16:57:22.550Z</time>
      </trkpt>
      <trkpt lat="50.666635" lon="17.819173">
        <ele>165.149493</ele>
        <time>2026-08-03T16:57:28.875Z</time>
      </trkpt>
      <trkpt lat="50.666837" lon="17.819438">
        <ele>165.328771</ele>
        <time>2026-08-03T16:57:34.115Z</time>
      </trkpt>
      <trkpt lat="50.666941" lon="17.819582">
        <ele>165.423198</ele>
        <time>2026-08-03T16:57:36.803Z</time>
      </trkpt>
      <trkpt lat="50.667008" lon="17.819690">
        <ele>165.488564</ele>
        <time>2026-08-03T16:57:38.640Z</time>
      </trkpt>
      <trkpt lat="50.667119" lon="17.819909">
        <ele>165.609852</ele>
        <time>2026-08-03T16:57:41.933Z</time>
      </trkpt>
      <trkpt lat="50.667243" lon="17.820301">
        <ele>165.799348</ele>
        <time>2026-08-03T16:57:46.780Z</time>
      </trkpt>
      <trkpt lat="50.667492" lon="17.821712">
        <ele>165.485499</ele>
        <time>2026-08-03T16:58:01.958Z</time>
      </trkpt>
      <trkpt lat="50.667566" lon="17.822321">
        <ele>165.299350</ele>
        <time>2026-08-03T16:58:08.343Z</time>
      </trkpt>
      <trkpt lat="50.667539" lon="17.822633">
        <ele>165.204819</ele>
        <time>2026-08-03T16:58:11.452Z</time>
      </trkpt>
      <trkpt lat="50.667478" lon="17.822882">
        <ele>165.124680</ele>
        <time>2026-08-03T16:58:14.005Z</time>
      </trkpt>
      <trkpt lat="50.667207" lon="17.823687">
        <ele>164.614711</ele>
        <time>2026-08-03T16:58:22.432Z</time>
      </trkpt>
      <trkpt lat="50.667012" lon="17.824400">
        <ele>164.058812</ele>
        <time>2026-08-03T16:58:29.621Z</time>
      </trkpt>
      <trkpt lat="50.666761" lon="17.825472">
        <ele>163.240717</ele>
        <time>2026-08-03T16:58:40.208Z</time>
      </trkpt>
      <trkpt lat="50.666638" lon="17.826002">
        <ele>162.907083</ele>
        <time>2026-08-03T16:58:45.390Z</time>
      </trkpt>
      <trkpt lat="50.666543" lon="17.826413">
        <ele>162.737449</ele>
        <time>2026-08-03T16:58:49.506Z</time>
      </trkpt>
      <trkpt lat="50.666519" lon="17.826515">
        <ele>162.695260</ele>
        <time>2026-08-03T16:58:50.538Z</time>
      </trkpt>
      <trkpt lat="50.666498" lon="17.826601">
        <ele>162.659524</ele>
        <time>2026-08-03T16:58:51.409Z</time>
      </trkpt>
      <trkpt lat="50.666278" lon="17.827493">
        <ele>162.288381</ele>
        <time>2026-08-03T16:59:00.731Z</time>
      </trkpt>
      <trkpt lat="50.666265" lon="17.827545">
        <ele>162.266706</ele>
        <time>2026-08-03T16:59:01.278Z</time>
      </trkpt>
      <trkpt lat="50.665316" lon="17.831436">
        <ele>161.653802</ele>
        <time>2026-08-03T16:59:46.144Z</time>
      </trkpt>
      <trkpt lat="50.665230" lon="17.831935">
        <ele>161.478897</ele>
        <time>2026-08-03T16:59:51.500Z</time>
      </trkpt>
      <trkpt lat="50.665186" lon="17.832466">
        <ele>161.297769</ele>
        <time>2026-08-03T16:59:57.039Z</time>
      </trkpt>
      <trkpt lat="50.665161" lon="17.833234">
        <ele>161.037665</ele>
        <time>2026-08-03T17:00:04.713Z</time>
      </trkpt>
      <trkpt lat="50.665130" lon="17.834347">
        <ele>160.492717</ele>
        <time>2026-08-03T17:00:15.107Z</time>
      </trkpt>
      <trkpt lat="50.665095" lon="17.835323">
        <ele>159.803112</ele>
        <time>2026-08-03T17:00:24.048Z</time>
      </trkpt>
      <trkpt lat="50.665071" lon="17.836070">
        <ele>159.275476</ele>
        <time>2026-08-03T17:00:30.829Z</time>
      </trkpt>
      <trkpt lat="50.665002" lon="17.837888">
        <ele>158.788865</ele>
        <time>2026-08-03T17:00:48.419Z</time>
      </trkpt>
      <trkpt lat="50.664936" lon="17.838393">
        <ele>158.777780</ele>
        <time>2026-08-03T17:00:54.298Z</time>
      </trkpt>
      <trkpt lat="50.664768" lon="17.838929">
        <ele>158.764926</ele>
        <time>2026-08-03T17:01:01.657Z</time>
      </trkpt>
      <trkpt lat="50.664361" lon="17.839764">
        <ele>158.920865</ele>
        <time>2026-08-03T17:01:15.610Z</time>
      </trkpt>
      <trkpt lat="50.664017" lon="17.840441">
        <ele>159.214428</ele>
        <time>2026-08-03T17:01:27.219Z</time>
      </trkpt>
      <trkpt lat="50.663097" lon="17.842235">
        <ele>159.416183</ele>
        <time>2026-08-03T17:01:54.054Z</time>
      </trkpt>
      <trkpt lat="50.662390" lon="17.843753">
        <ele>158.745767</ele>
        <time>2026-08-03T17:02:12.273Z</time>
      </trkpt>
      <trkpt lat="50.662336" lon="17.843870">
        <ele>158.684742</ele>
        <time>2026-08-03T17:02:13.604Z</time>
      </trkpt>
      <trkpt lat="50.661451" lon="17.845788">
        <ele>156.934356</ele>
        <time>2026-08-03T17:02:35.002Z</time>
      </trkpt>
      <trkpt lat="50.661136" lon="17.846472">
        <ele>156.536816</ele>
        <time>2026-08-03T17:02:43.241Z</time>
      </trkpt>
      <trkpt lat="50.660981" lon="17.846809">
        <ele>156.462084</ele>
        <time>2026-08-03T17:02:47.475Z</time>
      </trkpt>
      <trkpt lat="50.660722" lon="17.847379">
        <ele>156.336206</ele>
        <time>2026-08-03T17:02:54.877Z</time>
      </trkpt>
      <trkpt lat="50.660648" lon="17.847550">
        <ele>156.299044</ele>
        <time>2026-08-03T17:02:57.156Z</time>
      </trkpt>
      <trkpt lat="50.659308" lon="17.850701">
        <ele>156.108136</ele>
        <time>2026-08-03T17:03:38.349Z</time>
      </trkpt>
      <trkpt lat="50.659088" lon="17.851234">
        <ele>156.122435</ele>
        <time>2026-08-03T17:03:45.367Z</time>
      </trkpt>
      <trkpt lat="50.658992" lon="17.851461">
        <ele>156.130222</ele>
        <time>2026-08-03T17:03:48.373Z</time>
      </trkpt>
      <trkpt lat="50.658696" lon="17.852225">
        <ele>156.155775</ele>
        <time>2026-08-03T17:03:58.304Z</time>
      </trkpt>
      <trkpt lat="50.658488" lon="17.852916">
        <ele>156.177604</ele>
        <time>2026-08-03T17:04:06.632Z</time>
      </trkpt>
      <trkpt lat="50.658394" lon="17.853423">
        <ele>156.187179</ele>
        <time>2026-08-03T17:04:12.508Z</time>
      </trkpt>
      <trkpt lat="50.658291" lon="17.856642">
        <ele>156.157173</ele>
        <time>2026-08-03T17:04:47.092Z</time>
      </trkpt>
      <trkpt lat="50.658278" lon="17.857108">
        <ele>156.184220</ele>
        <time>2026-08-03T17:04:52.365Z</time>
      </trkpt>
      <trkpt lat="50.658253" lon="17.857982">
        <ele>156.234951</ele>
        <time>2026-08-03T17:05:02.352Z</time>
      </trkpt>
      <trkpt lat="50.658248" lon="17.858170">
        <ele>156.245862</ele>
        <time>2026-08-03T17:05:04.480Z</time>
      </trkpt>
      <trkpt lat="50.658232" lon="17.858664">
        <ele>156.274543</ele>
        <time>2026-08-03T17:05:10.041Z</time>
      </trkpt>
      <trkpt lat="50.658192" lon="17.859173">
        <ele>156.302024</ele>
        <time>2026-08-03T17:05:15.573Z</time>
      </trkpt>
      <trkpt lat="50.657974" lon="17.860463">
        <ele>156.364008</ele>
        <time>2026-08-03T17:05:29.964Z</time>
      </trkpt>
      <trkpt lat="50.657874" lon="17.861070">
        <ele>156.393126</ele>
        <time>2026-08-03T17:05:36.899Z</time>
      </trkpt>
      <trkpt lat="50.657819" lon="17.861413">
        <ele>156.409553</ele>
        <time>2026-08-03T17:05:40.894Z</time>
      </trkpt>
      <trkpt lat="50.657782" lon="17.861646">
        <ele>156.420705</ele>
        <time>2026-08-03T17:05:43.627Z</time>
      </trkpt>
      <trkpt lat="50.657677" lon="17.862272">
        <ele>156.484123</ele>
        <time>2026-08-03T17:05:51.116Z</time>
      </trkpt>
      <trkpt lat="50.657664" lon="17.862350">
        <ele>156.492654</ele>
        <time>2026-08-03T17:05:52.083Z</time>
      </trkpt>
      <trkpt lat="50.657541" lon="17.862741">
        <ele>156.538823</ele>
        <time>2026-08-03T17:05:57.367Z</time>
      </trkpt>
      <trkpt lat="50.657443" lon="17.863031">
        <ele>156.573583</ele>
        <time>2026-08-03T17:06:01.367Z</time>
      </trkpt>
      <trkpt lat="50.657414" lon="17.863123">
        <ele>156.584450</ele>
        <time>2026-08-03T17:06:02.610Z</time>
      </trkpt>
      <trkpt lat="50.657334" lon="17.863549">
        <ele>156.631445</ele>
        <time>2026-08-03T17:06:07.828Z</time>
      </trkpt>
      <trkpt lat="50.657300" lon="17.864037">
        <ele>156.683373</ele>
        <time>2026-08-03T17:06:13.420Z</time>
      </trkpt>
      <trkpt lat="50.657252" lon="17.865731">
        <ele>156.347744</ele>
        <time>2026-08-03T17:06:30.819Z</time>
      </trkpt>
      <trkpt lat="50.657287" lon="17.866207">
        <ele>156.209229</ele>
        <time>2026-08-03T17:06:35.545Z</time>
      </trkpt>
      <trkpt lat="50.657582" lon="17.867290">
        <ele>155.881871</ele>
        <time>2026-08-03T17:06:47.143Z</time>
      </trkpt>
      <trkpt lat="50.657642" lon="17.867589">
        <ele>155.824736</ele>
        <time>2026-08-03T17:06:50.235Z</time>
      </trkpt>
      <trkpt lat="50.657660" lon="17.867876">
        <ele>155.772195</ele>
        <time>2026-08-03T17:06:53.153Z</time>
      </trkpt>
      <trkpt lat="50.657610" lon="17.868292">
        <ele>155.695058</ele>
        <time>2026-08-03T17:06:57.531Z</time>
      </trkpt>
      <trkpt lat="50.657524" lon="17.868597">
        <ele>155.634245</ele>
        <time>2026-08-03T17:07:01.049Z</time>
      </trkpt>
      <trkpt lat="50.656779" lon="17.870674">
        <ele>155.193997</ele>
        <time>2026-08-03T17:07:26.391Z</time>
      </trkpt>
      <trkpt lat="50.656677" lon="17.870858">
        <ele>155.148169</ele>
        <time>2026-08-03T17:07:28.900Z</time>
      </trkpt>
      <trkpt lat="50.656555" lon="17.871077">
        <ele>155.093508</ele>
        <time>2026-08-03T17:07:31.874Z</time>
      </trkpt>
      <trkpt lat="50.656603" lon="17.871120">
        <ele>155.077183</ele>
        <time>2026-08-03T17:07:32.746Z</time>
      </trkpt>
      <trkpt lat="50.656567" lon="17.871245">
        <ele>155.051441</ele>
        <time>2026-08-03T17:07:35.425Z</time>
      </trkpt>
      <trkpt lat="50.656449" lon="17.871662">
        <ele>154.965821</ele>
        <time>2026-08-03T17:07:44.251Z</time>
      </trkpt>
      <trkpt lat="50.656362" lon="17.871857">
        <ele>154.921113</ele>
        <time>2026-08-03T17:07:48.834Z</time>
      </trkpt>
      <trkpt lat="50.656106" lon="17.872437">
        <ele>154.819333</ele>
        <time>2026-08-03T17:08:02.366Z</time>
      </trkpt>
      <trkpt lat="50.655457" lon="17.873919">
        <ele>154.635971</ele>
        <time>2026-08-03T17:08:38.051Z</time>
      </trkpt>
      <trkpt lat="50.655256" lon="17.873663">
        <ele>154.594487</ele>
        <time>2026-08-03T17:08:46.500Z</time>
      </trkpt>
      <trkpt lat="50.655181" lon="17.873522">
        <ele>154.575750</ele>
        <time>2026-08-03T17:08:50.330Z</time>
      </trkpt>
      <trkpt lat="50.655078" lon="17.873455">
        <ele>154.558479</ele>
        <time>2026-08-03T17:08:54.011Z</time>
      </trkpt>
      <trkpt lat="50.654985" lon="17.873626">
        <ele>154.537093</ele>
        <time>2026-08-03T17:08:56.983Z</time>
      </trkpt>
      <trkpt lat="50.654434" lon="17.874616">
        <ele>154.412045</ele>
        <time>2026-08-03T17:09:13.412Z</time>
      </trkpt>
      <trkpt lat="50.654285" lon="17.874761">
        <ele>154.385832</ele>
        <time>2026-08-03T17:09:16.725Z</time>
      </trkpt>
      <trkpt lat="50.654061" lon="17.874878">
        <ele>154.350503</ele>
        <time>2026-08-03T17:09:21.143Z</time>
      </trkpt>
      <trkpt lat="50.653568" lon="17.875115">
        <ele>154.317128</ele>
        <time>2026-08-03T17:09:30.894Z</time>
      </trkpt>
      <trkpt lat="50.653173" lon="17.875325">
        <ele>154.366806</ele>
        <time>2026-08-03T17:09:38.887Z</time>
      </trkpt>
      <trkpt lat="50.653064" lon="17.875420">
        <ele>154.381648</ele>
        <time>2026-08-03T17:09:41.339Z</time>
      </trkpt>
      <trkpt lat="50.653002" lon="17.875520">
        <ele>154.392216</ele>
        <time>2026-08-03T17:09:43.144Z</time>
      </trkpt>
      <trkpt lat="50.652456" lon="17.877115">
        <ele>154.545334</ele>
        <time>2026-08-03T17:10:08.149Z</time>
      </trkpt>
      <trkpt lat="50.652392" lon="17.877187">
        <ele>154.563552</ele>
        <time>2026-08-03T17:10:09.837Z</time>
      </trkpt>
      <trkpt lat="50.652235" lon="17.877184">
        <ele>154.599938</ele>
        <time>2026-08-03T17:10:13.136Z</time>
      </trkpt>
      <trkpt lat="50.651713" lon="17.876381">
        <ele>154.768917</ele>
        <time>2026-08-03T17:10:28.194Z</time>
      </trkpt>
      <trkpt lat="50.651650" lon="17.876535">
        <ele>154.795846</ele>
        <time>2026-08-03T17:10:30.238Z</time>
      </trkpt>
      <trkpt lat="50.651603" lon="17.876652">
        <ele>154.816197</ele>
        <time>2026-08-03T17:10:31.773Z</time>
      </trkpt>
      <trkpt lat="50.651590" lon="17.876689">
        <ele>154.822412</ele>
        <time>2026-08-03T17:10:32.226Z</time>
      </trkpt>
      <trkpt lat="50.650477" lon="17.879969">
        <ele>155.240189</ele>
        <time>2026-08-03T17:11:15.319Z</time>
      </trkpt>
      <trkpt lat="50.649993" lon="17.881390">
        <ele>154.863144</ele>
        <time>2026-08-03T17:11:31.918Z</time>
      </trkpt>
      <trkpt lat="50.649847" lon="17.881877">
        <ele>154.737226</ele>
        <time>2026-08-03T17:11:37.107Z</time>
      </trkpt>
      <trkpt lat="50.649577" lon="17.883356">
        <ele>154.372031</ele>
        <time>2026-08-03T17:11:52.301Z</time>
      </trkpt>
      <trkpt lat="50.649523" lon="17.883750">
        <ele>154.275643</ele>
        <time>2026-08-03T17:11:56.331Z</time>
      </trkpt>
      <trkpt lat="50.649436" lon="17.884462">
        <ele>154.102258</ele>
        <time>2026-08-03T17:12:03.718Z</time>
      </trkpt>
      <trkpt lat="50.649393" lon="17.884759">
        <ele>154.029412</ele>
        <time>2026-08-03T17:12:06.924Z</time>
      </trkpt>
      <trkpt lat="50.649354" lon="17.885037">
        <ele>153.961330</ele>
        <time>2026-08-03T17:12:10.069Z</time>
      </trkpt>
      <trkpt lat="50.649350" lon="17.885283">
        <ele>153.942456</ele>
        <time>2026-08-03T17:12:12.842Z</time>
      </trkpt>
      <trkpt lat="50.649407" lon="17.885547">
        <ele>153.955547</ele>
        <time>2026-08-03T17:12:15.854Z</time>
      </trkpt>
      <trkpt lat="50.650182" lon="17.886694">
        <ele>154.034227</ele>
        <time>2026-08-03T17:12:34.628Z</time>
      </trkpt>
      <trkpt lat="50.650233" lon="17.886796">
        <ele>154.040325</ele>
        <time>2026-08-03T17:12:36.122Z</time>
      </trkpt>
      <trkpt lat="50.650248" lon="17.886835">
        <ele>154.042466</ele>
        <time>2026-08-03T17:12:36.641Z</time>
      </trkpt>
      <trkpt lat="50.649188" lon="17.892671">
        <ele>154.100000</ele>
        <time>2026-08-03T17:13:42.569Z</time>
      </trkpt>
      <trkpt lat="50.649179" lon="17.892720">
        <ele>154.100000</ele>
        <time>2026-08-03T17:13:43.102Z</time>
      </trkpt>
      <trkpt lat="50.648883" lon="17.894380">
        <ele>154.080668</ele>
        <time>2026-08-03T17:14:01.750Z</time>
      </trkpt>
      <trkpt lat="50.648822" lon="17.894728">
        <ele>154.076323</ele>
        <time>2026-08-03T17:14:05.759Z</time>
      </trkpt>
      <trkpt lat="50.648757" lon="17.895527">
        <ele>154.066628</ele>
        <time>2026-08-03T17:14:14.538Z</time>
      </trkpt>
      <trkpt lat="50.648677" lon="17.896534">
        <ele>154.077761</ele>
        <time>2026-08-03T17:14:25.400Z</time>
      </trkpt>
      <trkpt lat="50.648731" lon="17.896927">
        <ele>154.082792</ele>
        <time>2026-08-03T17:14:29.783Z</time>
      </trkpt>
      <trkpt lat="50.648717" lon="17.897266">
        <ele>154.087043</ele>
        <time>2026-08-03T17:14:33.539Z</time>
      </trkpt>
      <trkpt lat="50.648685" lon="17.897905">
        <ele>154.095063</ele>
        <time>2026-08-03T17:14:40.627Z</time>
      </trkpt>
      <trkpt lat="50.648665" lon="17.898131">
        <ele>154.097918</ele>
        <time>2026-08-03T17:14:43.075Z</time>
      </trkpt>
      <trkpt lat="50.648516" lon="17.898981">
        <ele>154.151740</ele>
        <time>2026-08-03T17:14:52.638Z</time>
      </trkpt>
      <trkpt lat="50.648494" lon="17.899080">
        <ele>154.160443</ele>
        <time>2026-08-03T17:14:53.815Z</time>
      </trkpt>
      <trkpt lat="50.648388" lon="17.899493">
        <ele>154.197406</ele>
        <time>2026-08-03T17:14:58.864Z</time>
      </trkpt>
      <trkpt lat="50.648329" lon="17.899697">
        <ele>154.216007</ele>
        <time>2026-08-03T17:15:01.438Z</time>
      </trkpt>
      <trkpt lat="50.648155" lon="17.900301">
        <ele>154.271044</ele>
        <time>2026-08-03T17:15:09.101Z</time>
      </trkpt>
      <trkpt lat="50.647821" lon="17.901314">
        <ele>154.310142</ele>
        <time>2026-08-03T17:15:22.066Z</time>
      </trkpt>
      <trkpt lat="50.647693" lon="17.901891">
        <ele>154.263873</ele>
        <time>2026-08-03T17:15:28.596Z</time>
      </trkpt>
      <trkpt lat="50.647624" lon="17.902204">
        <ele>154.238791</ele>
        <time>2026-08-03T17:15:32.053Z</time>
      </trkpt>
      <trkpt lat="50.647438" lon="17.902851">
        <ele>154.185021</ele>
        <time>2026-08-03T17:15:39.514Z</time>
      </trkpt>
      <trkpt lat="50.647424" lon="17.902894">
        <ele>154.181363</ele>
        <time>2026-08-03T17:15:40.012Z</time>
      </trkpt>
      <trkpt lat="50.647191" lon="17.903571">
        <ele>154.123058</ele>
        <time>2026-08-03T17:15:48.100Z</time>
      </trkpt>
      <trkpt lat="50.647157" lon="17.903668">
        <ele>154.130723</ele>
        <time>2026-08-03T17:15:49.228Z</time>
      </trkpt>
      <trkpt lat="50.646919" lon="17.904373">
        <ele>154.203074</ele>
        <time>2026-08-03T17:15:57.586Z</time>
      </trkpt>
      <trkpt lat="50.646505" lon="17.905652">
        <ele>154.333157</ele>
        <time>2026-08-03T17:16:14.389Z</time>
      </trkpt>
      <trkpt lat="50.646324" lon="17.906197">
        <ele>154.363644</ele>
        <time>2026-08-03T17:16:21.720Z</time>
      </trkpt>
      <trkpt lat="50.646221" lon="17.907225">
        <ele>154.218935</ele>
        <time>2026-08-03T17:16:33.730Z</time>
      </trkpt>
      <trkpt lat="50.645990" lon="17.908478">
        <ele>154.037499</ele>
        <time>2026-08-03T17:16:51.526Z</time>
      </trkpt>
      <trkpt lat="50.645674" lon="17.909418">
        <ele>153.497741</ele>
        <time>2026-08-03T17:17:05.082Z</time>
      </trkpt>
      <trkpt lat="50.645301" lon="17.910528">
        <ele>152.602393</ele>
        <time>2026-08-03T17:17:20.206Z</time>
      </trkpt>
      <trkpt lat="50.645236" lon="17.910742">
        <ele>152.433274</ele>
        <time>2026-08-03T17:17:23.109Z</time>
      </trkpt>
      <trkpt lat="50.645193" lon="17.910920">
        <ele>152.297513</ele>
        <time>2026-08-03T17:17:25.442Z</time>
      </trkpt>
      <trkpt lat="50.645197" lon="17.911168">
        <ele>152.120698</ele>
        <time>2026-08-03T17:17:27.745Z</time>
      </trkpt>
      <trkpt lat="50.645245" lon="17.911502">
        <ele>151.935564</ele>
        <time>2026-08-03T17:17:30.970Z</time>
      </trkpt>
      <trkpt lat="50.645347" lon="17.911867">
        <ele>151.845481</ele>
        <time>2026-08-03T17:17:34.802Z</time>
      </trkpt>
      <trkpt lat="50.646110" lon="17.913505">
        <ele>151.386465</ele>
        <time>2026-08-03T17:17:56.170Z</time>
      </trkpt>
      <trkpt lat="50.646260" lon="17.914127">
        <ele>151.310069</ele>
        <time>2026-08-03T17:18:03.510Z</time>
      </trkpt>
      <trkpt lat="50.646282" lon="17.914441">
        <ele>151.299927</ele>
        <time>2026-08-03T17:18:06.956Z</time>
      </trkpt>
      <trkpt lat="50.646271" lon="17.914763">
        <ele>151.289575</ele>
        <time>2026-08-03T17:18:10.434Z</time>
      </trkpt>
      <trkpt lat="50.646090" lon="17.916429">
        <ele>151.235310</ele>
        <time>2026-08-03T17:18:28.706Z</time>
      </trkpt>
      <trkpt lat="50.646055" lon="17.916812">
        <ele>151.248932</ele>
        <time>2026-08-03T17:18:32.715Z</time>
      </trkpt>
      <trkpt lat="50.646059" lon="17.917140">
        <ele>151.271197</ele>
        <time>2026-08-03T17:18:36.082Z</time>
      </trkpt>
      <trkpt lat="50.646112" lon="17.917594">
        <ele>151.302526</ele>
        <time>2026-08-03T17:18:40.902Z</time>
      </trkpt>
      <trkpt lat="50.646211" lon="17.917969">
        <ele>151.330094</ele>
        <time>2026-08-03T17:18:45.240Z</time>
      </trkpt>
      <trkpt lat="50.646363" lon="17.918404">
        <ele>151.363801</ele>
        <time>2026-08-03T17:18:50.630Z</time>
      </trkpt>
      <trkpt lat="50.646410" lon="17.918544">
        <ele>151.374552</ele>
        <time>2026-08-03T17:18:52.413Z</time>
      </trkpt>
      <trkpt lat="50.647336" lon="17.921166">
        <ele>152.211101</ele>
        <time>2026-08-03T17:19:30.441Z</time>
      </trkpt>
      <trkpt lat="50.647373" lon="17.921273">
        <ele>152.253257</ele>
        <time>2026-08-03T17:19:32.012Z</time>
      </trkpt>
      <trkpt lat="50.647410" lon="17.921404">
        <ele>152.302861</ele>
        <time>2026-08-03T17:19:33.788Z</time>
      </trkpt>
      <trkpt lat="50.647425" lon="17.921623">
        <ele>152.379053</ele>
        <time>2026-08-03T17:19:36.437Z</time>
      </trkpt>
      <trkpt lat="50.647380" lon="17.921929">
        <ele>152.403330</ele>
        <time>2026-08-03T17:19:40.135Z</time>
      </trkpt>
      <trkpt lat="50.647337" lon="17.922033">
        <ele>152.402512</ele>
        <time>2026-08-03T17:19:41.532Z</time>
      </trkpt>
      <trkpt lat="50.647208" lon="17.922189">
        <ele>152.400823</ele>
        <time>2026-08-03T17:19:44.366Z</time>
      </trkpt>
      <trkpt lat="50.646699" lon="17.922627">
        <ele>152.394800</ele>
        <time>2026-08-03T17:19:54.442Z</time>
      </trkpt>
      <trkpt lat="50.646527" lon="17.922891">
        <ele>152.392306</ele>
        <time>2026-08-03T17:19:58.335Z</time>
      </trkpt>
      <trkpt lat="50.646389" lon="17.923301">
        <ele>152.389248</ele>
        <time>2026-08-03T17:20:03.028Z</time>
      </trkpt>
      <trkpt lat="50.646269" lon="17.924191">
        <ele>152.360627</ele>
        <time>2026-08-03T17:20:12.673Z</time>
      </trkpt>
      <trkpt lat="50.646185" lon="17.924182">
        <ele>152.353082</ele>
        <time>2026-08-03T17:20:14.837Z</time>
      </trkpt>
      <trkpt lat="50.646222" lon="17.924193">
        <ele>152.349707</ele>
        <time>2026-08-03T17:20:17.458Z</time>
      </trkpt>
      <trkpt lat="50.646279" lon="17.923779">
        <ele>152.325633</ele>
        <time>2026-08-03T17:20:36.103Z</time>
      </trkpt>
      <trkpt lat="50.646222" lon="17.924193">
        <ele>152.301558</ele>
        <time>2026-08-03T17:20:54.748Z</time>
      </trkpt>
      <trkpt lat="50.646185" lon="17.924182">
        <ele>152.298184</ele>
        <time>2026-08-03T17:20:57.369Z</time>
      </trkpt>
      <trkpt lat="50.646269" lon="17.924191">
        <ele>152.290639</ele>
        <time>2026-08-03T17:20:59.652Z</time>
      </trkpt>
      <trkpt lat="50.646233" lon="17.924498">
        <ele>152.272897</ele>
        <time>2026-08-03T17:21:04.796Z</time>
      </trkpt>
      <trkpt lat="50.646207" lon="17.924763">
        <ele>152.257659</ele>
        <time>2026-08-03T17:21:09.173Z</time>
      </trkpt>
      <trkpt lat="50.646200" lon="17.924835">
        <ele>152.253520</ele>
        <time>2026-08-03T17:21:10.385Z</time>
      </trkpt>
      <trkpt lat="50.646205" lon="17.925057">
        <ele>152.240896</ele>
        <time>2026-08-03T17:21:12.714Z</time>
      </trkpt>
      <trkpt lat="50.646322" lon="17.925902">
        <ele>152.257113</ele>
        <time>2026-08-03T17:21:22.947Z</time>
      </trkpt>
      <trkpt lat="50.646467" lon="17.926532">
        <ele>152.293820</ele>
        <time>2026-08-03T17:21:30.902Z</time>
      </trkpt>
      <trkpt lat="50.646662" lon="17.927077">
        <ele>152.328093</ele>
        <time>2026-08-03T17:21:38.517Z</time>
      </trkpt>
      <trkpt lat="50.646907" lon="17.927586">
        <ele>152.363092</ele>
        <time>2026-08-03T17:21:46.559Z</time>
      </trkpt>
      <trkpt lat="50.647080" lon="17.927858">
        <ele>152.396910</ele>
        <time>2026-08-03T17:21:51.557Z</time>
      </trkpt>
      <trkpt lat="50.647218" lon="17.928073">
        <ele>152.469641</ele>
        <time>2026-08-03T17:21:55.558Z</time>
      </trkpt>
      <trkpt lat="50.647590" lon="17.928477">
        <ele>152.638988</ele>
        <time>2026-08-03T17:22:04.768Z</time>
      </trkpt>
      <trkpt lat="50.648007" lon="17.928808">
        <ele>152.814022</ele>
        <time>2026-08-03T17:22:14.334Z</time>
      </trkpt>
      <trkpt lat="50.648296" lon="17.928954">
        <ele>152.927802</ele>
        <time>2026-08-03T17:22:20.611Z</time>
      </trkpt>
      <trkpt lat="50.648472" lon="17.929028">
        <ele>152.996095</ele>
        <time>2026-08-03T17:22:24.387Z</time>
      </trkpt>
      <trkpt lat="50.649027" lon="17.929131">
        <ele>153.231330</ele>
        <time>2026-08-03T17:22:36.011Z</time>
      </trkpt>
      <trkpt lat="50.649803" lon="17.929224">
        <ele>153.572847</ele>
        <time>2026-08-03T17:22:52.293Z</time>
      </trkpt>
      <trkpt lat="50.652802" lon="17.929582">
        <ele>154.482186</ele>
        <time>2026-08-03T17:23:54.668Z</time>
      </trkpt>
      <trkpt lat="50.653155" lon="17.929504">
        <ele>154.434580</ele>
        <time>2026-08-03T17:24:01.502Z</time>
      </trkpt>
      <trkpt lat="50.653649" lon="17.929306">
        <ele>154.366506</ele>
        <time>2026-08-03T17:24:10.833Z</time>
      </trkpt>
      <trkpt lat="50.655066" lon="17.928702">
        <ele>153.281157</ele>
        <time>2026-08-03T17:24:34.864Z</time>
      </trkpt>
      <trkpt lat="50.655416" lon="17.928504">
        <ele>152.937887</ele>
        <time>2026-08-03T17:24:41.081Z</time>
      </trkpt>
      <trkpt lat="50.655646" lon="17.928356">
        <ele>152.708565</ele>
        <time>2026-08-03T17:24:45.573Z</time>
      </trkpt>
      <trkpt lat="50.655879" lon="17.928143">
        <ele>152.672785</ele>
        <time>2026-08-03T17:24:50.501Z</time>
      </trkpt>
      <trkpt lat="50.655979" lon="17.928006">
        <ele>152.680344</ele>
        <time>2026-08-03T17:24:52.941Z</time>
      </trkpt>
      <trkpt lat="50.656146" lon="17.927665">
        <ele>152.695935</ele>
        <time>2026-08-03T17:24:58.109Z</time>
      </trkpt>
      <trkpt lat="50.656941" lon="17.924285">
        <ele>153.508742</ele>
        <time>2026-08-03T17:25:41.590Z</time>
      </trkpt>
      <trkpt lat="50.657127" lon="17.923400">
        <ele>153.905959</ele>
        <time>2026-08-03T17:25:54.778Z</time>
      </trkpt>
      <trkpt lat="50.657291" lon="17.922430">
        <ele>153.971761</ele>
        <time>2026-08-03T17:26:08.896Z</time>
      </trkpt>
      <trkpt lat="50.657411" lon="17.921840">
        <ele>153.971761</ele>
        <time>2026-08-03T17:26:18.287Z</time>
      </trkpt>
      <trkpt lat="50.657553" lon="17.921473">
        <ele>153.971761</ele>
        <time>2026-08-03T17:26:24.130Z</time>
      </trkpt>
      <trkpt lat="50.657594" lon="17.921259">
        <ele>153.971761</ele>
        <time>2026-08-03T17:26:26.230Z</time>
      </trkpt>
      <trkpt lat="50.657582" lon="17.921092">
        <ele>153.971761</ele>
        <time>2026-08-03T17:26:27.802Z</time>
      </trkpt>
      <trkpt lat="50.657764" lon="17.920531">
        <ele>153.971761</ele>
        <time>2026-08-03T17:26:36.339Z</time>
      </trkpt>
      <trkpt lat="50.657946" lon="17.919971">
        <ele>153.971761</ele>
        <time>2026-08-03T17:26:44.871Z</time>
      </trkpt>
    </trkseg>
  </trk>
</gpx>