<?xml version='1.0' encoding='UTF-8'?>
<gpx version="1.1" creator="https://www.komoot.de" xmlns="http://www.topografix.com/GPX/1/1" xmlns:xsi="http://www.w3.org/2001/XMLSchema-instance" xsi:schemaLocation="http://www.topografix.com/GPX/1/1 http://www.topografix.com/GPX/1/1/gpx.xsd">
  <metadata>
    <name>2025/09/03 - GraveLova Środa #070 - Małapański Pyton</name>
    <author>
      <link href="https://www.komoot.de">
        <text>komoot</text>
        <type>text/html</type>
      </link>
    </author>
  </metadata>
  <trk>
    <name>2025/09/03 - GraveLova Środa #070 - Małapański Pyton</name>
    <trkseg>
      <trkpt lat="50.725230" lon="17.900332">
        <ele>148.739804</ele>
        <time>2025-08-30T18:43:41.226Z</time>
      </trkpt>
      <trkpt lat="50.725287" lon="17.900312">
        <ele>148.739804</ele>
        <time>2025-08-30T18:43:42.447Z</time>
      </trkpt>
      <trkpt lat="50.725264" lon="17.900121">
        <ele>148.739804</ele>
        <time>2025-08-30T18:43:44.876Z</time>
      </trkpt>
      <trkpt lat="50.725244" lon="17.899962">
        <ele>148.739804</ele>
        <time>2025-08-30T18:43:46.868Z</time>
      </trkpt>
      <trkpt lat="50.725171" lon="17.899397">
        <ele>148.739804</ele>
        <time>2025-08-30T18:43:53.939Z</time>
      </trkpt>
      <trkpt lat="50.724935" lon="17.898972">
        <ele>148.644773</ele>
        <time>2025-08-30T18:44:00.805Z</time>
      </trkpt>
      <trkpt lat="50.724819" lon="17.898505">
        <ele>148.364532</ele>
        <time>2025-08-30T18:44:06.846Z</time>
      </trkpt>
      <trkpt lat="50.724426" lon="17.896137">
        <ele>147.205155</ele>
        <time>2025-08-30T18:44:38.139Z</time>
      </trkpt>
      <trkpt lat="50.723928" lon="17.893191">
        <ele>147.697702</ele>
        <time>2025-08-30T18:45:26.557Z</time>
      </trkpt>
      <trkpt lat="50.723889" lon="17.892987">
        <ele>147.701718</ele>
        <time>2025-08-30T18:45:29.842Z</time>
      </trkpt>
      <trkpt lat="50.723852" lon="17.892662">
        <ele>147.707941</ele>
        <time>2025-08-30T18:45:34.665Z</time>
      </trkpt>
      <trkpt lat="50.723769" lon="17.892633">
        <ele>147.710471</ele>
        <time>2025-08-30T18:45:36.627Z</time>
      </trkpt>
      <trkpt lat="50.723655" lon="17.892661">
        <ele>147.713905</ele>
        <time>2025-08-30T18:45:39.218Z</time>
      </trkpt>
      <trkpt lat="50.723151" lon="17.893027">
        <ele>147.730417</ele>
        <time>2025-08-30T18:45:51.404Z</time>
      </trkpt>
      <trkpt lat="50.723048" lon="17.893003">
        <ele>147.733516</ele>
        <time>2025-08-30T18:45:53.661Z</time>
      </trkpt>
      <trkpt lat="50.722980" lon="17.892766">
        <ele>147.738420</ele>
        <time>2025-08-30T18:45:57.099Z</time>
      </trkpt>
      <trkpt lat="50.722980" lon="17.892612">
        <ele>147.741322</ele>
        <time>2025-08-30T18:45:59.123Z</time>
      </trkpt>
      <trkpt lat="50.723042" lon="17.892448">
        <ele>147.688316</ele>
        <time>2025-08-30T18:46:01.648Z</time>
      </trkpt>
      <trkpt lat="50.723134" lon="17.892318">
        <ele>147.618957</ele>
        <time>2025-08-30T18:46:04.226Z</time>
      </trkpt>
      <trkpt lat="50.723722" lon="17.891961">
        <ele>147.265002</ele>
        <time>2025-08-30T18:46:17.595Z</time>
      </trkpt>
      <trkpt lat="50.724833" lon="17.891307">
        <ele>146.609079</ele>
        <time>2025-08-30T18:46:41.894Z</time>
      </trkpt>
      <trkpt lat="50.725025" lon="17.891194">
        <ele>146.502869</ele>
        <time>2025-08-30T18:46:46.002Z</time>
      </trkpt>
      <trkpt lat="50.725025" lon="17.891194">
        <ele>146.502869</ele>
        <time>2025-08-30T18:46:46.011Z</time>
      </trkpt>
      <trkpt lat="50.724956" lon="17.890896">
        <ele>146.398745</ele>
        <time>2025-08-30T18:46:51.205Z</time>
      </trkpt>
      <trkpt lat="50.725127" lon="17.890657">
        <ele>146.280389</ele>
        <time>2025-08-30T18:46:57.109Z</time>
      </trkpt>
      <trkpt lat="50.725049" lon="17.890140">
        <ele>146.105984</ele>
        <time>2025-08-30T18:47:05.810Z</time>
      </trkpt>
      <trkpt lat="50.724814" lon="17.889280">
        <ele>145.799365</ele>
        <time>2025-08-30T18:47:21.144Z</time>
      </trkpt>
      <trkpt lat="50.724633" lon="17.888665">
        <ele>145.935894</ele>
        <time>2025-08-30T18:47:32.246Z</time>
      </trkpt>
      <trkpt lat="50.724486" lon="17.888133">
        <ele>146.052747</ele>
        <time>2025-08-30T18:47:41.749Z</time>
      </trkpt>
      <trkpt lat="50.724330" lon="17.887616">
        <ele>146.168041</ele>
        <time>2025-08-30T18:47:51.125Z</time>
      </trkpt>
      <trkpt lat="50.724169" lon="17.887137">
        <ele>146.277217</ele>
        <time>2025-08-30T18:48:00.003Z</time>
      </trkpt>
      <trkpt lat="50.724044" lon="17.886730">
        <ele>146.368283</ele>
        <time>2025-08-30T18:48:07.408Z</time>
      </trkpt>
      <trkpt lat="50.723946" lon="17.886297">
        <ele>146.505286</ele>
        <time>2025-08-30T18:48:14.936Z</time>
      </trkpt>
      <trkpt lat="50.723893" lon="17.885849">
        <ele>146.642424</ele>
        <time>2025-08-30T18:48:22.397Z</time>
      </trkpt>
      <trkpt lat="50.723805" lon="17.885223">
        <ele>146.835378</ele>
        <time>2025-08-30T18:48:32.895Z</time>
      </trkpt>
      <trkpt lat="50.723712" lon="17.884853">
        <ele>146.955166</ele>
        <time>2025-08-30T18:48:39.412Z</time>
      </trkpt>
      <trkpt lat="50.723276" lon="17.884027">
        <ele>147.226508</ele>
        <time>2025-08-30T18:48:57.018Z</time>
      </trkpt>
      <trkpt lat="50.722840" lon="17.883201">
        <ele>147.229853</ele>
        <time>2025-08-30T18:49:14.624Z</time>
      </trkpt>
      <trkpt lat="50.722504" lon="17.882400">
        <ele>147.232840</ele>
        <time>2025-08-30T18:49:30.355Z</time>
      </trkpt>
      <trkpt lat="50.722293" lon="17.882276">
        <ele>147.233946</ele>
        <time>2025-08-30T18:49:38.496Z</time>
      </trkpt>
      <trkpt lat="50.722271" lon="17.882268">
        <ele>147.234057</ele>
        <time>2025-08-30T18:49:39.294Z</time>
      </trkpt>
      <trkpt lat="50.722060" lon="17.882196">
        <ele>147.223839</ele>
        <time>2025-08-30T18:49:47.049Z</time>
      </trkpt>
      <trkpt lat="50.721908" lon="17.882198">
        <ele>147.198285</ele>
        <time>2025-08-30T18:49:52.484Z</time>
      </trkpt>
      <trkpt lat="50.721732" lon="17.882258">
        <ele>147.168016</ele>
        <time>2025-08-30T18:49:58.912Z</time>
      </trkpt>
      <trkpt lat="50.720929" lon="17.882756">
        <ele>147.022992</ele>
        <time>2025-08-30T18:50:30.467Z</time>
      </trkpt>
      <trkpt lat="50.720705" lon="17.882806">
        <ele>146.984961</ele>
        <time>2025-08-30T18:50:38.785Z</time>
      </trkpt>
      <trkpt lat="50.720693" lon="17.882825">
        <ele>146.982104</ele>
        <time>2025-08-30T18:50:39.413Z</time>
      </trkpt>
      <trkpt lat="50.720680" lon="17.882844">
        <ele>146.979127</ele>
        <time>2025-08-30T18:50:40.058Z</time>
      </trkpt>
      <trkpt lat="50.720641" lon="17.883858">
        <ele>146.978281</ele>
        <time>2025-08-30T18:51:04.024Z</time>
      </trkpt>
      <trkpt lat="50.720611" lon="17.883962">
        <ele>146.987362</ele>
        <time>2025-08-30T18:51:06.774Z</time>
      </trkpt>
      <trkpt lat="50.720555" lon="17.883987">
        <ele>146.994666</ele>
        <time>2025-08-30T18:51:09.010Z</time>
      </trkpt>
      <trkpt lat="50.720349" lon="17.883950">
        <ele>147.020687</ele>
        <time>2025-08-30T18:51:16.926Z</time>
      </trkpt>
      <trkpt lat="50.720228" lon="17.883927">
        <ele>147.035983</ele>
        <time>2025-08-30T18:51:21.625Z</time>
      </trkpt>
      <trkpt lat="50.720228" lon="17.883927">
        <ele>147.035983</ele>
        <time>2025-08-30T18:51:21.630Z</time>
      </trkpt>
      <trkpt lat="50.720160" lon="17.883940">
        <ele>147.044579</ele>
        <time>2025-08-30T18:51:23.402Z</time>
      </trkpt>
      <trkpt lat="50.720159" lon="17.884186">
        <ele>147.064127</ele>
        <time>2025-08-30T18:51:27.429Z</time>
      </trkpt>
      <trkpt lat="50.720194" lon="17.884428">
        <ele>147.083851</ele>
        <time>2025-08-30T18:51:31.493Z</time>
      </trkpt>
      <trkpt lat="50.720280" lon="17.884693">
        <ele>147.107513</ele>
        <time>2025-08-30T18:51:36.368Z</time>
      </trkpt>
      <trkpt lat="50.720407" lon="17.885146">
        <ele>147.146879</ele>
        <time>2025-08-30T18:51:44.479Z</time>
      </trkpt>
      <trkpt lat="50.720502" lon="17.885619">
        <ele>147.100232</ele>
        <time>2025-08-30T18:51:52.604Z</time>
      </trkpt>
      <trkpt lat="50.720595" lon="17.886051">
        <ele>147.025588</ele>
        <time>2025-08-30T18:52:00.074Z</time>
      </trkpt>
      <trkpt lat="50.720680" lon="17.886454">
        <ele>146.956099</ele>
        <time>2025-08-30T18:52:07.028Z</time>
      </trkpt>
      <trkpt lat="50.720719" lon="17.886538">
        <ele>146.939058</ele>
        <time>2025-08-30T18:52:08.733Z</time>
      </trkpt>
      <trkpt lat="50.720761" lon="17.886578">
        <ele>146.926386</ele>
        <time>2025-08-30T18:52:10.002Z</time>
      </trkpt>
      <trkpt lat="50.720831" lon="17.886601">
        <ele>146.907911</ele>
        <time>2025-08-30T18:52:11.851Z</time>
      </trkpt>
      <trkpt lat="50.720944" lon="17.886587">
        <ele>146.878623</ele>
        <time>2025-08-30T18:52:14.782Z</time>
      </trkpt>
      <trkpt lat="50.721091" lon="17.886542">
        <ele>146.839933</ele>
        <time>2025-08-30T18:52:18.654Z</time>
      </trkpt>
      <trkpt lat="50.721263" lon="17.886481">
        <ele>146.794383</ele>
        <time>2025-08-30T18:52:23.212Z</time>
      </trkpt>
      <trkpt lat="50.721410" lon="17.886473">
        <ele>146.756377</ele>
        <time>2025-08-30T18:52:27.016Z</time>
      </trkpt>
      <trkpt lat="50.721508" lon="17.886501">
        <ele>146.730643</ele>
        <time>2025-08-30T18:52:29.591Z</time>
      </trkpt>
      <trkpt lat="50.721552" lon="17.886543">
        <ele>146.717359</ele>
        <time>2025-08-30T18:52:30.921Z</time>
      </trkpt>
      <trkpt lat="50.721711" lon="17.886551">
        <ele>146.680870</ele>
        <time>2025-08-30T18:52:35.037Z</time>
      </trkpt>
      <trkpt lat="50.721711" lon="17.886551">
        <ele>146.680870</ele>
        <time>2025-08-30T18:52:35.044Z</time>
      </trkpt>
      <trkpt lat="50.721711" lon="17.886551">
        <ele>146.680870</ele>
        <time>2025-08-30T18:52:35.044Z</time>
      </trkpt>
      <trkpt lat="50.721711" lon="17.886551">
        <ele>146.680870</ele>
        <time>2025-08-30T18:52:35.050Z</time>
      </trkpt>
      <trkpt lat="50.721911" lon="17.887131">
        <ele>146.601897</ele>
        <time>2025-08-30T18:52:50.078Z</time>
      </trkpt>
      <trkpt lat="50.722313" lon="17.887992">
        <ele>146.473975</ele>
        <time>2025-08-30T18:53:15.018Z</time>
      </trkpt>
      <trkpt lat="50.722577" lon="17.888478">
        <ele>146.397402</ele>
        <time>2025-08-30T18:53:29.883Z</time>
      </trkpt>
      <trkpt lat="50.722898" lon="17.888905">
        <ele>146.397292</ele>
        <time>2025-08-30T18:53:45.241Z</time>
      </trkpt>
      <trkpt lat="50.723277" lon="17.889547">
        <ele>146.525993</ele>
        <time>2025-08-30T18:54:06.005Z</time>
      </trkpt>
      <trkpt lat="50.723417" lon="17.890008">
        <ele>146.600956</ele>
        <time>2025-08-30T18:54:18.469Z</time>
      </trkpt>
      <trkpt lat="50.723600" lon="17.891182">
        <ele>146.784539</ele>
        <time>2025-08-30T18:54:48.766Z</time>
      </trkpt>
      <trkpt lat="50.723701" lon="17.891828">
        <ele>146.959423</ele>
        <time>2025-08-30T18:55:05.108Z</time>
      </trkpt>
      <trkpt lat="50.723722" lon="17.891961">
        <ele>146.995449</ele>
        <time>2025-08-30T18:55:08.508Z</time>
      </trkpt>
      <trkpt lat="50.723134" lon="17.892318">
        <ele>147.256974</ele>
        <time>2025-08-30T18:55:24.433Z</time>
      </trkpt>
      <trkpt lat="50.723131" lon="17.892322">
        <ele>147.258604</ele>
        <time>2025-08-30T18:55:24.532Z</time>
      </trkpt>
      <trkpt lat="50.723131" lon="17.892322">
        <ele>147.258604</ele>
        <time>2025-08-30T18:55:24.538Z</time>
      </trkpt>
      <trkpt lat="50.723007" lon="17.892106">
        <ele>147.335239</ele>
        <time>2025-08-30T18:55:29.311Z</time>
      </trkpt>
      <trkpt lat="50.722941" lon="17.892190">
        <ele>147.370427</ele>
        <time>2025-08-30T18:55:31.503Z</time>
      </trkpt>
      <trkpt lat="50.722893" lon="17.892272">
        <ele>147.399780</ele>
        <time>2025-08-30T18:55:33.331Z</time>
      </trkpt>
      <trkpt lat="50.722854" lon="17.892361">
        <ele>147.428228</ele>
        <time>2025-08-30T18:55:35.103Z</time>
      </trkpt>
      <trkpt lat="50.722823" lon="17.892453">
        <ele>147.455620</ele>
        <time>2025-08-30T18:55:36.809Z</time>
      </trkpt>
      <trkpt lat="50.722799" lon="17.892552">
        <ele>147.483482</ele>
        <time>2025-08-30T18:55:38.545Z</time>
      </trkpt>
      <trkpt lat="50.722779" lon="17.892649">
        <ele>147.510294</ele>
        <time>2025-08-30T18:55:40.215Z</time>
      </trkpt>
      <trkpt lat="50.722766" lon="17.892745">
        <ele>147.524077</ele>
        <time>2025-08-30T18:55:41.822Z</time>
      </trkpt>
      <trkpt lat="50.722763" lon="17.892816">
        <ele>147.531027</ele>
        <time>2025-08-30T18:55:42.987Z</time>
      </trkpt>
      <trkpt lat="50.722763" lon="17.892894">
        <ele>147.538645</ele>
        <time>2025-08-30T18:55:44.264Z</time>
      </trkpt>
      <trkpt lat="50.722727" lon="17.893014">
        <ele>147.551614</ele>
        <time>2025-08-30T18:55:46.434Z</time>
      </trkpt>
      <trkpt lat="50.722727" lon="17.893014">
        <ele>147.551614</ele>
        <time>2025-08-30T18:55:46.440Z</time>
      </trkpt>
      <trkpt lat="50.722714" lon="17.893112">
        <ele>147.561394</ele>
        <time>2025-08-30T18:55:48.079Z</time>
      </trkpt>
      <trkpt lat="50.722817" lon="17.893438">
        <ele>147.596979</ele>
        <time>2025-08-30T18:55:54.044Z</time>
      </trkpt>
      <trkpt lat="50.722875" lon="17.893668">
        <ele>147.621159</ele>
        <time>2025-08-30T18:55:58.097Z</time>
      </trkpt>
      <trkpt lat="50.722987" lon="17.894030">
        <ele>147.660512</ele>
        <time>2025-08-30T18:56:04.693Z</time>
      </trkpt>
      <trkpt lat="50.723147" lon="17.893759">
        <ele>147.696704</ele>
        <time>2025-08-30T18:56:10.763Z</time>
      </trkpt>
      <trkpt lat="50.723238" lon="17.893860">
        <ele>147.713862</ele>
        <time>2025-08-30T18:56:14.779Z</time>
      </trkpt>
      <trkpt lat="50.723302" lon="17.894053">
        <ele>147.735141</ele>
        <time>2025-08-30T18:56:19.865Z</time>
      </trkpt>
      <trkpt lat="50.723374" lon="17.894507">
        <ele>147.780853</ele>
        <time>2025-08-30T18:56:30.956Z</time>
      </trkpt>
      <trkpt lat="50.723475" lon="17.894919">
        <ele>147.830961</ele>
        <time>2025-08-30T18:56:41.586Z</time>
      </trkpt>
      <trkpt lat="50.723523" lon="17.895344">
        <ele>147.883054</ele>
        <time>2025-08-30T18:56:51.852Z</time>
      </trkpt>
      <trkpt lat="50.723509" lon="17.895899">
        <ele>147.950076</ele>
        <time>2025-08-30T18:57:05.071Z</time>
      </trkpt>
      <trkpt lat="50.723382" lon="17.896458">
        <ele>148.021741</ele>
        <time>2025-08-30T18:57:19.440Z</time>
      </trkpt>
      <trkpt lat="50.723161" lon="17.896899">
        <ele>148.089610</ele>
        <time>2025-08-30T18:57:33.019Z</time>
      </trkpt>
      <trkpt lat="50.722966" lon="17.897593">
        <ele>148.247844</ele>
        <time>2025-08-30T18:57:51.513Z</time>
      </trkpt>
      <trkpt lat="50.722727" lon="17.898073">
        <ele>148.433247</ele>
        <time>2025-08-30T18:58:06.589Z</time>
      </trkpt>
      <trkpt lat="50.722588" lon="17.898447">
        <ele>148.564917</ele>
        <time>2025-08-30T18:58:17.407Z</time>
      </trkpt>
      <trkpt lat="50.722511" lon="17.898812">
        <ele>148.681724</ele>
        <time>2025-08-30T18:58:27.136Z</time>
      </trkpt>
      <trkpt lat="50.722458" lon="17.899178">
        <ele>148.795714</ele>
        <time>2025-08-30T18:58:36.662Z</time>
      </trkpt>
      <trkpt lat="50.722450" lon="17.899514">
        <ele>148.897798</ele>
        <time>2025-08-30T18:58:45.274Z</time>
      </trkpt>
      <trkpt lat="50.722567" lon="17.900417">
        <ele>149.034137</ele>
        <time>2025-08-30T18:59:08.754Z</time>
      </trkpt>
      <trkpt lat="50.722569" lon="17.900477">
        <ele>149.037653</ele>
        <time>2025-08-30T18:59:10.257Z</time>
      </trkpt>
      <trkpt lat="50.722775" lon="17.901757">
        <ele>149.114942</ele>
        <time>2025-08-30T18:59:41.835Z</time>
      </trkpt>
      <trkpt lat="50.722845" lon="17.903098">
        <ele>149.078255</ele>
        <time>2025-08-30T19:00:12.447Z</time>
      </trkpt>
      <trkpt lat="50.722948" lon="17.903607">
        <ele>148.978494</ele>
        <time>2025-08-30T19:00:24.510Z</time>
      </trkpt>
      <trkpt lat="50.723121" lon="17.904117">
        <ele>148.870476</ele>
        <time>2025-08-30T19:00:37.702Z</time>
      </trkpt>
      <trkpt lat="50.723327" lon="17.904510">
        <ele>148.775222</ele>
        <time>2025-08-30T19:00:49.440Z</time>
      </trkpt>
      <trkpt lat="50.723607" lon="17.904903">
        <ele>148.664764</ele>
        <time>2025-08-30T19:01:03.136Z</time>
      </trkpt>
      <trkpt lat="50.723809" lon="17.905257">
        <ele>148.625053</ele>
        <time>2025-08-30T19:01:14.243Z</time>
      </trkpt>
      <trkpt lat="50.724114" lon="17.905444">
        <ele>148.607872</ele>
        <time>2025-08-30T19:01:26.363Z</time>
      </trkpt>
      <trkpt lat="50.724494" lon="17.905961">
        <ele>148.581536</ele>
        <time>2025-08-30T19:01:45.023Z</time>
      </trkpt>
      <trkpt lat="50.724719" lon="17.906527">
        <ele>148.559317</ele>
        <time>2025-08-30T19:02:00.611Z</time>
      </trkpt>
      <trkpt lat="50.724844" lon="17.907083">
        <ele>148.539789</ele>
        <time>2025-08-30T19:02:14.371Z</time>
      </trkpt>
      <trkpt lat="50.724887" lon="17.907607">
        <ele>148.523185</ele>
        <time>2025-08-30T19:02:26.749Z</time>
      </trkpt>
      <trkpt lat="50.724893" lon="17.908000">
        <ele>148.510832</ele>
        <time>2025-08-30T19:02:35.993Z</time>
      </trkpt>
      <trkpt lat="50.724851" lon="17.908562">
        <ele>148.493049</ele>
        <time>2025-08-30T19:02:49.357Z</time>
      </trkpt>
      <trkpt lat="50.724844" lon="17.909245">
        <ele>148.471583</ele>
        <time>2025-08-30T19:03:05.362Z</time>
      </trkpt>
      <trkpt lat="50.724940" lon="17.910597">
        <ele>148.445654</ele>
        <time>2025-08-30T19:03:36.948Z</time>
      </trkpt>
      <trkpt lat="50.724936" lon="17.910842">
        <ele>148.443547</ele>
        <time>2025-08-30T19:03:42.621Z</time>
      </trkpt>
      <trkpt lat="50.724770" lon="17.911698">
        <ele>148.435851</ele>
        <time>2025-08-30T19:04:03.525Z</time>
      </trkpt>
      <trkpt lat="50.724864" lon="17.911953">
        <ele>148.433314</ele>
        <time>2025-08-30T19:04:10.456Z</time>
      </trkpt>
      <trkpt lat="50.725173" lon="17.913049">
        <ele>148.527870</ele>
        <time>2025-08-30T19:04:38.856Z</time>
      </trkpt>
      <trkpt lat="50.725474" lon="17.913155">
        <ele>148.619919</ele>
        <time>2025-08-30T19:04:46.472Z</time>
      </trkpt>
      <trkpt lat="50.725547" lon="17.913176">
        <ele>148.642066</ele>
        <time>2025-08-30T19:04:48.322Z</time>
      </trkpt>
      <trkpt lat="50.725911" lon="17.913027">
        <ele>148.754302</ele>
        <time>2025-08-30T19:04:57.798Z</time>
      </trkpt>
      <trkpt lat="50.727105" lon="17.912317">
        <ele>149.060887</ele>
        <time>2025-08-30T19:05:29.915Z</time>
      </trkpt>
      <trkpt lat="50.728755" lon="17.911395">
        <ele>149.281182</ele>
        <time>2025-08-30T19:06:11.120Z</time>
      </trkpt>
      <trkpt lat="50.728842" lon="17.913441">
        <ele>149.320202</ele>
        <time>2025-08-30T19:06:39.930Z</time>
      </trkpt>
      <trkpt lat="50.728901" lon="17.914238">
        <ele>149.465999</ele>
        <time>2025-08-30T19:06:51.365Z</time>
      </trkpt>
      <trkpt lat="50.729082" lon="17.916400">
        <ele>149.904778</ele>
        <time>2025-08-30T19:07:24.134Z</time>
      </trkpt>
      <trkpt lat="50.729333" lon="17.919440">
        <ele>151.003534</ele>
        <time>2025-08-30T19:08:14.895Z</time>
      </trkpt>
      <trkpt lat="50.729254" lon="17.919873">
        <ele>150.977679</ele>
        <time>2025-08-30T19:08:22.423Z</time>
      </trkpt>
      <trkpt lat="50.728473" lon="17.922975">
        <ele>150.343031</ele>
        <time>2025-08-30T19:09:12.152Z</time>
      </trkpt>
      <trkpt lat="50.728051" lon="17.924999">
        <ele>149.688722</ele>
        <time>2025-08-30T19:09:42.863Z</time>
      </trkpt>
      <trkpt lat="50.727975" lon="17.925475">
        <ele>149.628228</ele>
        <time>2025-08-30T19:09:50.212Z</time>
      </trkpt>
      <trkpt lat="50.728355" lon="17.929811">
        <ele>149.600087</ele>
        <time>2025-08-30T19:11:00.227Z</time>
      </trkpt>
      <trkpt lat="50.729188" lon="17.938438">
        <ele>150.202681</ele>
        <time>2025-08-30T19:13:19.517Z</time>
      </trkpt>
      <trkpt lat="50.729276" lon="17.939739">
        <ele>150.300549</ele>
        <time>2025-08-30T19:13:40.409Z</time>
      </trkpt>
      <trkpt lat="50.729313" lon="17.939871">
        <ele>150.311348</ele>
        <time>2025-08-30T19:13:42.698Z</time>
      </trkpt>
      <trkpt lat="50.730578" lon="17.941323">
        <ele>150.654878</ele>
        <time>2025-08-30T19:14:22.260Z</time>
      </trkpt>
      <trkpt lat="50.731210" lon="17.941989">
        <ele>150.916609</ele>
        <time>2025-08-30T19:14:42.891Z</time>
      </trkpt>
      <trkpt lat="50.731928" lon="17.941990">
        <ele>151.183632</ele>
        <time>2025-08-30T19:15:02.795Z</time>
      </trkpt>
      <trkpt lat="50.732620" lon="17.946899">
        <ele>152.255159</ele>
        <time>2025-08-30T19:16:19.011Z</time>
      </trkpt>
      <trkpt lat="50.732817" lon="17.948023">
        <ele>152.270206</ele>
        <time>2025-08-30T19:16:35.663Z</time>
      </trkpt>
      <trkpt lat="50.731833" lon="17.948477">
        <ele>152.277976</ele>
        <time>2025-08-30T19:17:13.562Z</time>
      </trkpt>
      <trkpt lat="50.731585" lon="17.948415">
        <ele>152.257752</ele>
        <time>2025-08-30T19:17:22.721Z</time>
      </trkpt>
      <trkpt lat="50.731504" lon="17.948327">
        <ele>152.246554</ele>
        <time>2025-08-30T19:17:26.318Z</time>
      </trkpt>
      <trkpt lat="50.731412" lon="17.948696">
        <ele>152.217958</ele>
        <time>2025-08-30T19:17:35.466Z</time>
      </trkpt>
      <trkpt lat="50.731406" lon="17.949133">
        <ele>152.186441</ele>
        <time>2025-08-30T19:17:45.523Z</time>
      </trkpt>
      <trkpt lat="50.731471" lon="17.949490">
        <ele>152.159656</ele>
        <time>2025-08-30T19:17:54.076Z</time>
      </trkpt>
      <trkpt lat="50.731792" lon="17.950274">
        <ele>152.092331</ele>
        <time>2025-08-30T19:18:15.652Z</time>
      </trkpt>
      <trkpt lat="50.731834" lon="17.950458">
        <ele>152.078227</ele>
        <time>2025-08-30T19:18:20.170Z</time>
      </trkpt>
      <trkpt lat="50.732063" lon="17.952797">
        <ele>152.318322</ele>
        <time>2025-08-30T19:19:17.300Z</time>
      </trkpt>
      <trkpt lat="50.732213" lon="17.953870">
        <ele>152.519804</ele>
        <time>2025-08-30T19:19:43.937Z</time>
      </trkpt>
      <trkpt lat="50.732217" lon="17.954111">
        <ele>152.581898</ele>
        <time>2025-08-30T19:19:49.882Z</time>
      </trkpt>
      <trkpt lat="50.732090" lon="17.954463">
        <ele>152.686256</ele>
        <time>2025-08-30T19:20:00.047Z</time>
      </trkpt>
      <trkpt lat="50.731893" lon="17.955010">
        <ele>152.848354</ele>
        <time>2025-08-30T19:20:15.803Z</time>
      </trkpt>
      <trkpt lat="50.731866" lon="17.955158">
        <ele>152.888025</ele>
        <time>2025-08-30T19:20:19.623Z</time>
      </trkpt>
      <trkpt lat="50.731654" lon="17.955750">
        <ele>153.063217</ele>
        <time>2025-08-30T19:20:36.363Z</time>
      </trkpt>
      <trkpt lat="50.731557" lon="17.956243">
        <ele>153.250214</ele>
        <time>2025-08-30T19:20:49.069Z</time>
      </trkpt>
      <trkpt lat="50.731568" lon="17.956423">
        <ele>153.325169</ele>
        <time>2025-08-30T19:20:53.635Z</time>
      </trkpt>
      <trkpt lat="50.731611" lon="17.956619">
        <ele>153.411151</ele>
        <time>2025-08-30T19:20:59.022Z</time>
      </trkpt>
      <trkpt lat="50.731745" lon="17.956945">
        <ele>153.572268</ele>
        <time>2025-08-30T19:21:09.301Z</time>
      </trkpt>
      <trkpt lat="50.731770" lon="17.957060">
        <ele>153.622667</ele>
        <time>2025-08-30T19:21:12.556Z</time>
      </trkpt>
      <trkpt lat="50.731766" lon="17.957147">
        <ele>153.658823</ele>
        <time>2025-08-30T19:21:14.823Z</time>
      </trkpt>
      <trkpt lat="50.731766" lon="17.957147">
        <ele>153.658823</ele>
        <time>2025-08-30T19:21:14.830Z</time>
      </trkpt>
      <trkpt lat="50.731750" lon="17.957272">
        <ele>153.711683</ele>
        <time>2025-08-30T19:21:16.911Z</time>
      </trkpt>
      <trkpt lat="50.731752" lon="17.957273">
        <ele>153.713057</ele>
        <time>2025-08-30T19:21:16.954Z</time>
      </trkpt>
      <trkpt lat="50.731768" lon="17.957277">
        <ele>153.723665</ele>
        <time>2025-08-30T19:21:17.386Z</time>
      </trkpt>
      <trkpt lat="50.732084" lon="17.957367">
        <ele>153.933934</ele>
        <time>2025-08-30T19:21:25.669Z</time>
      </trkpt>
      <trkpt lat="50.732237" lon="17.957456">
        <ele>154.040701</ele>
        <time>2025-08-30T19:21:29.817Z</time>
      </trkpt>
      <trkpt lat="50.733040" lon="17.958123">
        <ele>154.415692</ele>
        <time>2025-08-30T19:21:52.720Z</time>
      </trkpt>
      <trkpt lat="50.733536" lon="17.958534">
        <ele>154.552484</ele>
        <time>2025-08-30T19:22:05.672Z</time>
      </trkpt>
      <trkpt lat="50.733864" lon="17.958737">
        <ele>154.638522</ele>
        <time>2025-08-30T19:22:13.451Z</time>
      </trkpt>
      <trkpt lat="50.734260" lon="17.958844">
        <ele>154.745903</ele>
        <time>2025-08-30T19:22:22.321Z</time>
      </trkpt>
      <trkpt lat="50.735045" lon="17.958891">
        <ele>155.086062</ele>
        <time>2025-08-30T19:22:40.369Z</time>
      </trkpt>
      <trkpt lat="50.735149" lon="17.958871">
        <ele>155.131428</ele>
        <time>2025-08-30T19:22:44.522Z</time>
      </trkpt>
      <trkpt lat="50.735243" lon="17.958848">
        <ele>155.172617</ele>
        <time>2025-08-30T19:22:48.304Z</time>
      </trkpt>
      <trkpt lat="50.735576" lon="17.958870">
        <ele>155.316936</ele>
        <time>2025-08-30T19:23:01.983Z</time>
      </trkpt>
      <trkpt lat="50.735792" lon="17.958915">
        <ele>155.411276</ele>
        <time>2025-08-30T19:23:10.972Z</time>
      </trkpt>
      <trkpt lat="50.735955" lon="17.958974">
        <ele>155.483686</ele>
        <time>2025-08-30T19:23:17.868Z</time>
      </trkpt>
      <trkpt lat="50.736291" lon="17.959175">
        <ele>155.555537</ele>
        <time>2025-08-30T19:23:32.580Z</time>
      </trkpt>
      <trkpt lat="50.736385" lon="17.959238">
        <ele>155.572484</ele>
        <time>2025-08-30T19:23:36.628Z</time>
      </trkpt>
      <trkpt lat="50.736483" lon="17.959336">
        <ele>155.591733</ele>
        <time>2025-08-30T19:23:41.158Z</time>
      </trkpt>
      <trkpt lat="50.736837" lon="17.959545">
        <ele>155.654456</ele>
        <time>2025-08-30T19:23:55.537Z</time>
      </trkpt>
      <trkpt lat="50.737381" lon="17.960031">
        <ele>155.758178</ele>
        <time>2025-08-30T19:24:18.526Z</time>
      </trkpt>
      <trkpt lat="50.738173" lon="17.960765">
        <ele>155.768390</ele>
        <time>2025-08-30T19:24:38.066Z</time>
      </trkpt>
      <trkpt lat="50.739977" lon="17.962434">
        <ele>155.862482</ele>
        <time>2025-08-30T19:25:56.776Z</time>
      </trkpt>
      <trkpt lat="50.739421" lon="17.963507">
        <ele>156.008725</ele>
        <time>2025-08-30T19:26:17.822Z</time>
      </trkpt>
      <trkpt lat="50.739129" lon="17.963907">
        <ele>156.138209</ele>
        <time>2025-08-30T19:26:27.270Z</time>
      </trkpt>
      <trkpt lat="50.739155" lon="17.964093">
        <ele>156.178600</ele>
        <time>2025-08-30T19:26:30.248Z</time>
      </trkpt>
      <trkpt lat="50.739282" lon="17.964383">
        <ele>156.253380</ele>
        <time>2025-08-30T19:26:35.780Z</time>
      </trkpt>
      <trkpt lat="50.739998" lon="17.965466">
        <ele>156.585477</ele>
        <time>2025-08-30T19:27:00.885Z</time>
      </trkpt>
      <trkpt lat="50.740771" lon="17.966929">
        <ele>156.811318</ele>
        <time>2025-08-30T19:27:31.027Z</time>
      </trkpt>
      <trkpt lat="50.741233" lon="17.967426">
        <ele>156.912207</ele>
        <time>2025-08-30T19:27:43.934Z</time>
      </trkpt>
      <trkpt lat="50.741325" lon="17.967460">
        <ele>156.925192</ele>
        <time>2025-08-30T19:27:46.065Z</time>
      </trkpt>
      <trkpt lat="50.741393" lon="17.967424">
        <ele>156.903039</ele>
        <time>2025-08-30T19:27:47.677Z</time>
      </trkpt>
      <trkpt lat="50.741417" lon="17.967412">
        <ele>156.895262</ele>
        <time>2025-08-30T19:27:48.240Z</time>
      </trkpt>
      <trkpt lat="50.742838" lon="17.964934">
        <ele>156.310639</ele>
        <time>2025-08-30T19:28:35.024Z</time>
      </trkpt>
      <trkpt lat="50.742954" lon="17.965133">
        <ele>156.285732</ele>
        <time>2025-08-30T19:28:38.807Z</time>
      </trkpt>
      <trkpt lat="50.743121" lon="17.965294">
        <ele>156.257274</ele>
        <time>2025-08-30T19:28:43.126Z</time>
      </trkpt>
      <trkpt lat="50.743123" lon="17.965417">
        <ele>156.245948</ele>
        <time>2025-08-30T19:28:44.921Z</time>
      </trkpt>
      <trkpt lat="50.743352" lon="17.966341">
        <ele>156.154599</ele>
        <time>2025-08-30T19:28:59.438Z</time>
      </trkpt>
      <trkpt lat="50.743484" lon="17.967234">
        <ele>156.094071</ele>
        <time>2025-08-30T19:29:12.982Z</time>
      </trkpt>
      <trkpt lat="50.743493" lon="17.967302">
        <ele>156.091466</ele>
        <time>2025-08-30T19:29:13.999Z</time>
      </trkpt>
      <trkpt lat="50.743552" lon="17.967733">
        <ele>156.074935</ele>
        <time>2025-08-30T19:29:24.255Z</time>
      </trkpt>
      <trkpt lat="50.743654" lon="17.968868">
        <ele>156.031960</ele>
        <time>2025-08-30T19:29:50.575Z</time>
      </trkpt>
      <trkpt lat="50.743710" lon="17.969414">
        <ele>156.011224</ele>
        <time>2025-08-30T19:30:03.473Z</time>
      </trkpt>
      <trkpt lat="50.743754" lon="17.969636">
        <ele>156.013817</ele>
        <time>2025-08-30T19:30:09.050Z</time>
      </trkpt>
      <trkpt lat="50.743898" lon="17.970071">
        <ele>156.141601</ele>
        <time>2025-08-30T19:30:20.926Z</time>
      </trkpt>
      <trkpt lat="50.744031" lon="17.970318">
        <ele>156.226018</ele>
        <time>2025-08-30T19:30:28.851Z</time>
      </trkpt>
      <trkpt lat="50.744960" lon="17.971473">
        <ele>156.712231</ele>
        <time>2025-08-30T19:31:16.603Z</time>
      </trkpt>
      <trkpt lat="50.745026" lon="17.971737">
        <ele>156.694497</ele>
        <time>2025-08-30T19:31:23.602Z</time>
      </trkpt>
      <trkpt lat="50.745144" lon="17.972797">
        <ele>156.368448</ele>
        <time>2025-08-30T19:31:48.471Z</time>
      </trkpt>
      <trkpt lat="50.745149" lon="17.973126">
        <ele>156.268751</ele>
        <time>2025-08-30T19:31:55.754Z</time>
      </trkpt>
      <trkpt lat="50.745127" lon="17.973289">
        <ele>156.218261</ele>
        <time>2025-08-30T19:31:59.446Z</time>
      </trkpt>
      <trkpt lat="50.745030" lon="17.973596">
        <ele>156.114309</ele>
        <time>2025-08-30T19:32:06.944Z</time>
      </trkpt>
      <trkpt lat="50.744906" lon="17.973878">
        <ele>156.010277</ele>
        <time>2025-08-30T19:32:14.434Z</time>
      </trkpt>
      <trkpt lat="50.744839" lon="17.974321">
        <ele>155.876747</ele>
        <time>2025-08-30T19:32:24.208Z</time>
      </trkpt>
      <trkpt lat="50.744878" lon="17.975902">
        <ele>155.603169</ele>
        <time>2025-08-30T19:32:59.564Z</time>
      </trkpt>
      <trkpt lat="50.744915" lon="17.976106">
        <ele>155.566475</ele>
        <time>2025-08-30T19:33:04.555Z</time>
      </trkpt>
      <trkpt lat="50.745085" lon="17.976715">
        <ele>155.451382</ele>
        <time>2025-08-30T19:33:20.724Z</time>
      </trkpt>
      <trkpt lat="50.745261" lon="17.977718">
        <ele>155.578285</ele>
        <time>2025-08-30T19:33:47.068Z</time>
      </trkpt>
      <trkpt lat="50.745570" lon="17.978828">
        <ele>155.905855</ele>
        <time>2025-08-30T19:34:17.994Z</time>
      </trkpt>
      <trkpt lat="50.745599" lon="17.979086">
        <ele>155.976638</ele>
        <time>2025-08-30T19:34:24.502Z</time>
      </trkpt>
      <trkpt lat="50.745558" lon="17.979322">
        <ele>156.042746</ele>
        <time>2025-08-30T19:34:30.498Z</time>
      </trkpt>
      <trkpt lat="50.745444" lon="17.979703">
        <ele>156.156588</ele>
        <time>2025-08-30T19:34:40.582Z</time>
      </trkpt>
      <trkpt lat="50.745315" lon="17.979899">
        <ele>156.096719</ele>
        <time>2025-08-30T19:34:47.196Z</time>
      </trkpt>
      <trkpt lat="50.745047" lon="17.980017">
        <ele>155.996722</ele>
        <time>2025-08-30T19:34:57.365Z</time>
      </trkpt>
      <trkpt lat="50.744646" lon="17.979974">
        <ele>155.852258</ele>
        <time>2025-08-30T19:35:11.771Z</time>
      </trkpt>
      <trkpt lat="50.744586" lon="17.980059">
        <ele>155.823295</ele>
        <time>2025-08-30T19:35:14.659Z</time>
      </trkpt>
      <trkpt lat="50.744562" lon="17.980159">
        <ele>155.798970</ele>
        <time>2025-08-30T19:35:17.037Z</time>
      </trkpt>
      <trkpt lat="50.744447" lon="17.981559">
        <ele>155.499035</ele>
        <time>2025-08-30T19:35:48.636Z</time>
      </trkpt>
      <trkpt lat="50.744258" lon="17.982723">
        <ele>155.392664</ele>
        <time>2025-08-30T19:36:15.966Z</time>
      </trkpt>
      <trkpt lat="50.744168" lon="17.983426">
        <ele>155.329177</ele>
        <time>2025-08-30T19:36:32.647Z</time>
      </trkpt>
      <trkpt lat="50.744061" lon="17.985452">
        <ele>155.709910</ele>
        <time>2025-08-30T19:37:23.025Z</time>
      </trkpt>
      <trkpt lat="50.744061" lon="17.986216">
        <ele>155.981763</ele>
        <time>2025-08-30T19:37:42.994Z</time>
      </trkpt>
      <trkpt lat="50.744000" lon="17.986628">
        <ele>156.132324</ele>
        <time>2025-08-30T19:37:53.896Z</time>
      </trkpt>
      <trkpt lat="50.743817" lon="17.987328">
        <ele>156.336606</ele>
        <time>2025-08-30T19:38:13.019Z</time>
      </trkpt>
      <trkpt lat="50.743756" lon="17.987755">
        <ele>156.413923</ele>
        <time>2025-08-30T19:38:23.572Z</time>
      </trkpt>
      <trkpt lat="50.743800" lon="17.988318">
        <ele>156.514118</ele>
        <time>2025-08-30T19:38:37.148Z</time>
      </trkpt>
      <trkpt lat="50.743983" lon="17.989131">
        <ele>156.666528</ele>
        <time>2025-08-30T19:38:57.938Z</time>
      </trkpt>
      <trkpt lat="50.744018" lon="17.989406">
        <ele>156.716072</ele>
        <time>2025-08-30T19:39:04.641Z</time>
      </trkpt>
      <trkpt lat="50.744560" lon="17.989218">
        <ele>156.915217</ele>
        <time>2025-08-30T19:39:17.631Z</time>
      </trkpt>
      <trkpt lat="50.744677" lon="17.989249">
        <ele>156.963504</ele>
        <time>2025-08-30T19:39:20.436Z</time>
      </trkpt>
      <trkpt lat="50.744742" lon="17.989372">
        <ele>157.004777</ele>
        <time>2025-08-30T19:39:22.859Z</time>
      </trkpt>
      <trkpt lat="50.745429" lon="17.991533">
        <ele>157.802751</ele>
        <time>2025-08-30T19:40:00.606Z</time>
      </trkpt>
      <trkpt lat="50.745708" lon="17.992107">
        <ele>158.258522</ele>
        <time>2025-08-30T19:40:12.653Z</time>
      </trkpt>
      <trkpt lat="50.745973" lon="17.992568">
        <ele>158.650708</ele>
        <time>2025-08-30T19:40:23.545Z</time>
      </trkpt>
      <trkpt lat="50.746460" lon="17.993100">
        <ele>159.239850</ele>
        <time>2025-08-30T19:40:40.623Z</time>
      </trkpt>
      <trkpt lat="50.747075" lon="17.993633">
        <ele>159.841646</ele>
        <time>2025-08-30T19:41:00.867Z</time>
      </trkpt>
      <trkpt lat="50.747322" lon="17.993776">
        <ele>160.064163</ele>
        <time>2025-08-30T19:41:08.386Z</time>
      </trkpt>
      <trkpt lat="50.748430" lon="17.994043">
        <ele>160.608862</ele>
        <time>2025-08-30T19:41:36.482Z</time>
      </trkpt>
      <trkpt lat="50.748601" lon="17.994053">
        <ele>160.453269</ele>
        <time>2025-08-30T19:41:40.067Z</time>
      </trkpt>
      <trkpt lat="50.748602" lon="17.994269">
        <ele>160.328995</ele>
        <time>2025-08-30T19:41:44.858Z</time>
      </trkpt>
      <trkpt lat="50.748648" lon="17.994607">
        <ele>160.130089</ele>
        <time>2025-08-30T19:41:52.394Z</time>
      </trkpt>
      <trkpt lat="50.748534" lon="17.995020">
        <ele>159.870853</ele>
        <time>2025-08-30T19:42:01.932Z</time>
      </trkpt>
      <trkpt lat="50.748120" lon="17.995363">
        <ele>159.445823</ele>
        <time>2025-08-30T19:42:17.374Z</time>
      </trkpt>
      <trkpt lat="50.748045" lon="17.995824">
        <ele>159.177792</ele>
        <time>2025-08-30T19:42:27.359Z</time>
      </trkpt>
      <trkpt lat="50.748154" lon="17.996307">
        <ele>159.047879</ele>
        <time>2025-08-30T19:42:38.250Z</time>
      </trkpt>
      <trkpt lat="50.746993" lon="18.002144">
        <ele>158.663051</ele>
        <time>2025-08-30T19:45:01.503Z</time>
      </trkpt>
      <trkpt lat="50.746891" lon="18.002841">
        <ele>158.834655</ele>
        <time>2025-08-30T19:45:19.394Z</time>
      </trkpt>
      <trkpt lat="50.746716" lon="18.003620">
        <ele>159.032944</ele>
        <time>2025-08-30T19:45:40.456Z</time>
      </trkpt>
      <trkpt lat="50.746696" lon="18.003862">
        <ele>159.091486</ele>
        <time>2025-08-30T19:45:46.737Z</time>
      </trkpt>
      <trkpt lat="50.746712" lon="18.004094">
        <ele>159.113775</ele>
        <time>2025-08-30T19:45:52.696Z</time>
      </trkpt>
      <trkpt lat="50.746847" lon="18.005063">
        <ele>159.114830</ele>
        <time>2025-08-30T19:46:17.211Z</time>
      </trkpt>
      <trkpt lat="50.746911" lon="18.005448">
        <ele>159.115254</ele>
        <time>2025-08-30T19:46:26.668Z</time>
      </trkpt>
      <trkpt lat="50.747093" lon="18.007005">
        <ele>159.012661</ele>
        <time>2025-08-30T19:47:02.599Z</time>
      </trkpt>
      <trkpt lat="50.747346" lon="18.009074">
        <ele>158.207359</ele>
        <time>2025-08-30T19:47:49.392Z</time>
      </trkpt>
      <trkpt lat="50.747424" lon="18.009772">
        <ele>157.998870</ele>
        <time>2025-08-30T19:48:05.419Z</time>
      </trkpt>
      <trkpt lat="50.747639" lon="18.011630">
        <ele>157.756840</ele>
        <time>2025-08-30T19:48:48.874Z</time>
      </trkpt>
      <trkpt lat="50.748231" lon="18.016146">
        <ele>158.175454</ele>
        <time>2025-08-30T19:50:38.652Z</time>
      </trkpt>
      <trkpt lat="50.748240" lon="18.016347">
        <ele>158.239423</ele>
        <time>2025-08-30T19:50:43.786Z</time>
      </trkpt>
      <trkpt lat="50.748223" lon="18.016520">
        <ele>158.295003</ele>
        <time>2025-08-30T19:50:48.255Z</time>
      </trkpt>
      <trkpt lat="50.748002" lon="18.017029">
        <ele>158.490977</ele>
        <time>2025-08-30T19:51:04.249Z</time>
      </trkpt>
      <trkpt lat="50.747970" lon="18.017331">
        <ele>158.588187</ele>
        <time>2025-08-30T19:51:12.290Z</time>
      </trkpt>
      <trkpt lat="50.747931" lon="18.018080">
        <ele>158.806207</ele>
        <time>2025-08-30T19:51:32.017Z</time>
      </trkpt>
      <trkpt lat="50.747841" lon="18.018971">
        <ele>159.023920</ele>
        <time>2025-08-30T19:51:55.191Z</time>
      </trkpt>
      <trkpt lat="50.749004" lon="18.019954">
        <ele>159.408945</ele>
        <time>2025-08-30T19:52:25.326Z</time>
      </trkpt>
      <trkpt lat="50.749030" lon="18.022161">
        <ele>159.312822</ele>
        <time>2025-08-30T19:52:57.049Z</time>
      </trkpt>
      <trkpt lat="50.749017" lon="18.022781">
        <ele>159.317543</ele>
        <time>2025-08-30T19:53:06.036Z</time>
      </trkpt>
      <trkpt lat="50.748893" lon="18.023670">
        <ele>159.350303</ele>
        <time>2025-08-30T19:53:19.235Z</time>
      </trkpt>
      <trkpt lat="50.748569" lon="18.024692">
        <ele>159.391439</ele>
        <time>2025-08-30T19:53:36.680Z</time>
      </trkpt>
      <trkpt lat="50.748505" lon="18.025111">
        <ele>159.410728</ele>
        <time>2025-08-30T19:53:43.321Z</time>
      </trkpt>
      <trkpt lat="50.748504" lon="18.025469">
        <ele>159.456769</ele>
        <time>2025-08-30T19:53:48.847Z</time>
      </trkpt>
      <trkpt lat="50.748582" lon="18.028606">
        <ele>159.702118</ele>
        <time>2025-08-30T19:54:37.021Z</time>
      </trkpt>
      <trkpt lat="50.748544" lon="18.028899">
        <ele>159.672471</ele>
        <time>2025-08-30T19:54:41.151Z</time>
      </trkpt>
      <trkpt lat="50.748197" lon="18.030355">
        <ele>159.518244</ele>
        <time>2025-08-30T19:55:02.918Z</time>
      </trkpt>
      <trkpt lat="50.748012" lon="18.031965">
        <ele>159.581176</ele>
        <time>2025-08-30T19:55:27.520Z</time>
      </trkpt>
      <trkpt lat="50.748024" lon="18.034322">
        <ele>159.666986</ele>
        <time>2025-08-30T19:56:03.437Z</time>
      </trkpt>
      <trkpt lat="50.748053" lon="18.035344">
        <ele>159.647150</ele>
        <time>2025-08-30T19:56:18.363Z</time>
      </trkpt>
      <trkpt lat="50.748002" lon="18.035576">
        <ele>159.642388</ele>
        <time>2025-08-30T19:56:21.914Z</time>
      </trkpt>
      <trkpt lat="50.747921" lon="18.035733">
        <ele>159.638460</ele>
        <time>2025-08-30T19:56:24.845Z</time>
      </trkpt>
      <trkpt lat="50.747807" lon="18.035841">
        <ele>159.634387</ele>
        <time>2025-08-30T19:56:27.835Z</time>
      </trkpt>
      <trkpt lat="50.747464" lon="18.035991">
        <ele>159.560422</ele>
        <time>2025-08-30T19:56:35.755Z</time>
      </trkpt>
      <trkpt lat="50.746933" lon="18.036122">
        <ele>159.337632</ele>
        <time>2025-08-30T19:56:47.603Z</time>
      </trkpt>
      <trkpt lat="50.746716" lon="18.036286">
        <ele>159.237918</ele>
        <time>2025-08-30T19:56:52.832Z</time>
      </trkpt>
      <trkpt lat="50.746144" lon="18.037064">
        <ele>158.925073</ele>
        <time>2025-08-30T19:57:09.177Z</time>
      </trkpt>
      <trkpt lat="50.745996" lon="18.037408">
        <ele>159.001871</ele>
        <time>2025-08-30T19:57:14.957Z</time>
      </trkpt>
      <trkpt lat="50.745972" lon="18.037692">
        <ele>159.135458</ele>
        <time>2025-08-30T19:57:19.037Z</time>
      </trkpt>
      <trkpt lat="50.745974" lon="18.038248">
        <ele>159.394691</ele>
        <time>2025-08-30T19:57:27.461Z</time>
      </trkpt>
      <trkpt lat="50.745976" lon="18.039285">
        <ele>159.878182</ele>
        <time>2025-08-30T19:57:46.407Z</time>
      </trkpt>
      <trkpt lat="50.745954" lon="18.039551">
        <ele>160.003256</ele>
        <time>2025-08-30T19:57:51.614Z</time>
      </trkpt>
      <trkpt lat="50.745922" lon="18.039696">
        <ele>160.074855</ele>
        <time>2025-08-30T19:57:55.898Z</time>
      </trkpt>
      <trkpt lat="50.746148" lon="18.040095">
        <ele>160.367775</ele>
        <time>2025-08-30T19:58:11.249Z</time>
      </trkpt>
      <trkpt lat="50.746092" lon="18.040287">
        <ele>160.502987</ele>
        <time>2025-08-30T19:58:17.345Z</time>
      </trkpt>
      <trkpt lat="50.746031" lon="18.040391">
        <ele>160.593681</ele>
        <time>2025-08-30T19:58:21.438Z</time>
      </trkpt>
      <trkpt lat="50.745966" lon="18.040476">
        <ele>160.678955</ele>
        <time>2025-08-30T19:58:25.330Z</time>
      </trkpt>
      <trkpt lat="50.746124" lon="18.040817">
        <ele>160.949262</ele>
        <time>2025-08-30T19:58:37.379Z</time>
      </trkpt>
      <trkpt lat="50.746249" lon="18.041221">
        <ele>161.236877</ele>
        <time>2025-08-30T19:58:50.027Z</time>
      </trkpt>
      <trkpt lat="50.746623" lon="18.041326">
        <ele>161.620814</ele>
        <time>2025-08-30T19:59:05.680Z</time>
      </trkpt>
      <trkpt lat="50.747085" lon="18.041308">
        <ele>161.999825</ele>
        <time>2025-08-30T19:59:23.173Z</time>
      </trkpt>
      <trkpt lat="50.747467" lon="18.041246">
        <ele>161.834323</ele>
        <time>2025-08-30T19:59:37.016Z</time>
      </trkpt>
      <trkpt lat="50.747743" lon="18.042985">
        <ele>161.345406</ele>
        <time>2025-08-30T20:00:16.984Z</time>
      </trkpt>
      <trkpt lat="50.747738" lon="18.043112">
        <ele>161.310706</ele>
        <time>2025-08-30T20:00:19.855Z</time>
      </trkpt>
      <trkpt lat="50.747702" lon="18.043212">
        <ele>161.279332</ele>
        <time>2025-08-30T20:00:22.437Z</time>
      </trkpt>
      <trkpt lat="50.747558" lon="18.043459">
        <ele>161.239157</ele>
        <time>2025-08-30T20:00:30.087Z</time>
      </trkpt>
      <trkpt lat="50.747392" lon="18.043917">
        <ele>161.212261</ele>
        <time>2025-08-30T20:00:42.264Z</time>
      </trkpt>
      <trkpt lat="50.747341" lon="18.044337">
        <ele>161.190469</ele>
        <time>2025-08-30T20:00:52.277Z</time>
      </trkpt>
      <trkpt lat="50.747287" lon="18.046158">
        <ele>161.152816</ele>
        <time>2025-08-30T20:01:35.468Z</time>
      </trkpt>
      <trkpt lat="50.747312" lon="18.047150">
        <ele>161.429206</ele>
        <time>2025-08-30T20:01:59.084Z</time>
      </trkpt>
      <trkpt lat="50.747499" lon="18.048033">
        <ele>161.688434</ele>
        <time>2025-08-30T20:02:22.232Z</time>
      </trkpt>
      <trkpt lat="50.747874" lon="18.049886">
        <ele>162.361682</ele>
        <time>2025-08-30T20:02:55.739Z</time>
      </trkpt>
      <trkpt lat="50.747912" lon="18.049972">
        <ele>162.402444</ele>
        <time>2025-08-30T20:02:57.551Z</time>
      </trkpt>
      <trkpt lat="50.748060" lon="18.050097">
        <ele>162.505504</ele>
        <time>2025-08-30T20:03:02.028Z</time>
      </trkpt>
      <trkpt lat="50.747944" lon="18.050216">
        <ele>162.590438</ele>
        <time>2025-08-30T20:03:05.677Z</time>
      </trkpt>
      <trkpt lat="50.747893" lon="18.050505">
        <ele>162.707029</ele>
        <time>2025-08-30T20:03:10.609Z</time>
      </trkpt>
      <trkpt lat="50.747960" lon="18.051083">
        <ele>162.935376</ele>
        <time>2025-08-30T20:03:20.105Z</time>
      </trkpt>
      <trkpt lat="50.748026" lon="18.051959">
        <ele>163.099869</ele>
        <time>2025-08-30T20:03:34.006Z</time>
      </trkpt>
      <trkpt lat="50.747916" lon="18.052458">
        <ele>163.172561</ele>
        <time>2025-08-30T20:03:42.247Z</time>
      </trkpt>
      <trkpt lat="50.747810" lon="18.053107">
        <ele>163.264768</ele>
        <time>2025-08-30T20:03:58.334Z</time>
      </trkpt>
      <trkpt lat="50.747652" lon="18.053649">
        <ele>163.346862</ele>
        <time>2025-08-30T20:04:12.552Z</time>
      </trkpt>
      <trkpt lat="50.747479" lon="18.054417">
        <ele>163.348760</ele>
        <time>2025-08-30T20:04:31.709Z</time>
      </trkpt>
      <trkpt lat="50.747175" lon="18.055117">
        <ele>163.269887</ele>
        <time>2025-08-30T20:04:51.417Z</time>
      </trkpt>
      <trkpt lat="50.747060" lon="18.055332">
        <ele>163.243733</ele>
        <time>2025-08-30T20:04:57.879Z</time>
      </trkpt>
      <trkpt lat="50.746900" lon="18.055560">
        <ele>163.212103</ele>
        <time>2025-08-30T20:05:05.720Z</time>
      </trkpt>
      <trkpt lat="50.746790" lon="18.055816">
        <ele>163.183355</ele>
        <time>2025-08-30T20:05:12.859Z</time>
      </trkpt>
      <trkpt lat="50.746734" lon="18.056152">
        <ele>163.151076</ele>
        <time>2025-08-30T20:05:20.858Z</time>
      </trkpt>
      <trkpt lat="50.746574" lon="18.058127">
        <ele>162.813519</ele>
        <time>2025-08-30T20:06:06.465Z</time>
      </trkpt>
      <trkpt lat="50.746499" lon="18.058438">
        <ele>162.753661</ele>
        <time>2025-08-30T20:06:14.051Z</time>
      </trkpt>
      <trkpt lat="50.746311" lon="18.059023">
        <ele>162.635656</ele>
        <time>2025-08-30T20:06:29.166Z</time>
      </trkpt>
      <trkpt lat="50.746033" lon="18.059745">
        <ele>162.594586</ele>
        <time>2025-08-30T20:06:48.792Z</time>
      </trkpt>
      <trkpt lat="50.745245" lon="18.061711">
        <ele>162.600866</ele>
        <time>2025-08-30T20:07:43.348Z</time>
      </trkpt>
      <trkpt lat="50.744901" lon="18.062458">
        <ele>162.887621</ele>
        <time>2025-08-30T20:08:05.371Z</time>
      </trkpt>
      <trkpt lat="50.744827" lon="18.062791">
        <ele>162.997166</ele>
        <time>2025-08-30T20:08:13.977Z</time>
      </trkpt>
      <trkpt lat="50.744690" lon="18.063215">
        <ele>163.144933</ele>
        <time>2025-08-30T20:08:25.787Z</time>
      </trkpt>
      <trkpt lat="50.743955" lon="18.066226">
        <ele>164.979680</ele>
        <time>2025-08-30T20:09:52.563Z</time>
      </trkpt>
      <trkpt lat="50.743805" lon="18.066758">
        <ele>165.331787</ele>
        <time>2025-08-30T20:10:08.356Z</time>
      </trkpt>
      <trkpt lat="50.743717" lon="18.066979">
        <ele>165.424239</ele>
        <time>2025-08-30T20:10:15.349Z</time>
      </trkpt>
      <trkpt lat="50.743218" lon="18.067970">
        <ele>165.872654</ele>
        <time>2025-08-30T20:10:48.160Z</time>
      </trkpt>
      <trkpt lat="50.742339" lon="18.069882">
        <ele>166.498337</ele>
        <time>2025-08-30T20:11:44.500Z</time>
      </trkpt>
      <trkpt lat="50.741814" lon="18.070933">
        <ele>166.728188</ele>
        <time>2025-08-30T20:12:16.892Z</time>
      </trkpt>
      <trkpt lat="50.741641" lon="18.071630">
        <ele>166.908757</ele>
        <time>2025-08-30T20:12:35.903Z</time>
      </trkpt>
      <trkpt lat="50.741249" lon="18.073592">
        <ele>167.527902</ele>
        <time>2025-08-30T20:13:28.321Z</time>
      </trkpt>
      <trkpt lat="50.741214" lon="18.074126">
        <ele>167.621681</ele>
        <time>2025-08-30T20:13:41.100Z</time>
      </trkpt>
      <trkpt lat="50.741207" lon="18.076398">
        <ele>167.309957</ele>
        <time>2025-08-30T20:14:33.538Z</time>
      </trkpt>
      <trkpt lat="50.741199" lon="18.076523">
        <ele>167.292719</ele>
        <time>2025-08-30T20:14:36.368Z</time>
      </trkpt>
      <trkpt lat="50.741033" lon="18.076967">
        <ele>167.203836</ele>
        <time>2025-08-30T20:14:47.795Z</time>
      </trkpt>
      <trkpt lat="50.740834" lon="18.077355">
        <ele>167.095216</ele>
        <time>2025-08-30T20:14:58.896Z</time>
      </trkpt>
      <trkpt lat="50.740448" lon="18.077126">
        <ele>166.953517</ele>
        <time>2025-08-30T20:15:07.770Z</time>
      </trkpt>
      <trkpt lat="50.740367" lon="18.077140">
        <ele>166.925513</ele>
        <time>2025-08-30T20:15:09.497Z</time>
      </trkpt>
      <trkpt lat="50.740379" lon="18.077224">
        <ele>166.906784</ele>
        <time>2025-08-30T20:15:13.264Z</time>
      </trkpt>
      <trkpt lat="50.740314" lon="18.077364">
        <ele>166.869020</ele>
        <time>2025-08-30T20:15:15.504Z</time>
      </trkpt>
      <trkpt lat="50.740293" lon="18.080883">
        <ele>166.994659</ele>
        <time>2025-08-30T20:16:07.013Z</time>
      </trkpt>
      <trkpt lat="50.740342" lon="18.081963">
        <ele>167.222933</ele>
        <time>2025-08-30T20:16:23.650Z</time>
      </trkpt>
      <trkpt lat="50.740399" lon="18.082180">
        <ele>167.281203</ele>
        <time>2025-08-30T20:16:27.529Z</time>
      </trkpt>
      <trkpt lat="50.740343" lon="18.082213">
        <ele>167.304625</ele>
        <time>2025-08-30T20:16:31.716Z</time>
      </trkpt>
      <trkpt lat="50.740379" lon="18.082382">
        <ele>167.348849</ele>
        <time>2025-08-30T20:16:34.665Z</time>
      </trkpt>
      <trkpt lat="50.740318" lon="18.082421">
        <ele>167.374637</ele>
        <time>2025-08-30T20:16:36.331Z</time>
      </trkpt>
      <trkpt lat="50.740245" lon="18.082509">
        <ele>167.410620</ele>
        <time>2025-08-30T20:16:38.689Z</time>
      </trkpt>
      <trkpt lat="50.740245" lon="18.082733">
        <ele>167.466174</ele>
        <time>2025-08-30T20:16:42.242Z</time>
      </trkpt>
      <trkpt lat="50.740350" lon="18.083199">
        <ele>167.588852</ele>
        <time>2025-08-30T20:16:49.790Z</time>
      </trkpt>
      <trkpt lat="50.740505" lon="18.083528">
        <ele>167.690574</ele>
        <time>2025-08-30T20:16:55.848Z</time>
      </trkpt>
      <trkpt lat="50.740633" lon="18.083787">
        <ele>167.779135</ele>
        <time>2025-08-30T20:17:01.876Z</time>
      </trkpt>
      <trkpt lat="50.740779" lon="18.084568">
        <ele>168.085972</ele>
        <time>2025-08-30T20:17:13.618Z</time>
      </trkpt>
      <trkpt lat="50.740915" lon="18.085743">
        <ele>168.536033</ele>
        <time>2025-08-30T20:17:31.890Z</time>
      </trkpt>
      <trkpt lat="50.741326" lon="18.088864">
        <ele>170.981792</ele>
        <time>2025-08-30T20:18:30.739Z</time>
      </trkpt>
      <trkpt lat="50.741512" lon="18.090280">
        <ele>172.239403</ele>
        <time>2025-08-30T20:18:58.388Z</time>
      </trkpt>
      <trkpt lat="50.741978" lon="18.093435">
        <ele>174.323765</ele>
        <time>2025-08-30T20:19:56.640Z</time>
      </trkpt>
      <trkpt lat="50.742117" lon="18.094496">
        <ele>174.717301</ele>
        <time>2025-08-30T20:20:13.311Z</time>
      </trkpt>
      <trkpt lat="50.742120" lon="18.094706">
        <ele>174.793595</ele>
        <time>2025-08-30T20:20:16.123Z</time>
      </trkpt>
      <trkpt lat="50.741928" lon="18.094703">
        <ele>174.711027</ele>
        <time>2025-08-30T20:20:22.909Z</time>
      </trkpt>
      <trkpt lat="50.741739" lon="18.094491">
        <ele>174.417341</ele>
        <time>2025-08-30T20:20:30.913Z</time>
      </trkpt>
      <trkpt lat="50.741536" lon="18.094377">
        <ele>174.144356</ele>
        <time>2025-08-30T20:20:38.293Z</time>
      </trkpt>
      <trkpt lat="50.741495" lon="18.094375">
        <ele>174.092379</ele>
        <time>2025-08-30T20:20:39.667Z</time>
      </trkpt>
      <trkpt lat="50.741238" lon="18.094368">
        <ele>173.766680</ele>
        <time>2025-08-30T20:20:48.317Z</time>
      </trkpt>
      <trkpt lat="50.741014" lon="18.094316">
        <ele>173.479798</ele>
        <time>2025-08-30T20:20:55.847Z</time>
      </trkpt>
      <trkpt lat="50.739783" lon="18.093106">
        <ele>171.876552</ele>
        <time>2025-08-30T20:21:24.532Z</time>
      </trkpt>
      <trkpt lat="50.737211" lon="18.090683">
        <ele>170.224387</ele>
        <time>2025-08-30T20:22:29.791Z</time>
      </trkpt>
      <trkpt lat="50.737107" lon="18.090585">
        <ele>170.243940</ele>
        <time>2025-08-30T20:22:33.228Z</time>
      </trkpt>
      <trkpt lat="50.736687" lon="18.090188">
        <ele>170.322965</ele>
        <time>2025-08-30T20:22:47.047Z</time>
      </trkpt>
      <trkpt lat="50.736422" lon="18.089946">
        <ele>170.372386</ele>
        <time>2025-08-30T20:22:55.194Z</time>
      </trkpt>
      <trkpt lat="50.735568" lon="18.089028">
        <ele>170.326762</ele>
        <time>2025-08-30T20:23:33.233Z</time>
      </trkpt>
      <trkpt lat="50.735485" lon="18.088828">
        <ele>170.234475</ele>
        <time>2025-08-30T20:23:38.304Z</time>
      </trkpt>
      <trkpt lat="50.735496" lon="18.088668">
        <ele>170.172372</ele>
        <time>2025-08-30T20:23:41.712Z</time>
      </trkpt>
      <trkpt lat="50.735530" lon="18.088611">
        <ele>170.142148</ele>
        <time>2025-08-30T20:23:43.367Z</time>
      </trkpt>
      <trkpt lat="50.735689" lon="18.088636">
        <ele>170.044728</ele>
        <time>2025-08-30T20:23:48.771Z</time>
      </trkpt>
      <trkpt lat="50.735963" lon="18.088560">
        <ele>169.875117</ele>
        <time>2025-08-30T20:23:58.295Z</time>
      </trkpt>
      <trkpt lat="50.736145" lon="18.088356">
        <ele>169.739068</ele>
        <time>2025-08-30T20:24:06.115Z</time>
      </trkpt>
      <trkpt lat="50.736230" lon="18.088204">
        <ele>169.660800</ele>
        <time>2025-08-30T20:24:10.702Z</time>
      </trkpt>
      <trkpt lat="50.736282" lon="18.088028">
        <ele>169.585851</ele>
        <time>2025-08-30T20:24:15.088Z</time>
      </trkpt>
      <trkpt lat="50.736450" lon="18.087714">
        <ele>169.427195</ele>
        <time>2025-08-30T20:24:24.776Z</time>
      </trkpt>
      <trkpt lat="50.736550" lon="18.087617">
        <ele>169.375362</ele>
        <time>2025-08-30T20:24:29.092Z</time>
      </trkpt>
      <trkpt lat="50.736599" lon="18.087369">
        <ele>169.321691</ele>
        <time>2025-08-30T20:24:35.138Z</time>
      </trkpt>
      <trkpt lat="50.736632" lon="18.087251">
        <ele>169.295041</ele>
        <time>2025-08-30T20:24:38.124Z</time>
      </trkpt>
      <trkpt lat="50.736691" lon="18.087172">
        <ele>169.269798</ele>
        <time>2025-08-30T20:24:40.923Z</time>
      </trkpt>
      <trkpt lat="50.736715" lon="18.087027">
        <ele>169.238837</ele>
        <time>2025-08-30T20:24:44.360Z</time>
      </trkpt>
      <trkpt lat="50.736876" lon="18.086991">
        <ele>169.185761</ele>
        <time>2025-08-30T20:24:50.213Z</time>
      </trkpt>
      <trkpt lat="50.736895" lon="18.086716">
        <ele>169.128614</ele>
        <time>2025-08-30T20:24:56.480Z</time>
      </trkpt>
      <trkpt lat="50.736955" lon="18.086439">
        <ele>169.068133</ele>
        <time>2025-08-30T20:25:03.104Z</time>
      </trkpt>
      <trkpt lat="50.736981" lon="18.085935">
        <ele>168.963672</ele>
        <time>2025-08-30T20:25:14.527Z</time>
      </trkpt>
      <trkpt lat="50.737024" lon="18.085767">
        <ele>168.926236</ele>
        <time>2025-08-30T20:25:18.638Z</time>
      </trkpt>
      <trkpt lat="50.737028" lon="18.085250">
        <ele>168.819427</ele>
        <time>2025-08-30T20:25:30.443Z</time>
      </trkpt>
      <trkpt lat="50.737050" lon="18.085072">
        <ele>168.794522</ele>
        <time>2025-08-30T20:25:34.609Z</time>
      </trkpt>
      <trkpt lat="50.737222" lon="18.084514">
        <ele>168.721810</ele>
        <time>2025-08-30T20:25:49.023Z</time>
      </trkpt>
      <trkpt lat="50.737247" lon="18.084338">
        <ele>168.700679</ele>
        <time>2025-08-30T20:25:53.284Z</time>
      </trkpt>
      <trkpt lat="50.737324" lon="18.084065">
        <ele>168.665664</ele>
        <time>2025-08-30T20:26:00.405Z</time>
      </trkpt>
      <trkpt lat="50.737472" lon="18.083731">
        <ele>168.617898</ele>
        <time>2025-08-30T20:26:10.152Z</time>
      </trkpt>
      <trkpt lat="50.737568" lon="18.083299">
        <ele>168.564260</ele>
        <time>2025-08-30T20:26:20.991Z</time>
      </trkpt>
      <trkpt lat="50.737783" lon="18.083278">
        <ele>168.524385</ele>
        <time>2025-08-30T20:26:28.891Z</time>
      </trkpt>
      <trkpt lat="50.737883" lon="18.083225">
        <ele>168.504861</ele>
        <time>2025-08-30T20:26:32.730Z</time>
      </trkpt>
      <trkpt lat="50.738019" lon="18.083092">
        <ele>168.460933</ele>
        <time>2025-08-30T20:26:38.502Z</time>
      </trkpt>
      <trkpt lat="50.738142" lon="18.082857">
        <ele>168.240975</ele>
        <time>2025-08-30T20:26:45.318Z</time>
      </trkpt>
      <trkpt lat="50.738169" lon="18.082774">
        <ele>168.173664</ele>
        <time>2025-08-30T20:26:47.387Z</time>
      </trkpt>
      <trkpt lat="50.738164" lon="18.082631">
        <ele>168.070364</ele>
        <time>2025-08-30T20:26:50.528Z</time>
      </trkpt>
      <trkpt lat="50.738261" lon="18.082264">
        <ele>167.783499</ele>
        <time>2025-08-30T20:26:59.121Z</time>
      </trkpt>
      <trkpt lat="50.738396" lon="18.081921">
        <ele>167.492161</ele>
        <time>2025-08-30T20:27:07.682Z</time>
      </trkpt>
      <trkpt lat="50.738434" lon="18.081747">
        <ele>167.359397</ele>
        <time>2025-08-30T20:27:11.550Z</time>
      </trkpt>
      <trkpt lat="50.738494" lon="18.081468">
        <ele>167.146861</ele>
        <time>2025-08-30T20:27:17.707Z</time>
      </trkpt>
      <trkpt lat="50.738667" lon="18.080907">
        <ele>166.696747</ele>
        <time>2025-08-30T20:27:30.820Z</time>
      </trkpt>
      <trkpt lat="50.738651" lon="18.080859">
        <ele>166.657618</ele>
        <time>2025-08-30T20:27:31.972Z</time>
      </trkpt>
      <trkpt lat="50.737989" lon="18.080475">
        <ele>166.322034</ele>
        <time>2025-08-30T20:27:56.243Z</time>
      </trkpt>
      <trkpt lat="50.737354" lon="18.080179">
        <ele>166.182632</ele>
        <time>2025-08-30T20:28:20.485Z</time>
      </trkpt>
      <trkpt lat="50.737217" lon="18.080065">
        <ele>166.150030</ele>
        <time>2025-08-30T20:28:26.453Z</time>
      </trkpt>
      <trkpt lat="50.737140" lon="18.079938">
        <ele>166.126594</ele>
        <time>2025-08-30T20:28:30.775Z</time>
      </trkpt>
      <trkpt lat="50.737348" lon="18.079175">
        <ele>166.175392</ele>
        <time>2025-08-30T20:28:44.525Z</time>
      </trkpt>
      <trkpt lat="50.737333" lon="18.078923">
        <ele>166.302196</ele>
        <time>2025-08-30T20:28:48.606Z</time>
      </trkpt>
      <trkpt lat="50.737135" lon="18.078272">
        <ele>166.664042</ele>
        <time>2025-08-30T20:29:01.532Z</time>
      </trkpt>
      <trkpt lat="50.737091" lon="18.077946">
        <ele>166.831035</ele>
        <time>2025-08-30T20:29:08.107Z</time>
      </trkpt>
      <trkpt lat="50.737138" lon="18.077284">
        <ele>167.164765</ele>
        <time>2025-08-30T20:29:20.289Z</time>
      </trkpt>
      <trkpt lat="50.737186" lon="18.076414">
        <ele>167.348949</ele>
        <time>2025-08-30T20:29:34.233Z</time>
      </trkpt>
      <trkpt lat="50.737228" lon="18.076258">
        <ele>167.267202</ele>
        <time>2025-08-30T20:29:36.786Z</time>
      </trkpt>
      <trkpt lat="50.737326" lon="18.076120">
        <ele>167.167186</ele>
        <time>2025-08-30T20:29:39.781Z</time>
      </trkpt>
      <trkpt lat="50.737479" lon="18.076317">
        <ele>167.016810</ele>
        <time>2025-08-30T20:29:44.119Z</time>
      </trkpt>
      <trkpt lat="50.737680" lon="18.076447">
        <ele>166.851333</ele>
        <time>2025-08-30T20:29:48.843Z</time>
      </trkpt>
      <trkpt lat="50.738909" lon="18.076677">
        <ele>165.863446</ele>
        <time>2025-08-30T20:30:12.320Z</time>
      </trkpt>
      <trkpt lat="50.738915" lon="18.076617">
        <ele>165.827383</ele>
        <time>2025-08-30T20:30:13.083Z</time>
      </trkpt>
      <trkpt lat="50.738992" lon="18.075888">
        <ele>165.388603</ele>
        <time>2025-08-30T20:30:22.478Z</time>
      </trkpt>
      <trkpt lat="50.738978" lon="18.075810">
        <ele>165.340470</ele>
        <time>2025-08-30T20:30:23.504Z</time>
      </trkpt>
      <trkpt lat="50.738954" lon="18.075766">
        <ele>165.305984</ele>
        <time>2025-08-30T20:30:24.275Z</time>
      </trkpt>
      <trkpt lat="50.738950" lon="18.075651">
        <ele>165.237608</ele>
        <time>2025-08-30T20:30:25.759Z</time>
      </trkpt>
      <trkpt lat="50.738962" lon="18.074745">
        <ele>164.699615</ele>
        <time>2025-08-30T20:30:37.977Z</time>
      </trkpt>
      <trkpt lat="50.739011" lon="18.073996">
        <ele>164.403268</ele>
        <time>2025-08-30T20:30:55.395Z</time>
      </trkpt>
      <trkpt lat="50.738931" lon="18.073837">
        <ele>164.394232</ele>
        <time>2025-08-30T20:31:00.159Z</time>
      </trkpt>
      <trkpt lat="50.738622" lon="18.073604">
        <ele>164.370168</ele>
        <time>2025-08-30T20:31:12.848Z</time>
      </trkpt>
      <trkpt lat="50.738471" lon="18.073490">
        <ele>164.358406</ele>
        <time>2025-08-30T20:31:19.088Z</time>
      </trkpt>
      <trkpt lat="50.738731" lon="18.071555">
        <ele>164.267929</ele>
        <time>2025-08-30T20:31:48.016Z</time>
      </trkpt>
      <trkpt lat="50.739531" lon="18.068583">
        <ele>164.028684</ele>
        <time>2025-08-30T20:32:34.993Z</time>
      </trkpt>
      <trkpt lat="50.739534" lon="18.068491">
        <ele>164.015313</ele>
        <time>2025-08-30T20:32:36.265Z</time>
      </trkpt>
      <trkpt lat="50.739519" lon="18.067913">
        <ele>163.931345</ele>
        <time>2025-08-30T20:32:44.379Z</time>
      </trkpt>
      <trkpt lat="50.739475" lon="18.067323">
        <ele>163.845114</ele>
        <time>2025-08-30T20:32:52.692Z</time>
      </trkpt>
      <trkpt lat="50.739322" lon="18.066182">
        <ele>163.649565</ele>
        <time>2025-08-30T20:33:09.302Z</time>
      </trkpt>
      <trkpt lat="50.739275" lon="18.065606">
        <ele>163.526705</ele>
        <time>2025-08-30T20:33:17.827Z</time>
      </trkpt>
      <trkpt lat="50.739169" lon="18.064829">
        <ele>163.358556</ele>
        <time>2025-08-30T20:33:29.309Z</time>
      </trkpt>
      <trkpt lat="50.739038" lon="18.064453">
        <ele>163.267756</ele>
        <time>2025-08-30T20:33:35.260Z</time>
      </trkpt>
      <trkpt lat="50.739122" lon="18.064260">
        <ele>163.218203</ele>
        <time>2025-08-30T20:33:38.441Z</time>
      </trkpt>
      <trkpt lat="50.739178" lon="18.063365">
        <ele>162.985571</ele>
        <time>2025-08-30T20:33:50.469Z</time>
      </trkpt>
      <trkpt lat="50.739216" lon="18.063268">
        <ele>162.951606</ele>
        <time>2025-08-30T20:33:52.986Z</time>
      </trkpt>
      <trkpt lat="50.739238" lon="18.063085">
        <ele>162.896149</ele>
        <time>2025-08-30T20:33:57.091Z</time>
      </trkpt>
      <trkpt lat="50.739249" lon="18.062786">
        <ele>162.806981</ele>
        <time>2025-08-30T20:34:03.736Z</time>
      </trkpt>
      <trkpt lat="50.739206" lon="18.062209">
        <ele>162.634009</ele>
        <time>2025-08-30T20:34:16.727Z</time>
      </trkpt>
      <trkpt lat="50.739236" lon="18.060718">
        <ele>162.291701</ele>
        <time>2025-08-30T20:34:51.106Z</time>
      </trkpt>
      <trkpt lat="50.739376" lon="18.057124">
        <ele>162.309288</ele>
        <time>2025-08-30T20:36:16.600Z</time>
      </trkpt>
      <trkpt lat="50.739414" lon="18.055195">
        <ele>162.246014</ele>
        <time>2025-08-30T20:37:01.617Z</time>
      </trkpt>
      <trkpt lat="50.739452" lon="18.054306">
        <ele>162.156952</ele>
        <time>2025-08-30T20:37:22.073Z</time>
      </trkpt>
      <trkpt lat="50.739460" lon="18.053626">
        <ele>162.088972</ele>
        <time>2025-08-30T20:37:31.815Z</time>
      </trkpt>
      <trkpt lat="50.739493" lon="18.052726">
        <ele>161.998862</ele>
        <time>2025-08-30T20:37:44.800Z</time>
      </trkpt>
      <trkpt lat="50.739506" lon="18.052473">
        <ele>161.985022</ele>
        <time>2025-08-30T20:37:48.468Z</time>
      </trkpt>
      <trkpt lat="50.739491" lon="18.052263">
        <ele>162.009867</ele>
        <time>2025-08-30T20:37:51.548Z</time>
      </trkpt>
      <trkpt lat="50.739372" lon="18.051433">
        <ele>162.109920</ele>
        <time>2025-08-30T20:38:04.448Z</time>
      </trkpt>
      <trkpt lat="50.739120" lon="18.048759">
        <ele>162.344200</ele>
        <time>2025-08-30T20:38:46.377Z</time>
      </trkpt>
      <trkpt lat="50.738933" lon="18.047914">
        <ele>162.372861</ele>
        <time>2025-08-30T20:38:59.737Z</time>
      </trkpt>
      <trkpt lat="50.739395" lon="18.047834">
        <ele>162.396375</ele>
        <time>2025-08-30T20:39:16.859Z</time>
      </trkpt>
      <trkpt lat="50.739455" lon="18.047388">
        <ele>162.372113</ele>
        <time>2025-08-30T20:39:27.415Z</time>
      </trkpt>
      <trkpt lat="50.739608" lon="18.045185">
        <ele>162.051862</ele>
        <time>2025-08-30T20:40:18.262Z</time>
      </trkpt>
      <trkpt lat="50.739783" lon="18.042225">
        <ele>161.832733</ele>
        <time>2025-08-30T20:41:27.382Z</time>
      </trkpt>
      <trkpt lat="50.739824" lon="18.041209">
        <ele>161.778065</ele>
        <time>2025-08-30T20:41:51.290Z</time>
      </trkpt>
      <trkpt lat="50.739877" lon="18.040953">
        <ele>161.764481</ele>
        <time>2025-08-30T20:41:57.618Z</time>
      </trkpt>
      <trkpt lat="50.740345" lon="18.039901">
        <ele>161.699629</ele>
        <time>2025-08-30T20:42:27.676Z</time>
      </trkpt>
      <trkpt lat="50.740433" lon="18.039424">
        <ele>161.674571</ele>
        <time>2025-08-30T20:42:39.142Z</time>
      </trkpt>
      <trkpt lat="50.740454" lon="18.039005">
        <ele>161.545217</ele>
        <time>2025-08-30T20:42:48.738Z</time>
      </trkpt>
      <trkpt lat="50.740128" lon="18.037981">
        <ele>161.155284</ele>
        <time>2025-08-30T20:43:14.713Z</time>
      </trkpt>
      <trkpt lat="50.740067" lon="18.037696">
        <ele>161.052939</ele>
        <time>2025-08-30T20:43:21.441Z</time>
      </trkpt>
      <trkpt lat="50.740077" lon="18.037299">
        <ele>160.917782</ele>
        <time>2025-08-30T20:43:30.299Z</time>
      </trkpt>
      <trkpt lat="50.740464" lon="18.035744">
        <ele>160.457615</ele>
        <time>2025-08-30T20:44:07.383Z</time>
      </trkpt>
      <trkpt lat="50.740732" lon="18.034945">
        <ele>160.243533</ele>
        <time>2025-08-30T20:44:27.884Z</time>
      </trkpt>
      <trkpt lat="50.741350" lon="18.034108">
        <ele>160.041865</ele>
        <time>2025-08-30T20:44:57.953Z</time>
      </trkpt>
      <trkpt lat="50.741761" lon="18.033598">
        <ele>160.061469</ele>
        <time>2025-08-30T20:45:17.821Z</time>
      </trkpt>
      <trkpt lat="50.742684" lon="18.031914">
        <ele>160.069893</ele>
        <time>2025-08-30T20:46:10.472Z</time>
      </trkpt>
      <trkpt lat="50.743023" lon="18.031350">
        <ele>160.031294</ele>
        <time>2025-08-30T20:46:28.587Z</time>
      </trkpt>
      <trkpt lat="50.743275" lon="18.030476">
        <ele>159.983634</ele>
        <time>2025-08-30T20:46:50.881Z</time>
      </trkpt>
      <trkpt lat="50.743369" lon="18.030018">
        <ele>159.959742</ele>
        <time>2025-08-30T20:47:02.026Z</time>
      </trkpt>
      <trkpt lat="50.744056" lon="18.025661">
        <ele>159.389058</ele>
        <time>2025-08-30T20:48:05.887Z</time>
      </trkpt>
      <trkpt lat="50.744086" lon="18.025411">
        <ele>159.363282</ele>
        <time>2025-08-30T20:48:09.566Z</time>
      </trkpt>
      <trkpt lat="50.744117" lon="18.024664">
        <ele>159.287449</ele>
        <time>2025-08-30T20:48:20.481Z</time>
      </trkpt>
      <trkpt lat="50.744089" lon="18.024172">
        <ele>159.323788</ele>
        <time>2025-08-30T20:48:27.767Z</time>
      </trkpt>
      <trkpt lat="50.744017" lon="18.023786">
        <ele>159.404568</ele>
        <time>2025-08-30T20:48:33.784Z</time>
      </trkpt>
      <trkpt lat="50.743189" lon="18.022481">
        <ele>159.775533</ele>
        <time>2025-08-30T20:49:03.107Z</time>
      </trkpt>
      <trkpt lat="50.742794" lon="18.021859">
        <ele>160.022697</ele>
        <time>2025-08-30T20:49:17.553Z</time>
      </trkpt>
      <trkpt lat="50.742738" lon="18.021665">
        <ele>160.091549</ele>
        <time>2025-08-30T20:49:21.074Z</time>
      </trkpt>
      <trkpt lat="50.742731" lon="18.021584">
        <ele>160.117947</ele>
        <time>2025-08-30T20:49:22.421Z</time>
      </trkpt>
      <trkpt lat="50.742752" lon="18.021492">
        <ele>160.149528</ele>
        <time>2025-08-30T20:49:24.050Z</time>
      </trkpt>
      <trkpt lat="50.742824" lon="18.021352">
        <ele>160.207781</ele>
        <time>2025-08-30T20:49:27.040Z</time>
      </trkpt>
      <trkpt lat="50.743725" lon="18.020111">
        <ele>160.749783</ele>
        <time>2025-08-30T20:49:58.322Z</time>
      </trkpt>
      <trkpt lat="50.744233" lon="18.019464">
        <ele>160.723501</ele>
        <time>2025-08-30T20:50:13.933Z</time>
      </trkpt>
      <trkpt lat="50.744387" lon="18.019216">
        <ele>160.714644</ele>
        <time>2025-08-30T20:50:18.973Z</time>
      </trkpt>
      <trkpt lat="50.744516" lon="18.018961">
        <ele>160.706323</ele>
        <time>2025-08-30T20:50:23.652Z</time>
      </trkpt>
      <trkpt lat="50.744556" lon="18.018733">
        <ele>160.700292</ele>
        <time>2025-08-30T20:50:26.997Z</time>
      </trkpt>
      <trkpt lat="50.744650" lon="18.018631">
        <ele>160.695699</ele>
        <time>2025-08-30T20:50:29.416Z</time>
      </trkpt>
      <trkpt lat="50.744689" lon="18.018545">
        <ele>160.693002</ele>
        <time>2025-08-30T20:50:30.837Z</time>
      </trkpt>
      <trkpt lat="50.745094" lon="18.017431">
        <ele>160.389901</ele>
        <time>2025-08-30T20:50:47.595Z</time>
      </trkpt>
      <trkpt lat="50.745194" lon="18.017344">
        <ele>160.328905</ele>
        <time>2025-08-30T20:50:49.936Z</time>
      </trkpt>
      <trkpt lat="50.745182" lon="18.017226">
        <ele>160.288495</ele>
        <time>2025-08-30T20:50:51.552Z</time>
      </trkpt>
      <trkpt lat="50.745219" lon="18.017044">
        <ele>160.223860</ele>
        <time>2025-08-30T20:50:54.160Z</time>
      </trkpt>
      <trkpt lat="50.745553" lon="18.015828">
        <ele>159.775647</ele>
        <time>2025-08-30T20:51:12.345Z</time>
      </trkpt>
      <trkpt lat="50.745593" lon="18.014911">
        <ele>159.568174</ele>
        <time>2025-08-30T20:51:25.274Z</time>
      </trkpt>
      <trkpt lat="50.745541" lon="18.014792">
        <ele>159.538984</ele>
        <time>2025-08-30T20:51:27.368Z</time>
      </trkpt>
      <trkpt lat="50.745071" lon="18.014258">
        <ele>159.354336</ele>
        <time>2025-08-30T20:51:40.586Z</time>
      </trkpt>
      <trkpt lat="50.745011" lon="18.014076">
        <ele>159.312913</ele>
        <time>2025-08-30T20:51:43.498Z</time>
      </trkpt>
      <trkpt lat="50.744626" lon="18.013196">
        <ele>159.085437</ele>
        <time>2025-08-30T20:51:58.442Z</time>
      </trkpt>
      <trkpt lat="50.744298" lon="18.012390">
        <ele>158.847839</ele>
        <time>2025-08-30T20:52:11.595Z</time>
      </trkpt>
      <trkpt lat="50.743761" lon="18.011020">
        <ele>158.448270</ele>
        <time>2025-08-30T20:52:34.112Z</time>
      </trkpt>
      <trkpt lat="50.743723" lon="18.010856">
        <ele>158.443950</ele>
        <time>2025-08-30T20:52:36.651Z</time>
      </trkpt>
      <trkpt lat="50.743784" lon="18.010623">
        <ele>158.446016</ele>
        <time>2025-08-30T20:52:40.390Z</time>
      </trkpt>
      <trkpt lat="50.743803" lon="18.010412">
        <ele>158.447762</ele>
        <time>2025-08-30T20:52:43.569Z</time>
      </trkpt>
      <trkpt lat="50.743778" lon="18.010333">
        <ele>158.448486</ele>
        <time>2025-08-30T20:52:44.901Z</time>
      </trkpt>
      <trkpt lat="50.743641" lon="18.010116">
        <ele>158.450998</ele>
        <time>2025-08-30T20:52:49.510Z</time>
      </trkpt>
      <trkpt lat="50.743322" lon="18.009556">
        <ele>158.457171</ele>
        <time>2025-08-30T20:53:07.835Z</time>
      </trkpt>
      <trkpt lat="50.743077" lon="18.008747">
        <ele>158.464519</ele>
        <time>2025-08-30T20:53:29.043Z</time>
      </trkpt>
      <trkpt lat="50.742974" lon="18.007974">
        <ele>158.420844</ele>
        <time>2025-08-30T20:53:47.167Z</time>
      </trkpt>
      <trkpt lat="50.742905" lon="18.007413">
        <ele>158.378563</ele>
        <time>2025-08-30T20:54:00.349Z</time>
      </trkpt>
      <trkpt lat="50.742864" lon="18.007352">
        <ele>158.371979</ele>
        <time>2025-08-30T20:54:02.411Z</time>
      </trkpt>
      <trkpt lat="50.742717" lon="18.007324">
        <ele>158.354669</ele>
        <time>2025-08-30T20:54:07.802Z</time>
      </trkpt>
      <trkpt lat="50.742638" lon="18.007263">
        <ele>158.344389</ele>
        <time>2025-08-30T20:54:11.009Z</time>
      </trkpt>
      <trkpt lat="50.742629" lon="18.007221">
        <ele>158.341108</ele>
        <time>2025-08-30T20:54:12.055Z</time>
      </trkpt>
      <trkpt lat="50.742608" lon="18.007126">
        <ele>158.333664</ele>
        <time>2025-08-30T20:54:14.373Z</time>
      </trkpt>
      <trkpt lat="50.742594" lon="18.007049">
        <ele>158.327737</ele>
        <time>2025-08-30T20:54:16.222Z</time>
      </trkpt>
      <trkpt lat="50.742586" lon="18.007002">
        <ele>158.324136</ele>
        <time>2025-08-30T20:54:17.343Z</time>
      </trkpt>
      <trkpt lat="50.742743" lon="18.006733">
        <ele>158.297062</ele>
        <time>2025-08-30T20:54:25.835Z</time>
      </trkpt>
      <trkpt lat="50.742858" lon="18.005916">
        <ele>158.347399</ele>
        <time>2025-08-30T20:54:45.372Z</time>
      </trkpt>
      <trkpt lat="50.742929" lon="18.005561">
        <ele>158.470197</ele>
        <time>2025-08-30T20:54:54.414Z</time>
      </trkpt>
      <trkpt lat="50.742988" lon="18.004902">
        <ele>158.689719</ele>
        <time>2025-08-30T20:55:10.899Z</time>
      </trkpt>
      <trkpt lat="50.743045" lon="18.004519">
        <ele>158.819490</ele>
        <time>2025-08-30T20:55:20.893Z</time>
      </trkpt>
      <trkpt lat="50.743228" lon="18.004052">
        <ele>159.000661</ele>
        <time>2025-08-30T20:55:35.274Z</time>
      </trkpt>
      <trkpt lat="50.743234" lon="18.003936">
        <ele>159.039048</ele>
        <time>2025-08-30T20:55:38.386Z</time>
      </trkpt>
      <trkpt lat="50.743293" lon="18.003693">
        <ele>159.124893</ele>
        <time>2025-08-30T20:55:45.300Z</time>
      </trkpt>
      <trkpt lat="50.743404" lon="18.003402">
        <ele>159.210335</ele>
        <time>2025-08-30T20:55:54.231Z</time>
      </trkpt>
      <trkpt lat="50.743726" lon="18.002779">
        <ele>159.314233</ele>
        <time>2025-08-30T20:56:15.023Z</time>
      </trkpt>
      <trkpt lat="50.743847" lon="18.002362">
        <ele>159.373485</ele>
        <time>2025-08-30T20:56:26.495Z</time>
      </trkpt>
      <trkpt lat="50.744380" lon="18.001123">
        <ele>159.539254</ele>
        <time>2025-08-30T20:57:01.119Z</time>
      </trkpt>
      <trkpt lat="50.744640" lon="18.000847">
        <ele>159.337280</ele>
        <time>2025-08-30T20:57:12.128Z</time>
      </trkpt>
      <trkpt lat="50.744841" lon="18.000337">
        <ele>159.092114</ele>
        <time>2025-08-30T20:57:25.509Z</time>
      </trkpt>
      <trkpt lat="50.745280" lon="17.999049">
        <ele>158.495164</ele>
        <time>2025-08-30T20:57:58.010Z</time>
      </trkpt>
      <trkpt lat="50.745424" lon="17.998398">
        <ele>158.221477</ele>
        <time>2025-08-30T20:58:13.367Z</time>
      </trkpt>
      <trkpt lat="50.745540" lon="17.998010">
        <ele>158.053607</ele>
        <time>2025-08-30T20:58:22.886Z</time>
      </trkpt>
      <trkpt lat="50.744997" lon="17.997719">
        <ele>157.699137</ele>
        <time>2025-08-30T20:58:42.963Z</time>
      </trkpt>
      <trkpt lat="50.744635" lon="17.997482">
        <ele>157.456897</ele>
        <time>2025-08-30T20:58:56.783Z</time>
      </trkpt>
      <trkpt lat="50.743756" lon="17.996729">
        <ele>157.346177</ele>
        <time>2025-08-30T20:59:33.241Z</time>
      </trkpt>
      <trkpt lat="50.743627" lon="17.995370">
        <ele>157.415102</ele>
        <time>2025-08-30T20:59:54.398Z</time>
      </trkpt>
      <trkpt lat="50.743642" lon="17.994665">
        <ele>157.534504</ele>
        <time>2025-08-30T21:00:05.844Z</time>
      </trkpt>
      <trkpt lat="50.743359" lon="17.994477">
        <ele>157.664210</ele>
        <time>2025-08-30T21:00:13.873Z</time>
      </trkpt>
      <trkpt lat="50.743292" lon="17.994350">
        <ele>157.708417</ele>
        <time>2025-08-30T21:00:16.612Z</time>
      </trkpt>
      <trkpt lat="50.743172" lon="17.994123">
        <ele>157.787500</ele>
        <time>2025-08-30T21:00:21.456Z</time>
      </trkpt>
      <trkpt lat="50.743028" lon="17.994109">
        <ele>157.848456</ele>
        <time>2025-08-30T21:00:25.150Z</time>
      </trkpt>
      <trkpt lat="50.743002" lon="17.993911">
        <ele>157.902522</ele>
        <time>2025-08-30T21:00:28.311Z</time>
      </trkpt>
      <trkpt lat="50.742975" lon="17.993699">
        <ele>157.960339</ele>
        <time>2025-08-30T21:00:31.644Z</time>
      </trkpt>
      <trkpt lat="50.742826" lon="17.992725">
        <ele>158.201111</ele>
        <time>2025-08-30T21:00:46.806Z</time>
      </trkpt>
      <trkpt lat="50.742819" lon="17.992607">
        <ele>158.209697</ele>
        <time>2025-08-30T21:00:48.633Z</time>
      </trkpt>
      <trkpt lat="50.742888" lon="17.992143">
        <ele>158.244225</ele>
        <time>2025-08-30T21:00:56.021Z</time>
      </trkpt>
      <trkpt lat="50.742853" lon="17.991876">
        <ele>158.263978</ele>
        <time>2025-08-30T21:01:00.065Z</time>
      </trkpt>
      <trkpt lat="50.742669" lon="17.991099">
        <ele>158.324077</ele>
        <time>2025-08-30T21:01:11.611Z</time>
      </trkpt>
      <trkpt lat="50.742591" lon="17.990665">
        <ele>158.356761</ele>
        <time>2025-08-30T21:01:17.844Z</time>
      </trkpt>
      <trkpt lat="50.742547" lon="17.990314">
        <ele>158.382682</ele>
        <time>2025-08-30T21:01:22.837Z</time>
      </trkpt>
      <trkpt lat="50.742507" lon="17.990046">
        <ele>158.389565</ele>
        <time>2025-08-30T21:01:26.721Z</time>
      </trkpt>
      <trkpt lat="50.742403" lon="17.989683">
        <ele>158.352280</ele>
        <time>2025-08-30T21:01:32.373Z</time>
      </trkpt>
      <trkpt lat="50.742306" lon="17.989233">
        <ele>158.307797</ele>
        <time>2025-08-30T21:01:39.061Z</time>
      </trkpt>
      <trkpt lat="50.742281" lon="17.989046">
        <ele>158.289913</ele>
        <time>2025-08-30T21:01:41.713Z</time>
      </trkpt>
      <trkpt lat="50.742238" lon="17.988165">
        <ele>158.207233</ele>
        <time>2025-08-30T21:01:53.836Z</time>
      </trkpt>
      <trkpt lat="50.742223" lon="17.988047">
        <ele>158.195971</ele>
        <time>2025-08-30T21:01:55.498Z</time>
      </trkpt>
      <trkpt lat="50.742167" lon="17.987924">
        <ele>158.181792</ele>
        <time>2025-08-30T21:01:57.618Z</time>
      </trkpt>
      <trkpt lat="50.741157" lon="17.987529">
        <ele>157.950841</ele>
        <time>2025-08-30T21:02:20.069Z</time>
      </trkpt>
      <trkpt lat="50.741317" lon="17.985901">
        <ele>157.681310</ele>
        <time>2025-08-30T21:02:43.447Z</time>
      </trkpt>
      <trkpt lat="50.741420" lon="17.985351">
        <ele>157.552416</ele>
        <time>2025-08-30T21:02:51.477Z</time>
      </trkpt>
      <trkpt lat="50.741519" lon="17.985056">
        <ele>157.473395</ele>
        <time>2025-08-30T21:02:59.059Z</time>
      </trkpt>
      <trkpt lat="50.741860" lon="17.984246">
        <ele>157.243167</ele>
        <time>2025-08-30T21:03:21.203Z</time>
      </trkpt>
      <trkpt lat="50.742126" lon="17.983097">
        <ele>156.998246</ele>
        <time>2025-08-30T21:03:49.060Z</time>
      </trkpt>
      <trkpt lat="50.742345" lon="17.982752">
        <ele>157.012461</ele>
        <time>2025-08-30T21:04:00.273Z</time>
      </trkpt>
      <trkpt lat="50.742361" lon="17.982651">
        <ele>157.015490</ele>
        <time>2025-08-30T21:04:02.705Z</time>
      </trkpt>
      <trkpt lat="50.742315" lon="17.982569">
        <ele>157.018677</ele>
        <time>2025-08-30T21:04:05.273Z</time>
      </trkpt>
      <trkpt lat="50.741940" lon="17.982269">
        <ele>157.037999</ele>
        <time>2025-08-30T21:04:21.236Z</time>
      </trkpt>
      <trkpt lat="50.741891" lon="17.982108">
        <ele>157.043196</ele>
        <time>2025-08-30T21:04:25.643Z</time>
      </trkpt>
      <trkpt lat="50.741917" lon="17.981935">
        <ele>157.048369</ele>
        <time>2025-08-30T21:04:30.090Z</time>
      </trkpt>
      <trkpt lat="50.742330" lon="17.980022">
        <ele>156.701125</ele>
        <time>2025-08-30T21:05:18.429Z</time>
      </trkpt>
      <trkpt lat="50.742545" lon="17.978292">
        <ele>156.083295</ele>
        <time>2025-08-30T21:05:57.106Z</time>
      </trkpt>
      <trkpt lat="50.742512" lon="17.978217">
        <ele>156.039527</ele>
        <time>2025-08-30T21:05:59.050Z</time>
      </trkpt>
      <trkpt lat="50.742447" lon="17.978163">
        <ele>155.982211</ele>
        <time>2025-08-30T21:06:01.491Z</time>
      </trkpt>
      <trkpt lat="50.742252" lon="17.978061">
        <ele>155.821892</ele>
        <time>2025-08-30T21:06:08.392Z</time>
      </trkpt>
      <trkpt lat="50.742185" lon="17.977993">
        <ele>155.759742</ele>
        <time>2025-08-30T21:06:11.072Z</time>
      </trkpt>
      <trkpt lat="50.742181" lon="17.977984">
        <ele>155.754310</ele>
        <time>2025-08-30T21:06:11.321Z</time>
      </trkpt>
      <trkpt lat="50.742147" lon="17.977907">
        <ele>155.707936</ele>
        <time>2025-08-30T21:06:13.342Z</time>
      </trkpt>
      <trkpt lat="50.742167" lon="17.977677">
        <ele>155.593269</ele>
        <time>2025-08-30T21:06:18.349Z</time>
      </trkpt>
      <trkpt lat="50.742480" lon="17.976789">
        <ele>155.091231</ele>
        <time>2025-08-30T21:06:40.662Z</time>
      </trkpt>
      <trkpt lat="50.742416" lon="17.976707">
        <ele>155.026923</ele>
        <time>2025-08-30T21:06:43.568Z</time>
      </trkpt>
      <trkpt lat="50.736233" lon="17.971964">
        <ele>153.823429</ele>
        <time>2025-08-30T21:10:56.117Z</time>
      </trkpt>
      <trkpt lat="50.735340" lon="17.970353">
        <ele>153.577332</ele>
        <time>2025-08-30T21:11:45.146Z</time>
      </trkpt>
      <trkpt lat="50.734848" lon="17.969395">
        <ele>153.445159</ele>
        <time>2025-08-30T21:12:13.625Z</time>
      </trkpt>
      <trkpt lat="50.734491" lon="17.968805">
        <ele>153.381225</ele>
        <time>2025-08-30T21:12:32.708Z</time>
      </trkpt>
      <trkpt lat="50.734329" lon="17.968418">
        <ele>153.414454</ele>
        <time>2025-08-30T21:12:43.685Z</time>
      </trkpt>
      <trkpt lat="50.734253" lon="17.968129">
        <ele>153.436866</ele>
        <time>2025-08-30T21:12:51.159Z</time>
      </trkpt>
      <trkpt lat="50.734184" lon="17.967668">
        <ele>153.470792</ele>
        <time>2025-08-30T21:13:02.608Z</time>
      </trkpt>
      <trkpt lat="50.734141" lon="17.967600">
        <ele>153.477676</ele>
        <time>2025-08-30T21:13:04.903Z</time>
      </trkpt>
      <trkpt lat="50.733367" lon="17.967327">
        <ele>153.567412</ele>
        <time>2025-08-30T21:13:34.980Z</time>
      </trkpt>
      <trkpt lat="50.733233" lon="17.967217">
        <ele>153.588839</ele>
        <time>2025-08-30T21:13:40.609Z</time>
      </trkpt>
      <trkpt lat="50.733025" lon="17.966627">
        <ele>153.660090</ele>
        <time>2025-08-30T21:13:56.441Z</time>
      </trkpt>
      <trkpt lat="50.732756" lon="17.965467">
        <ele>153.790428</ele>
        <time>2025-08-30T21:14:25.537Z</time>
      </trkpt>
      <trkpt lat="50.732690" lon="17.965388">
        <ele>153.804230</ele>
        <time>2025-08-30T21:14:28.731Z</time>
      </trkpt>
      <trkpt lat="50.732306" lon="17.965120">
        <ele>153.874206</ele>
        <time>2025-08-30T21:14:45.144Z</time>
      </trkpt>
      <trkpt lat="50.731984" lon="17.965022">
        <ele>154.099469</ele>
        <time>2025-08-30T21:14:58.292Z</time>
      </trkpt>
      <trkpt lat="50.731675" lon="17.965004">
        <ele>154.314666</ele>
        <time>2025-08-30T21:15:06.657Z</time>
      </trkpt>
      <trkpt lat="50.731596" lon="17.964962">
        <ele>154.372676</ele>
        <time>2025-08-30T21:15:08.932Z</time>
      </trkpt>
      <trkpt lat="50.731528" lon="17.964850">
        <ele>154.441041</ele>
        <time>2025-08-30T21:15:11.650Z</time>
      </trkpt>
      <trkpt lat="50.731359" lon="17.964146">
        <ele>154.772715</ele>
        <time>2025-08-30T21:15:24.865Z</time>
      </trkpt>
      <trkpt lat="50.731252" lon="17.963942">
        <ele>154.889424</ele>
        <time>2025-08-30T21:15:29.451Z</time>
      </trkpt>
      <trkpt lat="50.731105" lon="17.963800">
        <ele>155.009338</ele>
        <time>2025-08-30T21:15:34.062Z</time>
      </trkpt>
      <trkpt lat="50.730790" lon="17.963635">
        <ele>155.176020</ele>
        <time>2025-08-30T21:15:42.665Z</time>
      </trkpt>
      <trkpt lat="50.730702" lon="17.963604">
        <ele>155.203195</ele>
        <time>2025-08-30T21:15:44.960Z</time>
      </trkpt>
      <trkpt lat="50.730657" lon="17.963627">
        <ele>155.217451</ele>
        <time>2025-08-30T21:15:46.161Z</time>
      </trkpt>
      <trkpt lat="50.730332" lon="17.962849">
        <ele>155.395291</ele>
        <time>2025-08-30T21:16:00.333Z</time>
      </trkpt>
      <trkpt lat="50.730270" lon="17.962608">
        <ele>155.444922</ele>
        <time>2025-08-30T21:16:04.206Z</time>
      </trkpt>
      <trkpt lat="50.730132" lon="17.961360">
        <ele>155.663721</ele>
        <time>2025-08-30T21:16:22.631Z</time>
      </trkpt>
      <trkpt lat="50.729909" lon="17.959775">
        <ele>155.569966</ele>
        <time>2025-08-30T21:16:45.411Z</time>
      </trkpt>
      <trkpt lat="50.729761" lon="17.958831">
        <ele>155.513810</ele>
        <time>2025-08-30T21:16:58.643Z</time>
      </trkpt>
      <trkpt lat="50.729683" lon="17.958599">
        <ele>155.481946</ele>
        <time>2025-08-30T21:17:02.238Z</time>
      </trkpt>
      <trkpt lat="50.729594" lon="17.958425">
        <ele>155.434922</ele>
        <time>2025-08-30T21:17:05.295Z</time>
      </trkpt>
      <trkpt lat="50.729433" lon="17.958475">
        <ele>155.380434</ele>
        <time>2025-08-30T21:17:08.837Z</time>
      </trkpt>
      <trkpt lat="50.728958" lon="17.958414">
        <ele>155.222176</ele>
        <time>2025-08-30T21:17:19.071Z</time>
      </trkpt>
      <trkpt lat="50.728817" lon="17.958310">
        <ele>155.170501</ele>
        <time>2025-08-30T21:17:22.366Z</time>
      </trkpt>
      <trkpt lat="50.728715" lon="17.958180">
        <ele>155.126981</ele>
        <time>2025-08-30T21:17:25.165Z</time>
      </trkpt>
      <trkpt lat="50.728394" lon="17.957635">
        <ele>154.970496</ele>
        <time>2025-08-30T21:17:35.137Z</time>
      </trkpt>
      <trkpt lat="50.728229" lon="17.957282">
        <ele>154.881043</ele>
        <time>2025-08-30T21:17:40.964Z</time>
      </trkpt>
      <trkpt lat="50.727811" lon="17.956248">
        <ele>154.647579</ele>
        <time>2025-08-30T21:17:57.184Z</time>
      </trkpt>
      <trkpt lat="50.727769" lon="17.956147">
        <ele>154.624584</ele>
        <time>2025-08-30T21:17:58.809Z</time>
      </trkpt>
      <trkpt lat="50.727668" lon="17.955888">
        <ele>154.566696</ele>
        <time>2025-08-30T21:18:02.902Z</time>
      </trkpt>
      <trkpt lat="50.727562" lon="17.955565">
        <ele>154.497462</ele>
        <time>2025-08-30T21:18:07.912Z</time>
      </trkpt>
      <trkpt lat="50.727385" lon="17.954964">
        <ele>154.371324</ele>
        <time>2025-08-30T21:18:17.178Z</time>
      </trkpt>
      <trkpt lat="50.727274" lon="17.954645">
        <ele>154.394524</ele>
        <time>2025-08-30T21:18:22.391Z</time>
      </trkpt>
      <trkpt lat="50.727116" lon="17.954415">
        <ele>154.421942</ele>
        <time>2025-08-30T21:18:27.343Z</time>
      </trkpt>
      <trkpt lat="50.726800" lon="17.954019">
        <ele>154.473414</ele>
        <time>2025-08-30T21:18:36.996Z</time>
      </trkpt>
      <trkpt lat="50.726731" lon="17.953931">
        <ele>154.484730</ele>
        <time>2025-08-30T21:18:39.131Z</time>
      </trkpt>
      <trkpt lat="50.726672" lon="17.953856">
        <ele>154.494394</ele>
        <time>2025-08-30T21:18:40.964Z</time>
      </trkpt>
      <trkpt lat="50.726044" lon="17.953053">
        <ele>154.593024</ele>
        <time>2025-08-30T21:18:59.429Z</time>
      </trkpt>
      <trkpt lat="50.726056" lon="17.952907">
        <ele>154.551845</ele>
        <time>2025-08-30T21:19:01.557Z</time>
      </trkpt>
      <trkpt lat="50.726030" lon="17.952762">
        <ele>154.509692</ele>
        <time>2025-08-30T21:19:03.709Z</time>
      </trkpt>
      <trkpt lat="50.725834" lon="17.951887">
        <ele>154.250080</ele>
        <time>2025-08-30T21:19:16.827Z</time>
      </trkpt>
      <trkpt lat="50.725548" lon="17.950495">
        <ele>153.840737</ele>
        <time>2025-08-30T21:19:36.786Z</time>
      </trkpt>
      <trkpt lat="50.725415" lon="17.949828">
        <ele>153.594954</ele>
        <time>2025-08-30T21:19:46.161Z</time>
      </trkpt>
      <trkpt lat="50.725390" lon="17.949704">
        <ele>153.546892</ele>
        <time>2025-08-30T21:19:47.909Z</time>
      </trkpt>
      <trkpt lat="50.725371" lon="17.949611">
        <ele>153.510801</ele>
        <time>2025-08-30T21:19:49.269Z</time>
      </trkpt>
      <trkpt lat="50.725309" lon="17.949297">
        <ele>153.389324</ele>
        <time>2025-08-30T21:19:53.762Z</time>
      </trkpt>
      <trkpt lat="50.725254" lon="17.949031">
        <ele>153.285977</ele>
        <time>2025-08-30T21:19:57.579Z</time>
      </trkpt>
      <trkpt lat="50.725206" lon="17.948799">
        <ele>153.195835</ele>
        <time>2025-08-30T21:20:00.916Z</time>
      </trkpt>
      <trkpt lat="50.725183" lon="17.948692">
        <ele>153.154101</ele>
        <time>2025-08-30T21:20:02.504Z</time>
      </trkpt>
      <trkpt lat="50.725046" lon="17.948019">
        <ele>152.893012</ele>
        <time>2025-08-30T21:20:12.184Z</time>
      </trkpt>
      <trkpt lat="50.725032" lon="17.947951">
        <ele>152.866604</ele>
        <time>2025-08-30T21:20:13.160Z</time>
      </trkpt>
      <trkpt lat="50.724694" lon="17.946332">
        <ele>152.455440</ele>
        <time>2025-08-30T21:20:37.250Z</time>
      </trkpt>
      <trkpt lat="50.724505" lon="17.945438">
        <ele>152.254870</ele>
        <time>2025-08-30T21:20:50.520Z</time>
      </trkpt>
      <trkpt lat="50.724468" lon="17.945266">
        <ele>152.216214</ele>
        <time>2025-08-30T21:20:53.069Z</time>
      </trkpt>
      <trkpt lat="50.723965" lon="17.942838">
        <ele>151.885101</ele>
        <time>2025-08-30T21:21:29.499Z</time>
      </trkpt>
      <trkpt lat="50.723926" lon="17.942670">
        <ele>151.864051</ele>
        <time>2025-08-30T21:21:32.113Z</time>
      </trkpt>
      <trkpt lat="50.723701" lon="17.941392">
        <ele>151.684407</ele>
        <time>2025-08-30T21:21:51.378Z</time>
      </trkpt>
      <trkpt lat="50.723485" lon="17.940404">
        <ele>151.533960</ele>
        <time>2025-08-30T21:22:06.367Z</time>
      </trkpt>
      <trkpt lat="50.723336" lon="17.939822">
        <ele>151.443600</ele>
        <time>2025-08-30T21:22:15.141Z</time>
      </trkpt>
      <trkpt lat="50.723090" lon="17.939085">
        <ele>151.286664</ele>
        <time>2025-08-30T21:22:26.667Z</time>
      </trkpt>
      <trkpt lat="50.722161" lon="17.936846">
        <ele>150.787540</ele>
        <time>2025-08-30T21:23:04.434Z</time>
      </trkpt>
      <trkpt lat="50.721995" lon="17.936495">
        <ele>150.764215</ele>
        <time>2025-08-30T21:23:10.822Z</time>
      </trkpt>
      <trkpt lat="50.721356" lon="17.935464">
        <ele>150.687404</ele>
        <time>2025-08-30T21:23:32.081Z</time>
      </trkpt>
      <trkpt lat="50.720680" lon="17.934117">
        <ele>150.579516</ele>
        <time>2025-08-30T21:23:57.094Z</time>
      </trkpt>
      <trkpt lat="50.720490" lon="17.933837">
        <ele>150.551855</ele>
        <time>2025-08-30T21:24:02.873Z</time>
      </trkpt>
      <trkpt lat="50.720204" lon="17.933482">
        <ele>150.513135</ele>
        <time>2025-08-30T21:24:11.039Z</time>
      </trkpt>
      <trkpt lat="50.719691" lon="17.932988">
        <ele>150.500326</ele>
        <time>2025-08-30T21:24:24.837Z</time>
      </trkpt>
      <trkpt lat="50.719155" lon="17.932396">
        <ele>150.641920</ele>
        <time>2025-08-30T21:24:40.283Z</time>
      </trkpt>
      <trkpt lat="50.719050" lon="17.932172">
        <ele>150.680121</ele>
        <time>2025-08-30T21:24:44.576Z</time>
      </trkpt>
      <trkpt lat="50.718991" lon="17.931940">
        <ele>150.714390</ele>
        <time>2025-08-30T21:24:48.469Z</time>
      </trkpt>
      <trkpt lat="50.718940" lon="17.931440">
        <ele>150.783806</ele>
        <time>2025-08-30T21:24:56.459Z</time>
      </trkpt>
      <trkpt lat="50.718891" lon="17.931221">
        <ele>150.815643</ele>
        <time>2025-08-30T21:25:00.167Z</time>
      </trkpt>
      <trkpt lat="50.718410" lon="17.930109">
        <ele>151.077515</ele>
        <time>2025-08-30T21:25:22.151Z</time>
      </trkpt>
      <trkpt lat="50.717941" lon="17.928901">
        <ele>151.375396</ele>
        <time>2025-08-30T21:25:44.386Z</time>
      </trkpt>
      <trkpt lat="50.717874" lon="17.928791">
        <ele>151.407483</ele>
        <time>2025-08-30T21:25:46.720Z</time>
      </trkpt>
      <trkpt lat="50.717837" lon="17.928784">
        <ele>151.419856</ele>
        <time>2025-08-30T21:25:47.604Z</time>
      </trkpt>
      <trkpt lat="50.717757" lon="17.928770">
        <ele>151.446580</ele>
        <time>2025-08-30T21:25:49.548Z</time>
      </trkpt>
      <trkpt lat="50.717720" lon="17.928764">
        <ele>151.443270</ele>
        <time>2025-08-30T21:25:50.458Z</time>
      </trkpt>
      <trkpt lat="50.717725" lon="17.927698">
        <ele>151.111550</ele>
        <time>2025-08-30T21:26:06.015Z</time>
      </trkpt>
      <trkpt lat="50.717697" lon="17.927088">
        <ele>150.921236</ele>
        <time>2025-08-30T21:26:14.410Z</time>
      </trkpt>
      <trkpt lat="50.717665" lon="17.926784">
        <ele>150.825341</ele>
        <time>2025-08-30T21:26:18.558Z</time>
      </trkpt>
      <trkpt lat="50.717653" lon="17.926338">
        <ele>150.686432</ele>
        <time>2025-08-30T21:26:24.432Z</time>
      </trkpt>
      <trkpt lat="50.717712" lon="17.925228">
        <ele>150.280806</ele>
        <time>2025-08-30T21:26:39.048Z</time>
      </trkpt>
      <trkpt lat="50.717701" lon="17.925152">
        <ele>150.250290</ele>
        <time>2025-08-30T21:26:40.076Z</time>
      </trkpt>
      <trkpt lat="50.717662" lon="17.925091">
        <ele>150.216358</ele>
        <time>2025-08-30T21:26:41.222Z</time>
      </trkpt>
      <trkpt lat="50.717478" lon="17.924924">
        <ele>150.085161</ele>
        <time>2025-08-30T21:26:45.643Z</time>
      </trkpt>
      <trkpt lat="50.717464" lon="17.924717">
        <ele>150.003675</ele>
        <time>2025-08-30T21:26:50.196Z</time>
      </trkpt>
      <trkpt lat="50.718123" lon="17.922041">
        <ele>149.495926</ele>
        <time>2025-08-30T21:27:56.188Z</time>
      </trkpt>
      <trkpt lat="50.718562" lon="17.922080">
        <ele>149.514425</ele>
        <time>2025-08-30T21:28:13.348Z</time>
      </trkpt>
      <trkpt lat="50.718754" lon="17.922021">
        <ele>149.522655</ele>
        <time>2025-08-30T21:28:21.071Z</time>
      </trkpt>
      <trkpt lat="50.719055" lon="17.921862">
        <ele>149.512043</ele>
        <time>2025-08-30T21:28:33.656Z</time>
      </trkpt>
      <trkpt lat="50.719285" lon="17.921714">
        <ele>149.454209</ele>
        <time>2025-08-30T21:28:43.283Z</time>
      </trkpt>
      <trkpt lat="50.719760" lon="17.921311">
        <ele>149.328648</ele>
        <time>2025-08-30T21:29:03.298Z</time>
      </trkpt>
      <trkpt lat="50.719895" lon="17.921136">
        <ele>149.287979</ele>
        <time>2025-08-30T21:29:09.675Z</time>
      </trkpt>
      <trkpt lat="50.720031" lon="17.920898">
        <ele>149.240711</ele>
        <time>2025-08-30T21:29:16.935Z</time>
      </trkpt>
      <trkpt lat="50.720126" lon="17.920600">
        <ele>149.191521</ele>
        <time>2025-08-30T21:29:24.415Z</time>
      </trkpt>
      <trkpt lat="50.720410" lon="17.918770">
        <ele>148.493422</ele>
        <time>2025-08-30T21:30:05.672Z</time>
      </trkpt>
      <trkpt lat="50.720567" lon="17.918189">
        <ele>148.204325</ele>
        <time>2025-08-30T21:30:19.554Z</time>
      </trkpt>
      <trkpt lat="50.720924" lon="17.917108">
        <ele>147.846524</ele>
        <time>2025-08-30T21:30:47.127Z</time>
      </trkpt>
      <trkpt lat="50.721131" lon="17.916222">
        <ele>147.932427</ele>
        <time>2025-08-30T21:31:09.561Z</time>
      </trkpt>
      <trkpt lat="50.721198" lon="17.915776">
        <ele>147.974122</ele>
        <time>2025-08-30T21:31:20.966Z</time>
      </trkpt>
      <trkpt lat="50.721292" lon="17.914510">
        <ele>148.051290</ele>
        <time>2025-08-30T21:31:52.954Z</time>
      </trkpt>
      <trkpt lat="50.721319" lon="17.913861">
        <ele>147.985168</ele>
        <time>2025-08-30T21:32:08.595Z</time>
      </trkpt>
      <trkpt lat="50.721314" lon="17.912478">
        <ele>147.844566</ele>
        <time>2025-08-30T21:32:40.013Z</time>
      </trkpt>
      <trkpt lat="50.721260" lon="17.911499">
        <ele>147.779752</ele>
        <time>2025-08-30T21:33:02.098Z</time>
      </trkpt>
      <trkpt lat="50.720869" lon="17.908168">
        <ele>148.220920</ele>
        <time>2025-08-30T21:34:22.619Z</time>
      </trkpt>
      <trkpt lat="50.720798" lon="17.907637">
        <ele>148.492500</ele>
        <time>2025-08-30T21:34:36.768Z</time>
      </trkpt>
      <trkpt lat="50.720779" lon="17.907279">
        <ele>148.672277</ele>
        <time>2025-08-30T21:34:46.464Z</time>
      </trkpt>
      <trkpt lat="50.720839" lon="17.906473">
        <ele>149.078388</ele>
        <time>2025-08-30T21:35:08.690Z</time>
      </trkpt>
      <trkpt lat="50.720833" lon="17.906297">
        <ele>149.166588</ele>
        <time>2025-08-30T21:35:13.603Z</time>
      </trkpt>
      <trkpt lat="50.720816" lon="17.906208">
        <ele>149.239052</ele>
        <time>2025-08-30T21:35:15.350Z</time>
      </trkpt>
      <trkpt lat="50.720677" lon="17.905804">
        <ele>149.653048</ele>
        <time>2025-08-30T21:35:24.262Z</time>
      </trkpt>
      <trkpt lat="50.720530" lon="17.905524">
        <ele>149.980557</ele>
        <time>2025-08-30T21:35:31.552Z</time>
      </trkpt>
      <trkpt lat="50.720120" lon="17.905337">
        <ele>150.587467</ele>
        <time>2025-08-30T21:35:45.343Z</time>
      </trkpt>
      <trkpt lat="50.720159" lon="17.904942">
        <ele>150.947418</ele>
        <time>2025-08-30T21:35:52.891Z</time>
      </trkpt>
      <trkpt lat="50.720160" lon="17.904271">
        <ele>151.551578</ele>
        <time>2025-08-30T21:36:04.798Z</time>
      </trkpt>
      <trkpt lat="50.720158" lon="17.903904">
        <ele>151.726742</ele>
        <time>2025-08-30T21:36:11.298Z</time>
      </trkpt>
      <trkpt lat="50.720143" lon="17.903272">
        <ele>151.679603</ele>
        <time>2025-08-30T21:36:21.933Z</time>
      </trkpt>
      <trkpt lat="50.720139" lon="17.903140">
        <ele>151.669753</ele>
        <time>2025-08-30T21:36:24.018Z</time>
      </trkpt>
      <trkpt lat="50.720084" lon="17.902759">
        <ele>151.640626</ele>
        <time>2025-08-30T21:36:29.944Z</time>
      </trkpt>
      <trkpt lat="50.720178" lon="17.902659">
        <ele>151.627284</ele>
        <time>2025-08-30T21:36:32.438Z</time>
      </trkpt>
      <trkpt lat="50.720380" lon="17.902353">
        <ele>151.594333</ele>
        <time>2025-08-30T21:36:38.235Z</time>
      </trkpt>
      <trkpt lat="50.720405" lon="17.902318">
        <ele>151.590401</ele>
        <time>2025-08-30T21:36:38.912Z</time>
      </trkpt>
      <trkpt lat="50.720691" lon="17.901952">
        <ele>151.547066</ele>
        <time>2025-08-30T21:36:46.142Z</time>
      </trkpt>
      <trkpt lat="50.720771" lon="17.901846">
        <ele>151.534773</ele>
        <time>2025-08-30T21:36:48.203Z</time>
      </trkpt>
      <trkpt lat="50.720807" lon="17.901906">
        <ele>151.528612</ele>
        <time>2025-08-30T21:36:49.581Z</time>
      </trkpt>
      <trkpt lat="50.720852" lon="17.901834">
        <ele>151.483455</ele>
        <time>2025-08-30T21:36:51.296Z</time>
      </trkpt>
      <trkpt lat="50.721179" lon="17.901420">
        <ele>151.113702</ele>
        <time>2025-08-30T21:37:02.323Z</time>
      </trkpt>
      <trkpt lat="50.721506" lon="17.901077">
        <ele>150.767367</ele>
        <time>2025-08-30T21:37:12.451Z</time>
      </trkpt>
      <trkpt lat="50.722079" lon="17.900664">
        <ele>150.211662</ele>
        <time>2025-08-30T21:37:29.348Z</time>
      </trkpt>
      <trkpt lat="50.722448" lon="17.900505">
        <ele>149.950829</ele>
        <time>2025-08-30T21:37:40.516Z</time>
      </trkpt>
      <trkpt lat="50.722569" lon="17.900477">
        <ele>149.968746</ele>
        <time>2025-08-30T21:37:44.270Z</time>
      </trkpt>
      <trkpt lat="50.722859" lon="17.900423">
        <ele>150.011530</ele>
        <time>2025-08-30T21:37:53.278Z</time>
      </trkpt>
      <trkpt lat="50.723431" lon="17.900421">
        <ele>150.095336</ele>
        <time>2025-08-30T21:38:10.925Z</time>
      </trkpt>
      <trkpt lat="50.723475" lon="17.900427">
        <ele>150.101806</ele>
        <time>2025-08-30T21:38:12.265Z</time>
      </trkpt>
      <trkpt lat="50.723509" lon="17.900429">
        <ele>150.106791</ele>
        <time>2025-08-30T21:38:13.368Z</time>
      </trkpt>
      <trkpt lat="50.724662" lon="17.900366">
        <ele>150.203442</ele>
        <time>2025-08-30T21:38:47.967Z</time>
      </trkpt>
      <trkpt lat="50.724789" lon="17.900385">
        <ele>150.203442</ele>
        <time>2025-08-30T21:38:51.638Z</time>
      </trkpt>
      <trkpt lat="50.724946" lon="17.900356">
        <ele>150.203442</ele>
        <time>2025-08-30T21:38:56.185Z</time>
      </trkpt>
      <trkpt lat="50.725059" lon="17.900278">
        <ele>150.203442</ele>
        <time>2025-08-30T21:38:59.757Z</time>
      </trkpt>
      <trkpt lat="50.725105" lon="17.900253">
        <ele>150.203442</ele>
        <time>2025-08-30T21:39:00.872Z</time>
      </trkpt>
      <trkpt lat="50.725131" lon="17.900321">
        <ele>150.203442</ele>
        <time>2025-08-30T21:39:02.002Z</time>
      </trkpt>
      <trkpt lat="50.725194" lon="17.900328">
        <ele>150.203442</ele>
        <time>2025-08-30T21:39:03.439Z</time>
      </trkpt>
    </trkseg>
  </trk>
</gpx>