<?xml version='1.0' encoding='UTF-8'?>
<gpx version="1.1" creator="https://www.komoot.de" xmlns="http://www.topografix.com/GPX/1/1" xmlns:xsi="http://www.w3.org/2001/XMLSchema-instance" xsi:schemaLocation="http://www.topografix.com/GPX/1/1 http://www.topografix.com/GPX/1/1/gpx.xsd">
  <metadata>
    <name>GraveLova Środa #084 - Świetliki gonią Renifera</name>
    <author>
      <link href="https://www.komoot.de">
        <text>komoot</text>
        <type>text/html</type>
      </link>
    </author>
  </metadata>
  <trk>
    <name>GraveLova Środa #084 - Świetliki gonią Renifera</name>
    <trkseg>
      <trkpt lat="50.659367" lon="17.922480">
        <ele>153.900739</ele>
        <time>2025-12-07T13:40:49.966Z</time>
      </trkpt>
      <trkpt lat="50.659446" lon="17.922457">
        <ele>153.900739</ele>
        <time>2025-12-07T13:40:52.723Z</time>
      </trkpt>
      <trkpt lat="50.659360" lon="17.922415">
        <ele>153.900739</ele>
        <time>2025-12-07T13:40:55.145Z</time>
      </trkpt>
      <trkpt lat="50.659321" lon="17.922394">
        <ele>153.900739</ele>
        <time>2025-12-07T13:40:56.310Z</time>
      </trkpt>
      <trkpt lat="50.657644" lon="17.921519">
        <ele>155.125481</ele>
        <time>2025-12-07T13:41:49.511Z</time>
      </trkpt>
      <trkpt lat="50.657553" lon="17.921473">
        <ele>155.233986</ele>
        <time>2025-12-07T13:41:53.008Z</time>
      </trkpt>
      <trkpt lat="50.657411" lon="17.921840">
        <ele>155.543487</ele>
        <time>2025-12-07T13:42:02.606Z</time>
      </trkpt>
      <trkpt lat="50.657268" lon="17.921901">
        <ele>155.711694</ele>
        <time>2025-12-07T13:42:07.460Z</time>
      </trkpt>
      <trkpt lat="50.656523" lon="17.922140">
        <ele>155.879017</ele>
        <time>2025-12-07T13:42:23.921Z</time>
      </trkpt>
      <trkpt lat="50.656490" lon="17.921922">
        <ele>155.862662</ele>
        <time>2025-12-07T13:42:33.777Z</time>
      </trkpt>
      <trkpt lat="50.656463" lon="17.921738">
        <ele>155.848881</ele>
        <time>2025-12-07T13:42:42.123Z</time>
      </trkpt>
      <trkpt lat="50.656408" lon="17.921402">
        <ele>155.823558</ele>
        <time>2025-12-07T13:42:57.384Z</time>
      </trkpt>
      <trkpt lat="50.656313" lon="17.921060">
        <ele>155.796311</ele>
        <time>2025-12-07T13:43:13.826Z</time>
      </trkpt>
      <trkpt lat="50.656252" lon="17.920942">
        <ele>155.785201</ele>
        <time>2025-12-07T13:43:20.542Z</time>
      </trkpt>
      <trkpt lat="50.656249" lon="17.920935">
        <ele>155.784584</ele>
        <time>2025-12-07T13:43:20.886Z</time>
      </trkpt>
      <trkpt lat="50.656123" lon="17.920889">
        <ele>155.769698</ele>
        <time>2025-12-07T13:43:29.895Z</time>
      </trkpt>
      <trkpt lat="50.656053" lon="17.920884">
        <ele>155.761632</ele>
        <time>2025-12-07T13:43:34.764Z</time>
      </trkpt>
      <trkpt lat="50.655900" lon="17.920873">
        <ele>155.744003</ele>
        <time>2025-12-07T13:43:45.430Z</time>
      </trkpt>
      <trkpt lat="50.655521" lon="17.920932">
        <ele>155.841630</ele>
        <time>2025-12-07T13:44:11.869Z</time>
      </trkpt>
      <trkpt lat="50.655320" lon="17.920997">
        <ele>155.911143</ele>
        <time>2025-12-07T13:44:26.170Z</time>
      </trkpt>
      <trkpt lat="50.655282" lon="17.920973">
        <ele>155.925010</ele>
        <time>2025-12-07T13:44:29.021Z</time>
      </trkpt>
      <trkpt lat="50.655168" lon="17.921025">
        <ele>155.965215</ele>
        <time>2025-12-07T13:44:37.220Z</time>
      </trkpt>
      <trkpt lat="50.655072" lon="17.921061">
        <ele>155.998645</ele>
        <time>2025-12-07T13:44:44.071Z</time>
      </trkpt>
      <trkpt lat="50.654724" lon="17.921193">
        <ele>156.119905</ele>
        <time>2025-12-07T13:45:08.978Z</time>
      </trkpt>
      <trkpt lat="50.654138" lon="17.921305">
        <ele>156.319887</ele>
        <time>2025-12-07T13:45:49.998Z</time>
      </trkpt>
      <trkpt lat="50.654036" lon="17.921239">
        <ele>156.322851</ele>
        <time>2025-12-07T13:45:57.640Z</time>
      </trkpt>
      <trkpt lat="50.653784" lon="17.921076">
        <ele>156.147070</ele>
        <time>2025-12-07T13:46:16.604Z</time>
      </trkpt>
      <trkpt lat="50.653102" lon="17.920270">
        <ele>155.597069</ele>
        <time>2025-12-07T13:47:15.766Z</time>
      </trkpt>
      <trkpt lat="50.653133" lon="17.920250">
        <ele>155.575453</ele>
        <time>2025-12-07T13:47:18.049Z</time>
      </trkpt>
      <trkpt lat="50.653203" lon="17.919937">
        <ele>155.439645</ele>
        <time>2025-12-07T13:47:32.694Z</time>
      </trkpt>
      <trkpt lat="50.653194" lon="17.919828">
        <ele>155.394667</ele>
        <time>2025-12-07T13:47:37.571Z</time>
      </trkpt>
      <trkpt lat="50.653157" lon="17.919753">
        <ele>155.355783</ele>
        <time>2025-12-07T13:47:41.780Z</time>
      </trkpt>
      <trkpt lat="50.653025" lon="17.919573">
        <ele>155.243167</ele>
        <time>2025-12-07T13:47:53.863Z</time>
      </trkpt>
      <trkpt lat="50.652878" lon="17.919438">
        <ele>155.177175</ele>
        <time>2025-12-07T13:48:05.688Z</time>
      </trkpt>
      <trkpt lat="50.652544" lon="17.919368">
        <ele>155.145701</ele>
        <time>2025-12-07T13:48:29.137Z</time>
      </trkpt>
      <trkpt lat="50.652524" lon="17.919336">
        <ele>155.143040</ele>
        <time>2025-12-07T13:48:31.088Z</time>
      </trkpt>
      <trkpt lat="50.652340" lon="17.919040">
        <ele>155.118489</ele>
        <time>2025-12-07T13:48:49.364Z</time>
      </trkpt>
      <trkpt lat="50.651899" lon="17.919003">
        <ele>155.077236</ele>
        <time>2025-12-07T13:48:59.150Z</time>
      </trkpt>
      <trkpt lat="50.651885" lon="17.918732">
        <ele>155.061133</ele>
        <time>2025-12-07T13:49:05.591Z</time>
      </trkpt>
      <trkpt lat="50.651810" lon="17.918602">
        <ele>155.050723</ele>
        <time>2025-12-07T13:49:09.839Z</time>
      </trkpt>
      <trkpt lat="50.651709" lon="17.918549">
        <ele>155.040780</ele>
        <time>2025-12-07T13:49:13.902Z</time>
      </trkpt>
      <trkpt lat="50.651566" lon="17.918546">
        <ele>155.027421</ele>
        <time>2025-12-07T13:49:19.372Z</time>
      </trkpt>
      <trkpt lat="50.651414" lon="17.918427">
        <ele>155.033145</ele>
        <time>2025-12-07T13:49:25.995Z</time>
      </trkpt>
      <trkpt lat="50.651353" lon="17.918341">
        <ele>155.058471</ele>
        <time>2025-12-07T13:49:31.669Z</time>
      </trkpt>
      <trkpt lat="50.651033" lon="17.918346">
        <ele>155.157530</ele>
        <time>2025-12-07T13:49:53.917Z</time>
      </trkpt>
      <trkpt lat="50.650895" lon="17.918640">
        <ele>155.229323</ele>
        <time>2025-12-07T13:50:09.995Z</time>
      </trkpt>
      <trkpt lat="50.650722" lon="17.918822">
        <ele>155.293694</ele>
        <time>2025-12-07T13:50:24.461Z</time>
      </trkpt>
      <trkpt lat="50.650586" lon="17.919154">
        <ele>155.371270</ele>
        <time>2025-12-07T13:50:41.882Z</time>
      </trkpt>
      <trkpt lat="50.650379" lon="17.919169">
        <ele>155.435413</ele>
        <time>2025-12-07T13:50:56.310Z</time>
      </trkpt>
      <trkpt lat="50.650352" lon="17.919171">
        <ele>155.443780</ele>
        <time>2025-12-07T13:50:58.183Z</time>
      </trkpt>
      <trkpt lat="50.650242" lon="17.919224">
        <ele>155.479383</ele>
        <time>2025-12-07T13:51:06.193Z</time>
      </trkpt>
      <trkpt lat="50.649980" lon="17.919730">
        <ele>155.500856</ele>
        <time>2025-12-07T13:51:34.969Z</time>
      </trkpt>
      <trkpt lat="50.649910" lon="17.919821">
        <ele>155.441478</ele>
        <time>2025-12-07T13:51:41.303Z</time>
      </trkpt>
      <trkpt lat="50.649618" lon="17.920070">
        <ele>155.224199</ele>
        <time>2025-12-07T13:52:04.326Z</time>
      </trkpt>
      <trkpt lat="50.649425" lon="17.920161">
        <ele>155.092345</ele>
        <time>2025-12-07T13:52:18.366Z</time>
      </trkpt>
      <trkpt lat="50.649457" lon="17.920391">
        <ele>154.994617</ele>
        <time>2025-12-07T13:52:28.730Z</time>
      </trkpt>
      <trkpt lat="50.649433" lon="17.920397">
        <ele>154.978711</ele>
        <time>2025-12-07T13:52:29.218Z</time>
      </trkpt>
      <trkpt lat="50.648746" lon="17.920599">
        <ele>154.521284</ele>
        <time>2025-12-07T13:52:43.150Z</time>
      </trkpt>
      <trkpt lat="50.648529" lon="17.920461">
        <ele>154.345559</ele>
        <time>2025-12-07T13:52:47.736Z</time>
      </trkpt>
      <trkpt lat="50.648387" lon="17.920362">
        <ele>154.161668</ele>
        <time>2025-12-07T13:52:50.753Z</time>
      </trkpt>
      <trkpt lat="50.647895" lon="17.920798">
        <ele>153.493232</ele>
        <time>2025-12-07T13:53:01.551Z</time>
      </trkpt>
      <trkpt lat="50.647781" lon="17.920899">
        <ele>153.338359</ele>
        <time>2025-12-07T13:53:04.028Z</time>
      </trkpt>
      <trkpt lat="50.647428" lon="17.921268">
        <ele>152.836748</ele>
        <time>2025-12-07T13:53:12.186Z</time>
      </trkpt>
      <trkpt lat="50.647387" lon="17.921309">
        <ele>152.779247</ele>
        <time>2025-12-07T13:53:13.231Z</time>
      </trkpt>
      <trkpt lat="50.647367" lon="17.921241">
        <ele>152.722950</ele>
        <time>2025-12-07T13:53:14.186Z</time>
      </trkpt>
      <trkpt lat="50.646417" lon="17.918559">
        <ele>151.344315</ele>
        <time>2025-12-07T13:53:53.957Z</time>
      </trkpt>
      <trkpt lat="50.646361" lon="17.918410">
        <ele>151.279529</ele>
        <time>2025-12-07T13:53:56.336Z</time>
      </trkpt>
      <trkpt lat="50.646211" lon="17.917969">
        <ele>151.213751</ele>
        <time>2025-12-07T13:54:03.321Z</time>
      </trkpt>
      <trkpt lat="50.646112" lon="17.917594">
        <ele>151.226033</ele>
        <time>2025-12-07T13:54:09.155Z</time>
      </trkpt>
      <trkpt lat="50.646059" lon="17.917140">
        <ele>151.239991</ele>
        <time>2025-12-07T13:54:15.977Z</time>
      </trkpt>
      <trkpt lat="50.646055" lon="17.916812">
        <ele>151.249911</ele>
        <time>2025-12-07T13:54:20.943Z</time>
      </trkpt>
      <trkpt lat="50.646090" lon="17.916429">
        <ele>151.261611</ele>
        <time>2025-12-07T13:54:26.755Z</time>
      </trkpt>
      <trkpt lat="50.646271" lon="17.914763">
        <ele>151.315999</ele>
        <time>2025-12-07T13:54:50.709Z</time>
      </trkpt>
      <trkpt lat="50.646279" lon="17.914531">
        <ele>151.324058</ele>
        <time>2025-12-07T13:54:53.996Z</time>
      </trkpt>
      <trkpt lat="50.646282" lon="17.914441">
        <ele>151.327184</ele>
        <time>2025-12-07T13:54:55.263Z</time>
      </trkpt>
      <trkpt lat="50.646260" lon="17.914127">
        <ele>151.338141</ele>
        <time>2025-12-07T13:54:59.712Z</time>
      </trkpt>
      <trkpt lat="50.646110" lon="17.913505">
        <ele>151.361224</ele>
        <time>2025-12-07T13:55:09.008Z</time>
      </trkpt>
      <trkpt lat="50.645347" lon="17.911867">
        <ele>151.959363</ele>
        <time>2025-12-07T13:55:38.886Z</time>
      </trkpt>
      <trkpt lat="50.645245" lon="17.911502">
        <ele>152.143374</ele>
        <time>2025-12-07T13:55:45.602Z</time>
      </trkpt>
      <trkpt lat="50.645197" lon="17.911168">
        <ele>152.301365</ele>
        <time>2025-12-07T13:55:51.544Z</time>
      </trkpt>
      <trkpt lat="50.645193" lon="17.910920">
        <ele>152.415811</ele>
        <time>2025-12-07T13:55:55.951Z</time>
      </trkpt>
      <trkpt lat="50.645236" lon="17.910742">
        <ele>152.503685</ele>
        <time>2025-12-07T13:55:59.509Z</time>
      </trkpt>
      <trkpt lat="50.645301" lon="17.910528">
        <ele>152.613150</ele>
        <time>2025-12-07T13:56:04.011Z</time>
      </trkpt>
      <trkpt lat="50.645783" lon="17.909095">
        <ele>153.488918</ele>
        <time>2025-12-07T13:56:34.871Z</time>
      </trkpt>
      <trkpt lat="50.645990" lon="17.908478">
        <ele>153.872733</ele>
        <time>2025-12-07T13:56:46.239Z</time>
      </trkpt>
      <trkpt lat="50.645268" lon="17.907888">
        <ele>154.380801</ele>
        <time>2025-12-07T13:57:05.805Z</time>
      </trkpt>
      <trkpt lat="50.645194" lon="17.907823">
        <ele>154.409142</ele>
        <time>2025-12-07T13:57:07.786Z</time>
      </trkpt>
      <trkpt lat="50.645007" lon="17.907568">
        <ele>154.491859</ele>
        <time>2025-12-07T13:57:13.409Z</time>
      </trkpt>
      <trkpt lat="50.644690" lon="17.907407">
        <ele>154.603290</ele>
        <time>2025-12-07T13:57:21.020Z</time>
      </trkpt>
      <trkpt lat="50.643081" lon="17.906475">
        <ele>155.860521</ele>
        <time>2025-12-07T13:58:03.170Z</time>
      </trkpt>
      <trkpt lat="50.641870" lon="17.905773">
        <ele>158.911106</ele>
        <time>2025-12-07T13:58:41.885Z</time>
      </trkpt>
      <trkpt lat="50.641683" lon="17.905674">
        <ele>159.873481</ele>
        <time>2025-12-07T13:58:49.715Z</time>
      </trkpt>
      <trkpt lat="50.641239" lon="17.905470">
        <ele>162.129732</ele>
        <time>2025-12-07T13:59:11.009Z</time>
      </trkpt>
      <trkpt lat="50.641233" lon="17.905412">
        <ele>162.311555</ele>
        <time>2025-12-07T13:59:12.947Z</time>
      </trkpt>
      <trkpt lat="50.641228" lon="17.905369">
        <ele>162.446815</ele>
        <time>2025-12-07T13:59:14.399Z</time>
      </trkpt>
      <trkpt lat="50.641160" lon="17.905258">
        <ele>162.924317</ele>
        <time>2025-12-07T13:59:19.680Z</time>
      </trkpt>
      <trkpt lat="50.640833" lon="17.905047">
        <ele>164.648078</ele>
        <time>2025-12-07T13:59:40.298Z</time>
      </trkpt>
      <trkpt lat="50.640050" lon="17.904774">
        <ele>170.284527</ele>
        <time>2025-12-07T14:00:33.428Z</time>
      </trkpt>
      <trkpt lat="50.639792" lon="17.904728">
        <ele>172.271867</ele>
        <time>2025-12-07T14:00:51.122Z</time>
      </trkpt>
      <trkpt lat="50.639673" lon="17.904666">
        <ele>173.231138</ele>
        <time>2025-12-07T14:00:59.564Z</time>
      </trkpt>
      <trkpt lat="50.639080" lon="17.903962">
        <ele>178.912672</ele>
        <time>2025-12-07T14:01:44.511Z</time>
      </trkpt>
      <trkpt lat="50.638786" lon="17.903700">
        <ele>180.118997</ele>
        <time>2025-12-07T14:02:02.009Z</time>
      </trkpt>
      <trkpt lat="50.638639" lon="17.903581">
        <ele>180.591601</ele>
        <time>2025-12-07T14:02:10.879Z</time>
      </trkpt>
      <trkpt lat="50.638534" lon="17.903497">
        <ele>180.928350</ele>
        <time>2025-12-07T14:02:16.850Z</time>
      </trkpt>
      <trkpt lat="50.638503" lon="17.903472">
        <ele>181.027936</ele>
        <time>2025-12-07T14:02:18.351Z</time>
      </trkpt>
      <trkpt lat="50.638476" lon="17.903453">
        <ele>181.112500</ele>
        <time>2025-12-07T14:02:19.638Z</time>
      </trkpt>
      <trkpt lat="50.638339" lon="17.903478">
        <ele>181.506945</ele>
        <time>2025-12-07T14:02:25.261Z</time>
      </trkpt>
      <trkpt lat="50.637761" lon="17.903041">
        <ele>183.340289</ele>
        <time>2025-12-07T14:02:47.042Z</time>
      </trkpt>
      <trkpt lat="50.637088" lon="17.902553">
        <ele>183.441779</ele>
        <time>2025-12-07T14:03:03.725Z</time>
      </trkpt>
      <trkpt lat="50.636704" lon="17.902252">
        <ele>182.238177</ele>
        <time>2025-12-07T14:03:11.718Z</time>
      </trkpt>
      <trkpt lat="50.636478" lon="17.902149">
        <ele>181.577902</ele>
        <time>2025-12-07T14:03:15.843Z</time>
      </trkpt>
      <trkpt lat="50.636145" lon="17.901985">
        <ele>180.598747</ele>
        <time>2025-12-07T14:03:21.856Z</time>
      </trkpt>
      <trkpt lat="50.635846" lon="17.901756">
        <ele>179.665783</ele>
        <time>2025-12-07T14:03:27.421Z</time>
      </trkpt>
      <trkpt lat="50.634713" lon="17.900936">
        <ele>175.969741</ele>
        <time>2025-12-07T14:03:48.617Z</time>
      </trkpt>
      <trkpt lat="50.634492" lon="17.900803">
        <ele>175.265259</ele>
        <time>2025-12-07T14:03:53.189Z</time>
      </trkpt>
      <trkpt lat="50.634284" lon="17.900774">
        <ele>174.643393</ele>
        <time>2025-12-07T14:03:57.568Z</time>
      </trkpt>
      <trkpt lat="50.633713" lon="17.900845">
        <ele>174.400058</ele>
        <time>2025-12-07T14:04:11.652Z</time>
      </trkpt>
      <trkpt lat="50.633170" lon="17.900920">
        <ele>174.937971</ele>
        <time>2025-12-07T14:04:28.024Z</time>
      </trkpt>
      <trkpt lat="50.633137" lon="17.900821">
        <ele>175.007975</ele>
        <time>2025-12-07T14:04:30.146Z</time>
      </trkpt>
      <trkpt lat="50.632606" lon="17.899880">
        <ele>175.796351</ele>
        <time>2025-12-07T14:04:54.997Z</time>
      </trkpt>
      <trkpt lat="50.632306" lon="17.899357">
        <ele>176.685138</ele>
        <time>2025-12-07T14:05:07.619Z</time>
      </trkpt>
      <trkpt lat="50.632090" lon="17.898795">
        <ele>177.527773</ele>
        <time>2025-12-07T14:05:19.963Z</time>
      </trkpt>
      <trkpt lat="50.632086" lon="17.898773">
        <ele>177.557120</ele>
        <time>2025-12-07T14:05:20.436Z</time>
      </trkpt>
      <trkpt lat="50.631925" lon="17.898646">
        <ele>177.921071</ele>
        <time>2025-12-07T14:05:26.239Z</time>
      </trkpt>
      <trkpt lat="50.631412" lon="17.898340">
        <ele>179.029919</ele>
        <time>2025-12-07T14:05:45.638Z</time>
      </trkpt>
      <trkpt lat="50.630151" lon="17.898193">
        <ele>183.013458</ele>
        <time>2025-12-07T14:06:36.863Z</time>
      </trkpt>
      <trkpt lat="50.629890" lon="17.898128">
        <ele>183.904115</ele>
        <time>2025-12-07T14:06:48.148Z</time>
      </trkpt>
      <trkpt lat="50.628683" lon="17.897235">
        <ele>187.162222</ele>
        <time>2025-12-07T14:07:40.633Z</time>
      </trkpt>
      <trkpt lat="50.628393" lon="17.897025">
        <ele>187.777580</ele>
        <time>2025-12-07T14:07:50.661Z</time>
      </trkpt>
      <trkpt lat="50.628167" lon="17.896907">
        <ele>188.236638</ele>
        <time>2025-12-07T14:07:57.535Z</time>
      </trkpt>
      <trkpt lat="50.628449" lon="17.895823">
        <ele>188.742502</ele>
        <time>2025-12-07T14:08:15.091Z</time>
      </trkpt>
      <trkpt lat="50.628581" lon="17.895313">
        <ele>188.513023</ele>
        <time>2025-12-07T14:08:22.468Z</time>
      </trkpt>
      <trkpt lat="50.628642" lon="17.895070">
        <ele>188.404147</ele>
        <time>2025-12-07T14:08:25.902Z</time>
      </trkpt>
      <trkpt lat="50.628807" lon="17.894423">
        <ele>188.113630</ele>
        <time>2025-12-07T14:08:35.051Z</time>
      </trkpt>
      <trkpt lat="50.628954" lon="17.893826">
        <ele>187.846832</ele>
        <time>2025-12-07T14:08:43.501Z</time>
      </trkpt>
      <trkpt lat="50.628245" lon="17.893211">
        <ele>187.299181</ele>
        <time>2025-12-07T14:09:00.612Z</time>
      </trkpt>
      <trkpt lat="50.628511" lon="17.892393">
        <ele>186.903359</ele>
        <time>2025-12-07T14:09:13.180Z</time>
      </trkpt>
      <trkpt lat="50.628366" lon="17.892088">
        <ele>186.739233</ele>
        <time>2025-12-07T14:09:18.501Z</time>
      </trkpt>
      <trkpt lat="50.628175" lon="17.891635">
        <ele>186.520711</ele>
        <time>2025-12-07T14:09:26.106Z</time>
      </trkpt>
      <trkpt lat="50.627875" lon="17.890955">
        <ele>186.243112</ele>
        <time>2025-12-07T14:09:44.656Z</time>
      </trkpt>
      <trkpt lat="50.627581" lon="17.890246">
        <ele>185.959226</ele>
        <time>2025-12-07T14:10:03.459Z</time>
      </trkpt>
      <trkpt lat="50.626816" lon="17.890038">
        <ele>185.674374</ele>
        <time>2025-12-07T14:10:31.305Z</time>
      </trkpt>
      <trkpt lat="50.626518" lon="17.889945">
        <ele>185.776827</ele>
        <time>2025-12-07T14:10:42.430Z</time>
      </trkpt>
      <trkpt lat="50.623335" lon="17.888951">
        <ele>187.183716</ele>
        <time>2025-12-07T14:12:52.777Z</time>
      </trkpt>
      <trkpt lat="50.623329" lon="17.889523">
        <ele>187.064060</ele>
        <time>2025-12-07T14:13:01.054Z</time>
      </trkpt>
      <trkpt lat="50.623334" lon="17.890109">
        <ele>186.941480</ele>
        <time>2025-12-07T14:13:09.292Z</time>
      </trkpt>
      <trkpt lat="50.623338" lon="17.890708">
        <ele>186.816186</ele>
        <time>2025-12-07T14:13:17.543Z</time>
      </trkpt>
      <trkpt lat="50.623276" lon="17.891604">
        <ele>186.627666</ele>
        <time>2025-12-07T14:13:29.634Z</time>
      </trkpt>
      <trkpt lat="50.623106" lon="17.891625">
        <ele>186.512755</ele>
        <time>2025-12-07T14:13:33.255Z</time>
      </trkpt>
      <trkpt lat="50.621886" lon="17.891259">
        <ele>185.631732</ele>
        <time>2025-12-07T14:13:59.904Z</time>
      </trkpt>
      <trkpt lat="50.618231" lon="17.890125">
        <ele>183.185201</ele>
        <time>2025-12-07T14:15:25.703Z</time>
      </trkpt>
      <trkpt lat="50.618070" lon="17.890111">
        <ele>183.079749</ele>
        <time>2025-12-07T14:15:29.234Z</time>
      </trkpt>
      <trkpt lat="50.617970" lon="17.890044">
        <ele>183.008687</ele>
        <time>2025-12-07T14:15:31.580Z</time>
      </trkpt>
      <trkpt lat="50.616723" lon="17.889662">
        <ele>183.278351</ele>
        <time>2025-12-07T14:16:01.764Z</time>
      </trkpt>
      <trkpt lat="50.615685" lon="17.889363">
        <ele>183.607895</ele>
        <time>2025-12-07T14:16:35.008Z</time>
      </trkpt>
      <trkpt lat="50.615315" lon="17.889245">
        <ele>183.763128</ele>
        <time>2025-12-07T14:16:47.063Z</time>
      </trkpt>
      <trkpt lat="50.615001" lon="17.889149">
        <ele>183.894656</ele>
        <time>2025-12-07T14:16:54.754Z</time>
      </trkpt>
      <trkpt lat="50.614683" lon="17.889060">
        <ele>184.027468</ele>
        <time>2025-12-07T14:17:01.100Z</time>
      </trkpt>
      <trkpt lat="50.614360" lon="17.888964">
        <ele>183.949333</ele>
        <time>2025-12-07T14:17:07.350Z</time>
      </trkpt>
      <trkpt lat="50.613723" lon="17.888752">
        <ele>182.310840</ele>
        <time>2025-12-07T14:17:19.424Z</time>
      </trkpt>
      <trkpt lat="50.613674" lon="17.888745">
        <ele>182.187016</ele>
        <time>2025-12-07T14:17:20.276Z</time>
      </trkpt>
      <trkpt lat="50.613649" lon="17.888795">
        <ele>182.085359</ele>
        <time>2025-12-07T14:17:21.005Z</time>
      </trkpt>
      <trkpt lat="50.613437" lon="17.889573">
        <ele>180.733207</ele>
        <time>2025-12-07T14:17:30.124Z</time>
      </trkpt>
      <trkpt lat="50.613354" lon="17.889580">
        <ele>180.524022</ele>
        <time>2025-12-07T14:17:31.611Z</time>
      </trkpt>
      <trkpt lat="50.613425" lon="17.888357">
        <ele>178.213420</ele>
        <time>2025-12-07T14:17:45.161Z</time>
      </trkpt>
      <trkpt lat="50.613453" lon="17.887873">
        <ele>177.177382</ele>
        <time>2025-12-07T14:17:50.318Z</time>
      </trkpt>
      <trkpt lat="50.613461" lon="17.887485">
        <ele>176.349833</ele>
        <time>2025-12-07T14:17:54.378Z</time>
      </trkpt>
      <trkpt lat="50.613404" lon="17.886365">
        <ele>173.954624</ele>
        <time>2025-12-07T14:18:06.363Z</time>
      </trkpt>
      <trkpt lat="50.613399" lon="17.886129">
        <ele>173.476364</ele>
        <time>2025-12-07T14:18:08.945Z</time>
      </trkpt>
      <trkpt lat="50.613457" lon="17.885045">
        <ele>171.675702</ele>
        <time>2025-12-07T14:18:20.944Z</time>
      </trkpt>
      <trkpt lat="50.613479" lon="17.884695">
        <ele>171.093529</ele>
        <time>2025-12-07T14:18:24.896Z</time>
      </trkpt>
      <trkpt lat="50.613545" lon="17.883438">
        <ele>169.005769</ele>
        <time>2025-12-07T14:18:39.221Z</time>
      </trkpt>
      <trkpt lat="50.613827" lon="17.881764">
        <ele>167.169016</ele>
        <time>2025-12-07T14:18:59.428Z</time>
      </trkpt>
      <trkpt lat="50.613866" lon="17.881269">
        <ele>166.654594</ele>
        <time>2025-12-07T14:19:05.517Z</time>
      </trkpt>
      <trkpt lat="50.613855" lon="17.880678">
        <ele>166.044823</ele>
        <time>2025-12-07T14:19:12.940Z</time>
      </trkpt>
      <trkpt lat="50.613758" lon="17.880197">
        <ele>165.907813</ele>
        <time>2025-12-07T14:19:19.458Z</time>
      </trkpt>
      <trkpt lat="50.613544" lon="17.879583">
        <ele>165.838627</ele>
        <time>2025-12-07T14:19:28.826Z</time>
      </trkpt>
      <trkpt lat="50.612711" lon="17.877954">
        <ele>165.777100</ele>
        <time>2025-12-07T14:19:59.464Z</time>
      </trkpt>
      <trkpt lat="50.612407" lon="17.877308">
        <ele>166.013620</ele>
        <time>2025-12-07T14:20:12.122Z</time>
      </trkpt>
      <trkpt lat="50.612000" lon="17.876734">
        <ele>166.266748</ele>
        <time>2025-12-07T14:20:25.627Z</time>
      </trkpt>
      <trkpt lat="50.611971" lon="17.876650">
        <ele>166.294871</ele>
        <time>2025-12-07T14:20:27.134Z</time>
      </trkpt>
      <trkpt lat="50.611955" lon="17.876385">
        <ele>166.373157</ele>
        <time>2025-12-07T14:20:31.288Z</time>
      </trkpt>
      <trkpt lat="50.612045" lon="17.874709">
        <ele>167.480358</ele>
        <time>2025-12-07T14:20:58.671Z</time>
      </trkpt>
      <trkpt lat="50.612374" lon="17.868811">
        <ele>171.679361</ele>
        <time>2025-12-07T14:22:48.429Z</time>
      </trkpt>
      <trkpt lat="50.612114" lon="17.868867">
        <ele>171.877927</ele>
        <time>2025-12-07T14:22:55.052Z</time>
      </trkpt>
      <trkpt lat="50.611844" lon="17.868913">
        <ele>172.083421</ele>
        <time>2025-12-07T14:23:01.569Z</time>
      </trkpt>
      <trkpt lat="50.611234" lon="17.869021">
        <ele>172.278333</ele>
        <time>2025-12-07T14:23:15.434Z</time>
      </trkpt>
      <trkpt lat="50.608776" lon="17.869456">
        <ele>172.259414</ele>
        <time>2025-12-07T14:24:11.602Z</time>
      </trkpt>
      <trkpt lat="50.608047" lon="17.869481">
        <ele>172.410832</ele>
        <time>2025-12-07T14:24:30.672Z</time>
      </trkpt>
      <trkpt lat="50.607154" lon="17.869484">
        <ele>172.601861</ele>
        <time>2025-12-07T14:24:54.243Z</time>
      </trkpt>
      <trkpt lat="50.604748" lon="17.869173">
        <ele>172.964682</ele>
        <time>2025-12-07T14:25:49.468Z</time>
      </trkpt>
      <trkpt lat="50.604399" lon="17.869259">
        <ele>173.001632</ele>
        <time>2025-12-07T14:25:58.082Z</time>
      </trkpt>
      <trkpt lat="50.604134" lon="17.869436">
        <ele>173.412924</ele>
        <time>2025-12-07T14:26:05.619Z</time>
      </trkpt>
      <trkpt lat="50.603568" lon="17.870072">
        <ele>174.527239</ele>
        <time>2025-12-07T14:26:26.260Z</time>
      </trkpt>
      <trkpt lat="50.603486" lon="17.870147">
        <ele>174.679217</ele>
        <time>2025-12-07T14:26:29.387Z</time>
      </trkpt>
      <trkpt lat="50.603287" lon="17.870227">
        <ele>175.008410</ele>
        <time>2025-12-07T14:26:36.524Z</time>
      </trkpt>
      <trkpt lat="50.603175" lon="17.870186">
        <ele>175.192715</ele>
        <time>2025-12-07T14:26:40.633Z</time>
      </trkpt>
      <trkpt lat="50.602598" lon="17.869774">
        <ele>176.236910</ele>
        <time>2025-12-07T14:27:03.505Z</time>
      </trkpt>
      <trkpt lat="50.602241" lon="17.869623">
        <ele>176.882704</ele>
        <time>2025-12-07T14:27:16.457Z</time>
      </trkpt>
      <trkpt lat="50.601851" lon="17.869567">
        <ele>177.566890</ele>
        <time>2025-12-07T14:27:29.684Z</time>
      </trkpt>
      <trkpt lat="50.600846" lon="17.869845">
        <ele>179.162975</ele>
        <time>2025-12-07T14:27:59.219Z</time>
      </trkpt>
      <trkpt lat="50.600733" lon="17.869859">
        <ele>179.245187</ele>
        <time>2025-12-07T14:28:02.124Z</time>
      </trkpt>
      <trkpt lat="50.600629" lon="17.869825">
        <ele>179.322225</ele>
        <time>2025-12-07T14:28:04.799Z</time>
      </trkpt>
      <trkpt lat="50.600457" lon="17.870188">
        <ele>179.530766</ele>
        <time>2025-12-07T14:28:11.819Z</time>
      </trkpt>
      <trkpt lat="50.600135" lon="17.870898">
        <ele>179.932489</ele>
        <time>2025-12-07T14:28:25.650Z</time>
      </trkpt>
      <trkpt lat="50.599937" lon="17.871493">
        <ele>180.241772</ele>
        <time>2025-12-07T14:28:36.674Z</time>
      </trkpt>
      <trkpt lat="50.599771" lon="17.872114">
        <ele>180.379480</ele>
        <time>2025-12-07T14:28:48.217Z</time>
      </trkpt>
      <trkpt lat="50.599699" lon="17.872481">
        <ele>180.415680</ele>
        <time>2025-12-07T14:28:54.545Z</time>
      </trkpt>
      <trkpt lat="50.599579" lon="17.873417">
        <ele>180.505668</ele>
        <time>2025-12-07T14:29:09.146Z</time>
      </trkpt>
      <trkpt lat="50.599476" lon="17.873442">
        <ele>180.521141</ele>
        <time>2025-12-07T14:29:13.028Z</time>
      </trkpt>
      <trkpt lat="50.597958" lon="17.874367">
        <ele>180.321065</ele>
        <time>2025-12-07T14:30:10.306Z</time>
      </trkpt>
      <trkpt lat="50.595872" lon="17.875571">
        <ele>180.853992</ele>
        <time>2025-12-07T14:31:36.322Z</time>
      </trkpt>
      <trkpt lat="50.593965" lon="17.876717">
        <ele>182.433286</ele>
        <time>2025-12-07T14:33:02.793Z</time>
      </trkpt>
      <trkpt lat="50.593493" lon="17.876966">
        <ele>182.301888</ele>
        <time>2025-12-07T14:33:20.811Z</time>
      </trkpt>
      <trkpt lat="50.593474" lon="17.877556">
        <ele>182.156194</ele>
        <time>2025-12-07T14:33:46.882Z</time>
      </trkpt>
      <trkpt lat="50.593457" lon="17.878068">
        <ele>182.029750</ele>
        <time>2025-12-07T14:34:09.510Z</time>
      </trkpt>
      <trkpt lat="50.593443" lon="17.878509">
        <ele>181.920854</ele>
        <time>2025-12-07T14:34:28.975Z</time>
      </trkpt>
      <trkpt lat="50.593401" lon="17.879805">
        <ele>181.379105</ele>
        <time>2025-12-07T14:35:26.234Z</time>
      </trkpt>
      <trkpt lat="50.593337" lon="17.881818">
        <ele>180.255234</ele>
        <time>2025-12-07T14:36:55.139Z</time>
      </trkpt>
      <trkpt lat="50.593177" lon="17.881805">
        <ele>180.028404</ele>
        <time>2025-12-07T14:36:59.109Z</time>
      </trkpt>
      <trkpt lat="50.593045" lon="17.881795">
        <ele>179.790812</ele>
        <time>2025-12-07T14:37:02.340Z</time>
      </trkpt>
      <trkpt lat="50.592835" lon="17.881779">
        <ele>179.412821</ele>
        <time>2025-12-07T14:37:07.356Z</time>
      </trkpt>
      <trkpt lat="50.592795" lon="17.881776">
        <ele>179.340826</ele>
        <time>2025-12-07T14:37:08.320Z</time>
      </trkpt>
      <trkpt lat="50.591778" lon="17.881670">
        <ele>177.508409</ele>
        <time>2025-12-07T14:37:33.327Z</time>
      </trkpt>
      <trkpt lat="50.591820" lon="17.880810">
        <ele>177.008383</ele>
        <time>2025-12-07T14:37:48.032Z</time>
      </trkpt>
      <trkpt lat="50.591841" lon="17.879685">
        <ele>177.140969</ele>
        <time>2025-12-07T14:38:10.338Z</time>
      </trkpt>
      <trkpt lat="50.591848" lon="17.879258">
        <ele>177.191288</ele>
        <time>2025-12-07T14:38:19.359Z</time>
      </trkpt>
      <trkpt lat="50.591783" lon="17.878555">
        <ele>177.274977</ele>
        <time>2025-12-07T14:38:34.328Z</time>
      </trkpt>
      <trkpt lat="50.591655" lon="17.877831">
        <ele>177.325784</ele>
        <time>2025-12-07T14:38:49.871Z</time>
      </trkpt>
      <trkpt lat="50.591590" lon="17.876834">
        <ele>177.377058</ele>
        <time>2025-12-07T14:39:09.108Z</time>
      </trkpt>
      <trkpt lat="50.591562" lon="17.876716">
        <ele>177.383503</ele>
        <time>2025-12-07T14:39:11.500Z</time>
      </trkpt>
      <trkpt lat="50.590639" lon="17.871090">
        <ele>177.228534</ele>
        <time>2025-12-07T14:41:24.481Z</time>
      </trkpt>
      <trkpt lat="50.590650" lon="17.870990">
        <ele>177.251559</ele>
        <time>2025-12-07T14:41:27.242Z</time>
      </trkpt>
      <trkpt lat="50.590704" lon="17.870907">
        <ele>177.278521</ele>
        <time>2025-12-07T14:41:30.538Z</time>
      </trkpt>
      <trkpt lat="50.591094" lon="17.870846">
        <ele>177.418574</ele>
        <time>2025-12-07T14:41:47.958Z</time>
      </trkpt>
      <trkpt lat="50.591276" lon="17.870772">
        <ele>177.531951</ele>
        <time>2025-12-07T14:41:56.585Z</time>
      </trkpt>
      <trkpt lat="50.591412" lon="17.870708">
        <ele>177.656806</ele>
        <time>2025-12-07T14:42:01.035Z</time>
      </trkpt>
      <trkpt lat="50.591439" lon="17.870330">
        <ele>177.869225</ele>
        <time>2025-12-07T14:42:08.646Z</time>
      </trkpt>
      <trkpt lat="50.591409" lon="17.869792">
        <ele>178.170819</ele>
        <time>2025-12-07T14:42:19.266Z</time>
      </trkpt>
      <trkpt lat="50.591448" lon="17.869655">
        <ele>178.254664</ele>
        <time>2025-12-07T14:42:22.097Z</time>
      </trkpt>
      <trkpt lat="50.591590" lon="17.869395">
        <ele>178.446192</ele>
        <time>2025-12-07T14:42:28.343Z</time>
      </trkpt>
      <trkpt lat="50.592256" lon="17.867721">
        <ele>177.943848</ele>
        <time>2025-12-07T14:42:55.567Z</time>
      </trkpt>
      <trkpt lat="50.592336" lon="17.867257">
        <ele>177.372225</ele>
        <time>2025-12-07T14:43:01.334Z</time>
      </trkpt>
      <trkpt lat="50.592341" lon="17.867062">
        <ele>177.140204</ele>
        <time>2025-12-07T14:43:03.584Z</time>
      </trkpt>
      <trkpt lat="50.592311" lon="17.866835">
        <ele>176.864543</ele>
        <time>2025-12-07T14:43:06.234Z</time>
      </trkpt>
      <trkpt lat="50.592065" lon="17.865814">
        <ele>175.481613</ele>
        <time>2025-12-07T14:43:18.119Z</time>
      </trkpt>
      <trkpt lat="50.592053" lon="17.865766">
        <ele>175.369253</ele>
        <time>2025-12-07T14:43:18.665Z</time>
      </trkpt>
      <trkpt lat="50.592037" lon="17.865698">
        <ele>175.211301</ele>
        <time>2025-12-07T14:43:19.426Z</time>
      </trkpt>
      <trkpt lat="50.591833" lon="17.864611">
        <ele>172.742486</ele>
        <time>2025-12-07T14:43:31.160Z</time>
      </trkpt>
      <trkpt lat="50.591724" lon="17.864197">
        <ele>171.766304</ele>
        <time>2025-12-07T14:43:35.826Z</time>
      </trkpt>
      <trkpt lat="50.591505" lon="17.863955">
        <ele>170.848502</ele>
        <time>2025-12-07T14:43:40.274Z</time>
      </trkpt>
      <trkpt lat="50.591251" lon="17.863605">
        <ele>169.690686</ele>
        <time>2025-12-07T14:43:46.130Z</time>
      </trkpt>
      <trkpt lat="50.590978" lon="17.863219">
        <ele>169.456431</ele>
        <time>2025-12-07T14:43:52.964Z</time>
      </trkpt>
      <trkpt lat="50.590784" lon="17.863049">
        <ele>169.427411</ele>
        <time>2025-12-07T14:43:57.386Z</time>
      </trkpt>
      <trkpt lat="50.590552" lon="17.862903">
        <ele>169.394752</ele>
        <time>2025-12-07T14:44:02.768Z</time>
      </trkpt>
      <trkpt lat="50.589992" lon="17.862402">
        <ele>169.310564</ele>
        <time>2025-12-07T14:44:19.782Z</time>
      </trkpt>
      <trkpt lat="50.589860" lon="17.862237">
        <ele>169.288536</ele>
        <time>2025-12-07T14:44:24.582Z</time>
      </trkpt>
      <trkpt lat="50.589836" lon="17.862098">
        <ele>169.276581</ele>
        <time>2025-12-07T14:44:27.287Z</time>
      </trkpt>
      <trkpt lat="50.590009" lon="17.861786">
        <ele>169.283182</ele>
        <time>2025-12-07T14:44:34.977Z</time>
      </trkpt>
      <trkpt lat="50.590318" lon="17.861118">
        <ele>169.357402</ele>
        <time>2025-12-07T14:44:49.059Z</time>
      </trkpt>
      <trkpt lat="50.590340" lon="17.860973">
        <ele>169.370790</ele>
        <time>2025-12-07T14:44:51.264Z</time>
      </trkpt>
      <trkpt lat="50.590352" lon="17.860854">
        <ele>169.381610</ele>
        <time>2025-12-07T14:44:52.995Z</time>
      </trkpt>
      <trkpt lat="50.590373" lon="17.860689">
        <ele>169.396722</ele>
        <time>2025-12-07T14:44:55.333Z</time>
      </trkpt>
      <trkpt lat="50.590460" lon="17.859967">
        <ele>169.462715</ele>
        <time>2025-12-07T14:45:05.211Z</time>
      </trkpt>
      <trkpt lat="50.590464" lon="17.859667">
        <ele>169.489661</ele>
        <time>2025-12-07T14:45:09.127Z</time>
      </trkpt>
      <trkpt lat="50.590427" lon="17.858850">
        <ele>169.411017</ele>
        <time>2025-12-07T14:45:19.698Z</time>
      </trkpt>
      <trkpt lat="50.590382" lon="17.858624">
        <ele>169.363286</ele>
        <time>2025-12-07T14:45:22.767Z</time>
      </trkpt>
      <trkpt lat="50.590283" lon="17.858517">
        <ele>169.325175</ele>
        <time>2025-12-07T14:45:25.242Z</time>
      </trkpt>
      <trkpt lat="50.590024" lon="17.858476">
        <ele>169.242547</ele>
        <time>2025-12-07T14:45:30.614Z</time>
      </trkpt>
      <trkpt lat="50.589876" lon="17.858655">
        <ele>169.183317</ele>
        <time>2025-12-07T14:45:34.538Z</time>
      </trkpt>
      <trkpt lat="50.589583" lon="17.859131">
        <ele>169.049707</ele>
        <time>2025-12-07T14:45:43.810Z</time>
      </trkpt>
      <trkpt lat="50.589251" lon="17.859795">
        <ele>168.967528</ele>
        <time>2025-12-07T14:45:56.421Z</time>
      </trkpt>
      <trkpt lat="50.589081" lon="17.860072">
        <ele>168.993607</ele>
        <time>2025-12-07T14:46:02.208Z</time>
      </trkpt>
      <trkpt lat="50.588884" lon="17.860240">
        <ele>169.017493</ele>
        <time>2025-12-07T14:46:07.448Z</time>
      </trkpt>
      <trkpt lat="50.588082" lon="17.860550">
        <ele>169.105541</ele>
        <time>2025-12-07T14:46:25.903Z</time>
      </trkpt>
      <trkpt lat="50.587038" lon="17.861072">
        <ele>169.327682</ele>
        <time>2025-12-07T14:46:50.757Z</time>
      </trkpt>
      <trkpt lat="50.585776" lon="17.861232">
        <ele>169.598556</ele>
        <time>2025-12-07T14:47:21.386Z</time>
      </trkpt>
      <trkpt lat="50.585061" lon="17.861005">
        <ele>169.687463</ele>
        <time>2025-12-07T14:47:37.889Z</time>
      </trkpt>
      <trkpt lat="50.584726" lon="17.860946">
        <ele>169.728551</ele>
        <time>2025-12-07T14:47:45.329Z</time>
      </trkpt>
      <trkpt lat="50.584482" lon="17.861013">
        <ele>169.758741</ele>
        <time>2025-12-07T14:47:50.774Z</time>
      </trkpt>
      <trkpt lat="50.583514" lon="17.861417">
        <ele>170.121039</ele>
        <time>2025-12-07T14:48:13.942Z</time>
      </trkpt>
      <trkpt lat="50.582571" lon="17.861586">
        <ele>170.527786</ele>
        <time>2025-12-07T14:48:38.142Z</time>
      </trkpt>
      <trkpt lat="50.581302" lon="17.862094">
        <ele>171.279920</ele>
        <time>2025-12-07T14:49:11.834Z</time>
      </trkpt>
      <trkpt lat="50.580935" lon="17.862241">
        <ele>171.500390</ele>
        <time>2025-12-07T14:49:21.066Z</time>
      </trkpt>
      <trkpt lat="50.579803" lon="17.862335">
        <ele>171.776417</ele>
        <time>2025-12-07T14:49:47.716Z</time>
      </trkpt>
      <trkpt lat="50.578970" lon="17.862464">
        <ele>171.927841</ele>
        <time>2025-12-07T14:50:06.493Z</time>
      </trkpt>
      <trkpt lat="50.578767" lon="17.862385">
        <ele>171.956931</ele>
        <time>2025-12-07T14:50:11.158Z</time>
      </trkpt>
      <trkpt lat="50.578443" lon="17.862183">
        <ele>172.005062</ele>
        <time>2025-12-07T14:50:19.093Z</time>
      </trkpt>
      <trkpt lat="50.578335" lon="17.862161">
        <ele>172.020104</ele>
        <time>2025-12-07T14:50:21.581Z</time>
      </trkpt>
      <trkpt lat="50.578176" lon="17.862195">
        <ele>172.042267</ele>
        <time>2025-12-07T14:50:25.251Z</time>
      </trkpt>
      <trkpt lat="50.578060" lon="17.862223">
        <ele>172.058476</ele>
        <time>2025-12-07T14:50:27.913Z</time>
      </trkpt>
      <trkpt lat="50.578265" lon="17.861008">
        <ele>172.168743</ele>
        <time>2025-12-07T14:50:46.177Z</time>
      </trkpt>
      <trkpt lat="50.578307" lon="17.859875">
        <ele>172.257337</ele>
        <time>2025-12-07T14:51:03.650Z</time>
      </trkpt>
      <trkpt lat="50.578465" lon="17.858238">
        <ele>172.385116</ele>
        <time>2025-12-07T14:51:27.664Z</time>
      </trkpt>
      <trkpt lat="50.578994" lon="17.855930">
        <ele>171.987553</ele>
        <time>2025-12-07T14:52:00.877Z</time>
      </trkpt>
      <trkpt lat="50.579180" lon="17.855201">
        <ele>171.864807</ele>
        <time>2025-12-07T14:52:11.580Z</time>
      </trkpt>
      <trkpt lat="50.579481" lon="17.854376">
        <ele>171.752612</ele>
        <time>2025-12-07T14:52:24.696Z</time>
      </trkpt>
      <trkpt lat="50.579512" lon="17.854293">
        <ele>171.741257</ele>
        <time>2025-12-07T14:52:26.031Z</time>
      </trkpt>
      <trkpt lat="50.580219" lon="17.852394">
        <ele>171.567703</ele>
        <time>2025-12-07T14:52:56.410Z</time>
      </trkpt>
      <trkpt lat="50.580513" lon="17.851360">
        <ele>171.576175</ele>
        <time>2025-12-07T14:53:12.129Z</time>
      </trkpt>
      <trkpt lat="50.579948" lon="17.848026">
        <ele>172.218831</ele>
        <time>2025-12-07T14:54:03.869Z</time>
      </trkpt>
      <trkpt lat="50.579882" lon="17.847643">
        <ele>172.323195</ele>
        <time>2025-12-07T14:54:10.558Z</time>
      </trkpt>
      <trkpt lat="50.579791" lon="17.847301">
        <ele>172.669465</ele>
        <time>2025-12-07T14:54:16.936Z</time>
      </trkpt>
      <trkpt lat="50.579647" lon="17.846943">
        <ele>173.065198</ele>
        <time>2025-12-07T14:54:24.408Z</time>
      </trkpt>
      <trkpt lat="50.579460" lon="17.846633">
        <ele>173.464479</ele>
        <time>2025-12-07T14:54:32.149Z</time>
      </trkpt>
      <trkpt lat="50.577384" lon="17.843568">
        <ele>178.496440</ele>
        <time>2025-12-07T14:56:01.402Z</time>
      </trkpt>
      <trkpt lat="50.576888" lon="17.842821">
        <ele>179.843894</ele>
        <time>2025-12-07T14:56:26.436Z</time>
      </trkpt>
      <trkpt lat="50.576181" lon="17.841786">
        <ele>181.739102</ele>
        <time>2025-12-07T14:56:58.021Z</time>
      </trkpt>
      <trkpt lat="50.575793" lon="17.841221">
        <ele>182.004947</ele>
        <time>2025-12-07T14:57:10.873Z</time>
      </trkpt>
      <trkpt lat="50.575422" lon="17.840745">
        <ele>182.036839</ele>
        <time>2025-12-07T14:57:21.496Z</time>
      </trkpt>
      <trkpt lat="50.574527" lon="17.839873">
        <ele>181.966116</ele>
        <time>2025-12-07T14:57:43.870Z</time>
      </trkpt>
      <trkpt lat="50.574114" lon="17.839545">
        <ele>181.529085</ele>
        <time>2025-12-07T14:57:53.369Z</time>
      </trkpt>
      <trkpt lat="50.572796" lon="17.838792">
        <ele>180.177143</ele>
        <time>2025-12-07T14:58:20.916Z</time>
      </trkpt>
      <trkpt lat="50.572639" lon="17.838666">
        <ele>179.987262</ele>
        <time>2025-12-07T14:58:24.282Z</time>
      </trkpt>
      <trkpt lat="50.572545" lon="17.838451">
        <ele>179.808635</ele>
        <time>2025-12-07T14:58:27.442Z</time>
      </trkpt>
      <trkpt lat="50.572091" lon="17.836216">
        <ele>178.523984</ele>
        <time>2025-12-07T14:58:56.737Z</time>
      </trkpt>
      <trkpt lat="50.571492" lon="17.834097">
        <ele>178.917207</ele>
        <time>2025-12-07T14:59:32.467Z</time>
      </trkpt>
      <trkpt lat="50.571367" lon="17.833554">
        <ele>179.391356</ele>
        <time>2025-12-07T14:59:43.139Z</time>
      </trkpt>
      <trkpt lat="50.570400" lon="17.827269">
        <ele>186.094690</ele>
        <time>2025-12-07T15:01:51.248Z</time>
      </trkpt>
      <trkpt lat="50.570329" lon="17.826763">
        <ele>186.519646</ele>
        <time>2025-12-07T15:02:00.678Z</time>
      </trkpt>
      <trkpt lat="50.570827" lon="17.826388">
        <ele>187.232401</ele>
        <time>2025-12-07T15:02:15.633Z</time>
      </trkpt>
      <trkpt lat="50.571092" lon="17.826018">
        <ele>187.530117</ele>
        <time>2025-12-07T15:02:24.592Z</time>
      </trkpt>
      <trkpt lat="50.571232" lon="17.825758">
        <ele>187.657283</ele>
        <time>2025-12-07T15:02:29.885Z</time>
      </trkpt>
      <trkpt lat="50.571835" lon="17.824672">
        <ele>188.195428</ele>
        <time>2025-12-07T15:02:52.347Z</time>
      </trkpt>
      <trkpt lat="50.572027" lon="17.824326">
        <ele>188.366836</ele>
        <time>2025-12-07T15:02:59.710Z</time>
      </trkpt>
      <trkpt lat="50.572393" lon="17.823768">
        <ele>188.778354</ele>
        <time>2025-12-07T15:03:12.880Z</time>
      </trkpt>
      <trkpt lat="50.572584" lon="17.823530">
        <ele>188.996958</ele>
        <time>2025-12-07T15:03:19.432Z</time>
      </trkpt>
      <trkpt lat="50.572925" lon="17.823210">
        <ele>189.353230</ele>
        <time>2025-12-07T15:03:30.419Z</time>
      </trkpt>
      <trkpt lat="50.573527" lon="17.822754">
        <ele>189.952781</ele>
        <time>2025-12-07T15:03:48.555Z</time>
      </trkpt>
      <trkpt lat="50.573860" lon="17.822576">
        <ele>190.189266</ele>
        <time>2025-12-07T15:03:57.767Z</time>
      </trkpt>
      <trkpt lat="50.574077" lon="17.822503">
        <ele>190.309906</ele>
        <time>2025-12-07T15:04:03.598Z</time>
      </trkpt>
      <trkpt lat="50.574550" lon="17.822409">
        <ele>190.569104</ele>
        <time>2025-12-07T15:04:15.782Z</time>
      </trkpt>
      <trkpt lat="50.574742" lon="17.822405">
        <ele>190.673499</ele>
        <time>2025-12-07T15:04:20.546Z</time>
      </trkpt>
      <trkpt lat="50.575501" lon="17.822509">
        <ele>191.062017</ele>
        <time>2025-12-07T15:04:38.590Z</time>
      </trkpt>
      <trkpt lat="50.575859" lon="17.822474">
        <ele>191.138184</ele>
        <time>2025-12-07T15:04:46.746Z</time>
      </trkpt>
      <trkpt lat="50.575953" lon="17.822446">
        <ele>191.158498</ele>
        <time>2025-12-07T15:04:48.935Z</time>
      </trkpt>
      <trkpt lat="50.576020" lon="17.822422">
        <ele>191.173089</ele>
        <time>2025-12-07T15:04:50.502Z</time>
      </trkpt>
      <trkpt lat="50.576143" lon="17.822350">
        <ele>191.200953</ele>
        <time>2025-12-07T15:04:53.494Z</time>
      </trkpt>
      <trkpt lat="50.576510" lon="17.822051">
        <ele>191.288697</ele>
        <time>2025-12-07T15:05:02.974Z</time>
      </trkpt>
      <trkpt lat="50.578777" lon="17.819883">
        <ele>191.816757</ele>
        <time>2025-12-07T15:06:06.273Z</time>
      </trkpt>
      <trkpt lat="50.579564" lon="17.819130">
        <ele>191.241582</ele>
        <time>2025-12-07T15:06:25.978Z</time>
      </trkpt>
      <trkpt lat="50.579679" lon="17.819059">
        <ele>191.164430</ele>
        <time>2025-12-07T15:06:28.429Z</time>
      </trkpt>
      <trkpt lat="50.579735" lon="17.819123">
        <ele>191.121212</ele>
        <time>2025-12-07T15:06:29.826Z</time>
      </trkpt>
      <trkpt lat="50.580988" lon="17.820569">
        <ele>189.620144</ele>
        <time>2025-12-07T15:06:59.259Z</time>
      </trkpt>
      <trkpt lat="50.582437" lon="17.822240">
        <ele>188.215621</ele>
        <time>2025-12-07T15:07:36.524Z</time>
      </trkpt>
      <trkpt lat="50.582794" lon="17.822652">
        <ele>187.972405</ele>
        <time>2025-12-07T15:07:45.938Z</time>
      </trkpt>
      <trkpt lat="50.583877" lon="17.823900">
        <ele>186.980490</ele>
        <time>2025-12-07T15:08:13.635Z</time>
      </trkpt>
      <trkpt lat="50.584368" lon="17.824466">
        <ele>186.498879</ele>
        <time>2025-12-07T15:08:25.693Z</time>
      </trkpt>
      <trkpt lat="50.585194" lon="17.825420">
        <ele>185.752132</ele>
        <time>2025-12-07T15:08:45.956Z</time>
      </trkpt>
      <trkpt lat="50.587367" lon="17.827966">
        <ele>183.905387</ele>
        <time>2025-12-07T15:09:49.729Z</time>
      </trkpt>
      <trkpt lat="50.589687" lon="17.830649">
        <ele>178.368011</ele>
        <time>2025-12-07T15:10:48.470Z</time>
      </trkpt>
      <trkpt lat="50.589859" lon="17.830862">
        <ele>177.963908</ele>
        <time>2025-12-07T15:10:53.269Z</time>
      </trkpt>
      <trkpt lat="50.590657" lon="17.831792">
        <ele>176.137504</ele>
        <time>2025-12-07T15:11:14.869Z</time>
      </trkpt>
      <trkpt lat="50.590740" lon="17.831871">
        <ele>175.959786</ele>
        <time>2025-12-07T15:11:16.917Z</time>
      </trkpt>
      <trkpt lat="50.592736" lon="17.834138">
        <ele>172.691709</ele>
        <time>2025-12-07T15:12:07.529Z</time>
      </trkpt>
      <trkpt lat="50.592766" lon="17.834167">
        <ele>172.662213</ele>
        <time>2025-12-07T15:12:08.419Z</time>
      </trkpt>
      <trkpt lat="50.593428" lon="17.834961">
        <ele>172.932831</ele>
        <time>2025-12-07T15:12:35.735Z</time>
      </trkpt>
      <trkpt lat="50.594042" lon="17.835693">
        <ele>174.639870</ele>
        <time>2025-12-07T15:13:06.108Z</time>
      </trkpt>
      <trkpt lat="50.595104" lon="17.836894">
        <ele>176.657654</ele>
        <time>2025-12-07T15:13:52.276Z</time>
      </trkpt>
      <trkpt lat="50.596162" lon="17.838121">
        <ele>177.366341</ele>
        <time>2025-12-07T15:14:27.136Z</time>
      </trkpt>
      <trkpt lat="50.598399" lon="17.840772">
        <ele>173.351767</ele>
        <time>2025-12-07T15:15:58.246Z</time>
      </trkpt>
      <trkpt lat="50.598894" lon="17.841376">
        <ele>172.635449</ele>
        <time>2025-12-07T15:16:21.298Z</time>
      </trkpt>
      <trkpt lat="50.599226" lon="17.841826">
        <ele>172.487217</ele>
        <time>2025-12-07T15:16:39.026Z</time>
      </trkpt>
      <trkpt lat="50.599710" lon="17.843039">
        <ele>172.298523</ele>
        <time>2025-12-07T15:17:02.501Z</time>
      </trkpt>
      <trkpt lat="50.599890" lon="17.843425">
        <ele>172.235442</ele>
        <time>2025-12-07T15:17:09.355Z</time>
      </trkpt>
      <trkpt lat="50.600188" lon="17.843816">
        <ele>171.995829</ele>
        <time>2025-12-07T15:17:17.783Z</time>
      </trkpt>
      <trkpt lat="50.600299" lon="17.844076">
        <ele>171.778064</ele>
        <time>2025-12-07T15:17:22.016Z</time>
      </trkpt>
      <trkpt lat="50.600384" lon="17.844430">
        <ele>171.515026</ele>
        <time>2025-12-07T15:17:27.086Z</time>
      </trkpt>
      <trkpt lat="50.600433" lon="17.844835">
        <ele>171.228493</ele>
        <time>2025-12-07T15:17:32.618Z</time>
      </trkpt>
      <trkpt lat="50.600468" lon="17.845833">
        <ele>170.533848</ele>
        <time>2025-12-07T15:17:46.564Z</time>
      </trkpt>
      <trkpt lat="50.600499" lon="17.846604">
        <ele>170.203064</ele>
        <time>2025-12-07T15:17:58.063Z</time>
      </trkpt>
      <trkpt lat="50.600633" lon="17.848501">
        <ele>170.087132</ele>
        <time>2025-12-07T15:18:28.552Z</time>
      </trkpt>
      <trkpt lat="50.600632" lon="17.849234">
        <ele>170.031767</ele>
        <time>2025-12-07T15:18:40.068Z</time>
      </trkpt>
      <trkpt lat="50.600713" lon="17.850576">
        <ele>169.839945</ele>
        <time>2025-12-07T15:19:00.731Z</time>
      </trkpt>
      <trkpt lat="50.600811" lon="17.851156">
        <ele>169.754539</ele>
        <time>2025-12-07T15:19:09.789Z</time>
      </trkpt>
      <trkpt lat="50.601256" lon="17.853034">
        <ele>169.241526</ele>
        <time>2025-12-07T15:19:40.169Z</time>
      </trkpt>
      <trkpt lat="50.601330" lon="17.853650">
        <ele>169.038266</ele>
        <time>2025-12-07T15:19:49.602Z</time>
      </trkpt>
      <trkpt lat="50.601363" lon="17.853753">
        <ele>169.000859</ele>
        <time>2025-12-07T15:19:51.302Z</time>
      </trkpt>
      <trkpt lat="50.601438" lon="17.853708">
        <ele>168.959865</ele>
        <time>2025-12-07T15:19:52.961Z</time>
      </trkpt>
      <trkpt lat="50.601623" lon="17.853676">
        <ele>168.864799</ele>
        <time>2025-12-07T15:19:56.782Z</time>
      </trkpt>
      <trkpt lat="50.602247" lon="17.853612">
        <ele>168.432700</ele>
        <time>2025-12-07T15:20:09.168Z</time>
      </trkpt>
      <trkpt lat="50.603373" lon="17.853539">
        <ele>167.503214</ele>
        <time>2025-12-07T15:20:31.275Z</time>
      </trkpt>
      <trkpt lat="50.603707" lon="17.853425">
        <ele>167.260156</ele>
        <time>2025-12-07T15:20:38.357Z</time>
      </trkpt>
      <trkpt lat="50.605836" lon="17.852348">
        <ele>168.523314</ele>
        <time>2025-12-07T15:21:36.204Z</time>
      </trkpt>
      <trkpt lat="50.607312" lon="17.851600">
        <ele>169.574131</ele>
        <time>2025-12-07T15:22:17.088Z</time>
      </trkpt>
      <trkpt lat="50.608855" lon="17.850857">
        <ele>169.914952</ele>
        <time>2025-12-07T15:22:54.022Z</time>
      </trkpt>
      <trkpt lat="50.609480" lon="17.850727">
        <ele>169.616034</ele>
        <time>2025-12-07T15:23:07.643Z</time>
      </trkpt>
      <trkpt lat="50.609996" lon="17.850570">
        <ele>169.366851</ele>
        <time>2025-12-07T15:23:18.667Z</time>
      </trkpt>
      <trkpt lat="50.610759" lon="17.850250">
        <ele>168.885673</ele>
        <time>2025-12-07T15:23:34.647Z</time>
      </trkpt>
      <trkpt lat="50.612058" lon="17.853702">
        <ele>166.301614</ele>
        <time>2025-12-07T15:24:26.980Z</time>
      </trkpt>
      <trkpt lat="50.612135" lon="17.853893">
        <ele>166.169301</ele>
        <time>2025-12-07T15:24:29.995Z</time>
      </trkpt>
      <trkpt lat="50.612270" lon="17.854097">
        <ele>165.996958</ele>
        <time>2025-12-07T15:24:33.957Z</time>
      </trkpt>
      <trkpt lat="50.612353" lon="17.854175">
        <ele>165.907912</ele>
        <time>2025-12-07T15:24:36.002Z</time>
      </trkpt>
      <trkpt lat="50.612569" lon="17.854291">
        <ele>165.697641</ele>
        <time>2025-12-07T15:24:40.883Z</time>
      </trkpt>
      <trkpt lat="50.614027" lon="17.854839">
        <ele>164.649343</ele>
        <time>2025-12-07T15:25:13.180Z</time>
      </trkpt>
      <trkpt lat="50.616356" lon="17.855779">
        <ele>163.058139</ele>
        <time>2025-12-07T15:26:04.360Z</time>
      </trkpt>
      <trkpt lat="50.616732" lon="17.855953">
        <ele>163.146692</ele>
        <time>2025-12-07T15:26:12.972Z</time>
      </trkpt>
      <trkpt lat="50.617010" lon="17.856091">
        <ele>163.212555</ele>
        <time>2025-12-07T15:26:19.583Z</time>
      </trkpt>
      <trkpt lat="50.617654" lon="17.856492">
        <ele>163.369028</ele>
        <time>2025-12-07T15:26:37.260Z</time>
      </trkpt>
      <trkpt lat="50.617921" lon="17.856635">
        <ele>163.432751</ele>
        <time>2025-12-07T15:26:45.403Z</time>
      </trkpt>
      <trkpt lat="50.618109" lon="17.856695">
        <ele>163.468890</ele>
        <time>2025-12-07T15:26:51.027Z</time>
      </trkpt>
      <trkpt lat="50.618202" lon="17.856715">
        <ele>163.485319</ele>
        <time>2025-12-07T15:26:53.825Z</time>
      </trkpt>
      <trkpt lat="50.618285" lon="17.856725">
        <ele>163.499890</ele>
        <time>2025-12-07T15:26:56.281Z</time>
      </trkpt>
      <trkpt lat="50.618550" lon="17.856724">
        <ele>163.546275</ele>
        <time>2025-12-07T15:27:03.830Z</time>
      </trkpt>
      <trkpt lat="50.618811" lon="17.856445">
        <ele>163.601475</ele>
        <time>2025-12-07T15:27:12.336Z</time>
      </trkpt>
      <trkpt lat="50.618979" lon="17.856284">
        <ele>163.635891</ele>
        <time>2025-12-07T15:27:17.126Z</time>
      </trkpt>
      <trkpt lat="50.619259" lon="17.856115">
        <ele>163.688372</ele>
        <time>2025-12-07T15:27:23.695Z</time>
      </trkpt>
      <trkpt lat="50.619376" lon="17.855481">
        <ele>163.747128</ele>
        <time>2025-12-07T15:27:32.069Z</time>
      </trkpt>
      <trkpt lat="50.619476" lon="17.855413">
        <ele>163.664948</ele>
        <time>2025-12-07T15:27:34.151Z</time>
      </trkpt>
      <trkpt lat="50.619517" lon="17.855308">
        <ele>163.605923</ele>
        <time>2025-12-07T15:27:35.649Z</time>
      </trkpt>
      <trkpt lat="50.619562" lon="17.855211">
        <ele>163.548395</ele>
        <time>2025-12-07T15:27:37.091Z</time>
      </trkpt>
      <trkpt lat="50.619605" lon="17.855061">
        <ele>163.469594</ele>
        <time>2025-12-07T15:27:39.073Z</time>
      </trkpt>
      <trkpt lat="50.619644" lon="17.854826">
        <ele>163.353304</ele>
        <time>2025-12-07T15:27:41.973Z</time>
      </trkpt>
      <trkpt lat="50.619692" lon="17.854055">
        <ele>162.982421</ele>
        <time>2025-12-07T15:27:51.359Z</time>
      </trkpt>
      <trkpt lat="50.619738" lon="17.853589">
        <ele>162.756643</ele>
        <time>2025-12-07T15:27:57.349Z</time>
      </trkpt>
      <trkpt lat="50.619788" lon="17.853085">
        <ele>162.512425</ele>
        <time>2025-12-07T15:28:04.157Z</time>
      </trkpt>
      <trkpt lat="50.620317" lon="17.846388">
        <ele>166.144742</ele>
        <time>2025-12-07T15:30:00.153Z</time>
      </trkpt>
      <trkpt lat="50.620359" lon="17.846105">
        <ele>166.310512</ele>
        <time>2025-12-07T15:30:05.113Z</time>
      </trkpt>
      <trkpt lat="50.620399" lon="17.845977">
        <ele>166.391893</ele>
        <time>2025-12-07T15:30:07.547Z</time>
      </trkpt>
      <trkpt lat="50.620569" lon="17.845600">
        <ele>166.655695</ele>
        <time>2025-12-07T15:30:15.530Z</time>
      </trkpt>
      <trkpt lat="50.621053" lon="17.844634">
        <ele>167.321996</ele>
        <time>2025-12-07T15:30:36.588Z</time>
      </trkpt>
      <trkpt lat="50.621277" lon="17.844164">
        <ele>167.506650</ele>
        <time>2025-12-07T15:30:46.214Z</time>
      </trkpt>
      <trkpt lat="50.623367" lon="17.839890">
        <ele>168.378743</ele>
        <time>2025-12-07T15:32:08.522Z</time>
      </trkpt>
      <trkpt lat="50.623579" lon="17.839602">
        <ele>168.100380</ele>
        <time>2025-12-07T15:32:14.170Z</time>
      </trkpt>
      <trkpt lat="50.624307" lon="17.841134">
        <ele>166.892590</ele>
        <time>2025-12-07T15:32:37.273Z</time>
      </trkpt>
      <trkpt lat="50.624424" lon="17.841464">
        <ele>166.647020</ele>
        <time>2025-12-07T15:32:41.779Z</time>
      </trkpt>
      <trkpt lat="50.624497" lon="17.841819">
        <ele>166.404084</ele>
        <time>2025-12-07T15:32:46.297Z</time>
      </trkpt>
      <trkpt lat="50.624882" lon="17.844447">
        <ele>164.801613</ele>
        <time>2025-12-07T15:33:20.788Z</time>
      </trkpt>
      <trkpt lat="50.625051" lon="17.845384">
        <ele>164.421991</ele>
        <time>2025-12-07T15:33:33.814Z</time>
      </trkpt>
      <trkpt lat="50.625247" lon="17.846774">
        <ele>163.826271</ele>
        <time>2025-12-07T15:33:52.647Z</time>
      </trkpt>
      <trkpt lat="50.625272" lon="17.846934">
        <ele>163.717119</ele>
        <time>2025-12-07T15:33:54.818Z</time>
      </trkpt>
      <trkpt lat="50.625309" lon="17.847164">
        <ele>163.559943</ele>
        <time>2025-12-07T15:33:57.913Z</time>
      </trkpt>
      <trkpt lat="50.625327" lon="17.847304">
        <ele>163.465321</ele>
        <time>2025-12-07T15:33:59.746Z</time>
      </trkpt>
      <trkpt lat="50.625374" lon="17.847741">
        <ele>163.171719</ele>
        <time>2025-12-07T15:34:05.364Z</time>
      </trkpt>
      <trkpt lat="50.625402" lon="17.848382">
        <ele>162.746112</ele>
        <time>2025-12-07T15:34:13.331Z</time>
      </trkpt>
      <trkpt lat="50.625283" lon="17.849188">
        <ele>162.197944</ele>
        <time>2025-12-07T15:34:23.338Z</time>
      </trkpt>
      <trkpt lat="50.625290" lon="17.850147">
        <ele>161.720694</ele>
        <time>2025-12-07T15:34:35.228Z</time>
      </trkpt>
      <trkpt lat="50.625315" lon="17.850335">
        <ele>161.634944</ele>
        <time>2025-12-07T15:34:37.623Z</time>
      </trkpt>
      <trkpt lat="50.625714" lon="17.852605">
        <ele>160.814331</ele>
        <time>2025-12-07T15:35:09.037Z</time>
      </trkpt>
      <trkpt lat="50.625838" lon="17.852773">
        <ele>160.833304</ele>
        <time>2025-12-07T15:35:12.633Z</time>
      </trkpt>
      <trkpt lat="50.626437" lon="17.853431">
        <ele>160.918023</ele>
        <time>2025-12-07T15:35:28.867Z</time>
      </trkpt>
      <trkpt lat="50.626600" lon="17.853702">
        <ele>160.945512</ele>
        <time>2025-12-07T15:35:34.570Z</time>
      </trkpt>
      <trkpt lat="50.626673" lon="17.853907">
        <ele>160.962818</ele>
        <time>2025-12-07T15:35:38.400Z</time>
      </trkpt>
      <trkpt lat="50.626759" lon="17.854309">
        <ele>161.004702</ele>
        <time>2025-12-07T15:35:45.403Z</time>
      </trkpt>
      <trkpt lat="50.626797" lon="17.854845">
        <ele>161.158924</ele>
        <time>2025-12-07T15:35:54.138Z</time>
      </trkpt>
      <trkpt lat="50.626848" lon="17.855327">
        <ele>161.298655</ele>
        <time>2025-12-07T15:36:02.007Z</time>
      </trkpt>
      <trkpt lat="50.626860" lon="17.855423">
        <ele>161.326634</ele>
        <time>2025-12-07T15:36:03.643Z</time>
      </trkpt>
      <trkpt lat="50.626905" lon="17.855631">
        <ele>161.389475</ele>
        <time>2025-12-07T15:36:07.143Z</time>
      </trkpt>
      <trkpt lat="50.626912" lon="17.855846">
        <ele>161.451034</ele>
        <time>2025-12-07T15:36:10.572Z</time>
      </trkpt>
      <trkpt lat="50.627007" lon="17.855764">
        <ele>161.499856</ele>
        <time>2025-12-07T15:36:13.225Z</time>
      </trkpt>
      <trkpt lat="50.627166" lon="17.855705">
        <ele>161.573485</ele>
        <time>2025-12-07T15:36:17.338Z</time>
      </trkpt>
      <trkpt lat="50.627519" lon="17.855684">
        <ele>161.732717</ele>
        <time>2025-12-07T15:36:25.889Z</time>
      </trkpt>
      <trkpt lat="50.627861" lon="17.855749">
        <ele>161.763032</ele>
        <time>2025-12-07T15:36:33.566Z</time>
      </trkpt>
      <trkpt lat="50.629526" lon="17.856532">
        <ele>161.410058</ele>
        <time>2025-12-07T15:37:10.863Z</time>
      </trkpt>
      <trkpt lat="50.629945" lon="17.856735">
        <ele>161.291009</ele>
        <time>2025-12-07T15:37:20.217Z</time>
      </trkpt>
      <trkpt lat="50.631537" lon="17.857793">
        <ele>160.913670</ele>
        <time>2025-12-07T15:37:57.250Z</time>
      </trkpt>
      <trkpt lat="50.633115" lon="17.858845">
        <ele>160.721779</ele>
        <time>2025-12-07T15:38:35.569Z</time>
      </trkpt>
      <trkpt lat="50.633315" lon="17.858978">
        <ele>160.680727</ele>
        <time>2025-12-07T15:38:40.375Z</time>
      </trkpt>
      <trkpt lat="50.633299" lon="17.859039">
        <ele>160.672809</ele>
        <time>2025-12-07T15:38:41.303Z</time>
      </trkpt>
      <trkpt lat="50.633556" lon="17.859213">
        <ele>160.619911</ele>
        <time>2025-12-07T15:38:47.428Z</time>
      </trkpt>
      <trkpt lat="50.633637" lon="17.859342">
        <ele>160.598136</ele>
        <time>2025-12-07T15:38:49.924Z</time>
      </trkpt>
      <trkpt lat="50.633975" lon="17.859565">
        <ele>160.528841</ele>
        <time>2025-12-07T15:38:57.766Z</time>
      </trkpt>
      <trkpt lat="50.634264" lon="17.859757">
        <ele>160.469529</ele>
        <time>2025-12-07T15:39:04.310Z</time>
      </trkpt>
      <trkpt lat="50.634774" lon="17.860094">
        <ele>160.179812</ele>
        <time>2025-12-07T15:39:15.764Z</time>
      </trkpt>
      <trkpt lat="50.635111" lon="17.860316">
        <ele>159.975971</ele>
        <time>2025-12-07T15:39:23.334Z</time>
      </trkpt>
      <trkpt lat="50.635461" lon="17.860549">
        <ele>159.763932</ele>
        <time>2025-12-07T15:39:31.058Z</time>
      </trkpt>
      <trkpt lat="50.635743" lon="17.860736">
        <ele>159.593191</ele>
        <time>2025-12-07T15:39:37.312Z</time>
      </trkpt>
      <trkpt lat="50.635885" lon="17.860830">
        <ele>159.507237</ele>
        <time>2025-12-07T15:39:40.518Z</time>
      </trkpt>
      <trkpt lat="50.636085" lon="17.860963">
        <ele>159.456709</ele>
        <time>2025-12-07T15:39:45.203Z</time>
      </trkpt>
      <trkpt lat="50.636238" lon="17.861061">
        <ele>159.457656</ele>
        <time>2025-12-07T15:39:48.750Z</time>
      </trkpt>
      <trkpt lat="50.636294" lon="17.861059">
        <ele>159.457978</ele>
        <time>2025-12-07T15:39:49.949Z</time>
      </trkpt>
      <trkpt lat="50.636319" lon="17.860963">
        <ele>159.458355</ele>
        <time>2025-12-07T15:39:51.950Z</time>
      </trkpt>
      <trkpt lat="50.636434" lon="17.861036">
        <ele>159.459066</ele>
        <time>2025-12-07T15:39:54.646Z</time>
      </trkpt>
      <trkpt lat="50.636484" lon="17.861068">
        <ele>159.459376</ele>
        <time>2025-12-07T15:39:55.890Z</time>
      </trkpt>
      <trkpt lat="50.637081" lon="17.861435">
        <ele>159.463051</ele>
        <time>2025-12-07T15:40:10.607Z</time>
      </trkpt>
      <trkpt lat="50.637371" lon="17.861577">
        <ele>159.464793</ele>
        <time>2025-12-07T15:40:17.830Z</time>
      </trkpt>
      <trkpt lat="50.637547" lon="17.861627">
        <ele>159.465818</ele>
        <time>2025-12-07T15:40:22.086Z</time>
      </trkpt>
      <trkpt lat="50.637705" lon="17.861697">
        <ele>159.448459</ele>
        <time>2025-12-07T15:40:26.025Z</time>
      </trkpt>
      <trkpt lat="50.638056" lon="17.861899">
        <ele>159.363929</ele>
        <time>2025-12-07T15:40:34.523Z</time>
      </trkpt>
      <trkpt lat="50.638985" lon="17.862467">
        <ele>159.138515</ele>
        <time>2025-12-07T15:40:55.918Z</time>
      </trkpt>
      <trkpt lat="50.639200" lon="17.862643">
        <ele>159.083712</ele>
        <time>2025-12-07T15:41:00.875Z</time>
      </trkpt>
      <trkpt lat="50.639389" lon="17.862791">
        <ele>159.016053</ele>
        <time>2025-12-07T15:41:05.169Z</time>
      </trkpt>
      <trkpt lat="50.639682" lon="17.862932">
        <ele>158.887834</ele>
        <time>2025-12-07T15:41:11.415Z</time>
      </trkpt>
      <trkpt lat="50.640701" lon="17.863372">
        <ele>158.445629</ele>
        <time>2025-12-07T15:41:33.592Z</time>
      </trkpt>
      <trkpt lat="50.640866" lon="17.863504">
        <ele>158.368188</ele>
        <time>2025-12-07T15:41:37.536Z</time>
      </trkpt>
      <trkpt lat="50.642715" lon="17.865404">
        <ele>158.421890</ele>
        <time>2025-12-07T15:42:27.351Z</time>
      </trkpt>
      <trkpt lat="50.642900" lon="17.865610">
        <ele>158.460765</ele>
        <time>2025-12-07T15:42:32.570Z</time>
      </trkpt>
      <trkpt lat="50.642932" lon="17.865647">
        <ele>158.467576</ele>
        <time>2025-12-07T15:42:33.486Z</time>
      </trkpt>
      <trkpt lat="50.643199" lon="17.866001">
        <ele>158.527453</ele>
        <time>2025-12-07T15:42:41.580Z</time>
      </trkpt>
      <trkpt lat="50.643380" lon="17.866295">
        <ele>158.572056</ele>
        <time>2025-12-07T15:42:47.744Z</time>
      </trkpt>
      <trkpt lat="50.643563" lon="17.866607">
        <ele>158.618317</ele>
        <time>2025-12-07T15:42:54.156Z</time>
      </trkpt>
      <trkpt lat="50.643744" lon="17.867020">
        <ele>158.672964</ele>
        <time>2025-12-07T15:43:01.645Z</time>
      </trkpt>
      <trkpt lat="50.644034" lon="17.867736">
        <ele>158.666275</ele>
        <time>2025-12-07T15:43:14.189Z</time>
      </trkpt>
      <trkpt lat="50.644121" lon="17.867884">
        <ele>158.660887</ele>
        <time>2025-12-07T15:43:17.139Z</time>
      </trkpt>
      <trkpt lat="50.644125" lon="17.868030">
        <ele>158.656985</ele>
        <time>2025-12-07T15:43:19.265Z</time>
      </trkpt>
      <trkpt lat="50.644237" lon="17.868471">
        <ele>158.644301</ele>
        <time>2025-12-07T15:43:26.091Z</time>
      </trkpt>
      <trkpt lat="50.644400" lon="17.869108">
        <ele>158.625961</ele>
        <time>2025-12-07T15:43:35.611Z</time>
      </trkpt>
      <trkpt lat="50.644694" lon="17.870258">
        <ele>158.429192</ele>
        <time>2025-12-07T15:43:52.111Z</time>
      </trkpt>
      <trkpt lat="50.644770" lon="17.870558">
        <ele>158.338602</ele>
        <time>2025-12-07T15:43:57.875Z</time>
      </trkpt>
      <trkpt lat="50.644788" lon="17.870628">
        <ele>158.317420</ele>
        <time>2025-12-07T15:43:58.908Z</time>
      </trkpt>
      <trkpt lat="50.644917" lon="17.871096">
        <ele>158.174322</ele>
        <time>2025-12-07T15:44:05.780Z</time>
      </trkpt>
      <trkpt lat="50.644924" lon="17.871119">
        <ele>158.167168</ele>
        <time>2025-12-07T15:44:06.115Z</time>
      </trkpt>
      <trkpt lat="50.644976" lon="17.871280">
        <ele>158.116501</ele>
        <time>2025-12-07T15:44:08.536Z</time>
      </trkpt>
      <trkpt lat="50.645278" lon="17.872224">
        <ele>157.820007</ele>
        <time>2025-12-07T15:44:22.560Z</time>
      </trkpt>
      <trkpt lat="50.645741" lon="17.873720">
        <ele>157.373141</ele>
        <time>2025-12-07T15:44:44.677Z</time>
      </trkpt>
      <trkpt lat="50.645916" lon="17.874497">
        <ele>157.151912</ele>
        <time>2025-12-07T15:44:55.648Z</time>
      </trkpt>
      <trkpt lat="50.645961" lon="17.874736">
        <ele>157.085021</ele>
        <time>2025-12-07T15:45:01.405Z</time>
      </trkpt>
      <trkpt lat="50.646058" lon="17.875771">
        <ele>156.965781</ele>
        <time>2025-12-07T15:45:25.679Z</time>
      </trkpt>
      <trkpt lat="50.646100" lon="17.876510">
        <ele>156.895620</ele>
        <time>2025-12-07T15:45:43.001Z</time>
      </trkpt>
      <trkpt lat="50.646150" lon="17.876944">
        <ele>156.853909</ele>
        <time>2025-12-07T15:45:53.221Z</time>
      </trkpt>
      <trkpt lat="50.646185" lon="17.877059">
        <ele>156.841846</ele>
        <time>2025-12-07T15:45:56.187Z</time>
      </trkpt>
      <trkpt lat="50.646298" lon="17.877211">
        <ele>156.819698</ele>
        <time>2025-12-07T15:46:01.623Z</time>
      </trkpt>
      <trkpt lat="50.646520" lon="17.877337">
        <ele>156.784535</ele>
        <time>2025-12-07T15:46:10.275Z</time>
      </trkpt>
      <trkpt lat="50.647153" lon="17.877805">
        <ele>156.682758</ele>
        <time>2025-12-07T15:46:35.845Z</time>
      </trkpt>
      <trkpt lat="50.648086" lon="17.878384">
        <ele>156.536794</ele>
        <time>2025-12-07T15:47:12.910Z</time>
      </trkpt>
      <trkpt lat="50.650477" lon="17.879969">
        <ele>155.612180</ele>
        <time>2025-12-07T15:48:46.443Z</time>
      </trkpt>
      <trkpt lat="50.649993" lon="17.881390">
        <ele>155.131919</ele>
        <time>2025-12-07T15:49:07.734Z</time>
      </trkpt>
      <trkpt lat="50.649847" lon="17.881877">
        <ele>154.952405</ele>
        <time>2025-12-07T15:49:14.776Z</time>
      </trkpt>
      <trkpt lat="50.649636" lon="17.882959">
        <ele>154.564512</ele>
        <time>2025-12-07T15:49:29.606Z</time>
      </trkpt>
      <trkpt lat="50.649523" lon="17.883750">
        <ele>154.286676</ele>
        <time>2025-12-07T15:49:40.252Z</time>
      </trkpt>
      <trkpt lat="50.649436" lon="17.884462">
        <ele>154.131769</ele>
        <time>2025-12-07T15:49:49.942Z</time>
      </trkpt>
      <trkpt lat="50.649393" lon="17.884759">
        <ele>154.138261</ele>
        <time>2025-12-07T15:49:54.110Z</time>
      </trkpt>
      <trkpt lat="50.649354" lon="17.885037">
        <ele>154.144328</ele>
        <time>2025-12-07T15:49:58.076Z</time>
      </trkpt>
      <trkpt lat="50.649350" lon="17.885283">
        <ele>154.149572</ele>
        <time>2025-12-07T15:50:01.501Z</time>
      </trkpt>
      <trkpt lat="50.649407" lon="17.885547">
        <ele>154.155515</ele>
        <time>2025-12-07T15:50:05.382Z</time>
      </trkpt>
      <trkpt lat="50.650182" lon="17.886694">
        <ele>154.228711</ele>
        <time>2025-12-07T15:50:30.399Z</time>
      </trkpt>
      <trkpt lat="50.650233" lon="17.886796">
        <ele>154.254567</ele>
        <time>2025-12-07T15:50:32.441Z</time>
      </trkpt>
      <trkpt lat="50.650248" lon="17.886835">
        <ele>154.263647</ele>
        <time>2025-12-07T15:50:33.152Z</time>
      </trkpt>
      <trkpt lat="50.650548" lon="17.887035">
        <ele>154.365893</ele>
        <time>2025-12-07T15:50:41.258Z</time>
      </trkpt>
      <trkpt lat="50.650689" lon="17.887172">
        <ele>154.417882</ele>
        <time>2025-12-07T15:50:45.389Z</time>
      </trkpt>
      <trkpt lat="50.651889" lon="17.888228">
        <ele>154.640941</ele>
        <time>2025-12-07T15:51:18.033Z</time>
      </trkpt>
      <trkpt lat="50.652400" lon="17.888839">
        <ele>154.413801</ele>
        <time>2025-12-07T15:51:31.635Z</time>
      </trkpt>
      <trkpt lat="50.652590" lon="17.889105">
        <ele>154.323811</ele>
        <time>2025-12-07T15:51:36.916Z</time>
      </trkpt>
      <trkpt lat="50.652699" lon="17.889258">
        <ele>154.272125</ele>
        <time>2025-12-07T15:51:39.940Z</time>
      </trkpt>
      <trkpt lat="50.653230" lon="17.889909">
        <ele>153.947026</ele>
        <time>2025-12-07T15:51:53.715Z</time>
      </trkpt>
      <trkpt lat="50.653525" lon="17.890207">
        <ele>153.688821</ele>
        <time>2025-12-07T15:52:00.783Z</time>
      </trkpt>
      <trkpt lat="50.654037" lon="17.890627">
        <ele>153.263459</ele>
        <time>2025-12-07T15:52:12.639Z</time>
      </trkpt>
      <trkpt lat="50.654416" lon="17.890864">
        <ele>152.962959</ele>
        <time>2025-12-07T15:52:20.879Z</time>
      </trkpt>
      <trkpt lat="50.654535" lon="17.890939">
        <ele>152.868506</ele>
        <time>2025-12-07T15:52:23.434Z</time>
      </trkpt>
      <trkpt lat="50.654645" lon="17.890990">
        <ele>152.786857</ele>
        <time>2025-12-07T15:52:25.748Z</time>
      </trkpt>
      <trkpt lat="50.654614" lon="17.891051">
        <ele>152.773212</ele>
        <time>2025-12-07T15:52:26.740Z</time>
      </trkpt>
      <trkpt lat="50.654532" lon="17.891071">
        <ele>152.750369</ele>
        <time>2025-12-07T15:52:28.429Z</time>
      </trkpt>
      <trkpt lat="50.654290" lon="17.891507">
        <ele>152.649229</ele>
        <time>2025-12-07T15:52:35.987Z</time>
      </trkpt>
      <trkpt lat="50.654004" lon="17.892025">
        <ele>152.529341</ele>
        <time>2025-12-07T15:52:45.266Z</time>
      </trkpt>
      <trkpt lat="50.653979" lon="17.892437">
        <ele>152.457102</ele>
        <time>2025-12-07T15:52:51.083Z</time>
      </trkpt>
      <trkpt lat="50.653941" lon="17.892464">
        <ele>152.445629</ele>
        <time>2025-12-07T15:52:51.991Z</time>
      </trkpt>
      <trkpt lat="50.653884" lon="17.892507">
        <ele>152.428234</ele>
        <time>2025-12-07T15:52:53.400Z</time>
      </trkpt>
      <trkpt lat="50.653834" lon="17.892543">
        <ele>152.413103</ele>
        <time>2025-12-07T15:52:54.615Z</time>
      </trkpt>
      <trkpt lat="50.653963" lon="17.893015">
        <ele>152.323393</ele>
        <time>2025-12-07T15:53:01.945Z</time>
      </trkpt>
      <trkpt lat="50.654012" lon="17.893372">
        <ele>152.320514</ele>
        <time>2025-12-07T15:53:07.320Z</time>
      </trkpt>
      <trkpt lat="50.654043" lon="17.893993">
        <ele>152.407825</ele>
        <time>2025-12-07T15:53:16.756Z</time>
      </trkpt>
      <trkpt lat="50.654064" lon="17.895119">
        <ele>152.565716</ele>
        <time>2025-12-07T15:53:33.389Z</time>
      </trkpt>
      <trkpt lat="50.654050" lon="17.895294">
        <ele>152.590439</ele>
        <time>2025-12-07T15:53:35.971Z</time>
      </trkpt>
      <trkpt lat="50.654072" lon="17.895472">
        <ele>152.615858</ele>
        <time>2025-12-07T15:53:38.604Z</time>
      </trkpt>
      <trkpt lat="50.654111" lon="17.897499">
        <ele>153.052102</ele>
        <time>2025-12-07T15:54:08.484Z</time>
      </trkpt>
      <trkpt lat="50.654112" lon="17.897546">
        <ele>153.063486</ele>
        <time>2025-12-07T15:54:09.202Z</time>
      </trkpt>
      <trkpt lat="50.654171" lon="17.897541">
        <ele>153.086045</ele>
        <time>2025-12-07T15:54:10.602Z</time>
      </trkpt>
      <trkpt lat="50.654171" lon="17.897565">
        <ele>153.091855</ele>
        <time>2025-12-07T15:54:10.965Z</time>
      </trkpt>
      <trkpt lat="50.654177" lon="17.897881">
        <ele>153.168384</ele>
        <time>2025-12-07T15:54:15.706Z</time>
      </trkpt>
      <trkpt lat="50.654185" lon="17.898256">
        <ele>153.259213</ele>
        <time>2025-12-07T15:54:21.392Z</time>
      </trkpt>
      <trkpt lat="50.654199" lon="17.898892">
        <ele>153.503487</ele>
        <time>2025-12-07T15:54:31.825Z</time>
      </trkpt>
      <trkpt lat="50.654221" lon="17.899871">
        <ele>154.343810</ele>
        <time>2025-12-07T15:54:49.778Z</time>
      </trkpt>
      <trkpt lat="50.654243" lon="17.900951">
        <ele>155.270722</ele>
        <time>2025-12-07T15:55:10.507Z</time>
      </trkpt>
      <trkpt lat="50.654246" lon="17.901170">
        <ele>155.458626</ele>
        <time>2025-12-07T15:55:14.749Z</time>
      </trkpt>
      <trkpt lat="50.654254" lon="17.901646">
        <ele>155.819070</ele>
        <time>2025-12-07T15:55:23.949Z</time>
      </trkpt>
      <trkpt lat="50.654256" lon="17.901701">
        <ele>155.825591</ele>
        <time>2025-12-07T15:55:25.002Z</time>
      </trkpt>
      <trkpt lat="50.654270" lon="17.902575">
        <ele>155.929079</ele>
        <time>2025-12-07T15:55:40.947Z</time>
      </trkpt>
      <trkpt lat="50.654272" lon="17.902694">
        <ele>155.943171</ele>
        <time>2025-12-07T15:55:43.007Z</time>
      </trkpt>
      <trkpt lat="50.654304" lon="17.905319">
        <ele>155.107279</ele>
        <time>2025-12-07T15:56:17.621Z</time>
      </trkpt>
      <trkpt lat="50.654294" lon="17.905505">
        <ele>154.892034</ele>
        <time>2025-12-07T15:56:19.745Z</time>
      </trkpt>
      <trkpt lat="50.654223" lon="17.905769">
        <ele>154.561360</ele>
        <time>2025-12-07T15:56:22.935Z</time>
      </trkpt>
      <trkpt lat="50.654265" lon="17.905806">
        <ele>154.473865</ele>
        <time>2025-12-07T15:56:23.774Z</time>
      </trkpt>
      <trkpt lat="50.654225" lon="17.905941">
        <ele>154.302036</ele>
        <time>2025-12-07T15:56:25.450Z</time>
      </trkpt>
      <trkpt lat="50.654280" lon="17.906103">
        <ele>154.090136</ele>
        <time>2025-12-07T15:56:27.507Z</time>
      </trkpt>
      <trkpt lat="50.654322" lon="17.906177">
        <ele>153.975610</ele>
        <time>2025-12-07T15:56:28.595Z</time>
      </trkpt>
      <trkpt lat="50.654347" lon="17.906222">
        <ele>153.906618</ele>
        <time>2025-12-07T15:56:29.258Z</time>
      </trkpt>
      <trkpt lat="50.654356" lon="17.906251">
        <ele>153.869387</ele>
        <time>2025-12-07T15:56:29.625Z</time>
      </trkpt>
      <trkpt lat="50.654383" lon="17.906334">
        <ele>153.761817</ele>
        <time>2025-12-07T15:56:30.670Z</time>
      </trkpt>
      <trkpt lat="50.654395" lon="17.906367">
        <ele>153.717950</ele>
        <time>2025-12-07T15:56:31.087Z</time>
      </trkpt>
      <trkpt lat="50.654410" lon="17.906384">
        <ele>153.684356</ele>
        <time>2025-12-07T15:56:31.404Z</time>
      </trkpt>
      <trkpt lat="50.654432" lon="17.906420">
        <ele>153.626700</ele>
        <time>2025-12-07T15:56:31.962Z</time>
      </trkpt>
      <trkpt lat="50.654400" lon="17.906633">
        <ele>153.374290</ele>
        <time>2025-12-07T15:56:34.395Z</time>
      </trkpt>
      <trkpt lat="50.654328" lon="17.906807">
        <ele>153.134698</ele>
        <time>2025-12-07T15:56:36.703Z</time>
      </trkpt>
      <trkpt lat="50.654320" lon="17.906816">
        <ele>153.116826</ele>
        <time>2025-12-07T15:56:36.890Z</time>
      </trkpt>
      <trkpt lat="50.654300" lon="17.906832">
        <ele>153.076040</ele>
        <time>2025-12-07T15:56:37.284Z</time>
      </trkpt>
      <trkpt lat="50.654240" lon="17.906863">
        <ele>152.961208</ele>
        <time>2025-12-07T15:56:38.417Z</time>
      </trkpt>
      <trkpt lat="50.654219" lon="17.906874">
        <ele>152.920963</ele>
        <time>2025-12-07T15:56:38.801Z</time>
      </trkpt>
      <trkpt lat="50.654207" lon="17.906914">
        <ele>152.873712</ele>
        <time>2025-12-07T15:56:39.271Z</time>
      </trkpt>
      <trkpt lat="50.654203" lon="17.907190">
        <ele>152.757554</ele>
        <time>2025-12-07T15:56:42.382Z</time>
      </trkpt>
      <trkpt lat="50.654135" lon="17.907432">
        <ele>152.646180</ele>
        <time>2025-12-07T15:56:45.432Z</time>
      </trkpt>
      <trkpt lat="50.654185" lon="17.907894">
        <ele>152.448980</ele>
        <time>2025-12-07T15:56:51.234Z</time>
      </trkpt>
      <trkpt lat="50.654183" lon="17.909171">
        <ele>151.911678</ele>
        <time>2025-12-07T15:57:10.861Z</time>
      </trkpt>
      <trkpt lat="50.654249" lon="17.909157">
        <ele>151.867483</ele>
        <time>2025-12-07T15:57:12.433Z</time>
      </trkpt>
      <trkpt lat="50.654288" lon="17.909154">
        <ele>151.841570</ele>
        <time>2025-12-07T15:57:13.283Z</time>
      </trkpt>
      <trkpt lat="50.654294" lon="17.909257">
        <ele>151.798050</ele>
        <time>2025-12-07T15:57:14.770Z</time>
      </trkpt>
      <trkpt lat="50.654084" lon="17.909301">
        <ele>151.661577</ele>
        <time>2025-12-07T15:57:19.546Z</time>
      </trkpt>
      <trkpt lat="50.654090" lon="17.909367">
        <ele>151.638189</ele>
        <time>2025-12-07T15:57:20.733Z</time>
      </trkpt>
      <trkpt lat="50.654091" lon="17.909530">
        <ele>151.581010</ele>
        <time>2025-12-07T15:57:23.747Z</time>
      </trkpt>
      <trkpt lat="50.654097" lon="17.912872">
        <ele>150.606580</ele>
        <time>2025-12-07T15:58:08.979Z</time>
      </trkpt>
      <trkpt lat="50.653076" lon="17.913648">
        <ele>150.425254</ele>
        <time>2025-12-07T15:58:50.946Z</time>
      </trkpt>
      <trkpt lat="50.649730" lon="17.916439">
        <ele>151.359454</ele>
        <time>2025-12-07T16:01:17.263Z</time>
      </trkpt>
      <trkpt lat="50.648087" lon="17.917423">
        <ele>151.032023</ele>
        <time>2025-12-07T16:02:21.067Z</time>
      </trkpt>
      <trkpt lat="50.646777" lon="17.918308">
        <ele>151.000748</ele>
        <time>2025-12-07T16:03:13.153Z</time>
      </trkpt>
      <trkpt lat="50.646361" lon="17.918410">
        <ele>151.013479</ele>
        <time>2025-12-07T16:03:29.135Z</time>
      </trkpt>
      <trkpt lat="50.646417" lon="17.918559">
        <ele>151.084064</ele>
        <time>2025-12-07T16:03:31.755Z</time>
      </trkpt>
      <trkpt lat="50.647367" lon="17.921241">
        <ele>152.204108</ele>
        <time>2025-12-07T16:04:22.778Z</time>
      </trkpt>
      <trkpt lat="50.647387" lon="17.921309">
        <ele>152.213127</ele>
        <time>2025-12-07T16:04:24.059Z</time>
      </trkpt>
      <trkpt lat="50.647423" lon="17.921536">
        <ele>152.241279</ele>
        <time>2025-12-07T16:04:27.681Z</time>
      </trkpt>
      <trkpt lat="50.647421" lon="17.921716">
        <ele>152.262939</ele>
        <time>2025-12-07T16:04:30.361Z</time>
      </trkpt>
      <trkpt lat="50.647380" lon="17.921929">
        <ele>152.289721</ele>
        <time>2025-12-07T16:04:33.629Z</time>
      </trkpt>
      <trkpt lat="50.647337" lon="17.922033">
        <ele>152.304659</ele>
        <time>2025-12-07T16:04:35.449Z</time>
      </trkpt>
      <trkpt lat="50.647208" lon="17.922189">
        <ele>152.335504</ele>
        <time>2025-12-07T16:04:39.049Z</time>
      </trkpt>
      <trkpt lat="50.646699" lon="17.922627">
        <ele>152.445525</ele>
        <time>2025-12-07T16:04:51.829Z</time>
      </trkpt>
      <trkpt lat="50.646583" lon="17.922787">
        <ele>152.474766</ele>
        <time>2025-12-07T16:04:55.145Z</time>
      </trkpt>
      <trkpt lat="50.646479" lon="17.923008">
        <ele>152.505473</ele>
        <time>2025-12-07T16:04:58.840Z</time>
      </trkpt>
      <trkpt lat="50.646361" lon="17.923443">
        <ele>152.554679</ele>
        <time>2025-12-07T16:05:05.214Z</time>
      </trkpt>
      <trkpt lat="50.646269" lon="17.924191">
        <ele>152.633923</ele>
        <time>2025-12-07T16:05:15.866Z</time>
      </trkpt>
      <trkpt lat="50.646233" lon="17.924498">
        <ele>152.666393</ele>
        <time>2025-12-07T16:05:21.853Z</time>
      </trkpt>
      <trkpt lat="50.646207" lon="17.924763">
        <ele>152.694282</ele>
        <time>2025-12-07T16:05:27.135Z</time>
      </trkpt>
      <trkpt lat="50.646200" lon="17.924835">
        <ele>152.701858</ele>
        <time>2025-12-07T16:05:28.603Z</time>
      </trkpt>
      <trkpt lat="50.646340" lon="17.924867">
        <ele>152.725060</ele>
        <time>2025-12-07T16:05:32.204Z</time>
      </trkpt>
      <trkpt lat="50.646425" lon="17.924886">
        <ele>152.739140</ele>
        <time>2025-12-07T16:05:34.468Z</time>
      </trkpt>
      <trkpt lat="50.647197" lon="17.925063">
        <ele>153.185820</ele>
        <time>2025-12-07T16:05:54.183Z</time>
      </trkpt>
      <trkpt lat="50.647052" lon="17.924811">
        <ele>153.358854</ele>
        <time>2025-12-07T16:06:09.162Z</time>
      </trkpt>
      <trkpt lat="50.647016" lon="17.924704">
        <ele>153.420447</ele>
        <time>2025-12-07T16:06:14.502Z</time>
      </trkpt>
      <trkpt lat="50.647000" lon="17.924557">
        <ele>153.496289</ele>
        <time>2025-12-07T16:06:21.077Z</time>
      </trkpt>
      <trkpt lat="50.646989" lon="17.924465">
        <ele>153.543896</ele>
        <time>2025-12-07T16:06:25.180Z</time>
      </trkpt>
      <trkpt lat="50.647035" lon="17.924114">
        <ele>153.726150</ele>
        <time>2025-12-07T16:06:40.998Z</time>
      </trkpt>
      <trkpt lat="50.647117" lon="17.923943">
        <ele>153.835167</ele>
        <time>2025-12-07T16:06:50.429Z</time>
      </trkpt>
      <trkpt lat="50.647073" lon="17.923851">
        <ele>153.893763</ele>
        <time>2025-12-07T16:06:55.479Z</time>
      </trkpt>
      <trkpt lat="50.647003" lon="17.923838">
        <ele>153.950286</ele>
        <time>2025-12-07T16:07:00.413Z</time>
      </trkpt>
      <trkpt lat="50.647067" lon="17.923761">
        <ele>154.014839</ele>
        <time>2025-12-07T16:07:05.989Z</time>
      </trkpt>
      <trkpt lat="50.647104" lon="17.923623">
        <ele>154.091026</ele>
        <time>2025-12-07T16:07:12.594Z</time>
      </trkpt>
      <trkpt lat="50.647207" lon="17.923558">
        <ele>154.179992</ele>
        <time>2025-12-07T16:07:20.277Z</time>
      </trkpt>
      <trkpt lat="50.647319" lon="17.923409">
        <ele>154.297058</ele>
        <time>2025-12-07T16:07:30.461Z</time>
      </trkpt>
      <trkpt lat="50.647407" lon="17.923340">
        <ele>154.375375</ele>
        <time>2025-12-07T16:07:37.326Z</time>
      </trkpt>
      <trkpt lat="50.647527" lon="17.923323">
        <ele>154.471388</ele>
        <time>2025-12-07T16:07:45.652Z</time>
      </trkpt>
      <trkpt lat="50.647706" lon="17.923366">
        <ele>154.615679</ele>
        <time>2025-12-07T16:07:58.259Z</time>
      </trkpt>
      <trkpt lat="50.647754" lon="17.923321">
        <ele>154.660179</ele>
        <time>2025-12-07T16:08:02.144Z</time>
      </trkpt>
      <trkpt lat="50.647933" lon="17.923151">
        <ele>154.826693</ele>
        <time>2025-12-07T16:08:16.661Z</time>
      </trkpt>
      <trkpt lat="50.648255" lon="17.923126">
        <ele>155.083606</ele>
        <time>2025-12-07T16:08:39.089Z</time>
      </trkpt>
      <trkpt lat="50.648390" lon="17.923015">
        <ele>155.204931</ele>
        <time>2025-12-07T16:08:49.642Z</time>
      </trkpt>
      <trkpt lat="50.648452" lon="17.922895">
        <ele>155.283148</ele>
        <time>2025-12-07T16:08:56.462Z</time>
      </trkpt>
      <trkpt lat="50.648544" lon="17.922577">
        <ele>155.459768</ele>
        <time>2025-12-07T16:09:11.857Z</time>
      </trkpt>
      <trkpt lat="50.648737" lon="17.922907">
        <ele>155.671556</ele>
        <time>2025-12-07T16:09:31.660Z</time>
      </trkpt>
      <trkpt lat="50.648969" lon="17.922767">
        <ele>155.753784</ele>
        <time>2025-12-07T16:09:48.916Z</time>
      </trkpt>
      <trkpt lat="50.649375" lon="17.922521">
        <ele>155.897756</ele>
        <time>2025-12-07T16:10:19.118Z</time>
      </trkpt>
      <trkpt lat="50.649670" lon="17.922343">
        <ele>156.002311</ele>
        <time>2025-12-07T16:10:41.104Z</time>
      </trkpt>
      <trkpt lat="50.650884" lon="17.921611">
        <ele>156.149640</ele>
        <time>2025-12-07T16:12:11.402Z</time>
      </trkpt>
      <trkpt lat="50.651184" lon="17.921430">
        <ele>156.085342</ele>
        <time>2025-12-07T16:12:33.724Z</time>
      </trkpt>
      <trkpt lat="50.651256" lon="17.921988">
        <ele>156.013068</ele>
        <time>2025-12-07T16:12:58.853Z</time>
      </trkpt>
      <trkpt lat="50.651403" lon="17.922670">
        <ele>155.921643</ele>
        <time>2025-12-07T16:13:30.543Z</time>
      </trkpt>
      <trkpt lat="50.651359" lon="17.922843">
        <ele>155.897984</ele>
        <time>2025-12-07T16:13:34.786Z</time>
      </trkpt>
      <trkpt lat="50.651299" lon="17.922962">
        <ele>155.889718</ele>
        <time>2025-12-07T16:13:38.275Z</time>
      </trkpt>
      <trkpt lat="50.651185" lon="17.922961">
        <ele>155.881274</ele>
        <time>2025-12-07T16:13:46.191Z</time>
      </trkpt>
      <trkpt lat="50.650972" lon="17.923046">
        <ele>155.865001</ele>
        <time>2025-12-07T16:14:01.506Z</time>
      </trkpt>
      <trkpt lat="50.650864" lon="17.923189">
        <ele>155.854556</ele>
        <time>2025-12-07T16:14:11.311Z</time>
      </trkpt>
      <trkpt lat="50.650755" lon="17.923463">
        <ele>155.839366</ele>
        <time>2025-12-07T16:14:25.553Z</time>
      </trkpt>
      <trkpt lat="50.650738" lon="17.923505">
        <ele>155.837026</ele>
        <time>2025-12-07T16:14:27.756Z</time>
      </trkpt>
      <trkpt lat="50.650487" lon="17.923798">
        <ele>155.813897</ele>
        <time>2025-12-07T16:14:49.448Z</time>
      </trkpt>
      <trkpt lat="50.650323" lon="17.923928">
        <ele>155.800302</ele>
        <time>2025-12-07T16:15:02.202Z</time>
      </trkpt>
      <trkpt lat="50.650128" lon="17.923909">
        <ele>155.785831</ele>
        <time>2025-12-07T16:15:15.794Z</time>
      </trkpt>
      <trkpt lat="50.650083" lon="17.923971">
        <ele>155.781405</ele>
        <time>2025-12-07T16:15:19.960Z</time>
      </trkpt>
      <trkpt lat="50.650044" lon="17.924121">
        <ele>155.773792</ele>
        <time>2025-12-07T16:15:27.103Z</time>
      </trkpt>
      <trkpt lat="50.650046" lon="17.924321">
        <ele>155.764398</ele>
        <time>2025-12-07T16:15:35.908Z</time>
      </trkpt>
      <trkpt lat="50.650300" lon="17.924675">
        <ele>155.553656</ele>
        <time>2025-12-07T16:15:43.935Z</time>
      </trkpt>
      <trkpt lat="50.650351" lon="17.924868">
        <ele>155.466873</ele>
        <time>2025-12-07T16:15:46.959Z</time>
      </trkpt>
      <trkpt lat="50.650398" lon="17.925126">
        <ele>155.355458</ele>
        <time>2025-12-07T16:15:50.726Z</time>
      </trkpt>
      <trkpt lat="50.650483" lon="17.925505">
        <ele>155.188603</ele>
        <time>2025-12-07T16:15:56.221Z</time>
      </trkpt>
      <trkpt lat="50.650530" lon="17.925613">
        <ele>155.134235</ele>
        <time>2025-12-07T16:15:57.988Z</time>
      </trkpt>
      <trkpt lat="50.650637" lon="17.925717">
        <ele>155.051960</ele>
        <time>2025-12-07T16:16:00.726Z</time>
      </trkpt>
      <trkpt lat="50.650713" lon="17.925848">
        <ele>154.978263</ele>
        <time>2025-12-07T16:16:03.232Z</time>
      </trkpt>
      <trkpt lat="50.651513" lon="17.926038">
        <ele>154.558874</ele>
        <time>2025-12-07T16:16:20.149Z</time>
      </trkpt>
      <trkpt lat="50.652056" lon="17.926164">
        <ele>154.488785</ele>
        <time>2025-12-07T16:16:32.612Z</time>
      </trkpt>
      <trkpt lat="50.652471" lon="17.924386">
        <ele>154.333174</ele>
        <time>2025-12-07T16:17:02.683Z</time>
      </trkpt>
      <trkpt lat="50.652515" lon="17.924227">
        <ele>154.317616</ele>
        <time>2025-12-07T16:17:05.162Z</time>
      </trkpt>
      <trkpt lat="50.652643" lon="17.924095">
        <ele>154.295983</ele>
        <time>2025-12-07T16:17:08.604Z</time>
      </trkpt>
      <trkpt lat="50.653151" lon="17.924032">
        <ele>154.223905</ele>
        <time>2025-12-07T16:17:20.162Z</time>
      </trkpt>
      <trkpt lat="50.654048" lon="17.923774">
        <ele>154.157951</ele>
        <time>2025-12-07T16:17:42.696Z</time>
      </trkpt>
      <trkpt lat="50.654325" lon="17.923703">
        <ele>154.500689</ele>
        <time>2025-12-07T16:17:50.418Z</time>
      </trkpt>
      <trkpt lat="50.654500" lon="17.923617">
        <ele>154.724550</ele>
        <time>2025-12-07T16:17:55.763Z</time>
      </trkpt>
      <trkpt lat="50.655363" lon="17.922971">
        <ele>155.891201</ele>
        <time>2025-12-07T16:18:25.609Z</time>
      </trkpt>
      <trkpt lat="50.655688" lon="17.922727">
        <ele>156.294559</ele>
        <time>2025-12-07T16:18:35.537Z</time>
      </trkpt>
      <trkpt lat="50.655943" lon="17.922548">
        <ele>156.256959</ele>
        <time>2025-12-07T16:18:42.782Z</time>
      </trkpt>
      <trkpt lat="50.656350" lon="17.922254">
        <ele>156.196656</ele>
        <time>2025-12-07T16:18:53.600Z</time>
      </trkpt>
      <trkpt lat="50.656523" lon="17.922140">
        <ele>156.171399</ele>
        <time>2025-12-07T16:18:57.887Z</time>
      </trkpt>
      <trkpt lat="50.657268" lon="17.921901">
        <ele>156.068985</ele>
        <time>2025-12-07T16:19:13.302Z</time>
      </trkpt>
      <trkpt lat="50.657411" lon="17.921840">
        <ele>155.987293</ele>
        <time>2025-12-07T16:19:17.178Z</time>
      </trkpt>
      <trkpt lat="50.657553" lon="17.921473">
        <ele>155.618771</ele>
        <time>2025-12-07T16:19:24.283Z</time>
      </trkpt>
      <trkpt lat="50.657644" lon="17.921519">
        <ele>155.489575</ele>
        <time>2025-12-07T16:19:26.739Z</time>
      </trkpt>
      <trkpt lat="50.659321" lon="17.922394">
        <ele>153.313956</ele>
        <time>2025-12-07T16:20:00.488Z</time>
      </trkpt>
      <trkpt lat="50.659360" lon="17.922415">
        <ele>153.280896</ele>
        <time>2025-12-07T16:20:01.337Z</time>
      </trkpt>
      <trkpt lat="50.659446" lon="17.922457">
        <ele>153.208674</ele>
        <time>2025-12-07T16:20:03.119Z</time>
      </trkpt>
      <trkpt lat="50.659439" lon="17.922486">
        <ele>153.192893</ele>
        <time>2025-12-07T16:20:03.523Z</time>
      </trkpt>
      <trkpt lat="50.659426" lon="17.922542">
        <ele>153.162564</ele>
        <time>2025-12-07T16:20:04.319Z</time>
      </trkpt>
      <trkpt lat="50.659408" lon="17.922629">
        <ele>153.116023</ele>
        <time>2025-12-07T16:20:05.473Z</time>
      </trkpt>
      <trkpt lat="50.659399" lon="17.922674">
        <ele>153.092027</ele>
        <time>2025-12-07T16:20:06.083Z</time>
      </trkpt>
      <trkpt lat="50.659369" lon="17.922893">
        <ele>152.978082</ele>
        <time>2025-12-07T16:20:08.941Z</time>
      </trkpt>
      <trkpt lat="50.659356" lon="17.923011">
        <ele>152.917173</ele>
        <time>2025-12-07T16:20:10.503Z</time>
      </trkpt>
      <trkpt lat="50.659342" lon="17.923143">
        <ele>152.849111</ele>
        <time>2025-12-07T16:20:12.178Z</time>
      </trkpt>
      <trkpt lat="50.659335" lon="17.923288">
        <ele>152.775157</ele>
        <time>2025-12-07T16:20:14.038Z</time>
      </trkpt>
      <trkpt lat="50.659333" lon="17.923593">
        <ele>152.620039</ele>
        <time>2025-12-07T16:20:17.884Z</time>
      </trkpt>
      <trkpt lat="50.659471" lon="17.923897">
        <ele>152.429888</ele>
        <time>2025-12-07T16:20:22.753Z</time>
      </trkpt>
      <trkpt lat="50.659545" lon="17.924023">
        <ele>152.342537</ele>
        <time>2025-12-07T16:20:25.808Z</time>
      </trkpt>
      <trkpt lat="50.659568" lon="17.924110">
        <ele>152.294600</ele>
        <time>2025-12-07T16:20:27.567Z</time>
      </trkpt>
      <trkpt lat="50.659552" lon="17.924221">
        <ele>152.236710</ele>
        <time>2025-12-07T16:20:29.636Z</time>
      </trkpt>
      <trkpt lat="50.659136" lon="17.924841">
        <ele>152.643393</ele>
        <time>2025-12-07T16:20:46.655Z</time>
      </trkpt>
      <trkpt lat="50.659118" lon="17.924932">
        <ele>152.698924</ele>
        <time>2025-12-07T16:20:48.508Z</time>
      </trkpt>
      <trkpt lat="50.659253" lon="17.925125">
        <ele>152.866342</ele>
        <time>2025-12-07T16:20:53.159Z</time>
      </trkpt>
      <trkpt lat="50.659300" lon="17.925122">
        <ele>152.909566</ele>
        <time>2025-12-07T16:20:54.767Z</time>
      </trkpt>
      <trkpt lat="50.659450" lon="17.925213">
        <ele>153.057244</ele>
        <time>2025-12-07T16:21:00.322Z</time>
      </trkpt>
      <trkpt lat="50.659512" lon="17.925093">
        <ele>153.147422</ele>
        <time>2025-12-07T16:21:03.791Z</time>
      </trkpt>
      <trkpt lat="50.659710" lon="17.924772">
        <ele>153.408321</ele>
        <time>2025-12-07T16:21:14.183Z</time>
      </trkpt>
      <trkpt lat="50.659916" lon="17.924439">
        <ele>153.679356</ele>
        <time>2025-12-07T16:21:25.604Z</time>
      </trkpt>
      <trkpt lat="50.660245" lon="17.923939">
        <ele>154.050807</ele>
        <time>2025-12-07T16:21:43.710Z</time>
      </trkpt>
      <trkpt lat="50.660928" lon="17.922975">
        <ele>154.739456</ele>
        <time>2025-12-07T16:22:15.084Z</time>
      </trkpt>
      <trkpt lat="50.661365" lon="17.922545">
        <ele>155.126464</ele>
        <time>2025-12-07T16:22:29.743Z</time>
      </trkpt>
      <trkpt lat="50.661487" lon="17.922448">
        <ele>155.198868</ele>
        <time>2025-12-07T16:22:33.592Z</time>
      </trkpt>
      <trkpt lat="50.661906" lon="17.922316">
        <ele>155.297511</ele>
        <time>2025-12-07T16:22:45.614Z</time>
      </trkpt>
      <trkpt lat="50.662261" lon="17.922243">
        <ele>155.380161</ele>
        <time>2025-12-07T16:22:55.922Z</time>
      </trkpt>
      <trkpt lat="50.662605" lon="17.922244">
        <ele>155.459578</ele>
        <time>2025-12-07T16:23:19.856Z</time>
      </trkpt>
      <trkpt lat="50.662699" lon="17.922245">
        <ele>155.481280</ele>
        <time>2025-12-07T16:23:26.410Z</time>
      </trkpt>
      <trkpt lat="50.662832" lon="17.922314">
        <ele>155.513603</ele>
        <time>2025-12-07T16:23:36.130Z</time>
      </trkpt>
      <trkpt lat="50.662895" lon="17.922372">
        <ele>155.530443</ele>
        <time>2025-12-07T16:23:41.191Z</time>
      </trkpt>
      <trkpt lat="50.663073" lon="17.922536">
        <ele>155.578032</ele>
        <time>2025-12-07T16:23:55.493Z</time>
      </trkpt>
      <trkpt lat="50.663023" lon="17.922613">
        <ele>155.594163</ele>
        <time>2025-12-07T16:24:00.307Z</time>
      </trkpt>
      <trkpt lat="50.662904" lon="17.922615">
        <ele>155.690723</ele>
        <time>2025-12-07T16:24:08.613Z</time>
      </trkpt>
      <trkpt lat="50.663604" lon="17.923080">
        <ele>156.444475</ele>
        <time>2025-12-07T16:24:36.942Z</time>
      </trkpt>
      <trkpt lat="50.663678" lon="17.923194">
        <ele>156.547119</ele>
        <time>2025-12-07T16:24:40.746Z</time>
      </trkpt>
      <trkpt lat="50.663714" lon="17.923571">
        <ele>156.786948</ele>
        <time>2025-12-07T16:24:49.177Z</time>
      </trkpt>
      <trkpt lat="50.663683" lon="17.923632">
        <ele>156.836130</ele>
        <time>2025-12-07T16:24:50.572Z</time>
      </trkpt>
      <trkpt lat="50.663675" lon="17.923889">
        <ele>156.997991</ele>
        <time>2025-12-07T16:24:54.840Z</time>
      </trkpt>
      <trkpt lat="50.663759" lon="17.924352">
        <ele>157.300938</ele>
        <time>2025-12-07T16:25:02.086Z</time>
      </trkpt>
      <trkpt lat="50.663812" lon="17.924334">
        <ele>157.354740</ele>
        <time>2025-12-07T16:25:03.707Z</time>
      </trkpt>
      <trkpt lat="50.663899" lon="17.924298">
        <ele>157.397600</ele>
        <time>2025-12-07T16:25:06.463Z</time>
      </trkpt>
      <trkpt lat="50.664009" lon="17.924253">
        <ele>157.420673</ele>
        <time>2025-12-07T16:25:10.001Z</time>
      </trkpt>
      <trkpt lat="50.664027" lon="17.924246">
        <ele>157.424438</ele>
        <time>2025-12-07T16:25:10.573Z</time>
      </trkpt>
      <trkpt lat="50.664127" lon="17.924173">
        <ele>157.446810</ele>
        <time>2025-12-07T16:25:14.065Z</time>
      </trkpt>
      <trkpt lat="50.664825" lon="17.923901">
        <ele>157.592791</ele>
        <time>2025-12-07T16:25:36.530Z</time>
      </trkpt>
      <trkpt lat="50.664892" lon="17.924303">
        <ele>157.646286</ele>
        <time>2025-12-07T16:25:43.876Z</time>
      </trkpt>
      <trkpt lat="50.664954" lon="17.924657">
        <ele>157.693553</ele>
        <time>2025-12-07T16:25:50.470Z</time>
      </trkpt>
      <trkpt lat="50.664968" lon="17.924763">
        <ele>157.707488</ele>
        <time>2025-12-07T16:25:52.403Z</time>
      </trkpt>
      <trkpt lat="50.664991" lon="17.924941">
        <ele>157.730867</ele>
        <time>2025-12-07T16:25:55.710Z</time>
      </trkpt>
      <trkpt lat="50.665709" lon="17.924647">
        <ele>157.750862</ele>
        <time>2025-12-07T16:26:19.249Z</time>
      </trkpt>
      <trkpt lat="50.666000" lon="17.924544">
        <ele>157.750862</ele>
        <time>2025-12-07T16:26:28.322Z</time>
      </trkpt>
      <trkpt lat="50.666164" lon="17.924496">
        <ele>157.750862</ele>
        <time>2025-12-07T16:26:33.202Z</time>
      </trkpt>
      <trkpt lat="50.666533" lon="17.924402">
        <ele>157.750862</ele>
        <time>2025-12-07T16:26:44.186Z</time>
      </trkpt>
    </trkseg>
  </trk>
</gpx>