<?xml version='1.0' encoding='UTF-8'?>
<gpx version="1.1" creator="https://www.komoot.de" xmlns="http://www.topografix.com/GPX/1/1" xmlns:xsi="http://www.w3.org/2001/XMLSchema-instance" xsi:schemaLocation="http://www.topografix.com/GPX/1/1 http://www.topografix.com/GPX/1/1/gpx.xsd">
  <metadata>
    <name>GraveLova Środa #067 - Mostopol - Żelazny Pająk</name>
    <author>
      <link href="https://www.komoot.de">
        <text>komoot</text>
        <type>text/html</type>
      </link>
    </author>
  </metadata>
  <trk>
    <name>GraveLova Środa #067 - Mostopol - Żelazny Pająk</name>
    <trkseg>
      <trkpt lat="50.698565" lon="17.908721">
        <ele>153.100006</ele>
        <time>2025-08-11T19:38:56.515Z</time>
      </trkpt>
      <trkpt lat="50.698702" lon="17.908658">
        <ele>153.100006</ele>
        <time>2025-08-11T19:38:59.784Z</time>
      </trkpt>
      <trkpt lat="50.698715" lon="17.908726">
        <ele>153.100006</ele>
        <time>2025-08-11T19:39:01.132Z</time>
      </trkpt>
      <trkpt lat="50.698358" lon="17.908889">
        <ele>153.100006</ele>
        <time>2025-08-11T19:39:09.231Z</time>
      </trkpt>
      <trkpt lat="50.698033" lon="17.908980">
        <ele>153.100006</ele>
        <time>2025-08-11T19:39:18.848Z</time>
      </trkpt>
      <trkpt lat="50.697899" lon="17.909225">
        <ele>153.104235</ele>
        <time>2025-08-11T19:39:24.908Z</time>
      </trkpt>
      <trkpt lat="50.697873" lon="17.909237">
        <ele>153.104822</ele>
        <time>2025-08-11T19:39:25.718Z</time>
      </trkpt>
      <trkpt lat="50.697858" lon="17.909243">
        <ele>153.105157</ele>
        <time>2025-08-11T19:39:26.159Z</time>
      </trkpt>
      <trkpt lat="50.697833" lon="17.909252">
        <ele>153.105713</ele>
        <time>2025-08-11T19:39:26.905Z</time>
      </trkpt>
      <trkpt lat="50.697816" lon="17.909260">
        <ele>153.106098</ele>
        <time>2025-08-11T19:39:27.429Z</time>
      </trkpt>
      <trkpt lat="50.697780" lon="17.909281">
        <ele>153.106929</ele>
        <time>2025-08-11T19:39:28.554Z</time>
      </trkpt>
      <trkpt lat="50.697691" lon="17.909205">
        <ele>153.109123</ele>
        <time>2025-08-11T19:39:31.603Z</time>
      </trkpt>
      <trkpt lat="50.697617" lon="17.909224">
        <ele>153.110748</ele>
        <time>2025-08-11T19:39:33.835Z</time>
      </trkpt>
      <trkpt lat="50.696591" lon="17.909731">
        <ele>153.134050</ele>
        <time>2025-08-11T19:40:05.047Z</time>
      </trkpt>
      <trkpt lat="50.696501" lon="17.909773">
        <ele>153.136084</ele>
        <time>2025-08-11T19:40:07.310Z</time>
      </trkpt>
      <trkpt lat="50.695038" lon="17.910442">
        <ele>153.122079</ele>
        <time>2025-08-11T19:40:41.711Z</time>
      </trkpt>
      <trkpt lat="50.695019" lon="17.910341">
        <ele>153.121266</ele>
        <time>2025-08-11T19:40:43.558Z</time>
      </trkpt>
      <trkpt lat="50.695105" lon="17.910303">
        <ele>153.120179</ele>
        <time>2025-08-11T19:40:45.372Z</time>
      </trkpt>
      <trkpt lat="50.694721" lon="17.908730">
        <ele>153.009373</ele>
        <time>2025-08-11T19:41:09.177Z</time>
      </trkpt>
      <trkpt lat="50.694600" lon="17.908237">
        <ele>152.965068</ele>
        <time>2025-08-11T19:41:16.933Z</time>
      </trkpt>
      <trkpt lat="50.694344" lon="17.907199">
        <ele>152.865811</ele>
        <time>2025-08-11T19:41:33.143Z</time>
      </trkpt>
      <trkpt lat="50.694305" lon="17.907231">
        <ele>152.855367</ele>
        <time>2025-08-11T19:41:34.196Z</time>
      </trkpt>
      <trkpt lat="50.693547" lon="17.907843">
        <ele>152.653055</ele>
        <time>2025-08-11T19:41:53.637Z</time>
      </trkpt>
      <trkpt lat="50.693246" lon="17.908085">
        <ele>152.572788</ele>
        <time>2025-08-11T19:42:00.794Z</time>
      </trkpt>
      <trkpt lat="50.691528" lon="17.909417">
        <ele>152.150092</ele>
        <time>2025-08-11T19:42:42.910Z</time>
      </trkpt>
      <trkpt lat="50.690500" lon="17.910200">
        <ele>152.299946</ele>
        <time>2025-08-11T19:43:09.844Z</time>
      </trkpt>
      <trkpt lat="50.690107" lon="17.910438">
        <ele>152.431991</ele>
        <time>2025-08-11T19:43:20.258Z</time>
      </trkpt>
      <trkpt lat="50.688621" lon="17.911037">
        <ele>153.063419</ele>
        <time>2025-08-11T19:43:59.051Z</time>
      </trkpt>
      <trkpt lat="50.688288" lon="17.911208">
        <ele>153.231535</ele>
        <time>2025-08-11T19:44:07.806Z</time>
      </trkpt>
      <trkpt lat="50.687693" lon="17.911389">
        <ele>153.510112</ele>
        <time>2025-08-11T19:44:22.898Z</time>
      </trkpt>
      <trkpt lat="50.687294" lon="17.911564">
        <ele>153.625065</ele>
        <time>2025-08-11T19:44:33.162Z</time>
      </trkpt>
      <trkpt lat="50.687070" lon="17.911810">
        <ele>153.700814</ele>
        <time>2025-08-11T19:44:39.760Z</time>
      </trkpt>
      <trkpt lat="50.687026" lon="17.912052">
        <ele>153.745092</ele>
        <time>2025-08-11T19:44:43.600Z</time>
      </trkpt>
      <trkpt lat="50.686701" lon="17.912387">
        <ele>153.852840</ele>
        <time>2025-08-11T19:44:52.963Z</time>
      </trkpt>
      <trkpt lat="50.686204" lon="17.912788">
        <ele>154.011220</ele>
        <time>2025-08-11T19:45:06.404Z</time>
      </trkpt>
      <trkpt lat="50.685312" lon="17.913349">
        <ele>154.337716</ele>
        <time>2025-08-11T19:45:29.512Z</time>
      </trkpt>
      <trkpt lat="50.685031" lon="17.913511">
        <ele>154.439437</ele>
        <time>2025-08-11T19:45:36.591Z</time>
      </trkpt>
      <trkpt lat="50.684883" lon="17.913672">
        <ele>154.500556</ele>
        <time>2025-08-11T19:45:41.128Z</time>
      </trkpt>
      <trkpt lat="50.684514" lon="17.914123">
        <ele>154.675877</ele>
        <time>2025-08-11T19:45:53.397Z</time>
      </trkpt>
      <trkpt lat="50.684239" lon="17.914442">
        <ele>154.826899</ele>
        <time>2025-08-11T19:46:02.103Z</time>
      </trkpt>
      <trkpt lat="50.684221" lon="17.914614">
        <ele>154.875776</ele>
        <time>2025-08-11T19:46:04.877Z</time>
      </trkpt>
      <trkpt lat="50.684214" lon="17.914686">
        <ele>154.896199</ele>
        <time>2025-08-11T19:46:05.974Z</time>
      </trkpt>
      <trkpt lat="50.684225" lon="17.914912">
        <ele>154.959750</ele>
        <time>2025-08-11T19:46:09.445Z</time>
      </trkpt>
      <trkpt lat="50.684234" lon="17.914998">
        <ele>154.984188</ele>
        <time>2025-08-11T19:46:10.845Z</time>
      </trkpt>
      <trkpt lat="50.682936" lon="17.915252">
        <ele>155.557177</ele>
        <time>2025-08-11T19:46:41.621Z</time>
      </trkpt>
      <trkpt lat="50.680587" lon="17.915551">
        <ele>156.640607</ele>
        <time>2025-08-11T19:47:38.433Z</time>
      </trkpt>
      <trkpt lat="50.680456" lon="17.915659">
        <ele>156.716072</ele>
        <time>2025-08-11T19:47:41.966Z</time>
      </trkpt>
      <trkpt lat="50.680196" lon="17.915716">
        <ele>156.850103</ele>
        <time>2025-08-11T19:47:48.238Z</time>
      </trkpt>
      <trkpt lat="50.680056" lon="17.915940">
        <ele>156.951899</ele>
        <time>2025-08-11T19:47:53.039Z</time>
      </trkpt>
      <trkpt lat="50.679149" lon="17.916084">
        <ele>157.561445</ele>
        <time>2025-08-11T19:48:15.732Z</time>
      </trkpt>
      <trkpt lat="50.678912" lon="17.916007">
        <ele>157.738729</ele>
        <time>2025-08-11T19:48:22.062Z</time>
      </trkpt>
      <trkpt lat="50.678322" lon="17.916116">
        <ele>158.173956</ele>
        <time>2025-08-11T19:48:37.435Z</time>
      </trkpt>
      <trkpt lat="50.677965" lon="17.916037">
        <ele>158.403608</ele>
        <time>2025-08-11T19:48:46.701Z</time>
      </trkpt>
      <trkpt lat="50.677746" lon="17.916045">
        <ele>158.402499</ele>
        <time>2025-08-11T19:48:52.087Z</time>
      </trkpt>
      <trkpt lat="50.677530" lon="17.916089">
        <ele>158.401397</ele>
        <time>2025-08-11T19:48:57.540Z</time>
      </trkpt>
      <trkpt lat="50.677049" lon="17.916316">
        <ele>158.398856</ele>
        <time>2025-08-11T19:49:09.416Z</time>
      </trkpt>
      <trkpt lat="50.676251" lon="17.916778">
        <ele>158.366473</ele>
        <time>2025-08-11T19:49:27.773Z</time>
      </trkpt>
      <trkpt lat="50.676207" lon="17.916819">
        <ele>158.327423</ele>
        <time>2025-08-11T19:49:28.878Z</time>
      </trkpt>
      <trkpt lat="50.675769" lon="17.917139">
        <ele>157.958560</ele>
        <time>2025-08-11T19:49:39.091Z</time>
      </trkpt>
      <trkpt lat="50.675293" lon="17.917390">
        <ele>157.575019</ele>
        <time>2025-08-11T19:49:49.379Z</time>
      </trkpt>
      <trkpt lat="50.675244" lon="17.917198">
        <ele>157.474777</ele>
        <time>2025-08-11T19:49:52.042Z</time>
      </trkpt>
      <trkpt lat="50.675227" lon="17.917133">
        <ele>157.440722</ele>
        <time>2025-08-11T19:49:52.948Z</time>
      </trkpt>
      <trkpt lat="50.675178" lon="17.917145">
        <ele>157.402827</ele>
        <time>2025-08-11T19:49:53.982Z</time>
      </trkpt>
      <trkpt lat="50.675014" lon="17.917249">
        <ele>157.267753</ele>
        <time>2025-08-11T19:49:57.818Z</time>
      </trkpt>
      <trkpt lat="50.674916" lon="17.917300">
        <ele>157.188892</ele>
        <time>2025-08-11T19:49:59.957Z</time>
      </trkpt>
      <trkpt lat="50.674717" lon="17.917405">
        <ele>157.028536</ele>
        <time>2025-08-11T19:50:04.143Z</time>
      </trkpt>
      <trkpt lat="50.674528" lon="17.917486">
        <ele>156.712085</ele>
        <time>2025-08-11T19:50:08.028Z</time>
      </trkpt>
      <trkpt lat="50.674469" lon="17.917511">
        <ele>156.610300</ele>
        <time>2025-08-11T19:50:09.205Z</time>
      </trkpt>
      <trkpt lat="50.674013" lon="17.917683">
        <ele>155.829135</ele>
        <time>2025-08-11T19:50:17.671Z</time>
      </trkpt>
      <trkpt lat="50.674011" lon="17.917656">
        <ele>155.800432</ele>
        <time>2025-08-11T19:50:17.973Z</time>
      </trkpt>
      <trkpt lat="50.673931" lon="17.917626">
        <ele>155.663428</ele>
        <time>2025-08-11T19:50:19.436Z</time>
      </trkpt>
      <trkpt lat="50.673863" lon="17.917533">
        <ele>155.513498</ele>
        <time>2025-08-11T19:50:21.046Z</time>
      </trkpt>
      <trkpt lat="50.673813" lon="17.917460">
        <ele>155.400002</ele>
        <time>2025-08-11T19:50:22.228Z</time>
      </trkpt>
      <trkpt lat="50.673522" lon="17.916767">
        <ele>154.522213</ele>
        <time>2025-08-11T19:50:31.611Z</time>
      </trkpt>
      <trkpt lat="50.673409" lon="17.916491">
        <ele>154.175258</ele>
        <time>2025-08-11T19:50:35.341Z</time>
      </trkpt>
      <trkpt lat="50.673177" lon="17.915922">
        <ele>153.992189</ele>
        <time>2025-08-11T19:50:43.160Z</time>
      </trkpt>
      <trkpt lat="50.672335" lon="17.913617">
        <ele>153.886233</ele>
        <time>2025-08-11T19:51:23.678Z</time>
      </trkpt>
      <trkpt lat="50.672321" lon="17.913557">
        <ele>153.891463</ele>
        <time>2025-08-11T19:51:24.584Z</time>
      </trkpt>
      <trkpt lat="50.672120" lon="17.913013">
        <ele>153.942974</ele>
        <time>2025-08-11T19:51:33.516Z</time>
      </trkpt>
      <trkpt lat="50.671861" lon="17.912345">
        <ele>154.007033</ele>
        <time>2025-08-11T19:51:44.940Z</time>
      </trkpt>
      <trkpt lat="50.671744" lon="17.912007">
        <ele>154.038538</ele>
        <time>2025-08-11T19:51:50.383Z</time>
      </trkpt>
      <trkpt lat="50.671734" lon="17.911927">
        <ele>154.045208</ele>
        <time>2025-08-11T19:51:51.497Z</time>
      </trkpt>
      <trkpt lat="50.671723" lon="17.911845">
        <ele>154.052064</ele>
        <time>2025-08-11T19:51:52.712Z</time>
      </trkpt>
      <trkpt lat="50.671678" lon="17.911831">
        <ele>154.057985</ele>
        <time>2025-08-11T19:51:53.721Z</time>
      </trkpt>
      <trkpt lat="50.671655" lon="17.911814">
        <ele>154.061263</ele>
        <time>2025-08-11T19:51:54.271Z</time>
      </trkpt>
      <trkpt lat="50.671632" lon="17.911799">
        <ele>154.064475</ele>
        <time>2025-08-11T19:51:54.802Z</time>
      </trkpt>
      <trkpt lat="50.671623" lon="17.911772">
        <ele>154.066971</ele>
        <time>2025-08-11T19:51:55.376Z</time>
      </trkpt>
      <trkpt lat="50.671601" lon="17.911710">
        <ele>154.072783</ele>
        <time>2025-08-11T19:51:56.735Z</time>
      </trkpt>
      <trkpt lat="50.671582" lon="17.911662">
        <ele>154.077413</ele>
        <time>2025-08-11T19:51:57.529Z</time>
      </trkpt>
      <trkpt lat="50.671544" lon="17.911565">
        <ele>154.086741</ele>
        <time>2025-08-11T19:51:59.091Z</time>
      </trkpt>
      <trkpt lat="50.671523" lon="17.911510">
        <ele>154.079344</ele>
        <time>2025-08-11T19:52:00.047Z</time>
      </trkpt>
      <trkpt lat="50.671474" lon="17.911431">
        <ele>154.045266</ele>
        <time>2025-08-11T19:52:02.033Z</time>
      </trkpt>
      <trkpt lat="50.671478" lon="17.911416">
        <ele>154.040249</ele>
        <time>2025-08-11T19:52:02.323Z</time>
      </trkpt>
      <trkpt lat="50.671487" lon="17.911377">
        <ele>154.027453</ele>
        <time>2025-08-11T19:52:02.911Z</time>
      </trkpt>
      <trkpt lat="50.671495" lon="17.911347">
        <ele>154.017419</ele>
        <time>2025-08-11T19:52:03.384Z</time>
      </trkpt>
      <trkpt lat="50.671511" lon="17.911292">
        <ele>153.998761</ele>
        <time>2025-08-11T19:52:04.277Z</time>
      </trkpt>
      <trkpt lat="50.671632" lon="17.911288">
        <ele>153.939888</ele>
        <time>2025-08-11T19:52:06.899Z</time>
      </trkpt>
      <trkpt lat="50.671926" lon="17.911083">
        <ele>153.783529</ele>
        <time>2025-08-11T19:52:13.773Z</time>
      </trkpt>
      <trkpt lat="50.671899" lon="17.911029">
        <ele>153.762324</ele>
        <time>2025-08-11T19:52:14.686Z</time>
      </trkpt>
      <trkpt lat="50.671674" lon="17.910583">
        <ele>153.586581</ele>
        <time>2025-08-11T19:52:22.180Z</time>
      </trkpt>
      <trkpt lat="50.671530" lon="17.910348">
        <ele>153.485806</ele>
        <time>2025-08-11T19:52:26.358Z</time>
      </trkpt>
      <trkpt lat="50.671341" lon="17.910279">
        <ele>153.391438</ele>
        <time>2025-08-11T19:52:30.142Z</time>
      </trkpt>
      <trkpt lat="50.671261" lon="17.910185">
        <ele>153.342917</ele>
        <time>2025-08-11T19:52:32.090Z</time>
      </trkpt>
      <trkpt lat="50.671093" lon="17.909848">
        <ele>153.213364</ele>
        <time>2025-08-11T19:52:37.343Z</time>
      </trkpt>
      <trkpt lat="50.670967" lon="17.909660">
        <ele>153.189701</ele>
        <time>2025-08-11T19:52:40.631Z</time>
      </trkpt>
      <trkpt lat="50.670754" lon="17.909551">
        <ele>153.159145</ele>
        <time>2025-08-11T19:52:44.932Z</time>
      </trkpt>
      <trkpt lat="50.670675" lon="17.909544">
        <ele>153.148349</ele>
        <time>2025-08-11T19:52:46.449Z</time>
      </trkpt>
      <trkpt lat="50.670643" lon="17.909454">
        <ele>153.139424</ele>
        <time>2025-08-11T19:52:47.753Z</time>
      </trkpt>
      <trkpt lat="50.670099" lon="17.908652">
        <ele>153.037832</ele>
        <time>2025-08-11T19:53:04.338Z</time>
      </trkpt>
      <trkpt lat="50.669915" lon="17.908752">
        <ele>153.011277</ele>
        <time>2025-08-11T19:53:09.142Z</time>
      </trkpt>
      <trkpt lat="50.669835" lon="17.908760">
        <ele>153.000339</ele>
        <time>2025-08-11T19:53:11.140Z</time>
      </trkpt>
      <trkpt lat="50.669806" lon="17.908798">
        <ele>152.995195</ele>
        <time>2025-08-11T19:53:12.092Z</time>
      </trkpt>
      <trkpt lat="50.669702" lon="17.908837">
        <ele>152.980609</ele>
        <time>2025-08-11T19:53:15.380Z</time>
      </trkpt>
      <trkpt lat="50.669545" lon="17.908917">
        <ele>152.996589</ele>
        <time>2025-08-11T19:53:20.560Z</time>
      </trkpt>
      <trkpt lat="50.669542" lon="17.908923">
        <ele>152.998270</ele>
        <time>2025-08-11T19:53:20.715Z</time>
      </trkpt>
      <trkpt lat="50.669472" lon="17.909062">
        <ele>153.037326</ele>
        <time>2025-08-11T19:53:24.258Z</time>
      </trkpt>
      <trkpt lat="50.669438" lon="17.909081">
        <ele>153.049846</ele>
        <time>2025-08-11T19:53:25.382Z</time>
      </trkpt>
      <trkpt lat="50.669427" lon="17.909102">
        <ele>153.055839</ele>
        <time>2025-08-11T19:53:25.831Z</time>
      </trkpt>
      <trkpt lat="50.669394" lon="17.909149">
        <ele>153.071270</ele>
        <time>2025-08-11T19:53:26.930Z</time>
      </trkpt>
      <trkpt lat="50.669208" lon="17.909354">
        <ele>153.150022</ele>
        <time>2025-08-11T19:53:32.558Z</time>
      </trkpt>
      <trkpt lat="50.668633" lon="17.909842">
        <ele>153.376646</ele>
        <time>2025-08-11T19:53:48.976Z</time>
      </trkpt>
      <trkpt lat="50.668609" lon="17.909863">
        <ele>153.386172</ele>
        <time>2025-08-11T19:53:49.630Z</time>
      </trkpt>
      <trkpt lat="50.668436" lon="17.910038">
        <ele>153.457501</ele>
        <time>2025-08-11T19:53:54.545Z</time>
      </trkpt>
      <trkpt lat="50.668341" lon="17.910157">
        <ele>153.499605</ele>
        <time>2025-08-11T19:53:57.324Z</time>
      </trkpt>
      <trkpt lat="50.667702" lon="17.910950">
        <ele>153.134180</ele>
        <time>2025-08-11T19:54:14.235Z</time>
      </trkpt>
      <trkpt lat="50.667635" lon="17.911009">
        <ele>153.069325</ele>
        <time>2025-08-11T19:54:15.739Z</time>
      </trkpt>
      <trkpt lat="50.667601" lon="17.910898">
        <ele>153.003279</ele>
        <time>2025-08-11T19:54:17.259Z</time>
      </trkpt>
      <trkpt lat="50.667447" lon="17.910413">
        <ele>152.712667</ele>
        <time>2025-08-11T19:54:23.887Z</time>
      </trkpt>
      <trkpt lat="50.667374" lon="17.910111">
        <ele>152.539509</ele>
        <time>2025-08-11T19:54:27.802Z</time>
      </trkpt>
      <trkpt lat="50.667299" lon="17.910095">
        <ele>152.475539</ele>
        <time>2025-08-11T19:54:29.744Z</time>
      </trkpt>
      <trkpt lat="50.667185" lon="17.909678">
        <ele>152.232243</ele>
        <time>2025-08-11T19:54:37.094Z</time>
      </trkpt>
      <trkpt lat="50.667144" lon="17.909565">
        <ele>152.162488</ele>
        <time>2025-08-11T19:54:39.169Z</time>
      </trkpt>
      <trkpt lat="50.667052" lon="17.909502">
        <ele>152.077717</ele>
        <time>2025-08-11T19:54:41.661Z</time>
      </trkpt>
      <trkpt lat="50.666968" lon="17.909519">
        <ele>152.014290</ele>
        <time>2025-08-11T19:54:43.764Z</time>
      </trkpt>
      <trkpt lat="50.666204" lon="17.909673">
        <ele>151.442703</ele>
        <time>2025-08-11T19:55:03.685Z</time>
      </trkpt>
      <trkpt lat="50.666119" lon="17.909673">
        <ele>151.379623</ele>
        <time>2025-08-11T19:55:05.998Z</time>
      </trkpt>
      <trkpt lat="50.666087" lon="17.909596">
        <ele>151.336313</ele>
        <time>2025-08-11T19:55:07.537Z</time>
      </trkpt>
      <trkpt lat="50.666016" lon="17.909642">
        <ele>151.279353</ele>
        <time>2025-08-11T19:55:09.142Z</time>
      </trkpt>
      <trkpt lat="50.665737" lon="17.909745">
        <ele>151.066709</ele>
        <time>2025-08-11T19:55:15.177Z</time>
      </trkpt>
      <trkpt lat="50.665199" lon="17.909943">
        <ele>150.707397</ele>
        <time>2025-08-11T19:55:26.964Z</time>
      </trkpt>
      <trkpt lat="50.664561" lon="17.910124">
        <ele>150.525614</ele>
        <time>2025-08-11T19:55:41.013Z</time>
      </trkpt>
      <trkpt lat="50.663077" lon="17.910530">
        <ele>150.094865</ele>
        <time>2025-08-11T19:56:12.594Z</time>
      </trkpt>
      <trkpt lat="50.662528" lon="17.910536">
        <ele>149.931020</ele>
        <time>2025-08-11T19:56:23.716Z</time>
      </trkpt>
      <trkpt lat="50.661673" lon="17.910567">
        <ele>149.718002</ele>
        <time>2025-08-11T19:56:42.203Z</time>
      </trkpt>
      <trkpt lat="50.661350" lon="17.910665">
        <ele>149.815186</ele>
        <time>2025-08-11T19:56:49.810Z</time>
      </trkpt>
      <trkpt lat="50.660649" lon="17.911143">
        <ele>150.040825</ele>
        <time>2025-08-11T19:57:08.192Z</time>
      </trkpt>
      <trkpt lat="50.660123" lon="17.911461">
        <ele>150.207261</ele>
        <time>2025-08-11T19:57:21.840Z</time>
      </trkpt>
      <trkpt lat="50.660040" lon="17.911488">
        <ele>150.228205</ele>
        <time>2025-08-11T19:57:23.882Z</time>
      </trkpt>
      <trkpt lat="50.660040" lon="17.911488">
        <ele>150.228205</ele>
        <time>2025-08-11T19:57:23.888Z</time>
      </trkpt>
      <trkpt lat="50.659959" lon="17.912680">
        <ele>150.215006</ele>
        <time>2025-08-11T19:57:43.540Z</time>
      </trkpt>
      <trkpt lat="50.660328" lon="17.913925">
        <ele>150.199874</ele>
        <time>2025-08-11T19:58:06.070Z</time>
      </trkpt>
      <trkpt lat="50.660328" lon="17.913925">
        <ele>150.199874</ele>
        <time>2025-08-11T19:58:06.076Z</time>
      </trkpt>
      <trkpt lat="50.661050" lon="17.914117">
        <ele>150.222567</ele>
        <time>2025-08-11T19:58:33.073Z</time>
      </trkpt>
      <trkpt lat="50.661265" lon="17.914197">
        <ele>150.232268</ele>
        <time>2025-08-11T19:58:41.280Z</time>
      </trkpt>
      <trkpt lat="50.661557" lon="17.914357">
        <ele>150.245842</ele>
        <time>2025-08-11T19:58:52.700Z</time>
      </trkpt>
      <trkpt lat="50.661530" lon="17.914346">
        <ele>150.247066</ele>
        <time>2025-08-11T19:58:54.645Z</time>
      </trkpt>
      <trkpt lat="50.661505" lon="17.914372">
        <ele>150.248381</ele>
        <time>2025-08-11T19:58:56.695Z</time>
      </trkpt>
      <trkpt lat="50.660984" lon="17.914907">
        <ele>150.275680</ele>
        <time>2025-08-11T19:59:39.894Z</time>
      </trkpt>
      <trkpt lat="50.659994" lon="17.915807">
        <ele>150.457049</ele>
        <time>2025-08-11T20:00:59.326Z</time>
      </trkpt>
      <trkpt lat="50.659415" lon="17.916550">
        <ele>150.585310</ele>
        <time>2025-08-11T20:01:51.189Z</time>
      </trkpt>
      <trkpt lat="50.658777" lon="17.917507">
        <ele>150.825526</ele>
        <time>2025-08-11T20:02:52.365Z</time>
      </trkpt>
      <trkpt lat="50.658467" lon="17.917974">
        <ele>150.942485</ele>
        <time>2025-08-11T20:03:22.165Z</time>
      </trkpt>
      <trkpt lat="50.658297" lon="17.918173">
        <ele>151.000246</ele>
        <time>2025-08-11T20:03:36.887Z</time>
      </trkpt>
      <trkpt lat="50.658072" lon="17.918377">
        <ele>151.090347</ele>
        <time>2025-08-11T20:03:54.929Z</time>
      </trkpt>
      <trkpt lat="50.657357" lon="17.918949">
        <ele>151.563992</ele>
        <time>2025-08-11T20:04:50.620Z</time>
      </trkpt>
      <trkpt lat="50.657174" lon="17.919007">
        <ele>151.674269</ele>
        <time>2025-08-11T20:04:56.829Z</time>
      </trkpt>
      <trkpt lat="50.657123" lon="17.919017">
        <ele>151.704632</ele>
        <time>2025-08-11T20:04:58.567Z</time>
      </trkpt>
      <trkpt lat="50.656529" lon="17.919114">
        <ele>152.057445</ele>
        <time>2025-08-11T20:05:13.753Z</time>
      </trkpt>
      <trkpt lat="50.656434" lon="17.919107">
        <ele>152.113632</ele>
        <time>2025-08-11T20:05:15.916Z</time>
      </trkpt>
      <trkpt lat="50.656330" lon="17.919019">
        <ele>152.044769</ele>
        <time>2025-08-11T20:05:18.537Z</time>
      </trkpt>
      <trkpt lat="50.656256" lon="17.918875">
        <ele>151.968878</ele>
        <time>2025-08-11T20:05:21.073Z</time>
      </trkpt>
      <trkpt lat="50.656212" lon="17.919025">
        <ele>151.901211</ele>
        <time>2025-08-11T20:05:23.174Z</time>
      </trkpt>
      <trkpt lat="50.656173" lon="17.918982">
        <ele>151.870483</ele>
        <time>2025-08-11T20:05:24.126Z</time>
      </trkpt>
      <trkpt lat="50.656189" lon="17.918686">
        <ele>151.748857</ele>
        <time>2025-08-11T20:05:27.762Z</time>
      </trkpt>
      <trkpt lat="50.656353" lon="17.916849">
        <ele>150.989349</ele>
        <time>2025-08-11T20:05:50.524Z</time>
      </trkpt>
      <trkpt lat="50.656355" lon="17.916818">
        <ele>150.976592</ele>
        <time>2025-08-11T20:05:50.917Z</time>
      </trkpt>
      <trkpt lat="50.656484" lon="17.915242">
        <ele>150.876142</ele>
        <time>2025-08-11T20:06:12.606Z</time>
      </trkpt>
      <trkpt lat="50.656518" lon="17.914269">
        <ele>150.825790</ele>
        <time>2025-08-11T20:06:27.163Z</time>
      </trkpt>
      <trkpt lat="50.656498" lon="17.914168">
        <ele>150.820323</ele>
        <time>2025-08-11T20:06:28.706Z</time>
      </trkpt>
      <trkpt lat="50.656459" lon="17.914114">
        <ele>150.816093</ele>
        <time>2025-08-11T20:06:29.898Z</time>
      </trkpt>
      <trkpt lat="50.656337" lon="17.914105">
        <ele>150.812532</ele>
        <time>2025-08-11T20:06:32.701Z</time>
      </trkpt>
      <trkpt lat="50.656296" lon="17.914126">
        <ele>150.816851</ele>
        <time>2025-08-11T20:06:33.696Z</time>
      </trkpt>
      <trkpt lat="50.656253" lon="17.914156">
        <ele>150.821563</ele>
        <time>2025-08-11T20:06:34.792Z</time>
      </trkpt>
      <trkpt lat="50.656140" lon="17.914262">
        <ele>150.834737</ele>
        <time>2025-08-11T20:06:37.779Z</time>
      </trkpt>
      <trkpt lat="50.656120" lon="17.914415">
        <ele>150.844661</ele>
        <time>2025-08-11T20:06:40.013Z</time>
      </trkpt>
      <trkpt lat="50.656140" lon="17.914496">
        <ele>150.850183</ele>
        <time>2025-08-11T20:06:41.267Z</time>
      </trkpt>
      <trkpt lat="50.656199" lon="17.914587">
        <ele>150.858452</ele>
        <time>2025-08-11T20:06:43.126Z</time>
      </trkpt>
      <trkpt lat="50.656249" lon="17.914627">
        <ele>150.864070</ele>
        <time>2025-08-11T20:06:44.393Z</time>
      </trkpt>
      <trkpt lat="50.656316" lon="17.914627">
        <ele>150.870783</ele>
        <time>2025-08-11T20:06:45.899Z</time>
      </trkpt>
      <trkpt lat="50.656371" lon="17.914590">
        <ele>150.876775</ele>
        <time>2025-08-11T20:06:47.229Z</time>
      </trkpt>
      <trkpt lat="50.656428" lon="17.914457">
        <ele>150.886973</ele>
        <time>2025-08-11T20:06:49.521Z</time>
      </trkpt>
      <trkpt lat="50.656390" lon="17.914145">
        <ele>150.907156</ele>
        <time>2025-08-11T20:06:54.020Z</time>
      </trkpt>
      <trkpt lat="50.656394" lon="17.913787">
        <ele>150.929902</ele>
        <time>2025-08-11T20:06:59.116Z</time>
      </trkpt>
      <trkpt lat="50.656433" lon="17.910633">
        <ele>150.994426</ele>
        <time>2025-08-11T20:07:43.827Z</time>
      </trkpt>
      <trkpt lat="50.656433" lon="17.910314">
        <ele>150.995171</ele>
        <time>2025-08-11T20:07:48.488Z</time>
      </trkpt>
      <trkpt lat="50.656364" lon="17.909295">
        <ele>150.890899</ele>
        <time>2025-08-11T20:08:02.676Z</time>
      </trkpt>
      <trkpt lat="50.656368" lon="17.909216">
        <ele>150.879460</ele>
        <time>2025-08-11T20:08:03.726Z</time>
      </trkpt>
      <trkpt lat="50.656390" lon="17.909067">
        <ele>150.857378</ele>
        <time>2025-08-11T20:08:05.687Z</time>
      </trkpt>
      <trkpt lat="50.656334" lon="17.908932">
        <ele>150.834093</ele>
        <time>2025-08-11T20:08:07.782Z</time>
      </trkpt>
      <trkpt lat="50.656326" lon="17.908845">
        <ele>150.821404</ele>
        <time>2025-08-11T20:08:08.924Z</time>
      </trkpt>
      <trkpt lat="50.656321" lon="17.908795">
        <ele>150.814098</ele>
        <time>2025-08-11T20:08:09.580Z</time>
      </trkpt>
      <trkpt lat="50.656316" lon="17.908757">
        <ele>150.808496</ele>
        <time>2025-08-11T20:08:10.086Z</time>
      </trkpt>
      <trkpt lat="50.656459" lon="17.908730">
        <ele>150.775707</ele>
        <time>2025-08-11T20:08:13.122Z</time>
      </trkpt>
      <trkpt lat="50.656495" lon="17.908720">
        <ele>150.767385</ele>
        <time>2025-08-11T20:08:13.929Z</time>
      </trkpt>
      <trkpt lat="50.657227" lon="17.908580">
        <ele>150.599510</ele>
        <time>2025-08-11T20:08:30.316Z</time>
      </trkpt>
      <trkpt lat="50.657944" lon="17.908434">
        <ele>150.557991</ele>
        <time>2025-08-11T20:08:46.319Z</time>
      </trkpt>
      <trkpt lat="50.658324" lon="17.908370">
        <ele>150.541689</ele>
        <time>2025-08-11T20:08:55.259Z</time>
      </trkpt>
      <trkpt lat="50.658354" lon="17.908268">
        <ele>150.538648</ele>
        <time>2025-08-11T20:08:56.984Z</time>
      </trkpt>
      <trkpt lat="50.658392" lon="17.908269">
        <ele>150.537027</ele>
        <time>2025-08-11T20:08:57.865Z</time>
      </trkpt>
      <trkpt lat="50.658428" lon="17.908259">
        <ele>150.535468</ele>
        <time>2025-08-11T20:08:58.743Z</time>
      </trkpt>
      <trkpt lat="50.658435" lon="17.908301">
        <ele>150.534293</ele>
        <time>2025-08-11T20:08:59.407Z</time>
      </trkpt>
      <trkpt lat="50.658475" lon="17.908325">
        <ele>150.532468</ele>
        <time>2025-08-11T20:09:00.426Z</time>
      </trkpt>
      <trkpt lat="50.658744" lon="17.908286">
        <ele>150.520944</ele>
        <time>2025-08-11T20:09:06.767Z</time>
      </trkpt>
      <trkpt lat="50.658819" lon="17.908271">
        <ele>150.517719</ele>
        <time>2025-08-11T20:09:08.547Z</time>
      </trkpt>
      <trkpt lat="50.659127" lon="17.908209">
        <ele>150.559437</ele>
        <time>2025-08-11T20:09:15.931Z</time>
      </trkpt>
      <trkpt lat="50.659182" lon="17.908198">
        <ele>150.582225</ele>
        <time>2025-08-11T20:09:17.271Z</time>
      </trkpt>
      <trkpt lat="50.659419" lon="17.908149">
        <ele>150.680473</ele>
        <time>2025-08-11T20:09:22.926Z</time>
      </trkpt>
      <trkpt lat="50.659695" lon="17.908094">
        <ele>150.794821</ele>
        <time>2025-08-11T20:09:29.482Z</time>
      </trkpt>
      <trkpt lat="50.659997" lon="17.908035">
        <ele>150.919901</ele>
        <time>2025-08-11T20:09:36.921Z</time>
      </trkpt>
      <trkpt lat="50.660293" lon="17.907980">
        <ele>151.042409</ele>
        <time>2025-08-11T20:09:44.432Z</time>
      </trkpt>
      <trkpt lat="50.660611" lon="17.907920">
        <ele>151.174049</ele>
        <time>2025-08-11T20:09:52.717Z</time>
      </trkpt>
      <trkpt lat="50.661392" lon="17.907772">
        <ele>151.606210</ele>
        <time>2025-08-11T20:10:14.010Z</time>
      </trkpt>
      <trkpt lat="50.661490" lon="17.907757">
        <ele>151.664410</ele>
        <time>2025-08-11T20:10:17.314Z</time>
      </trkpt>
      <trkpt lat="50.662587" lon="17.907438">
        <ele>152.308487</ele>
        <time>2025-08-11T20:10:52.268Z</time>
      </trkpt>
      <trkpt lat="50.663048" lon="17.907325">
        <ele>152.222098</ele>
        <time>2025-08-11T20:11:05.471Z</time>
      </trkpt>
      <trkpt lat="50.663600" lon="17.907236">
        <ele>152.119351</ele>
        <time>2025-08-11T20:11:20.865Z</time>
      </trkpt>
      <trkpt lat="50.664105" lon="17.907256">
        <ele>152.025809</ele>
        <time>2025-08-11T20:11:34.844Z</time>
      </trkpt>
      <trkpt lat="50.664069" lon="17.906969">
        <ele>151.991470</ele>
        <time>2025-08-11T20:11:39.021Z</time>
      </trkpt>
      <trkpt lat="50.663962" lon="17.906410">
        <ele>152.003958</ele>
        <time>2025-08-11T20:11:47.675Z</time>
      </trkpt>
      <trkpt lat="50.663900" lon="17.906192">
        <ele>152.016387</ele>
        <time>2025-08-11T20:11:51.361Z</time>
      </trkpt>
      <trkpt lat="50.663743" lon="17.905943">
        <ele>152.034656</ele>
        <time>2025-08-11T20:11:56.795Z</time>
      </trkpt>
      <trkpt lat="50.663751" lon="17.905857">
        <ele>152.039178</ele>
        <time>2025-08-11T20:12:00.633Z</time>
      </trkpt>
      <trkpt lat="50.663885" lon="17.905548">
        <ele>152.058653</ele>
        <time>2025-08-11T20:12:17.120Z</time>
      </trkpt>
      <trkpt lat="50.663948" lon="17.905455">
        <ele>152.065733</ele>
        <time>2025-08-11T20:12:23.137Z</time>
      </trkpt>
      <trkpt lat="50.663902" lon="17.905341">
        <ele>152.072763</ele>
        <time>2025-08-11T20:12:29.131Z</time>
      </trkpt>
      <trkpt lat="50.663898" lon="17.905220">
        <ele>152.079066</ele>
        <time>2025-08-11T20:12:34.450Z</time>
      </trkpt>
      <trkpt lat="50.663897" lon="17.905160">
        <ele>152.082188</ele>
        <time>2025-08-11T20:12:37.090Z</time>
      </trkpt>
      <trkpt lat="50.663831" lon="17.905111">
        <ele>152.088174</ele>
        <time>2025-08-11T20:12:42.138Z</time>
      </trkpt>
      <trkpt lat="50.663791" lon="17.905086">
        <ele>152.091705</ele>
        <time>2025-08-11T20:12:45.121Z</time>
      </trkpt>
      <trkpt lat="50.663551" lon="17.905166">
        <ele>152.111835</ele>
        <time>2025-08-11T20:13:02.182Z</time>
      </trkpt>
      <trkpt lat="50.663477" lon="17.905190">
        <ele>152.118035</ele>
        <time>2025-08-11T20:13:07.470Z</time>
      </trkpt>
      <trkpt lat="50.663454" lon="17.905048">
        <ele>152.125659</ele>
        <time>2025-08-11T20:13:13.912Z</time>
      </trkpt>
      <trkpt lat="50.663463" lon="17.905045">
        <ele>152.126413</ele>
        <time>2025-08-11T20:13:14.122Z</time>
      </trkpt>
      <trkpt lat="50.663490" lon="17.905033">
        <ele>152.121335</ele>
        <time>2025-08-11T20:13:16.064Z</time>
      </trkpt>
      <trkpt lat="50.663764" lon="17.904944">
        <ele>152.061040</ele>
        <time>2025-08-11T20:13:24.095Z</time>
      </trkpt>
      <trkpt lat="50.663731" lon="17.904692">
        <ele>152.025885</ele>
        <time>2025-08-11T20:13:27.613Z</time>
      </trkpt>
      <trkpt lat="50.663727" lon="17.904659">
        <ele>152.021295</ele>
        <time>2025-08-11T20:13:28.084Z</time>
      </trkpt>
      <trkpt lat="50.663684" lon="17.904338">
        <ele>151.976471</ele>
        <time>2025-08-11T20:13:32.558Z</time>
      </trkpt>
      <trkpt lat="50.663662" lon="17.904170">
        <ele>151.953035</ele>
        <time>2025-08-11T20:13:34.886Z</time>
      </trkpt>
      <trkpt lat="50.663628" lon="17.903917">
        <ele>151.917702</ele>
        <time>2025-08-11T20:13:38.370Z</time>
      </trkpt>
      <trkpt lat="50.663598" lon="17.903689">
        <ele>151.885888</ele>
        <time>2025-08-11T20:13:41.491Z</time>
      </trkpt>
      <trkpt lat="50.663584" lon="17.903586">
        <ele>151.871497</ele>
        <time>2025-08-11T20:13:42.897Z</time>
      </trkpt>
      <trkpt lat="50.663581" lon="17.903564">
        <ele>151.868422</ele>
        <time>2025-08-11T20:13:43.205Z</time>
      </trkpt>
      <trkpt lat="50.663565" lon="17.903440">
        <ele>151.851134</ele>
        <time>2025-08-11T20:13:44.890Z</time>
      </trkpt>
      <trkpt lat="50.663528" lon="17.903453">
        <ele>151.842964</ele>
        <time>2025-08-11T20:13:45.679Z</time>
      </trkpt>
      <trkpt lat="50.663421" lon="17.903491">
        <ele>151.819325</ele>
        <time>2025-08-11T20:13:47.975Z</time>
      </trkpt>
      <trkpt lat="50.663172" lon="17.903580">
        <ele>151.764297</ele>
        <time>2025-08-11T20:13:53.363Z</time>
      </trkpt>
      <trkpt lat="50.662331" lon="17.903844">
        <ele>151.823426</ele>
        <time>2025-08-11T20:14:11.995Z</time>
      </trkpt>
      <trkpt lat="50.662262" lon="17.903865">
        <ele>151.831440</ele>
        <time>2025-08-11T20:14:13.577Z</time>
      </trkpt>
      <trkpt lat="50.662059" lon="17.903917">
        <ele>151.854894</ele>
        <time>2025-08-11T20:14:18.356Z</time>
      </trkpt>
      <trkpt lat="50.662022" lon="17.903721">
        <ele>151.869677</ele>
        <time>2025-08-11T20:14:21.358Z</time>
      </trkpt>
      <trkpt lat="50.662010" lon="17.903581">
        <ele>151.879890</ele>
        <time>2025-08-11T20:14:23.417Z</time>
      </trkpt>
      <trkpt lat="50.661925" lon="17.903598">
        <ele>151.889661</ele>
        <time>2025-08-11T20:14:25.528Z</time>
      </trkpt>
      <trkpt lat="50.661917" lon="17.903513">
        <ele>151.895873</ele>
        <time>2025-08-11T20:14:27.121Z</time>
      </trkpt>
      <trkpt lat="50.661837" lon="17.902614">
        <ele>151.971202</ele>
        <time>2025-08-11T20:14:44.925Z</time>
      </trkpt>
      <trkpt lat="50.661794" lon="17.902126">
        <ele>152.026721</ele>
        <time>2025-08-11T20:14:54.580Z</time>
      </trkpt>
      <trkpt lat="50.661680" lon="17.900838">
        <ele>152.173266</ele>
        <time>2025-08-11T20:15:14.585Z</time>
      </trkpt>
      <trkpt lat="50.661600" lon="17.899676">
        <ele>152.387193</ele>
        <time>2025-08-11T20:15:30.883Z</time>
      </trkpt>
      <trkpt lat="50.661544" lon="17.898929">
        <ele>152.641484</ele>
        <time>2025-08-11T20:15:42.449Z</time>
      </trkpt>
      <trkpt lat="50.661521" lon="17.898587">
        <ele>152.757749</ele>
        <time>2025-08-11T20:15:47.946Z</time>
      </trkpt>
      <trkpt lat="50.661551" lon="17.898545">
        <ele>152.779140</ele>
        <time>2025-08-11T20:15:50.748Z</time>
      </trkpt>
      <trkpt lat="50.661559" lon="17.898441">
        <ele>152.814556</ele>
        <time>2025-08-11T20:15:55.361Z</time>
      </trkpt>
      <trkpt lat="50.661597" lon="17.898405">
        <ele>152.838195</ele>
        <time>2025-08-11T20:15:58.424Z</time>
      </trkpt>
      <trkpt lat="50.661587" lon="17.898310">
        <ele>152.870750</ele>
        <time>2025-08-11T20:16:00.015Z</time>
      </trkpt>
      <trkpt lat="50.661580" lon="17.898217">
        <ele>152.902410</ele>
        <time>2025-08-11T20:16:01.586Z</time>
      </trkpt>
      <trkpt lat="50.661597" lon="17.898140">
        <ele>152.929975</ele>
        <time>2025-08-11T20:16:02.933Z</time>
      </trkpt>
      <trkpt lat="50.661611" lon="17.898086">
        <ele>152.949697</ele>
        <time>2025-08-11T20:16:03.911Z</time>
      </trkpt>
      <trkpt lat="50.661551" lon="17.898013">
        <ele>152.990107</ele>
        <time>2025-08-11T20:16:05.878Z</time>
      </trkpt>
      <trkpt lat="50.661465" lon="17.897820">
        <ele>153.069859</ele>
        <time>2025-08-11T20:16:09.800Z</time>
      </trkpt>
      <trkpt lat="50.661441" lon="17.897565">
        <ele>153.157009</ele>
        <time>2025-08-11T20:16:14.245Z</time>
      </trkpt>
      <trkpt lat="50.661404" lon="17.897462">
        <ele>153.197032</ele>
        <time>2025-08-11T20:16:16.314Z</time>
      </trkpt>
      <trkpt lat="50.661219" lon="17.897296">
        <ele>153.377436</ele>
        <time>2025-08-11T20:16:22.309Z</time>
      </trkpt>
      <trkpt lat="50.661165" lon="17.897211">
        <ele>153.449241</ele>
        <time>2025-08-11T20:16:24.361Z</time>
      </trkpt>
      <trkpt lat="50.661103" lon="17.896380">
        <ele>153.948505</ele>
        <time>2025-08-11T20:16:38.387Z</time>
      </trkpt>
      <trkpt lat="50.661145" lon="17.896209">
        <ele>154.057929</ele>
        <time>2025-08-11T20:16:41.357Z</time>
      </trkpt>
      <trkpt lat="50.661081" lon="17.896067">
        <ele>154.161890</ele>
        <time>2025-08-11T20:16:44.301Z</time>
      </trkpt>
      <trkpt lat="50.661104" lon="17.895918">
        <ele>154.253394</ele>
        <time>2025-08-11T20:16:46.951Z</time>
      </trkpt>
      <trkpt lat="50.661202" lon="17.895565">
        <ele>154.483336</ele>
        <time>2025-08-11T20:16:53.433Z</time>
      </trkpt>
      <trkpt lat="50.661279" lon="17.895450">
        <ele>154.583144</ele>
        <time>2025-08-11T20:16:56.123Z</time>
      </trkpt>
      <trkpt lat="50.661526" lon="17.895135">
        <ele>154.882110</ele>
        <time>2025-08-11T20:17:03.891Z</time>
      </trkpt>
      <trkpt lat="50.661618" lon="17.894865">
        <ele>155.025784</ele>
        <time>2025-08-11T20:17:08.499Z</time>
      </trkpt>
      <trkpt lat="50.661657" lon="17.894663">
        <ele>155.118586</ele>
        <time>2025-08-11T20:17:11.810Z</time>
      </trkpt>
      <trkpt lat="50.661572" lon="17.894475">
        <ele>155.220072</ele>
        <time>2025-08-11T20:17:15.395Z</time>
      </trkpt>
      <trkpt lat="50.661550" lon="17.894368">
        <ele>155.269509</ele>
        <time>2025-08-11T20:17:17.193Z</time>
      </trkpt>
      <trkpt lat="50.661486" lon="17.894117">
        <ele>155.388409</ele>
        <time>2025-08-11T20:17:21.601Z</time>
      </trkpt>
      <trkpt lat="50.661461" lon="17.894006">
        <ele>155.440180</ele>
        <time>2025-08-11T20:17:23.562Z</time>
      </trkpt>
      <trkpt lat="50.661443" lon="17.893943">
        <ele>155.470550</ele>
        <time>2025-08-11T20:17:24.718Z</time>
      </trkpt>
      <trkpt lat="50.661420" lon="17.893835">
        <ele>155.520621</ele>
        <time>2025-08-11T20:17:26.681Z</time>
      </trkpt>
      <trkpt lat="50.661409" lon="17.893778">
        <ele>155.546807</ele>
        <time>2025-08-11T20:17:27.730Z</time>
      </trkpt>
      <trkpt lat="50.661419" lon="17.893607">
        <ele>155.622278</ele>
        <time>2025-08-11T20:17:30.714Z</time>
      </trkpt>
      <trkpt lat="50.661301" lon="17.893150">
        <ele>155.839147</ele>
        <time>2025-08-11T20:17:39.301Z</time>
      </trkpt>
      <trkpt lat="50.661224" lon="17.892674">
        <ele>156.055047</ele>
        <time>2025-08-11T20:17:47.193Z</time>
      </trkpt>
      <trkpt lat="50.661193" lon="17.892280">
        <ele>156.237757</ele>
        <time>2025-08-11T20:17:53.357Z</time>
      </trkpt>
      <trkpt lat="50.661194" lon="17.891812">
        <ele>156.468901</ele>
        <time>2025-08-11T20:18:00.960Z</time>
      </trkpt>
      <trkpt lat="50.661183" lon="17.891386">
        <ele>156.679475</ele>
        <time>2025-08-11T20:18:08.023Z</time>
      </trkpt>
      <trkpt lat="50.661203" lon="17.890586">
        <ele>157.074899</ele>
        <time>2025-08-11T20:18:21.376Z</time>
      </trkpt>
      <trkpt lat="50.661205" lon="17.890368">
        <ele>157.182580</ele>
        <time>2025-08-11T20:18:25.054Z</time>
      </trkpt>
      <trkpt lat="50.661227" lon="17.890359">
        <ele>157.200288</ele>
        <time>2025-08-11T20:18:25.655Z</time>
      </trkpt>
      <trkpt lat="50.661289" lon="17.890362">
        <ele>157.248616</ele>
        <time>2025-08-11T20:18:27.231Z</time>
      </trkpt>
      <trkpt lat="50.661351" lon="17.890363">
        <ele>157.296925</ele>
        <time>2025-08-11T20:18:28.788Z</time>
      </trkpt>
      <trkpt lat="50.661397" lon="17.890366">
        <ele>157.332796</ele>
        <time>2025-08-11T20:18:29.940Z</time>
      </trkpt>
      <trkpt lat="50.661408" lon="17.889682">
        <ele>157.683213</ele>
        <time>2025-08-11T20:18:40.942Z</time>
      </trkpt>
      <trkpt lat="50.661432" lon="17.888576">
        <ele>158.294016</ele>
        <time>2025-08-11T20:19:00.173Z</time>
      </trkpt>
      <trkpt lat="50.661466" lon="17.888262">
        <ele>158.469835</ele>
        <time>2025-08-11T20:19:05.545Z</time>
      </trkpt>
      <trkpt lat="50.661468" lon="17.888193">
        <ele>158.507959</ele>
        <time>2025-08-11T20:19:06.714Z</time>
      </trkpt>
      <trkpt lat="50.661470" lon="17.888129">
        <ele>158.543326</ele>
        <time>2025-08-11T20:19:07.778Z</time>
      </trkpt>
      <trkpt lat="50.661468" lon="17.888105">
        <ele>158.556687</ele>
        <time>2025-08-11T20:19:08.181Z</time>
      </trkpt>
      <trkpt lat="50.661440" lon="17.887802">
        <ele>158.725692</ele>
        <time>2025-08-11T20:19:13.104Z</time>
      </trkpt>
      <trkpt lat="50.661456" lon="17.887342">
        <ele>158.979966</ele>
        <time>2025-08-11T20:19:20.321Z</time>
      </trkpt>
      <trkpt lat="50.661496" lon="17.887047">
        <ele>159.132493</ele>
        <time>2025-08-11T20:19:24.915Z</time>
      </trkpt>
      <trkpt lat="50.661494" lon="17.887003">
        <ele>159.135427</ele>
        <time>2025-08-11T20:19:25.579Z</time>
      </trkpt>
      <trkpt lat="50.661492" lon="17.886958">
        <ele>159.138428</ele>
        <time>2025-08-11T20:19:26.270Z</time>
      </trkpt>
      <trkpt lat="50.661470" lon="17.886848">
        <ele>159.146101</ele>
        <time>2025-08-11T20:19:27.968Z</time>
      </trkpt>
      <trkpt lat="50.661566" lon="17.885068">
        <ele>159.264940</ele>
        <time>2025-08-11T20:19:53.659Z</time>
      </trkpt>
      <trkpt lat="50.661654" lon="17.883633">
        <ele>159.157059</ele>
        <time>2025-08-11T20:20:13.657Z</time>
      </trkpt>
      <trkpt lat="50.661827" lon="17.881775">
        <ele>158.668760</ele>
        <time>2025-08-11T20:20:38.497Z</time>
      </trkpt>
      <trkpt lat="50.661910" lon="17.880980">
        <ele>158.193165</ele>
        <time>2025-08-11T20:20:48.586Z</time>
      </trkpt>
      <trkpt lat="50.662000" lon="17.880099">
        <ele>157.456217</ele>
        <time>2025-08-11T20:21:03.010Z</time>
      </trkpt>
      <trkpt lat="50.662023" lon="17.879644">
        <ele>157.079270</ele>
        <time>2025-08-11T20:21:10.188Z</time>
      </trkpt>
      <trkpt lat="50.662019" lon="17.879350">
        <ele>156.836419</ele>
        <time>2025-08-11T20:21:14.818Z</time>
      </trkpt>
      <trkpt lat="50.661929" lon="17.879013">
        <ele>156.534422</ele>
        <time>2025-08-11T20:21:20.589Z</time>
      </trkpt>
      <trkpt lat="50.661941" lon="17.878886">
        <ele>156.428382</ele>
        <time>2025-08-11T20:21:22.594Z</time>
      </trkpt>
      <trkpt lat="50.661988" lon="17.878787">
        <ele>156.326237</ele>
        <time>2025-08-11T20:21:24.552Z</time>
      </trkpt>
      <trkpt lat="50.661965" lon="17.878734">
        <ele>156.273194</ele>
        <time>2025-08-11T20:21:25.291Z</time>
      </trkpt>
      <trkpt lat="50.661955" lon="17.878710">
        <ele>156.249475</ele>
        <time>2025-08-11T20:21:25.616Z</time>
      </trkpt>
      <trkpt lat="50.661938" lon="17.878668">
        <ele>156.209792</ele>
        <time>2025-08-11T20:21:26.391Z</time>
      </trkpt>
      <trkpt lat="50.661928" lon="17.878638">
        <ele>156.183173</ele>
        <time>2025-08-11T20:21:26.784Z</time>
      </trkpt>
      <trkpt lat="50.661913" lon="17.878591">
        <ele>156.141849</ele>
        <time>2025-08-11T20:21:27.390Z</time>
      </trkpt>
      <trkpt lat="50.661859" lon="17.878612">
        <ele>156.072946</ele>
        <time>2025-08-11T20:21:28.744Z</time>
      </trkpt>
      <trkpt lat="50.661802" lon="17.878589">
        <ele>156.000057</ele>
        <time>2025-08-11T20:21:30.194Z</time>
      </trkpt>
      <trkpt lat="50.661741" lon="17.878464">
        <ele>155.876171</ele>
        <time>2025-08-11T20:21:32.675Z</time>
      </trkpt>
      <trkpt lat="50.661732" lon="17.878147">
        <ele>155.626973</ele>
        <time>2025-08-11T20:21:37.687Z</time>
      </trkpt>
      <trkpt lat="50.661788" lon="17.877850">
        <ele>155.383632</ele>
        <time>2025-08-11T20:21:42.522Z</time>
      </trkpt>
      <trkpt lat="50.662073" lon="17.877217">
        <ele>154.773890</ele>
        <time>2025-08-11T20:21:54.900Z</time>
      </trkpt>
      <trkpt lat="50.662231" lon="17.877021">
        <ele>154.524876</ele>
        <time>2025-08-11T20:22:00.228Z</time>
      </trkpt>
      <trkpt lat="50.662300" lon="17.876977">
        <ele>154.432673</ele>
        <time>2025-08-11T20:22:02.224Z</time>
      </trkpt>
      <trkpt lat="50.662381" lon="17.876924">
        <ele>154.324034</ele>
        <time>2025-08-11T20:22:04.631Z</time>
      </trkpt>
      <trkpt lat="50.662426" lon="17.876907">
        <ele>154.266708</ele>
        <time>2025-08-11T20:22:05.871Z</time>
      </trkpt>
      <trkpt lat="50.662468" lon="17.876815">
        <ele>154.177673</ele>
        <time>2025-08-11T20:22:07.822Z</time>
      </trkpt>
      <trkpt lat="50.662456" lon="17.876603">
        <ele>154.010524</ele>
        <time>2025-08-11T20:22:10.570Z</time>
      </trkpt>
      <trkpt lat="50.662414" lon="17.876460">
        <ele>153.958210</ele>
        <time>2025-08-11T20:22:12.620Z</time>
      </trkpt>
      <trkpt lat="50.662291" lon="17.876234">
        <ele>153.859948</ele>
        <time>2025-08-11T20:22:16.443Z</time>
      </trkpt>
      <trkpt lat="50.661996" lon="17.876643">
        <ele>153.655564</ele>
        <time>2025-08-11T20:22:24.452Z</time>
      </trkpt>
      <trkpt lat="50.661895" lon="17.876652">
        <ele>153.602919</ele>
        <time>2025-08-11T20:22:26.482Z</time>
      </trkpt>
      <trkpt lat="50.661723" lon="17.876534">
        <ele>153.505311</ele>
        <time>2025-08-11T20:22:30.255Z</time>
      </trkpt>
      <trkpt lat="50.662051" lon="17.874188">
        <ele>152.808574</ele>
        <time>2025-08-11T20:23:02.029Z</time>
      </trkpt>
      <trkpt lat="50.662307" lon="17.872512">
        <ele>152.390685</ele>
        <time>2025-08-11T20:23:24.847Z</time>
      </trkpt>
      <trkpt lat="50.662538" lon="17.871006">
        <ele>152.040195</ele>
        <time>2025-08-11T20:23:45.426Z</time>
      </trkpt>
      <trkpt lat="50.662961" lon="17.868008">
        <ele>151.561494</ele>
        <time>2025-08-11T20:24:26.451Z</time>
      </trkpt>
      <trkpt lat="50.663078" lon="17.866726">
        <ele>151.499588</ele>
        <time>2025-08-11T20:24:44.804Z</time>
      </trkpt>
      <trkpt lat="50.663094" lon="17.866562">
        <ele>151.536597</ele>
        <time>2025-08-11T20:24:47.318Z</time>
      </trkpt>
      <trkpt lat="50.663319" lon="17.865391">
        <ele>151.809512</ele>
        <time>2025-08-11T20:25:06.291Z</time>
      </trkpt>
      <trkpt lat="50.663805" lon="17.861950">
        <ele>152.690299</ele>
        <time>2025-08-11T20:26:02.366Z</time>
      </trkpt>
      <trkpt lat="50.663830" lon="17.861773">
        <ele>152.738196</ele>
        <time>2025-08-11T20:26:05.227Z</time>
      </trkpt>
      <trkpt lat="50.663837" lon="17.861719">
        <ele>152.752754</ele>
        <time>2025-08-11T20:26:06.054Z</time>
      </trkpt>
      <trkpt lat="50.664313" lon="17.858326">
        <ele>153.269911</ele>
        <time>2025-08-11T20:26:56.932Z</time>
      </trkpt>
      <trkpt lat="50.664423" lon="17.857945">
        <ele>153.329426</ele>
        <time>2025-08-11T20:27:02.845Z</time>
      </trkpt>
      <trkpt lat="50.664115" lon="17.857833">
        <ele>153.400311</ele>
        <time>2025-08-11T20:27:09.862Z</time>
      </trkpt>
      <trkpt lat="50.664061" lon="17.857842">
        <ele>153.412488</ele>
        <time>2025-08-11T20:27:11.066Z</time>
      </trkpt>
      <trkpt lat="50.663124" lon="17.858608">
        <ele>153.676952</ele>
        <time>2025-08-11T20:27:38.250Z</time>
      </trkpt>
      <trkpt lat="50.662977" lon="17.858652">
        <ele>153.749913</ele>
        <time>2025-08-11T20:27:42.362Z</time>
      </trkpt>
      <trkpt lat="50.662850" lon="17.858599">
        <ele>153.813973</ele>
        <time>2025-08-11T20:27:45.995Z</time>
      </trkpt>
      <trkpt lat="50.662806" lon="17.858546">
        <ele>153.840969</ele>
        <time>2025-08-11T20:27:47.543Z</time>
      </trkpt>
      <trkpt lat="50.662247" lon="17.857876">
        <ele>154.183307</ele>
        <time>2025-08-11T20:28:06.457Z</time>
      </trkpt>
      <trkpt lat="50.662053" lon="17.857740">
        <ele>154.286829</ele>
        <time>2025-08-11T20:28:12.042Z</time>
      </trkpt>
      <trkpt lat="50.661899" lon="17.857719">
        <ele>154.362205</ele>
        <time>2025-08-11T20:28:16.076Z</time>
      </trkpt>
      <trkpt lat="50.660978" lon="17.857841">
        <ele>154.739770</ele>
        <time>2025-08-11T20:28:40.507Z</time>
      </trkpt>
      <trkpt lat="50.660638" lon="17.857925">
        <ele>154.868040</ele>
        <time>2025-08-11T20:28:49.198Z</time>
      </trkpt>
      <trkpt lat="50.660307" lon="17.857921">
        <ele>154.991414</ele>
        <time>2025-08-11T20:28:57.659Z</time>
      </trkpt>
      <trkpt lat="50.659897" lon="17.857735">
        <ele>155.150423</ele>
        <time>2025-08-11T20:29:09.088Z</time>
      </trkpt>
      <trkpt lat="50.659807" lon="17.857607">
        <ele>155.195147</ele>
        <time>2025-08-11T20:29:12.102Z</time>
      </trkpt>
      <trkpt lat="50.659737" lon="17.857443">
        <ele>155.240947</ele>
        <time>2025-08-11T20:29:15.202Z</time>
      </trkpt>
      <trkpt lat="50.659672" lon="17.857004">
        <ele>155.345382</ele>
        <time>2025-08-11T20:29:22.275Z</time>
      </trkpt>
      <trkpt lat="50.659668" lon="17.856678">
        <ele>155.420916</ele>
        <time>2025-08-11T20:29:27.321Z</time>
      </trkpt>
      <trkpt lat="50.659631" lon="17.856626">
        <ele>155.439025</ele>
        <time>2025-08-11T20:29:28.519Z</time>
      </trkpt>
      <trkpt lat="50.658637" lon="17.856608">
        <ele>155.802288</ele>
        <time>2025-08-11T20:29:51.780Z</time>
      </trkpt>
      <trkpt lat="50.658324" lon="17.856642">
        <ele>155.846814</ele>
        <time>2025-08-11T20:29:58.912Z</time>
      </trkpt>
      <trkpt lat="50.658291" lon="17.856642">
        <ele>155.849117</ele>
        <time>2025-08-11T20:29:59.654Z</time>
      </trkpt>
      <trkpt lat="50.658278" lon="17.857108">
        <ele>155.869757</ele>
        <time>2025-08-11T20:30:06.160Z</time>
      </trkpt>
      <trkpt lat="50.658102" lon="17.857140">
        <ele>155.882123</ele>
        <time>2025-08-11T20:30:10.132Z</time>
      </trkpt>
      <trkpt lat="50.657078" lon="17.857346">
        <ele>155.954177</ele>
        <time>2025-08-11T20:30:34.317Z</time>
      </trkpt>
      <trkpt lat="50.656474" lon="17.857504">
        <ele>155.972542</ele>
        <time>2025-08-11T20:30:49.250Z</time>
      </trkpt>
      <trkpt lat="50.655798" lon="17.857553">
        <ele>155.991776</ele>
        <time>2025-08-11T20:31:05.898Z</time>
      </trkpt>
      <trkpt lat="50.655300" lon="17.857529">
        <ele>156.005938</ele>
        <time>2025-08-11T20:31:16.692Z</time>
      </trkpt>
      <trkpt lat="50.655144" lon="17.857453">
        <ele>155.962519</ele>
        <time>2025-08-11T20:31:20.052Z</time>
      </trkpt>
      <trkpt lat="50.654959" lon="17.857213">
        <ele>155.879772</ele>
        <time>2025-08-11T20:31:25.032Z</time>
      </trkpt>
      <trkpt lat="50.654203" lon="17.857015">
        <ele>155.615038</ele>
        <time>2025-08-11T20:31:41.588Z</time>
      </trkpt>
      <trkpt lat="50.653601" lon="17.856807">
        <ele>155.402147</ele>
        <time>2025-08-11T20:32:03.659Z</time>
      </trkpt>
      <trkpt lat="50.653078" lon="17.856493">
        <ele>155.523348</ele>
        <time>2025-08-11T20:32:24.546Z</time>
      </trkpt>
      <trkpt lat="50.652482" lon="17.856068">
        <ele>155.699449</ele>
        <time>2025-08-11T20:32:50.015Z</time>
      </trkpt>
      <trkpt lat="50.652227" lon="17.855942">
        <ele>155.771395</ele>
        <time>2025-08-11T20:33:00.264Z</time>
      </trkpt>
      <trkpt lat="50.651891" lon="17.855814">
        <ele>155.864459</ele>
        <time>2025-08-11T20:33:13.589Z</time>
      </trkpt>
      <trkpt lat="50.651526" lon="17.855678">
        <ele>156.021713</ele>
        <time>2025-08-11T20:33:23.142Z</time>
      </trkpt>
      <trkpt lat="50.651278" lon="17.855588">
        <ele>156.130566</ele>
        <time>2025-08-11T20:33:29.723Z</time>
      </trkpt>
      <trkpt lat="50.650560" lon="17.855323">
        <ele>156.445986</ele>
        <time>2025-08-11T20:33:48.405Z</time>
      </trkpt>
      <trkpt lat="50.650361" lon="17.855245">
        <ele>156.533697</ele>
        <time>2025-08-11T20:33:53.390Z</time>
      </trkpt>
      <trkpt lat="50.650114" lon="17.855178">
        <ele>156.639450</ele>
        <time>2025-08-11T20:33:59.332Z</time>
      </trkpt>
      <trkpt lat="50.649969" lon="17.855140">
        <ele>156.648367</ele>
        <time>2025-08-11T20:34:02.763Z</time>
      </trkpt>
      <trkpt lat="50.649698" lon="17.855771">
        <ele>156.677683</ele>
        <time>2025-08-11T20:34:13.383Z</time>
      </trkpt>
      <trkpt lat="50.649275" lon="17.856737">
        <ele>156.722842</ele>
        <time>2025-08-11T20:34:29.954Z</time>
      </trkpt>
      <trkpt lat="50.649084" lon="17.856475">
        <ele>156.738199</ele>
        <time>2025-08-11T20:34:39.407Z</time>
      </trkpt>
      <trkpt lat="50.646898" lon="17.854208">
        <ele>156.987377</ele>
        <time>2025-08-11T20:36:17.931Z</time>
      </trkpt>
      <trkpt lat="50.646871" lon="17.854182">
        <ele>156.986865</ele>
        <time>2025-08-11T20:36:19.102Z</time>
      </trkpt>
      <trkpt lat="50.646907" lon="17.854017">
        <ele>156.985076</ele>
        <time>2025-08-11T20:36:21.541Z</time>
      </trkpt>
      <trkpt lat="50.646949" lon="17.853955">
        <ele>156.984146</ele>
        <time>2025-08-11T20:36:22.830Z</time>
      </trkpt>
      <trkpt lat="50.647138" lon="17.853676">
        <ele>156.979960</ele>
        <time>2025-08-11T20:36:28.537Z</time>
      </trkpt>
      <trkpt lat="50.647878" lon="17.852426">
        <ele>156.931750</ele>
        <time>2025-08-11T20:36:51.971Z</time>
      </trkpt>
      <trkpt lat="50.648157" lon="17.851820">
        <ele>156.887200</ele>
        <time>2025-08-11T20:37:02.248Z</time>
      </trkpt>
      <trkpt lat="50.648700" lon="17.850563">
        <ele>156.803471</ele>
        <time>2025-08-11T20:37:23.835Z</time>
      </trkpt>
      <trkpt lat="50.649092" lon="17.849643">
        <ele>156.870348</ele>
        <time>2025-08-11T20:37:39.422Z</time>
      </trkpt>
      <trkpt lat="50.649161" lon="17.849483">
        <ele>156.882023</ele>
        <time>2025-08-11T20:37:42.141Z</time>
      </trkpt>
      <trkpt lat="50.649506" lon="17.848681">
        <ele>156.940496</ele>
        <time>2025-08-11T20:37:55.971Z</time>
      </trkpt>
      <trkpt lat="50.649916" lon="17.847716">
        <ele>157.114437</ele>
        <time>2025-08-11T20:38:12.945Z</time>
      </trkpt>
      <trkpt lat="50.650384" lon="17.846605">
        <ele>157.407257</ele>
        <time>2025-08-11T20:38:33.618Z</time>
      </trkpt>
      <trkpt lat="50.650644" lon="17.846111">
        <ele>157.548200</ele>
        <time>2025-08-11T20:38:43.749Z</time>
      </trkpt>
      <trkpt lat="50.651070" lon="17.845492">
        <ele>157.435229</ele>
        <time>2025-08-11T20:38:56.610Z</time>
      </trkpt>
      <trkpt lat="50.651269" lon="17.845267">
        <ele>157.348276</ele>
        <time>2025-08-11T20:39:01.591Z</time>
      </trkpt>
      <trkpt lat="50.651341" lon="17.845262">
        <ele>157.322682</ele>
        <time>2025-08-11T20:39:03.048Z</time>
      </trkpt>
      <trkpt lat="50.651609" lon="17.845352">
        <ele>157.225376</ele>
        <time>2025-08-11T20:39:08.583Z</time>
      </trkpt>
      <trkpt lat="50.652127" lon="17.845633">
        <ele>157.030845</ele>
        <time>2025-08-11T20:39:19.640Z</time>
      </trkpt>
      <trkpt lat="50.652209" lon="17.845677">
        <ele>157.000086</ele>
        <time>2025-08-11T20:39:21.363Z</time>
      </trkpt>
      <trkpt lat="50.652541" lon="17.845921">
        <ele>156.925862</ele>
        <time>2025-08-11T20:39:28.794Z</time>
      </trkpt>
      <trkpt lat="50.652931" lon="17.846271">
        <ele>156.870939</ele>
        <time>2025-08-11T20:39:38.289Z</time>
      </trkpt>
      <trkpt lat="50.653587" lon="17.846855">
        <ele>156.778738</ele>
        <time>2025-08-11T20:39:55.203Z</time>
      </trkpt>
      <trkpt lat="50.653610" lon="17.846800">
        <ele>156.773625</ele>
        <time>2025-08-11T20:39:56.135Z</time>
      </trkpt>
      <trkpt lat="50.654234" lon="17.845646">
        <ele>156.937615</ele>
        <time>2025-08-11T20:40:18.101Z</time>
      </trkpt>
      <trkpt lat="50.654407" lon="17.845178">
        <ele>157.045181</ele>
        <time>2025-08-11T20:40:26.249Z</time>
      </trkpt>
      <trkpt lat="50.654732" lon="17.843809">
        <ele>157.373273</ele>
        <time>2025-08-11T20:40:48.678Z</time>
      </trkpt>
      <trkpt lat="50.654840" lon="17.843296">
        <ele>157.590202</ele>
        <time>2025-08-11T20:40:56.790Z</time>
      </trkpt>
      <trkpt lat="50.654900" lon="17.842774">
        <ele>157.803104</ele>
        <time>2025-08-11T20:41:04.804Z</time>
      </trkpt>
      <trkpt lat="50.654945" lon="17.842704">
        <ele>157.843111</ele>
        <time>2025-08-11T20:41:06.303Z</time>
      </trkpt>
      <trkpt lat="50.655093" lon="17.841819">
        <ele>158.210422</ele>
        <time>2025-08-11T20:41:20.880Z</time>
      </trkpt>
      <trkpt lat="50.655129" lon="17.841658">
        <ele>158.278934</ele>
        <time>2025-08-11T20:41:23.664Z</time>
      </trkpt>
      <trkpt lat="50.655233" lon="17.840710">
        <ele>158.641487</ele>
        <time>2025-08-11T20:41:39.444Z</time>
      </trkpt>
      <trkpt lat="50.655300" lon="17.840224">
        <ele>158.820479</ele>
        <time>2025-08-11T20:41:47.909Z</time>
      </trkpt>
      <trkpt lat="50.655827" lon="17.838483">
        <ele>159.457729</ele>
        <time>2025-08-11T20:42:17.440Z</time>
      </trkpt>
      <trkpt lat="50.655855" lon="17.838404">
        <ele>159.457608</ele>
        <time>2025-08-11T20:42:18.631Z</time>
      </trkpt>
      <trkpt lat="50.656388" lon="17.838170">
        <ele>159.456439</ele>
        <time>2025-08-11T20:42:37.969Z</time>
      </trkpt>
      <trkpt lat="50.656777" lon="17.837954">
        <ele>159.455568</ele>
        <time>2025-08-11T20:42:52.915Z</time>
      </trkpt>
      <trkpt lat="50.656977" lon="17.837724">
        <ele>159.455046</ele>
        <time>2025-08-11T20:43:02.101Z</time>
      </trkpt>
      <trkpt lat="50.657031" lon="17.837633">
        <ele>159.454879</ele>
        <time>2025-08-11T20:43:05.048Z</time>
      </trkpt>
      <trkpt lat="50.657122" lon="17.837481">
        <ele>159.454599</ele>
        <time>2025-08-11T20:43:10.074Z</time>
      </trkpt>
      <trkpt lat="50.657024" lon="17.837360">
        <ele>159.454336</ele>
        <time>2025-08-11T20:43:14.863Z</time>
      </trkpt>
      <trkpt lat="50.656573" lon="17.836976">
        <ele>159.698261</ele>
        <time>2025-08-11T20:43:35.011Z</time>
      </trkpt>
      <trkpt lat="50.656390" lon="17.836955">
        <ele>159.804761</ele>
        <time>2025-08-11T20:43:42.445Z</time>
      </trkpt>
      <trkpt lat="50.656275" lon="17.836996">
        <ele>159.873195</ele>
        <time>2025-08-11T20:43:47.276Z</time>
      </trkpt>
      <trkpt lat="50.656154" lon="17.837094">
        <ele>159.952146</ele>
        <time>2025-08-11T20:43:52.871Z</time>
      </trkpt>
      <trkpt lat="50.656145" lon="17.837104">
        <ele>159.958535</ele>
        <time>2025-08-11T20:43:53.334Z</time>
      </trkpt>
      <trkpt lat="50.655726" lon="17.837565">
        <ele>160.255058</ele>
        <time>2025-08-11T20:44:13.737Z</time>
      </trkpt>
      <trkpt lat="50.655599" lon="17.837727">
        <ele>160.349861</ele>
        <time>2025-08-11T20:44:19.971Z</time>
      </trkpt>
      <trkpt lat="50.655510" lon="17.837778">
        <ele>160.404824</ele>
        <time>2025-08-11T20:44:23.550Z</time>
      </trkpt>
      <trkpt lat="50.655191" lon="17.837564">
        <ele>160.628250</ele>
        <time>2025-08-11T20:44:36.734Z</time>
      </trkpt>
      <trkpt lat="50.654677" lon="17.837627">
        <ele>160.989111</ele>
        <time>2025-08-11T20:44:56.944Z</time>
      </trkpt>
      <trkpt lat="50.654586" lon="17.837570">
        <ele>161.057646</ele>
        <time>2025-08-11T20:45:00.876Z</time>
      </trkpt>
      <trkpt lat="50.654531" lon="17.837421">
        <ele>161.134158</ele>
        <time>2025-08-11T20:45:05.282Z</time>
      </trkpt>
      <trkpt lat="50.654528" lon="17.837181">
        <ele>161.240682</ele>
        <time>2025-08-11T20:45:11.395Z</time>
      </trkpt>
      <trkpt lat="50.654644" lon="17.836151">
        <ele>161.704918</ele>
        <time>2025-08-11T20:45:38.352Z</time>
      </trkpt>
      <trkpt lat="50.654667" lon="17.835946">
        <ele>161.750770</ele>
        <time>2025-08-11T20:45:43.810Z</time>
      </trkpt>
      <trkpt lat="50.654562" lon="17.835672">
        <ele>161.728366</ele>
        <time>2025-08-11T20:45:52.193Z</time>
      </trkpt>
      <trkpt lat="50.654308" lon="17.835327">
        <ele>161.691368</ele>
        <time>2025-08-11T20:46:05.629Z</time>
      </trkpt>
      <trkpt lat="50.654242" lon="17.835236">
        <ele>161.681692</ele>
        <time>2025-08-11T20:46:08.997Z</time>
      </trkpt>
      <trkpt lat="50.654035" lon="17.834952">
        <ele>161.651410</ele>
        <time>2025-08-11T20:46:19.089Z</time>
      </trkpt>
      <trkpt lat="50.653933" lon="17.834760">
        <ele>161.633880</ele>
        <time>2025-08-11T20:46:24.683Z</time>
      </trkpt>
      <trkpt lat="50.653902" lon="17.834648">
        <ele>161.625328</ele>
        <time>2025-08-11T20:46:27.388Z</time>
      </trkpt>
      <trkpt lat="50.653895" lon="17.834506">
        <ele>161.615361</ele>
        <time>2025-08-11T20:46:30.497Z</time>
      </trkpt>
      <trkpt lat="50.654013" lon="17.833981">
        <ele>161.576382</ele>
        <time>2025-08-11T20:46:42.346Z</time>
      </trkpt>
      <trkpt lat="50.654081" lon="17.833145">
        <ele>161.587459</ele>
        <time>2025-08-11T20:47:00.272Z</time>
      </trkpt>
      <trkpt lat="50.654233" lon="17.832795">
        <ele>161.608278</ele>
        <time>2025-08-11T20:47:09.503Z</time>
      </trkpt>
      <trkpt lat="50.654385" lon="17.832452">
        <ele>161.628814</ele>
        <time>2025-08-11T20:47:18.872Z</time>
      </trkpt>
      <trkpt lat="50.654979" lon="17.831040">
        <ele>161.943733</ele>
        <time>2025-08-11T20:48:02.293Z</time>
      </trkpt>
      <trkpt lat="50.655227" lon="17.830517">
        <ele>162.499957</ele>
        <time>2025-08-11T20:48:20.713Z</time>
      </trkpt>
      <trkpt lat="50.655301" lon="17.830432">
        <ele>162.622929</ele>
        <time>2025-08-11T20:48:24.755Z</time>
      </trkpt>
      <trkpt lat="50.655307" lon="17.830425">
        <ele>162.632954</ele>
        <time>2025-08-11T20:48:25.072Z</time>
      </trkpt>
      <trkpt lat="50.655494" lon="17.830443">
        <ele>162.884626</ele>
        <time>2025-08-11T20:48:33.324Z</time>
      </trkpt>
      <trkpt lat="50.656663" lon="17.830881">
        <ele>164.213286</ele>
        <time>2025-08-11T20:49:24.409Z</time>
      </trkpt>
      <trkpt lat="50.657242" lon="17.831169">
        <ele>164.423794</ele>
        <time>2025-08-11T20:49:47.795Z</time>
      </trkpt>
      <trkpt lat="50.657556" lon="17.831405">
        <ele>164.544398</ele>
        <time>2025-08-11T20:50:00.803Z</time>
      </trkpt>
      <trkpt lat="50.657930" lon="17.831328">
        <ele>164.675178</ele>
        <time>2025-08-11T20:50:14.610Z</time>
      </trkpt>
      <trkpt lat="50.658042" lon="17.831217">
        <ele>164.721042</ele>
        <time>2025-08-11T20:50:19.421Z</time>
      </trkpt>
      <trkpt lat="50.658341" lon="17.830366">
        <ele>164.458258</ele>
        <time>2025-08-11T20:50:41.597Z</time>
      </trkpt>
      <trkpt lat="50.658774" lon="17.828843">
        <ele>163.938596</ele>
        <time>2025-08-11T20:51:19.308Z</time>
      </trkpt>
      <trkpt lat="50.658968" lon="17.828371">
        <ele>163.649108</ele>
        <time>2025-08-11T20:51:31.225Z</time>
      </trkpt>
      <trkpt lat="50.659365" lon="17.828067">
        <ele>163.159603</ele>
        <time>2025-08-11T20:51:45.660Z</time>
      </trkpt>
      <trkpt lat="50.659621" lon="17.827924">
        <ele>162.858363</ele>
        <time>2025-08-11T20:51:54.433Z</time>
      </trkpt>
      <trkpt lat="50.659779" lon="17.828048">
        <ele>162.662614</ele>
        <time>2025-08-11T20:52:00.120Z</time>
      </trkpt>
      <trkpt lat="50.660244" lon="17.828707">
        <ele>161.969242</ele>
        <time>2025-08-11T20:52:20.537Z</time>
      </trkpt>
      <trkpt lat="50.660925" lon="17.829562">
        <ele>162.443180</ele>
        <time>2025-08-11T20:52:53.077Z</time>
      </trkpt>
      <trkpt lat="50.661150" lon="17.829716">
        <ele>162.628904</ele>
        <time>2025-08-11T20:53:03.322Z</time>
      </trkpt>
      <trkpt lat="50.661695" lon="17.830039">
        <ele>163.069763</ele>
        <time>2025-08-11T20:53:20.717Z</time>
      </trkpt>
      <trkpt lat="50.663076" lon="17.830779">
        <ele>164.747275</ele>
        <time>2025-08-11T20:54:04.285Z</time>
      </trkpt>
      <trkpt lat="50.663489" lon="17.829691">
        <ele>165.256634</ele>
        <time>2025-08-11T20:54:24.380Z</time>
      </trkpt>
      <trkpt lat="50.663565" lon="17.829558">
        <ele>165.193934</ele>
        <time>2025-08-11T20:54:26.939Z</time>
      </trkpt>
      <trkpt lat="50.663638" lon="17.829563">
        <ele>165.153572</ele>
        <time>2025-08-11T20:54:28.526Z</time>
      </trkpt>
      <trkpt lat="50.664275" lon="17.829837">
        <ele>164.788853</ele>
        <time>2025-08-11T20:54:42.210Z</time>
      </trkpt>
      <trkpt lat="50.665224" lon="17.830292">
        <ele>164.213499</ele>
        <time>2025-08-11T20:55:02.149Z</time>
      </trkpt>
      <trkpt lat="50.665378" lon="17.829327">
        <ele>163.808050</ele>
        <time>2025-08-11T20:55:14.877Z</time>
      </trkpt>
      <trkpt lat="50.665454" lon="17.828458">
        <ele>163.450632</ele>
        <time>2025-08-11T20:55:26.819Z</time>
      </trkpt>
      <trkpt lat="50.665550" lon="17.827122">
        <ele>163.296079</ele>
        <time>2025-08-11T20:55:46.467Z</time>
      </trkpt>
      <trkpt lat="50.665591" lon="17.826515">
        <ele>163.327019</ele>
        <time>2025-08-11T20:55:55.626Z</time>
      </trkpt>
      <trkpt lat="50.665576" lon="17.825155">
        <ele>163.395960</ele>
        <time>2025-08-11T20:56:16.249Z</time>
      </trkpt>
      <trkpt lat="50.665702" lon="17.824195">
        <ele>163.706496</ele>
        <time>2025-08-11T20:56:31.312Z</time>
      </trkpt>
      <trkpt lat="50.665978" lon="17.821618">
        <ele>164.600549</ele>
        <time>2025-08-11T20:57:13.853Z</time>
      </trkpt>
      <trkpt lat="50.666075" lon="17.821002">
        <ele>164.854085</ele>
        <time>2025-08-11T20:57:24.627Z</time>
      </trkpt>
      <trkpt lat="50.666077" lon="17.820560">
        <ele>165.030643</ele>
        <time>2025-08-11T20:57:32.112Z</time>
      </trkpt>
      <trkpt lat="50.665999" lon="17.820009">
        <ele>165.256158</ele>
        <time>2025-08-11T20:57:41.626Z</time>
      </trkpt>
      <trkpt lat="50.666588" lon="17.819231">
        <ele>164.981031</ele>
        <time>2025-08-11T20:57:59.932Z</time>
      </trkpt>
      <trkpt lat="50.666635" lon="17.819173">
        <ele>164.924983</ele>
        <time>2025-08-11T20:58:01.216Z</time>
      </trkpt>
      <trkpt lat="50.666393" lon="17.818869">
        <ele>164.634419</ele>
        <time>2025-08-11T20:58:07.397Z</time>
      </trkpt>
      <trkpt lat="50.665948" lon="17.818322">
        <ele>164.104540</ele>
        <time>2025-08-11T20:58:17.918Z</time>
      </trkpt>
      <trkpt lat="50.665777" lon="17.818111">
        <ele>163.900628</ele>
        <time>2025-08-11T20:58:21.762Z</time>
      </trkpt>
      <trkpt lat="50.665640" lon="17.817887">
        <ele>163.696838</ele>
        <time>2025-08-11T20:58:25.179Z</time>
      </trkpt>
      <trkpt lat="50.665475" lon="17.817532">
        <ele>163.276775</ele>
        <time>2025-08-11T20:58:29.913Z</time>
      </trkpt>
      <trkpt lat="50.665032" lon="17.816114">
        <ele>161.768255</ele>
        <time>2025-08-11T20:58:47.452Z</time>
      </trkpt>
      <trkpt lat="50.664946" lon="17.815771">
        <ele>161.416277</ele>
        <time>2025-08-11T20:58:52.073Z</time>
      </trkpt>
      <trkpt lat="50.664929" lon="17.815423">
        <ele>161.083219</ele>
        <time>2025-08-11T20:58:56.752Z</time>
      </trkpt>
      <trkpt lat="50.664850" lon="17.815386">
        <ele>161.076509</ele>
        <time>2025-08-11T20:58:58.598Z</time>
      </trkpt>
      <trkpt lat="50.664613" lon="17.815152">
        <ele>161.280657</ele>
        <time>2025-08-11T20:59:05.353Z</time>
      </trkpt>
      <trkpt lat="50.664319" lon="17.815092">
        <ele>161.497119</ele>
        <time>2025-08-11T20:59:13.087Z</time>
      </trkpt>
      <trkpt lat="50.664069" lon="17.815122">
        <ele>161.680192</ele>
        <time>2025-08-11T20:59:20.147Z</time>
      </trkpt>
      <trkpt lat="50.663826" lon="17.815198">
        <ele>161.861079</ele>
        <time>2025-08-11T20:59:27.446Z</time>
      </trkpt>
      <trkpt lat="50.662940" lon="17.815473">
        <ele>162.384504</ele>
        <time>2025-08-11T20:59:52.375Z</time>
      </trkpt>
      <trkpt lat="50.662466" lon="17.815718">
        <ele>162.455637</ele>
        <time>2025-08-11T21:00:04.476Z</time>
      </trkpt>
      <trkpt lat="50.662387" lon="17.815821">
        <ele>162.470253</ele>
        <time>2025-08-11T21:00:08.301Z</time>
      </trkpt>
      <trkpt lat="50.662081" lon="17.816090">
        <ele>162.520209</ele>
        <time>2025-08-11T21:00:21.145Z</time>
      </trkpt>
      <trkpt lat="50.657685" lon="17.819161">
        <ele>160.647273</ele>
        <time>2025-08-11T21:03:11.430Z</time>
      </trkpt>
      <trkpt lat="50.657109" lon="17.819608">
        <ele>160.301220</ele>
        <time>2025-08-11T21:03:33.879Z</time>
      </trkpt>
      <trkpt lat="50.656447" lon="17.820194">
        <ele>159.984317</ele>
        <time>2025-08-11T21:04:00.311Z</time>
      </trkpt>
      <trkpt lat="50.655338" lon="17.821329">
        <ele>159.890676</ele>
        <time>2025-08-11T21:04:48.528Z</time>
      </trkpt>
      <trkpt lat="50.654668" lon="17.821861">
        <ele>159.994618</ele>
        <time>2025-08-11T21:05:18.310Z</time>
      </trkpt>
      <trkpt lat="50.654527" lon="17.821919">
        <ele>160.032931</ele>
        <time>2025-08-11T21:05:24.123Z</time>
      </trkpt>
      <trkpt lat="50.653946" lon="17.821920">
        <ele>160.185695</ele>
        <time>2025-08-11T21:05:46.802Z</time>
      </trkpt>
      <trkpt lat="50.653550" lon="17.821995">
        <ele>160.290564</ele>
        <time>2025-08-11T21:06:01.411Z</time>
      </trkpt>
      <trkpt lat="50.653388" lon="17.822056">
        <ele>160.334356</ele>
        <time>2025-08-11T21:06:07.267Z</time>
      </trkpt>
      <trkpt lat="50.652330" lon="17.822636">
        <ele>160.707188</ele>
        <time>2025-08-11T21:06:47.223Z</time>
      </trkpt>
      <trkpt lat="50.652244" lon="17.822676">
        <ele>160.737240</ele>
        <time>2025-08-11T21:06:50.628Z</time>
      </trkpt>
      <trkpt lat="50.650297" lon="17.823707">
        <ele>162.919932</ele>
        <time>2025-08-11T21:07:48.560Z</time>
      </trkpt>
      <trkpt lat="50.649900" lon="17.823863">
        <ele>163.463379</ele>
        <time>2025-08-11T21:07:59.559Z</time>
      </trkpt>
      <trkpt lat="50.649424" lon="17.823964">
        <ele>163.864828</ele>
        <time>2025-08-11T21:08:12.650Z</time>
      </trkpt>
      <trkpt lat="50.649070" lon="17.824200">
        <ele>164.186069</ele>
        <time>2025-08-11T21:08:22.579Z</time>
      </trkpt>
      <trkpt lat="50.648725" lon="17.824424">
        <ele>164.497918</ele>
        <time>2025-08-11T21:08:32.280Z</time>
      </trkpt>
      <trkpt lat="50.648163" lon="17.824765">
        <ele>164.943345</ele>
        <time>2025-08-11T21:08:47.553Z</time>
      </trkpt>
      <trkpt lat="50.648103" lon="17.824800">
        <ele>164.950934</ele>
        <time>2025-08-11T21:08:49.158Z</time>
      </trkpt>
      <trkpt lat="50.647525" lon="17.825137">
        <ele>165.024045</ele>
        <time>2025-08-11T21:09:04.087Z</time>
      </trkpt>
      <trkpt lat="50.645686" lon="17.826223">
        <ele>165.032584</ele>
        <time>2025-08-11T21:09:49.112Z</time>
      </trkpt>
      <trkpt lat="50.644690" lon="17.826832">
        <ele>164.828722</ele>
        <time>2025-08-11T21:10:13.384Z</time>
      </trkpt>
      <trkpt lat="50.644544" lon="17.826436">
        <ele>164.686323</ele>
        <time>2025-08-11T21:10:23.456Z</time>
      </trkpt>
      <trkpt lat="50.643948" lon="17.825040">
        <ele>164.163156</ele>
        <time>2025-08-11T21:10:59.734Z</time>
      </trkpt>
      <trkpt lat="50.643215" lon="17.823186">
        <ele>164.706556</ele>
        <time>2025-08-11T21:11:53.156Z</time>
      </trkpt>
      <trkpt lat="50.643042" lon="17.822837">
        <ele>164.870089</ele>
        <time>2025-08-11T21:12:04.883Z</time>
      </trkpt>
      <trkpt lat="50.642861" lon="17.822451">
        <ele>165.047315</ele>
        <time>2025-08-11T21:12:13.046Z</time>
      </trkpt>
      <trkpt lat="50.642767" lon="17.822160">
        <ele>165.228874</ele>
        <time>2025-08-11T21:12:18.595Z</time>
      </trkpt>
      <trkpt lat="50.642713" lon="17.822087">
        <ele>165.302686</ele>
        <time>2025-08-11T21:12:20.511Z</time>
      </trkpt>
      <trkpt lat="50.641659" lon="17.821670">
        <ele>166.430363</ele>
        <time>2025-08-11T21:12:49.395Z</time>
      </trkpt>
      <trkpt lat="50.640898" lon="17.821382">
        <ele>167.119128</ele>
        <time>2025-08-11T21:13:09.568Z</time>
      </trkpt>
      <trkpt lat="50.640322" lon="17.821140">
        <ele>167.470903</ele>
        <time>2025-08-11T21:13:25.331Z</time>
      </trkpt>
      <trkpt lat="50.640591" lon="17.819393">
        <ele>167.940642</ele>
        <time>2025-08-11T21:13:53.320Z</time>
      </trkpt>
      <trkpt lat="50.640806" lon="17.818092">
        <ele>167.631690</ele>
        <time>2025-08-11T21:14:23.490Z</time>
      </trkpt>
      <trkpt lat="50.640847" lon="17.817937">
        <ele>167.593097</ele>
        <time>2025-08-11T21:14:27.163Z</time>
      </trkpt>
      <trkpt lat="50.640955" lon="17.817715">
        <ele>167.528801</ele>
        <time>2025-08-11T21:14:33.190Z</time>
      </trkpt>
      <trkpt lat="50.641171" lon="17.817267">
        <ele>167.399478</ele>
        <time>2025-08-11T21:14:45.438Z</time>
      </trkpt>
      <trkpt lat="50.641249" lon="17.816885">
        <ele>167.356824</ele>
        <time>2025-08-11T21:14:54.427Z</time>
      </trkpt>
      <trkpt lat="50.641255" lon="17.816726">
        <ele>167.351026</ele>
        <time>2025-08-11T21:14:58.058Z</time>
      </trkpt>
      <trkpt lat="50.641233" lon="17.816597">
        <ele>167.346164</ele>
        <time>2025-08-11T21:15:01.146Z</time>
      </trkpt>
      <trkpt lat="50.641121" lon="17.816264">
        <ele>167.332445</ele>
        <time>2025-08-11T21:15:09.983Z</time>
      </trkpt>
      <trkpt lat="50.641061" lon="17.815946">
        <ele>167.320369</ele>
        <time>2025-08-11T21:15:17.895Z</time>
      </trkpt>
      <trkpt lat="50.641100" lon="17.815570">
        <ele>167.306502</ele>
        <time>2025-08-11T21:15:26.988Z</time>
      </trkpt>
      <trkpt lat="50.641139" lon="17.815372">
        <ele>167.298956</ele>
        <time>2025-08-11T21:15:31.965Z</time>
      </trkpt>
      <trkpt lat="50.641216" lon="17.815150">
        <ele>167.289746</ele>
        <time>2025-08-11T21:15:37.997Z</time>
      </trkpt>
      <trkpt lat="50.641473" lon="17.814583">
        <ele>167.264379</ele>
        <time>2025-08-11T21:15:54.637Z</time>
      </trkpt>
      <trkpt lat="50.641498" lon="17.814469">
        <ele>167.261207</ele>
        <time>2025-08-11T21:15:57.498Z</time>
      </trkpt>
      <trkpt lat="50.641482" lon="17.814342">
        <ele>167.258451</ele>
        <time>2025-08-11T21:16:00.578Z</time>
      </trkpt>
      <trkpt lat="50.641416" lon="17.814250">
        <ele>167.255494</ele>
        <time>2025-08-11T21:16:03.858Z</time>
      </trkpt>
      <trkpt lat="50.640952" lon="17.813953">
        <ele>167.238687</ele>
        <time>2025-08-11T21:16:22.279Z</time>
      </trkpt>
      <trkpt lat="50.640857" lon="17.813796">
        <ele>167.234068</ele>
        <time>2025-08-11T21:16:27.279Z</time>
      </trkpt>
      <trkpt lat="50.640858" lon="17.813708">
        <ele>167.232194</ele>
        <time>2025-08-11T21:16:29.278Z</time>
      </trkpt>
      <trkpt lat="50.640902" lon="17.813542">
        <ele>167.228365</ele>
        <time>2025-08-11T21:16:33.394Z</time>
      </trkpt>
      <trkpt lat="50.641103" lon="17.813008">
        <ele>167.215147</ele>
        <time>2025-08-11T21:16:47.502Z</time>
      </trkpt>
      <trkpt lat="50.641297" lon="17.812493">
        <ele>167.205983</ele>
        <time>2025-08-11T21:17:01.207Z</time>
      </trkpt>
      <trkpt lat="50.641821" lon="17.811008">
        <ele>168.000557</ele>
        <time>2025-08-11T21:17:43.841Z</time>
      </trkpt>
      <trkpt lat="50.641835" lon="17.810891">
        <ele>168.056226</ele>
        <time>2025-08-11T21:17:47.009Z</time>
      </trkpt>
      <trkpt lat="50.641637" lon="17.810743">
        <ele>168.217778</ele>
        <time>2025-08-11T21:17:56.216Z</time>
      </trkpt>
      <trkpt lat="50.641580" lon="17.810614">
        <ele>168.291291</ele>
        <time>2025-08-11T21:18:00.411Z</time>
      </trkpt>
      <trkpt lat="50.641567" lon="17.810481">
        <ele>168.354211</ele>
        <time>2025-08-11T21:18:03.993Z</time>
      </trkpt>
      <trkpt lat="50.641557" lon="17.809345">
        <ele>168.920360</ele>
        <time>2025-08-11T21:18:24.524Z</time>
      </trkpt>
      <trkpt lat="50.641530" lon="17.806175">
        <ele>170.506836</ele>
        <time>2025-08-11T21:19:16.034Z</time>
      </trkpt>
      <trkpt lat="50.641514" lon="17.805107">
        <ele>171.015302</ele>
        <time>2025-08-11T21:19:33.259Z</time>
      </trkpt>
      <trkpt lat="50.641484" lon="17.803342">
        <ele>172.377914</ele>
        <time>2025-08-11T21:20:04.262Z</time>
      </trkpt>
      <trkpt lat="50.641455" lon="17.802849">
        <ele>172.849752</ele>
        <time>2025-08-11T21:20:13.741Z</time>
      </trkpt>
      <trkpt lat="50.641207" lon="17.801295">
        <ele>174.254485</ele>
        <time>2025-08-11T21:20:44.785Z</time>
      </trkpt>
      <trkpt lat="50.641024" lon="17.800434">
        <ele>174.807838</ele>
        <time>2025-08-11T21:21:01.511Z</time>
      </trkpt>
      <trkpt lat="50.640873" lon="17.800344">
        <ele>174.962952</ele>
        <time>2025-08-11T21:21:06.010Z</time>
      </trkpt>
      <trkpt lat="50.640018" lon="17.799797">
        <ele>175.748930</ele>
        <time>2025-08-11T21:21:29.000Z</time>
      </trkpt>
      <trkpt lat="50.639880" lon="17.799652">
        <ele>175.716937</ele>
        <time>2025-08-11T21:21:32.784Z</time>
      </trkpt>
      <trkpt lat="50.639789" lon="17.799473">
        <ele>175.688868</ele>
        <time>2025-08-11T21:21:36.072Z</time>
      </trkpt>
      <trkpt lat="50.639698" lon="17.799542">
        <ele>175.669387</ele>
        <time>2025-08-11T21:21:38.295Z</time>
      </trkpt>
      <trkpt lat="50.639527" lon="17.799905">
        <ele>175.614061</ele>
        <time>2025-08-11T21:21:44.593Z</time>
      </trkpt>
      <trkpt lat="50.639395" lon="17.799989">
        <ele>175.586599</ele>
        <time>2025-08-11T21:21:47.670Z</time>
      </trkpt>
      <trkpt lat="50.639068" lon="17.799732">
        <ele>175.516110</ele>
        <time>2025-08-11T21:21:55.456Z</time>
      </trkpt>
      <trkpt lat="50.639031" lon="17.799704">
        <ele>175.508192</ele>
        <time>2025-08-11T21:21:56.334Z</time>
      </trkpt>
      <trkpt lat="50.638981" lon="17.799824">
        <ele>175.490625</ele>
        <time>2025-08-11T21:21:58.179Z</time>
      </trkpt>
      <trkpt lat="50.638851" lon="17.799719">
        <ele>175.462445</ele>
        <time>2025-08-11T21:22:01.294Z</time>
      </trkpt>
      <trkpt lat="50.638235" lon="17.799542">
        <ele>175.593329</ele>
        <time>2025-08-11T21:22:15.604Z</time>
      </trkpt>
      <trkpt lat="50.638032" lon="17.799371">
        <ele>175.693862</ele>
        <time>2025-08-11T21:22:21.069Z</time>
      </trkpt>
      <trkpt lat="50.637684" lon="17.798919">
        <ele>175.890806</ele>
        <time>2025-08-11T21:22:32.359Z</time>
      </trkpt>
      <trkpt lat="50.636918" lon="17.798488">
        <ele>176.256895</ele>
        <time>2025-08-11T21:22:54.104Z</time>
      </trkpt>
      <trkpt lat="50.636354" lon="17.798019">
        <ele>176.607820</ele>
        <time>2025-08-11T21:23:11.078Z</time>
      </trkpt>
      <trkpt lat="50.636013" lon="17.797952">
        <ele>176.796943</ele>
        <time>2025-08-11T21:23:19.859Z</time>
      </trkpt>
      <trkpt lat="50.636151" lon="17.796490">
        <ele>177.228466</ele>
        <time>2025-08-11T21:23:42.455Z</time>
      </trkpt>
      <trkpt lat="50.636406" lon="17.793649">
        <ele>177.627063</ele>
        <time>2025-08-11T21:24:25.306Z</time>
      </trkpt>
      <trkpt lat="50.636435" lon="17.793489">
        <ele>177.692894</ele>
        <time>2025-08-11T21:24:27.926Z</time>
      </trkpt>
      <trkpt lat="50.634213" lon="17.792143">
        <ele>179.321368</ele>
        <time>2025-08-11T21:25:28.333Z</time>
      </trkpt>
      <trkpt lat="50.633804" lon="17.791895">
        <ele>179.662865</ele>
        <time>2025-08-11T21:25:39.510Z</time>
      </trkpt>
      <trkpt lat="50.632503" lon="17.791132">
        <ele>180.986282</ele>
        <time>2025-08-11T21:26:14.577Z</time>
      </trkpt>
      <trkpt lat="50.632258" lon="17.791001">
        <ele>181.253596</ele>
        <time>2025-08-11T21:26:21.271Z</time>
      </trkpt>
      <trkpt lat="50.628878" lon="17.789473">
        <ele>186.554204</ele>
        <time>2025-08-11T21:27:59.948Z</time>
      </trkpt>
      <trkpt lat="50.627932" lon="17.788893">
        <ele>188.421323</ele>
        <time>2025-08-11T21:28:32.978Z</time>
      </trkpt>
      <trkpt lat="50.626978" lon="17.788098">
        <ele>190.378762</ele>
        <time>2025-08-11T21:29:06.275Z</time>
      </trkpt>
      <trkpt lat="50.626175" lon="17.787428">
        <ele>191.257597</ele>
        <time>2025-08-11T21:29:28.418Z</time>
      </trkpt>
      <trkpt lat="50.625701" lon="17.787072">
        <ele>191.454519</ele>
        <time>2025-08-11T21:29:39.510Z</time>
      </trkpt>
      <trkpt lat="50.625531" lon="17.786959">
        <ele>191.523714</ele>
        <time>2025-08-11T21:29:43.565Z</time>
      </trkpt>
      <trkpt lat="50.625456" lon="17.786851">
        <ele>191.561813</ele>
        <time>2025-08-11T21:29:45.883Z</time>
      </trkpt>
      <trkpt lat="50.625396" lon="17.786865">
        <ele>191.584562</ele>
        <time>2025-08-11T21:29:48.182Z</time>
      </trkpt>
      <trkpt lat="50.624662" lon="17.786464">
        <ele>192.153387</ele>
        <time>2025-08-11T21:30:18.878Z</time>
      </trkpt>
      <trkpt lat="50.624413" lon="17.786270">
        <ele>192.457962</ele>
        <time>2025-08-11T21:30:30.595Z</time>
      </trkpt>
      <trkpt lat="50.623651" lon="17.785539">
        <ele>193.436121</ele>
        <time>2025-08-11T21:31:09.231Z</time>
      </trkpt>
      <trkpt lat="50.623400" lon="17.785360">
        <ele>193.710034</ele>
        <time>2025-08-11T21:31:20.698Z</time>
      </trkpt>
      <trkpt lat="50.623277" lon="17.785360">
        <ele>193.733816</ele>
        <time>2025-08-11T21:31:25.723Z</time>
      </trkpt>
      <trkpt lat="50.623106" lon="17.785425">
        <ele>193.767828</ele>
        <time>2025-08-11T21:31:32.798Z</time>
      </trkpt>
      <trkpt lat="50.620977" lon="17.778448">
        <ele>194.406702</ele>
        <time>2025-08-11T21:34:36.254Z</time>
      </trkpt>
      <trkpt lat="50.621159" lon="17.778366">
        <ele>194.396067</ele>
        <time>2025-08-11T21:34:43.069Z</time>
      </trkpt>
      <trkpt lat="50.621381" lon="17.778252">
        <ele>194.321277</ele>
        <time>2025-08-11T21:34:51.425Z</time>
      </trkpt>
      <trkpt lat="50.622920" lon="17.777610">
        <ele>193.809458</ele>
        <time>2025-08-11T21:35:48.373Z</time>
      </trkpt>
      <trkpt lat="50.623496" lon="17.777369">
        <ele>193.600638</ele>
        <time>2025-08-11T21:36:09.559Z</time>
      </trkpt>
      <trkpt lat="50.625420" lon="17.776519">
        <ele>193.590355</ele>
        <time>2025-08-11T21:37:21.076Z</time>
      </trkpt>
      <trkpt lat="50.625323" lon="17.775519">
        <ele>193.881747</ele>
        <time>2025-08-11T21:37:46.951Z</time>
      </trkpt>
      <trkpt lat="50.624710" lon="17.775060">
        <ele>194.665131</ele>
        <time>2025-08-11T21:38:16.400Z</time>
      </trkpt>
      <trkpt lat="50.624041" lon="17.774521">
        <ele>195.947588</ele>
        <time>2025-08-11T21:38:50.920Z</time>
      </trkpt>
      <trkpt lat="50.623083" lon="17.773467">
        <ele>197.187934</ele>
        <time>2025-08-11T21:39:41.335Z</time>
      </trkpt>
      <trkpt lat="50.622186" lon="17.772367">
        <ele>197.415368</ele>
        <time>2025-08-11T21:40:22.426Z</time>
      </trkpt>
      <trkpt lat="50.620943" lon="17.770851">
        <ele>196.382534</ele>
        <time>2025-08-11T21:41:16.094Z</time>
      </trkpt>
      <trkpt lat="50.619673" lon="17.768753">
        <ele>195.089741</ele>
        <time>2025-08-11T21:42:20.246Z</time>
      </trkpt>
      <trkpt lat="50.618994" lon="17.767881">
        <ele>194.876706</ele>
        <time>2025-08-11T21:42:49.943Z</time>
      </trkpt>
      <trkpt lat="50.618469" lon="17.768896">
        <ele>194.918215</ele>
        <time>2025-08-11T21:43:20.927Z</time>
      </trkpt>
      <trkpt lat="50.618289" lon="17.769242">
        <ele>194.932397</ele>
        <time>2025-08-11T21:43:32.449Z</time>
      </trkpt>
      <trkpt lat="50.618289" lon="17.769242">
        <ele>194.932397</ele>
        <time>2025-08-11T21:43:32.456Z</time>
      </trkpt>
      <trkpt lat="50.618289" lon="17.769242">
        <ele>194.932397</ele>
        <time>2025-08-11T21:43:32.456Z</time>
      </trkpt>
      <trkpt lat="50.617960" lon="17.769863">
        <ele>195.127309</ele>
        <time>2025-08-11T21:43:45.730Z</time>
      </trkpt>
      <trkpt lat="50.617960" lon="17.769863">
        <ele>195.127309</ele>
        <time>2025-08-11T21:43:45.738Z</time>
      </trkpt>
      <trkpt lat="50.617847" lon="17.770089">
        <ele>195.222854</ele>
        <time>2025-08-11T21:43:53.455Z</time>
      </trkpt>
      <trkpt lat="50.617596" lon="17.770587">
        <ele>195.434042</ele>
        <time>2025-08-11T21:44:10.540Z</time>
      </trkpt>
      <trkpt lat="50.616671" lon="17.772680">
        <ele>195.242848</ele>
        <time>2025-08-11T21:45:09.352Z</time>
      </trkpt>
      <trkpt lat="50.616502" lon="17.773017">
        <ele>195.014853</ele>
        <time>2025-08-11T21:45:18.156Z</time>
      </trkpt>
      <trkpt lat="50.616127" lon="17.774163">
        <ele>194.365186</ele>
        <time>2025-08-11T21:45:44.735Z</time>
      </trkpt>
      <trkpt lat="50.616040" lon="17.774346">
        <ele>194.334638</ele>
        <time>2025-08-11T21:45:49.503Z</time>
      </trkpt>
      <trkpt lat="50.614906" lon="17.775875">
        <ele>194.020434</ele>
        <time>2025-08-11T21:46:44.463Z</time>
      </trkpt>
      <trkpt lat="50.614893" lon="17.775787">
        <ele>194.008363</ele>
        <time>2025-08-11T21:46:45.861Z</time>
      </trkpt>
      <trkpt lat="50.614808" lon="17.774937">
        <ele>194.346271</ele>
        <time>2025-08-11T21:46:59.661Z</time>
      </trkpt>
      <trkpt lat="50.614370" lon="17.770526">
        <ele>196.197822</ele>
        <time>2025-08-11T21:48:11.791Z</time>
      </trkpt>
      <trkpt lat="50.614215" lon="17.768977">
        <ele>195.596461</ele>
        <time>2025-08-11T21:48:33.352Z</time>
      </trkpt>
      <trkpt lat="50.613605" lon="17.762774">
        <ele>190.396543</ele>
        <time>2025-08-11T21:49:47.747Z</time>
      </trkpt>
      <trkpt lat="50.613228" lon="17.758986">
        <ele>184.269302</ele>
        <time>2025-08-11T21:50:27.886Z</time>
      </trkpt>
      <trkpt lat="50.613262" lon="17.758560">
        <ele>184.181565</ele>
        <time>2025-08-11T21:50:32.701Z</time>
      </trkpt>
      <trkpt lat="50.613450" lon="17.757754">
        <ele>184.302042</ele>
        <time>2025-08-11T21:50:43.278Z</time>
      </trkpt>
      <trkpt lat="50.613429" lon="17.757502">
        <ele>184.337700</ele>
        <time>2025-08-11T21:50:46.785Z</time>
      </trkpt>
      <trkpt lat="50.613382" lon="17.757372">
        <ele>184.358692</ele>
        <time>2025-08-11T21:50:48.956Z</time>
      </trkpt>
      <trkpt lat="50.613301" lon="17.757262">
        <ele>184.382333</ele>
        <time>2025-08-11T21:50:51.501Z</time>
      </trkpt>
      <trkpt lat="50.612349" lon="17.756419">
        <ele>185.341116</ele>
        <time>2025-08-11T21:51:26.170Z</time>
      </trkpt>
      <trkpt lat="50.612250" lon="17.756315">
        <ele>185.568807</ele>
        <time>2025-08-11T21:51:30.173Z</time>
      </trkpt>
      <trkpt lat="50.612117" lon="17.756099">
        <ele>185.934297</ele>
        <time>2025-08-11T21:51:36.556Z</time>
      </trkpt>
      <trkpt lat="50.612036" lon="17.755787">
        <ele>186.343661</ele>
        <time>2025-08-11T21:51:43.558Z</time>
      </trkpt>
      <trkpt lat="50.612010" lon="17.755591">
        <ele>186.586821</ele>
        <time>2025-08-11T21:51:47.607Z</time>
      </trkpt>
      <trkpt lat="50.611928" lon="17.753494">
        <ele>188.090862</ele>
        <time>2025-08-11T21:52:23.209Z</time>
      </trkpt>
      <trkpt lat="50.611730" lon="17.752105">
        <ele>188.266928</ele>
        <time>2025-08-11T21:52:42.696Z</time>
      </trkpt>
      <trkpt lat="50.611595" lon="17.750744">
        <ele>187.367411</ele>
        <time>2025-08-11T21:53:00.562Z</time>
      </trkpt>
      <trkpt lat="50.611546" lon="17.750253">
        <ele>186.855202</ele>
        <time>2025-08-11T21:53:06.443Z</time>
      </trkpt>
      <trkpt lat="50.611424" lon="17.749044">
        <ele>185.593638</ele>
        <time>2025-08-11T21:53:19.682Z</time>
      </trkpt>
      <trkpt lat="50.611668" lon="17.749138">
        <ele>185.214037</ele>
        <time>2025-08-11T21:53:23.866Z</time>
      </trkpt>
      <trkpt lat="50.611824" lon="17.749277">
        <ele>184.961159</ele>
        <time>2025-08-11T21:53:29.210Z</time>
      </trkpt>
      <trkpt lat="50.611974" lon="17.749576">
        <ele>184.619867</ele>
        <time>2025-08-11T21:53:36.512Z</time>
      </trkpt>
      <trkpt lat="50.612132" lon="17.749922">
        <ele>184.238171</ele>
        <time>2025-08-11T21:53:44.875Z</time>
      </trkpt>
      <trkpt lat="50.612218" lon="17.750007">
        <ele>184.094925</ele>
        <time>2025-08-11T21:53:48.044Z</time>
      </trkpt>
      <trkpt lat="50.612325" lon="17.750027">
        <ele>183.942883</ele>
        <time>2025-08-11T21:53:51.410Z</time>
      </trkpt>
      <trkpt lat="50.612653" lon="17.749954">
        <ele>183.475458</ele>
        <time>2025-08-11T21:54:02.307Z</time>
      </trkpt>
      <trkpt lat="50.614909" lon="17.749303">
        <ele>184.407798</ele>
        <time>2025-08-11T21:55:34.498Z</time>
      </trkpt>
      <trkpt lat="50.616409" lon="17.748870">
        <ele>186.941688</ele>
        <time>2025-08-11T21:56:40.900Z</time>
      </trkpt>
      <trkpt lat="50.618585" lon="17.748248">
        <ele>191.543708</ele>
        <time>2025-08-11T21:58:25.954Z</time>
      </trkpt>
      <trkpt lat="50.619883" lon="17.747876">
        <ele>191.644263</ele>
        <time>2025-08-11T21:59:15.292Z</time>
      </trkpt>
      <trkpt lat="50.620390" lon="17.747688">
        <ele>191.014638</ele>
        <time>2025-08-11T21:59:31.987Z</time>
      </trkpt>
      <trkpt lat="50.622214" lon="17.747076">
        <ele>186.035345</ele>
        <time>2025-08-11T22:00:27.372Z</time>
      </trkpt>
      <trkpt lat="50.623072" lon="17.746821">
        <ele>183.791434</ele>
        <time>2025-08-11T22:00:53.173Z</time>
      </trkpt>
      <trkpt lat="50.624945" lon="17.746158">
        <ele>180.899106</ele>
        <time>2025-08-11T22:01:55.591Z</time>
      </trkpt>
      <trkpt lat="50.626529" lon="17.745583">
        <ele>180.417598</ele>
        <time>2025-08-11T22:02:57.139Z</time>
      </trkpt>
      <trkpt lat="50.628105" lon="17.745011">
        <ele>180.731276</ele>
        <time>2025-08-11T22:03:55.792Z</time>
      </trkpt>
      <trkpt lat="50.628895" lon="17.744716">
        <ele>180.991786</ele>
        <time>2025-08-11T22:04:27.544Z</time>
      </trkpt>
      <trkpt lat="50.629655" lon="17.744416">
        <ele>182.833840</ele>
        <time>2025-08-11T22:05:02.876Z</time>
      </trkpt>
      <trkpt lat="50.630038" lon="17.744319">
        <ele>183.787203</ele>
        <time>2025-08-11T22:05:21.728Z</time>
      </trkpt>
      <trkpt lat="50.630076" lon="17.744327">
        <ele>183.881424</ele>
        <time>2025-08-11T22:05:23.098Z</time>
      </trkpt>
      <trkpt lat="50.630280" lon="17.744393">
        <ele>184.393241</ele>
        <time>2025-08-11T22:05:30.326Z</time>
      </trkpt>
      <trkpt lat="50.630398" lon="17.744475">
        <ele>184.710173</ele>
        <time>2025-08-11T22:05:34.838Z</time>
      </trkpt>
      <trkpt lat="50.630521" lon="17.744612">
        <ele>185.080306</ele>
        <time>2025-08-11T22:05:40.071Z</time>
      </trkpt>
      <trkpt lat="50.630887" lon="17.745216">
        <ele>186.238465</ele>
        <time>2025-08-11T22:05:58.906Z</time>
      </trkpt>
      <trkpt lat="50.631303" lon="17.745959">
        <ele>187.551053</ele>
        <time>2025-08-11T22:06:19.803Z</time>
      </trkpt>
      <trkpt lat="50.631516" lon="17.746300">
        <ele>188.184911</ele>
        <time>2025-08-11T22:06:29.066Z</time>
      </trkpt>
      <trkpt lat="50.631609" lon="17.746395">
        <ele>188.416296</ele>
        <time>2025-08-11T22:06:32.221Z</time>
      </trkpt>
      <trkpt lat="50.631773" lon="17.746478">
        <ele>188.775943</ele>
        <time>2025-08-11T22:06:36.889Z</time>
      </trkpt>
      <trkpt lat="50.632040" lon="17.746480">
        <ele>189.000951</ele>
        <time>2025-08-11T22:06:43.456Z</time>
      </trkpt>
      <trkpt lat="50.632256" lon="17.746330">
        <ele>188.422961</ele>
        <time>2025-08-11T22:06:48.531Z</time>
      </trkpt>
      <trkpt lat="50.632343" lon="17.746206">
        <ele>188.135756</ele>
        <time>2025-08-11T22:06:50.872Z</time>
      </trkpt>
      <trkpt lat="50.632483" lon="17.745878">
        <ele>187.521670</ele>
        <time>2025-08-11T22:06:55.412Z</time>
      </trkpt>
      <trkpt lat="50.632718" lon="17.745155">
        <ele>186.259792</ele>
        <time>2025-08-11T22:07:03.877Z</time>
      </trkpt>
      <trkpt lat="50.632883" lon="17.744797">
        <ele>185.572424</ele>
        <time>2025-08-11T22:07:08.266Z</time>
      </trkpt>
      <trkpt lat="50.633525" lon="17.743856">
        <ele>182.943724</ele>
        <time>2025-08-11T22:07:21.652Z</time>
      </trkpt>
      <trkpt lat="50.634069" lon="17.743067">
        <ele>180.487239</ele>
        <time>2025-08-11T22:07:33.317Z</time>
      </trkpt>
      <trkpt lat="50.634467" lon="17.742689">
        <ele>178.943126</ele>
        <time>2025-08-11T22:07:41.287Z</time>
      </trkpt>
      <trkpt lat="50.636657" lon="17.741887">
        <ele>178.309619</ele>
        <time>2025-08-11T22:09:03.141Z</time>
      </trkpt>
      <trkpt lat="50.638322" lon="17.741241">
        <ele>179.493732</ele>
        <time>2025-08-11T22:10:12.838Z</time>
      </trkpt>
      <trkpt lat="50.638077" lon="17.741668">
        <ele>179.816769</ele>
        <time>2025-08-11T22:10:28.059Z</time>
      </trkpt>
      <trkpt lat="50.637962" lon="17.741841">
        <ele>179.957368</ele>
        <time>2025-08-11T22:10:34.598Z</time>
      </trkpt>
      <trkpt lat="50.637620" lon="17.742357">
        <ele>180.376083</ele>
        <time>2025-08-11T22:10:53.747Z</time>
      </trkpt>
      <trkpt lat="50.637533" lon="17.742525">
        <ele>180.497762</ele>
        <time>2025-08-11T22:10:59.334Z</time>
      </trkpt>
      <trkpt lat="50.637358" lon="17.743090">
        <ele>180.866202</ele>
        <time>2025-08-11T22:11:15.260Z</time>
      </trkpt>
      <trkpt lat="50.637251" lon="17.743354">
        <ele>181.096332</ele>
        <time>2025-08-11T22:11:23.116Z</time>
      </trkpt>
      <trkpt lat="50.637147" lon="17.743555">
        <ele>181.286871</ele>
        <time>2025-08-11T22:11:29.668Z</time>
      </trkpt>
      <trkpt lat="50.636983" lon="17.743790">
        <ele>181.543525</ele>
        <time>2025-08-11T22:11:38.556Z</time>
      </trkpt>
      <trkpt lat="50.637537" lon="17.746770">
        <ele>183.456399</ele>
        <time>2025-08-11T22:13:02.428Z</time>
      </trkpt>
      <trkpt lat="50.638427" lon="17.751699">
        <ele>183.658861</ele>
        <time>2025-08-11T22:15:04.971Z</time>
      </trkpt>
      <trkpt lat="50.639166" lon="17.750757">
        <ele>182.307841</ele>
        <time>2025-08-11T22:15:35.199Z</time>
      </trkpt>
      <trkpt lat="50.639482" lon="17.750527">
        <ele>181.813029</ele>
        <time>2025-08-11T22:15:45.846Z</time>
      </trkpt>
      <trkpt lat="50.639706" lon="17.750364">
        <ele>181.291770</ele>
        <time>2025-08-11T22:15:53.432Z</time>
      </trkpt>
      <trkpt lat="50.640725" lon="17.749453">
        <ele>178.686084</ele>
        <time>2025-08-11T22:16:29.421Z</time>
      </trkpt>
      <trkpt lat="50.640868" lon="17.749129">
        <ele>178.129223</ele>
        <time>2025-08-11T22:16:37.124Z</time>
      </trkpt>
      <trkpt lat="50.640980" lon="17.748803">
        <ele>177.747416</ele>
        <time>2025-08-11T22:16:44.504Z</time>
      </trkpt>
      <trkpt lat="50.641106" lon="17.748305">
        <ele>177.670878</ele>
        <time>2025-08-11T22:16:55.612Z</time>
      </trkpt>
      <trkpt lat="50.641253" lon="17.748297">
        <ele>177.637769</ele>
        <time>2025-08-11T22:17:00.682Z</time>
      </trkpt>
      <trkpt lat="50.641446" lon="17.748402">
        <ele>177.591813</ele>
        <time>2025-08-11T22:17:07.937Z</time>
      </trkpt>
      <trkpt lat="50.641667" lon="17.748606">
        <ele>177.534170</ele>
        <time>2025-08-11T22:17:17.447Z</time>
      </trkpt>
      <trkpt lat="50.641891" lon="17.748949">
        <ele>177.463888</ele>
        <time>2025-08-11T22:17:29.703Z</time>
      </trkpt>
      <trkpt lat="50.642198" lon="17.749354">
        <ele>177.373790</ele>
        <time>2025-08-11T22:17:46.294Z</time>
      </trkpt>
      <trkpt lat="50.642378" lon="17.749449">
        <ele>177.432547</ele>
        <time>2025-08-11T22:17:54.227Z</time>
      </trkpt>
      <trkpt lat="50.643262" lon="17.749603">
        <ele>177.974171</ele>
        <time>2025-08-11T22:18:30.137Z</time>
      </trkpt>
      <trkpt lat="50.643660" lon="17.749609">
        <ele>178.216561</ele>
        <time>2025-08-11T22:18:45.116Z</time>
      </trkpt>
      <trkpt lat="50.643626" lon="17.749732">
        <ele>178.268379</ele>
        <time>2025-08-11T22:18:48.338Z</time>
      </trkpt>
      <trkpt lat="50.643664" lon="17.754483">
        <ele>179.876874</ele>
        <time>2025-08-11T22:20:45.265Z</time>
      </trkpt>
      <trkpt lat="50.643627" lon="17.756245">
        <ele>180.858709</ele>
        <time>2025-08-11T22:21:31.046Z</time>
      </trkpt>
      <trkpt lat="50.643597" lon="17.757673">
        <ele>182.154959</ele>
        <time>2025-08-11T22:22:09.876Z</time>
      </trkpt>
      <trkpt lat="50.643615" lon="17.758000">
        <ele>182.452742</ele>
        <time>2025-08-11T22:22:19.086Z</time>
      </trkpt>
      <trkpt lat="50.644651" lon="17.758333">
        <ele>183.783512</ele>
        <time>2025-08-11T22:23:05.150Z</time>
      </trkpt>
      <trkpt lat="50.646478" lon="17.758802">
        <ele>185.698976</ele>
        <time>2025-08-11T22:24:19.977Z</time>
      </trkpt>
      <trkpt lat="50.647757" lon="17.759193">
        <ele>186.839070</ele>
        <time>2025-08-11T22:25:12.899Z</time>
      </trkpt>
      <trkpt lat="50.649769" lon="17.759732">
        <ele>188.900911</ele>
        <time>2025-08-11T22:26:36.424Z</time>
      </trkpt>
      <trkpt lat="50.650503" lon="17.759932">
        <ele>189.806327</ele>
        <time>2025-08-11T22:26:56.929Z</time>
      </trkpt>
      <trkpt lat="50.653484" lon="17.760755">
        <ele>193.531658</ele>
        <time>2025-08-11T22:28:25.221Z</time>
      </trkpt>
      <trkpt lat="50.654144" lon="17.761823">
        <ele>193.932409</ele>
        <time>2025-08-11T22:28:47.925Z</time>
      </trkpt>
      <trkpt lat="50.654193" lon="17.761902">
        <ele>193.962106</ele>
        <time>2025-08-11T22:28:49.442Z</time>
      </trkpt>
      <trkpt lat="50.654685" lon="17.762695">
        <ele>193.458230</ele>
        <time>2025-08-11T22:29:04.003Z</time>
      </trkpt>
      <trkpt lat="50.655137" lon="17.763499">
        <ele>192.643572</ele>
        <time>2025-08-11T22:29:17.546Z</time>
      </trkpt>
      <trkpt lat="50.655238" lon="17.763577">
        <ele>192.509097</ele>
        <time>2025-08-11T22:29:19.736Z</time>
      </trkpt>
      <trkpt lat="50.655238" lon="17.763577">
        <ele>192.509097</ele>
        <time>2025-08-11T22:29:19.745Z</time>
      </trkpt>
      <trkpt lat="50.655252" lon="17.763785">
        <ele>192.350523</ele>
        <time>2025-08-11T22:29:23.174Z</time>
      </trkpt>
      <trkpt lat="50.655252" lon="17.763785">
        <ele>192.350523</ele>
        <time>2025-08-11T22:29:23.180Z</time>
      </trkpt>
      <trkpt lat="50.655231" lon="17.763929">
        <ele>192.238503</ele>
        <time>2025-08-11T22:29:24.921Z</time>
      </trkpt>
      <trkpt lat="50.654891" lon="17.766256">
        <ele>189.456302</ele>
        <time>2025-08-11T22:29:53.054Z</time>
      </trkpt>
      <trkpt lat="50.654878" lon="17.766386">
        <ele>189.290631</ele>
        <time>2025-08-11T22:29:54.572Z</time>
      </trkpt>
      <trkpt lat="50.654923" lon="17.766592">
        <ele>189.016352</ele>
        <time>2025-08-11T22:29:57.098Z</time>
      </trkpt>
      <trkpt lat="50.654919" lon="17.766637">
        <ele>188.959151</ele>
        <time>2025-08-11T22:29:57.793Z</time>
      </trkpt>
      <trkpt lat="50.654915" lon="17.766689">
        <ele>188.893213</ele>
        <time>2025-08-11T22:29:58.578Z</time>
      </trkpt>
      <trkpt lat="50.655248" lon="17.766743">
        <ele>188.177865</ele>
        <time>2025-08-11T22:30:04.398Z</time>
      </trkpt>
      <trkpt lat="50.656379" lon="17.767028">
        <ele>184.748053</ele>
        <time>2025-08-11T22:30:23.967Z</time>
      </trkpt>
      <trkpt lat="50.656430" lon="17.767078">
        <ele>184.568234</ele>
        <time>2025-08-11T22:30:24.927Z</time>
      </trkpt>
      <trkpt lat="50.656458" lon="17.767204">
        <ele>184.314757</ele>
        <time>2025-08-11T22:30:26.311Z</time>
      </trkpt>
      <trkpt lat="50.656440" lon="17.767292">
        <ele>184.139212</ele>
        <time>2025-08-11T22:30:27.242Z</time>
      </trkpt>
      <trkpt lat="50.656469" lon="17.767401">
        <ele>183.914795</ele>
        <time>2025-08-11T22:30:28.434Z</time>
      </trkpt>
      <trkpt lat="50.656422" lon="17.767774">
        <ele>183.192815</ele>
        <time>2025-08-11T22:30:32.198Z</time>
      </trkpt>
      <trkpt lat="50.656443" lon="17.768528">
        <ele>181.193667</ele>
        <time>2025-08-11T22:30:39.517Z</time>
      </trkpt>
      <trkpt lat="50.656450" lon="17.768613">
        <ele>180.952982</ele>
        <time>2025-08-11T22:30:40.350Z</time>
      </trkpt>
      <trkpt lat="50.656514" lon="17.769134">
        <ele>179.462806</ele>
        <time>2025-08-11T22:30:45.436Z</time>
      </trkpt>
      <trkpt lat="50.656673" lon="17.769830">
        <ele>177.385430</ele>
        <time>2025-08-11T22:30:52.466Z</time>
      </trkpt>
      <trkpt lat="50.656868" lon="17.770431">
        <ele>175.489656</ele>
        <time>2025-08-11T22:30:59.059Z</time>
      </trkpt>
      <trkpt lat="50.656993" lon="17.770721">
        <ele>174.783446</ele>
        <time>2025-08-11T22:31:02.598Z</time>
      </trkpt>
      <trkpt lat="50.657271" lon="17.771242">
        <ele>174.003078</ele>
        <time>2025-08-11T22:31:09.873Z</time>
      </trkpt>
      <trkpt lat="50.657551" lon="17.771643">
        <ele>173.319465</ele>
        <time>2025-08-11T22:31:16.767Z</time>
      </trkpt>
      <trkpt lat="50.657724" lon="17.771876">
        <ele>172.908271</ele>
        <time>2025-08-11T22:31:21.058Z</time>
      </trkpt>
      <trkpt lat="50.657943" lon="17.772167">
        <ele>172.390672</ele>
        <time>2025-08-11T22:31:26.706Z</time>
      </trkpt>
      <trkpt lat="50.660292" lon="17.774811">
        <ele>169.867446</ele>
        <time>2025-08-11T22:32:24.099Z</time>
      </trkpt>
      <trkpt lat="50.660528" lon="17.775145">
        <ele>169.654964</ele>
        <time>2025-08-11T22:32:30.440Z</time>
      </trkpt>
      <trkpt lat="50.660760" lon="17.775652">
        <ele>169.389321</ele>
        <time>2025-08-11T22:32:38.438Z</time>
      </trkpt>
      <trkpt lat="50.660949" lon="17.776210">
        <ele>169.129475</ele>
        <time>2025-08-11T22:32:46.582Z</time>
      </trkpt>
      <trkpt lat="50.661414" lon="17.778102">
        <ele>168.603108</ele>
        <time>2025-08-11T22:33:13.150Z</time>
      </trkpt>
      <trkpt lat="50.663235" lon="17.785484">
        <ele>167.090755</ele>
        <time>2025-08-11T22:35:00.728Z</time>
      </trkpt>
      <trkpt lat="50.663449" lon="17.786350">
        <ele>166.769043</ele>
        <time>2025-08-11T22:35:12.346Z</time>
      </trkpt>
      <trkpt lat="50.663768" lon="17.787514">
        <ele>166.144559</ele>
        <time>2025-08-11T22:35:27.757Z</time>
      </trkpt>
      <trkpt lat="50.665454" lon="17.793435">
        <ele>162.829147</ele>
        <time>2025-08-11T22:36:48.298Z</time>
      </trkpt>
      <trkpt lat="50.666146" lon="17.795669">
        <ele>162.291805</ele>
        <time>2025-08-11T22:37:22.672Z</time>
      </trkpt>
      <trkpt lat="50.666197" lon="17.795891">
        <ele>162.270384</ele>
        <time>2025-08-11T22:37:26.000Z</time>
      </trkpt>
      <trkpt lat="50.666189" lon="17.796087">
        <ele>162.252568</ele>
        <time>2025-08-11T22:37:28.746Z</time>
      </trkpt>
      <trkpt lat="50.665636" lon="17.800549">
        <ele>161.508842</ele>
        <time>2025-08-11T22:38:30.728Z</time>
      </trkpt>
      <trkpt lat="50.665290" lon="17.802783">
        <ele>160.641503</ele>
        <time>2025-08-11T22:38:59.657Z</time>
      </trkpt>
      <trkpt lat="50.664826" lon="17.805351">
        <ele>159.649745</ele>
        <time>2025-08-11T22:39:34.002Z</time>
      </trkpt>
      <trkpt lat="50.664758" lon="17.805740">
        <ele>159.690724</ele>
        <time>2025-08-11T22:39:39.203Z</time>
      </trkpt>
      <trkpt lat="50.664721" lon="17.805964">
        <ele>159.743338</ele>
        <time>2025-08-11T22:39:42.240Z</time>
      </trkpt>
      <trkpt lat="50.664623" lon="17.806390">
        <ele>159.846345</ele>
        <time>2025-08-11T22:39:48.369Z</time>
      </trkpt>
      <trkpt lat="50.664450" lon="17.807097">
        <ele>160.018600</ele>
        <time>2025-08-11T22:39:59.485Z</time>
      </trkpt>
      <trkpt lat="50.664434" lon="17.807385">
        <ele>160.084312</ele>
        <time>2025-08-11T22:40:04.074Z</time>
      </trkpt>
      <trkpt lat="50.664474" lon="17.807915">
        <ele>160.205629</ele>
        <time>2025-08-11T22:40:13.260Z</time>
      </trkpt>
      <trkpt lat="50.664519" lon="17.808409">
        <ele>160.388493</ele>
        <time>2025-08-11T22:40:22.244Z</time>
      </trkpt>
      <trkpt lat="50.664648" lon="17.810463">
        <ele>161.441088</ele>
        <time>2025-08-11T22:40:57.362Z</time>
      </trkpt>
      <trkpt lat="50.664674" lon="17.810888">
        <ele>161.658830</ele>
        <time>2025-08-11T22:41:03.256Z</time>
      </trkpt>
      <trkpt lat="50.664679" lon="17.810957">
        <ele>161.694247</ele>
        <time>2025-08-11T22:41:04.208Z</time>
      </trkpt>
      <trkpt lat="50.664690" lon="17.811206">
        <ele>161.622941</ele>
        <time>2025-08-11T22:41:07.547Z</time>
      </trkpt>
      <trkpt lat="50.664695" lon="17.811313">
        <ele>161.579956</ele>
        <time>2025-08-11T22:41:08.945Z</time>
      </trkpt>
      <trkpt lat="50.664737" lon="17.811835">
        <ele>161.369141</ele>
        <time>2025-08-11T22:41:15.607Z</time>
      </trkpt>
      <trkpt lat="50.664780" lon="17.812178">
        <ele>161.229058</ele>
        <time>2025-08-11T22:41:19.800Z</time>
      </trkpt>
      <trkpt lat="50.664815" lon="17.812302">
        <ele>161.174676</ele>
        <time>2025-08-11T22:41:21.374Z</time>
      </trkpt>
      <trkpt lat="50.665064" lon="17.812906">
        <ele>160.886009</ele>
        <time>2025-08-11T22:41:29.857Z</time>
      </trkpt>
      <trkpt lat="50.665094" lon="17.812979">
        <ele>160.851153</ele>
        <time>2025-08-11T22:41:30.935Z</time>
      </trkpt>
      <trkpt lat="50.665340" lon="17.813583">
        <ele>160.584882</ele>
        <time>2025-08-11T22:41:40.447Z</time>
      </trkpt>
      <trkpt lat="50.665380" lon="17.813753">
        <ele>160.668603</ele>
        <time>2025-08-11T22:41:43.008Z</time>
      </trkpt>
      <trkpt lat="50.665376" lon="17.814054">
        <ele>160.807601</ele>
        <time>2025-08-11T22:41:47.381Z</time>
      </trkpt>
      <trkpt lat="50.665420" lon="17.814074">
        <ele>160.840954</ele>
        <time>2025-08-11T22:41:48.435Z</time>
      </trkpt>
      <trkpt lat="50.665506" lon="17.814101">
        <ele>160.904823</ele>
        <time>2025-08-11T22:41:50.600Z</time>
      </trkpt>
      <trkpt lat="50.665560" lon="17.814184">
        <ele>160.959737</ele>
        <time>2025-08-11T22:41:52.396Z</time>
      </trkpt>
      <trkpt lat="50.665608" lon="17.814291">
        <ele>161.020258</ele>
        <time>2025-08-11T22:41:54.490Z</time>
      </trkpt>
      <trkpt lat="50.665686" lon="17.814507">
        <ele>161.135030</ele>
        <time>2025-08-11T22:41:58.428Z</time>
      </trkpt>
      <trkpt lat="50.665783" lon="17.814691">
        <ele>161.245522</ele>
        <time>2025-08-11T22:42:02.387Z</time>
      </trkpt>
      <trkpt lat="50.665982" lon="17.814915">
        <ele>161.423581</ele>
        <time>2025-08-11T22:42:09.013Z</time>
      </trkpt>
      <trkpt lat="50.666404" lon="17.815538">
        <ele>161.844546</ele>
        <time>2025-08-11T22:42:26.172Z</time>
      </trkpt>
      <trkpt lat="50.667195" lon="17.816195">
        <ele>162.058214</ele>
        <time>2025-08-11T22:42:51.387Z</time>
      </trkpt>
      <trkpt lat="50.667643" lon="17.816638">
        <ele>162.168103</ele>
        <time>2025-08-11T22:43:03.512Z</time>
      </trkpt>
      <trkpt lat="50.667828" lon="17.816823">
        <ele>162.213626</ele>
        <time>2025-08-11T22:43:07.986Z</time>
      </trkpt>
      <trkpt lat="50.667854" lon="17.816918">
        <ele>162.227257</ele>
        <time>2025-08-11T22:43:09.290Z</time>
      </trkpt>
      <trkpt lat="50.668019" lon="17.817016">
        <ele>162.209512</ele>
        <time>2025-08-11T22:43:12.529Z</time>
      </trkpt>
      <trkpt lat="50.668236" lon="17.817209">
        <ele>161.829295</ele>
        <time>2025-08-11T22:43:17.000Z</time>
      </trkpt>
      <trkpt lat="50.668946" lon="17.817837">
        <ele>160.586916</ele>
        <time>2025-08-11T22:43:31.207Z</time>
      </trkpt>
      <trkpt lat="50.669533" lon="17.818048">
        <ele>159.667995</ele>
        <time>2025-08-11T22:43:42.160Z</time>
      </trkpt>
      <trkpt lat="50.669773" lon="17.818120">
        <ele>159.512713</ele>
        <time>2025-08-11T22:43:46.958Z</time>
      </trkpt>
      <trkpt lat="50.669955" lon="17.818183">
        <ele>159.513603</ele>
        <time>2025-08-11T22:43:50.882Z</time>
      </trkpt>
      <trkpt lat="50.670695" lon="17.818475">
        <ele>159.517244</ele>
        <time>2025-08-11T22:44:08.509Z</time>
      </trkpt>
      <trkpt lat="50.670938" lon="17.818565">
        <ele>159.518435</ele>
        <time>2025-08-11T22:44:14.670Z</time>
      </trkpt>
      <trkpt lat="50.671511" lon="17.818749">
        <ele>159.545317</ele>
        <time>2025-08-11T22:44:28.696Z</time>
      </trkpt>
      <trkpt lat="50.671658" lon="17.818794">
        <ele>159.574449</ele>
        <time>2025-08-11T22:44:32.207Z</time>
      </trkpt>
      <trkpt lat="50.672050" lon="17.818911">
        <ele>159.652063</ele>
        <time>2025-08-11T22:44:41.344Z</time>
      </trkpt>
      <trkpt lat="50.672529" lon="17.818990">
        <ele>159.745759</ele>
        <time>2025-08-11T22:44:51.941Z</time>
      </trkpt>
      <trkpt lat="50.674834" lon="17.819429">
        <ele>160.430697</ele>
        <time>2025-08-11T22:45:45.897Z</time>
      </trkpt>
      <trkpt lat="50.676705" lon="17.819774">
        <ele>161.318051</ele>
        <time>2025-08-11T22:46:33.304Z</time>
      </trkpt>
      <trkpt lat="50.678984" lon="17.819401">
        <ele>159.564960</ele>
        <time>2025-08-11T22:47:18.225Z</time>
      </trkpt>
      <trkpt lat="50.679248" lon="17.819422">
        <ele>159.274387</ele>
        <time>2025-08-11T22:47:23.150Z</time>
      </trkpt>
      <trkpt lat="50.680331" lon="17.820091">
        <ele>158.025559</ele>
        <time>2025-08-11T22:47:45.197Z</time>
      </trkpt>
      <trkpt lat="50.680690" lon="17.820326">
        <ele>157.729049</ele>
        <time>2025-08-11T22:47:52.558Z</time>
      </trkpt>
      <trkpt lat="50.681638" lon="17.820946">
        <ele>156.946168</ele>
        <time>2025-08-11T22:48:12.914Z</time>
      </trkpt>
      <trkpt lat="50.682187" lon="17.821291">
        <ele>156.649727</ele>
        <time>2025-08-11T22:48:25.352Z</time>
      </trkpt>
      <trkpt lat="50.683309" lon="17.821996">
        <ele>156.360014</ele>
        <time>2025-08-11T22:48:51.857Z</time>
      </trkpt>
      <trkpt lat="50.684500" lon="17.822679">
        <ele>155.864993</ele>
        <time>2025-08-11T22:49:17.804Z</time>
      </trkpt>
      <trkpt lat="50.684583" lon="17.822727">
        <ele>155.826403</ele>
        <time>2025-08-11T22:49:19.615Z</time>
      </trkpt>
      <trkpt lat="50.684638" lon="17.822471">
        <ele>155.751634</ele>
        <time>2025-08-11T22:49:23.231Z</time>
      </trkpt>
      <trkpt lat="50.684893" lon="17.821273">
        <ele>155.328467</ele>
        <time>2025-08-11T22:49:40.269Z</time>
      </trkpt>
      <trkpt lat="50.684947" lon="17.821288">
        <ele>155.287218</ele>
        <time>2025-08-11T22:49:41.475Z</time>
      </trkpt>
      <trkpt lat="50.686155" lon="17.821608">
        <ele>154.365723</ele>
        <time>2025-08-11T22:50:06.926Z</time>
      </trkpt>
      <trkpt lat="50.687681" lon="17.821528">
        <ele>152.839767</ele>
        <time>2025-08-11T22:50:37.346Z</time>
      </trkpt>
      <trkpt lat="50.688432" lon="17.821461">
        <ele>152.070792</ele>
        <time>2025-08-11T22:51:02.698Z</time>
      </trkpt>
      <trkpt lat="50.688653" lon="17.821492">
        <ele>151.865606</ele>
        <time>2025-08-11T22:51:10.181Z</time>
      </trkpt>
      <trkpt lat="50.688826" lon="17.821627">
        <ele>151.687131</ele>
        <time>2025-08-11T22:51:16.669Z</time>
      </trkpt>
      <trkpt lat="50.689652" lon="17.822589">
        <ele>150.737821</ele>
        <time>2025-08-11T22:51:51.380Z</time>
      </trkpt>
      <trkpt lat="50.689748" lon="17.822777">
        <ele>150.596350</ele>
        <time>2025-08-11T22:51:56.651Z</time>
      </trkpt>
      <trkpt lat="50.689990" lon="17.823574">
        <ele>150.525160</ele>
        <time>2025-08-11T22:52:16.427Z</time>
      </trkpt>
      <trkpt lat="50.690105" lon="17.823995">
        <ele>150.492324</ele>
        <time>2025-08-11T22:52:26.989Z</time>
      </trkpt>
      <trkpt lat="50.690402" lon="17.825075">
        <ele>150.407998</ele>
        <time>2025-08-11T22:52:55.081Z</time>
      </trkpt>
      <trkpt lat="50.690505" lon="17.825341">
        <ele>150.385669</ele>
        <time>2025-08-11T22:53:02.729Z</time>
      </trkpt>
      <trkpt lat="50.691374" lon="17.828272">
        <ele>150.711066</ele>
        <time>2025-08-11T22:54:20.549Z</time>
      </trkpt>
      <trkpt lat="50.691506" lon="17.828774">
        <ele>150.693798</ele>
        <time>2025-08-11T22:54:33.101Z</time>
      </trkpt>
      <trkpt lat="50.691868" lon="17.829897">
        <ele>150.653768</ele>
        <time>2025-08-11T22:55:01.883Z</time>
      </trkpt>
      <trkpt lat="50.692054" lon="17.830648">
        <ele>150.683184</ele>
        <time>2025-08-11T22:55:20.672Z</time>
      </trkpt>
      <trkpt lat="50.692168" lon="17.830959">
        <ele>150.808623</ele>
        <time>2025-08-11T22:55:29.211Z</time>
      </trkpt>
      <trkpt lat="50.692698" lon="17.832719">
        <ele>151.488940</ele>
        <time>2025-08-11T22:56:18.963Z</time>
      </trkpt>
      <trkpt lat="50.692880" lon="17.833325">
        <ele>151.607482</ele>
        <time>2025-08-11T22:56:36.012Z</time>
      </trkpt>
      <trkpt lat="50.692901" lon="17.833396">
        <ele>151.602935</ele>
        <time>2025-08-11T22:56:37.986Z</time>
      </trkpt>
      <trkpt lat="50.692981" lon="17.833657">
        <ele>151.586110</ele>
        <time>2025-08-11T22:56:45.137Z</time>
      </trkpt>
      <trkpt lat="50.693014" lon="17.833791">
        <ele>151.577767</ele>
        <time>2025-08-11T22:56:48.627Z</time>
      </trkpt>
      <trkpt lat="50.693423" lon="17.835472">
        <ele>151.473272</ele>
        <time>2025-08-11T22:57:29.013Z</time>
      </trkpt>
      <trkpt lat="50.693907" lon="17.837579">
        <ele>151.527511</ele>
        <time>2025-08-11T22:58:19.812Z</time>
      </trkpt>
      <trkpt lat="50.693928" lon="17.838553">
        <ele>151.587218</ele>
        <time>2025-08-11T22:58:45.157Z</time>
      </trkpt>
      <trkpt lat="50.693926" lon="17.838608">
        <ele>151.599967</ele>
        <time>2025-08-11T22:58:46.638Z</time>
      </trkpt>
      <trkpt lat="50.693930" lon="17.838821">
        <ele>151.649282</ele>
        <time>2025-08-11T22:58:52.280Z</time>
      </trkpt>
      <trkpt lat="50.693938" lon="17.839000">
        <ele>151.690810</ele>
        <time>2025-08-11T22:58:57.041Z</time>
      </trkpt>
      <trkpt lat="50.694004" lon="17.841588">
        <ele>152.095500</ele>
        <time>2025-08-11T22:59:59.572Z</time>
      </trkpt>
      <trkpt lat="50.694094" lon="17.844814">
        <ele>151.136684</ele>
        <time>2025-08-11T23:01:09.848Z</time>
      </trkpt>
      <trkpt lat="50.694192" lon="17.847784">
        <ele>150.898267</ele>
        <time>2025-08-11T23:02:20.588Z</time>
      </trkpt>
      <trkpt lat="50.694270" lon="17.851042">
        <ele>150.604880</ele>
        <time>2025-08-11T23:03:35.826Z</time>
      </trkpt>
      <trkpt lat="50.694294" lon="17.851634">
        <ele>150.506527</ele>
        <time>2025-08-11T23:03:49.161Z</time>
      </trkpt>
      <trkpt lat="50.694343" lon="17.851878">
        <ele>150.464089</ele>
        <time>2025-08-11T23:03:54.918Z</time>
      </trkpt>
      <trkpt lat="50.694363" lon="17.852115">
        <ele>150.424448</ele>
        <time>2025-08-11T23:04:00.322Z</time>
      </trkpt>
      <trkpt lat="50.694542" lon="17.852319">
        <ele>150.366665</ele>
        <time>2025-08-11T23:04:05.160Z</time>
      </trkpt>
      <trkpt lat="50.696510" lon="17.853208">
        <ele>150.135971</ele>
        <time>2025-08-11T23:04:51.906Z</time>
      </trkpt>
      <trkpt lat="50.700019" lon="17.854793">
        <ele>150.213662</ele>
        <time>2025-08-11T23:06:16.698Z</time>
      </trkpt>
      <trkpt lat="50.700240" lon="17.854880">
        <ele>150.234402</ele>
        <time>2025-08-11T23:06:22.098Z</time>
      </trkpt>
      <trkpt lat="50.700428" lon="17.854874">
        <ele>150.251525</ele>
        <time>2025-08-11T23:06:26.558Z</time>
      </trkpt>
      <trkpt lat="50.700494" lon="17.855856">
        <ele>150.308480</ele>
        <time>2025-08-11T23:06:41.393Z</time>
      </trkpt>
      <trkpt lat="50.700575" lon="17.856622">
        <ele>150.353270</ele>
        <time>2025-08-11T23:06:53.100Z</time>
      </trkpt>
      <trkpt lat="50.700619" lon="17.856719">
        <ele>150.354010</ele>
        <time>2025-08-11T23:06:54.883Z</time>
      </trkpt>
      <trkpt lat="50.700684" lon="17.856772">
        <ele>150.346474</ele>
        <time>2025-08-11T23:06:56.591Z</time>
      </trkpt>
      <trkpt lat="50.701257" lon="17.856765">
        <ele>150.287441</ele>
        <time>2025-08-11T23:07:09.749Z</time>
      </trkpt>
      <trkpt lat="50.701416" lon="17.858919">
        <ele>150.159410</ele>
        <time>2025-08-11T23:07:40.518Z</time>
      </trkpt>
      <trkpt lat="50.702765" lon="17.858840">
        <ele>150.092292</ele>
        <time>2025-08-11T23:08:11.407Z</time>
      </trkpt>
      <trkpt lat="50.703286" lon="17.858809">
        <ele>150.124708</ele>
        <time>2025-08-11T23:08:23.874Z</time>
      </trkpt>
      <trkpt lat="50.703379" lon="17.859914">
        <ele>150.216209</ele>
        <time>2025-08-11T23:08:41.046Z</time>
      </trkpt>
      <trkpt lat="50.703710" lon="17.859607">
        <ele>150.265963</ele>
        <time>2025-08-11T23:08:50.108Z</time>
      </trkpt>
      <trkpt lat="50.703911" lon="17.859479">
        <ele>150.294052</ele>
        <time>2025-08-11T23:08:55.258Z</time>
      </trkpt>
      <trkpt lat="50.704071" lon="17.861377">
        <ele>149.711205</ele>
        <time>2025-08-11T23:09:21.535Z</time>
      </trkpt>
      <trkpt lat="50.704185" lon="17.862793">
        <ele>149.247770</ele>
        <time>2025-08-11T23:09:39.819Z</time>
      </trkpt>
      <trkpt lat="50.704228" lon="17.863334">
        <ele>149.182859</ele>
        <time>2025-08-11T23:09:46.786Z</time>
      </trkpt>
      <trkpt lat="50.704263" lon="17.863755">
        <ele>149.132309</ele>
        <time>2025-08-11T23:09:52.368Z</time>
      </trkpt>
      <trkpt lat="50.704983" lon="17.872367">
        <ele>148.600006</ele>
        <time>2025-08-11T23:11:59.906Z</time>
      </trkpt>
      <trkpt lat="50.702079" lon="17.872444">
        <ele>148.572181</ele>
        <time>2025-08-11T23:13:04.350Z</time>
      </trkpt>
      <trkpt lat="50.702055" lon="17.872445">
        <ele>148.570715</ele>
        <time>2025-08-11T23:13:04.884Z</time>
      </trkpt>
      <trkpt lat="50.701268" lon="17.872648">
        <ele>148.522010</ele>
        <time>2025-08-11T23:13:22.223Z</time>
      </trkpt>
      <trkpt lat="50.701035" lon="17.872761">
        <ele>148.507123</ele>
        <time>2025-08-11T23:13:27.338Z</time>
      </trkpt>
      <trkpt lat="50.700895" lon="17.872969">
        <ele>148.495382</ele>
        <time>2025-08-11T23:13:31.626Z</time>
      </trkpt>
      <trkpt lat="50.700850" lon="17.873076">
        <ele>148.490413</ele>
        <time>2025-08-11T23:13:33.460Z</time>
      </trkpt>
      <trkpt lat="50.700489" lon="17.873921">
        <ele>148.577769</ele>
        <time>2025-08-11T23:13:48.261Z</time>
      </trkpt>
      <trkpt lat="50.700378" lon="17.874177">
        <ele>148.634232</ele>
        <time>2025-08-11T23:13:52.847Z</time>
      </trkpt>
      <trkpt lat="50.700194" lon="17.874447">
        <ele>148.706413</ele>
        <time>2025-08-11T23:13:58.543Z</time>
      </trkpt>
      <trkpt lat="50.699348" lon="17.875046">
        <ele>148.972833</ele>
        <time>2025-08-11T23:14:20.930Z</time>
      </trkpt>
      <trkpt lat="50.699242" lon="17.875189">
        <ele>149.008141</ele>
        <time>2025-08-11T23:14:24.262Z</time>
      </trkpt>
      <trkpt lat="50.699182" lon="17.875346">
        <ele>149.034570</ele>
        <time>2025-08-11T23:14:26.975Z</time>
      </trkpt>
      <trkpt lat="50.698596" lon="17.877774">
        <ele>149.407668</ele>
        <time>2025-08-11T23:15:04.853Z</time>
      </trkpt>
      <trkpt lat="50.698473" lon="17.878207">
        <ele>149.466165</ele>
        <time>2025-08-11T23:15:11.711Z</time>
      </trkpt>
      <trkpt lat="50.698400" lon="17.878386">
        <ele>149.492408</ele>
        <time>2025-08-11T23:15:14.789Z</time>
      </trkpt>
      <trkpt lat="50.698297" lon="17.878558">
        <ele>149.521585</ele>
        <time>2025-08-11T23:15:18.221Z</time>
      </trkpt>
      <trkpt lat="50.697319" lon="17.879697">
        <ele>149.748773</ele>
        <time>2025-08-11T23:15:46.274Z</time>
      </trkpt>
      <trkpt lat="50.697281" lon="17.879773">
        <ele>149.747943</ele>
        <time>2025-08-11T23:15:47.712Z</time>
      </trkpt>
      <trkpt lat="50.697268" lon="17.879859">
        <ele>149.747184</ele>
        <time>2025-08-11T23:15:49.015Z</time>
      </trkpt>
      <trkpt lat="50.697285" lon="17.879970">
        <ele>149.746205</ele>
        <time>2025-08-11T23:15:50.689Z</time>
      </trkpt>
      <trkpt lat="50.697659" lon="17.881713">
        <ele>149.730425</ele>
        <time>2025-08-11T23:16:17.101Z</time>
      </trkpt>
      <trkpt lat="50.697788" lon="17.882045">
        <ele>149.727086</ele>
        <time>2025-08-11T23:16:22.398Z</time>
      </trkpt>
      <trkpt lat="50.697909" lon="17.882393">
        <ele>149.654017</ele>
        <time>2025-08-11T23:16:27.915Z</time>
      </trkpt>
      <trkpt lat="50.697881" lon="17.882515">
        <ele>149.595454</ele>
        <time>2025-08-11T23:16:30.190Z</time>
      </trkpt>
      <trkpt lat="50.697638" lon="17.882600">
        <ele>149.418113</ele>
        <time>2025-08-11T23:16:37.034Z</time>
      </trkpt>
      <trkpt lat="50.698762" lon="17.887119">
        <ele>147.246484</ele>
        <time>2025-08-11T23:17:58.431Z</time>
      </trkpt>
      <trkpt lat="50.699826" lon="17.891250">
        <ele>147.365039</ele>
        <time>2025-08-11T23:19:22.387Z</time>
      </trkpt>
      <trkpt lat="50.700229" lon="17.893016">
        <ele>147.611092</ele>
        <time>2025-08-11T23:19:58.284Z</time>
      </trkpt>
      <trkpt lat="50.700103" lon="17.893211">
        <ele>147.662228</ele>
        <time>2025-08-11T23:20:02.588Z</time>
      </trkpt>
      <trkpt lat="50.700015" lon="17.893325">
        <ele>147.695219</ele>
        <time>2025-08-11T23:20:05.411Z</time>
      </trkpt>
      <trkpt lat="50.699958" lon="17.893319">
        <ele>147.711776</ele>
        <time>2025-08-11T23:20:06.811Z</time>
      </trkpt>
      <trkpt lat="50.699935" lon="17.893257">
        <ele>147.724966</ele>
        <time>2025-08-11T23:20:07.936Z</time>
      </trkpt>
      <trkpt lat="50.699864" lon="17.892794">
        <ele>147.812414</ele>
        <time>2025-08-11T23:20:15.371Z</time>
      </trkpt>
      <trkpt lat="50.699874" lon="17.892742">
        <ele>147.822390</ele>
        <time>2025-08-11T23:20:16.235Z</time>
      </trkpt>
      <trkpt lat="50.699888" lon="17.892770">
        <ele>147.828939</ele>
        <time>2025-08-11T23:20:16.799Z</time>
      </trkpt>
      <trkpt lat="50.699962" lon="17.893058">
        <ele>147.885991</ele>
        <time>2025-08-11T23:20:21.613Z</time>
      </trkpt>
      <trkpt lat="50.700110" lon="17.893641">
        <ele>148.001288</ele>
        <time>2025-08-11T23:20:31.300Z</time>
      </trkpt>
      <trkpt lat="50.700130" lon="17.893721">
        <ele>148.017076</ele>
        <time>2025-08-11T23:20:32.896Z</time>
      </trkpt>
      <trkpt lat="50.700616" lon="17.895631">
        <ele>148.382316</ele>
        <time>2025-08-11T23:21:12.406Z</time>
      </trkpt>
      <trkpt lat="50.701950" lon="17.900876">
        <ele>149.292864</ele>
        <time>2025-08-11T23:23:00.765Z</time>
      </trkpt>
      <trkpt lat="50.702405" lon="17.902825">
        <ele>149.483502</ele>
        <time>2025-08-11T23:23:40.716Z</time>
      </trkpt>
      <trkpt lat="50.702405" lon="17.902825">
        <ele>149.483502</ele>
        <time>2025-08-11T23:23:40.719Z</time>
      </trkpt>
      <trkpt lat="50.702410" lon="17.902934">
        <ele>149.487949</ele>
        <time>2025-08-11T23:23:42.509Z</time>
      </trkpt>
      <trkpt lat="50.702410" lon="17.902934">
        <ele>149.487949</ele>
        <time>2025-08-11T23:23:42.521Z</time>
      </trkpt>
      <trkpt lat="50.702394" lon="17.902869">
        <ele>149.490787</ele>
        <time>2025-08-11T23:23:44.124Z</time>
      </trkpt>
      <trkpt lat="50.702373" lon="17.902806">
        <ele>149.493684</ele>
        <time>2025-08-11T23:23:45.791Z</time>
      </trkpt>
      <trkpt lat="50.702158" lon="17.902177">
        <ele>149.522769</ele>
        <time>2025-08-11T23:24:02.403Z</time>
      </trkpt>
      <trkpt lat="50.701932" lon="17.901410">
        <ele>149.528033</ele>
        <time>2025-08-11T23:24:22.144Z</time>
      </trkpt>
      <trkpt lat="50.701640" lon="17.901578">
        <ele>149.432570</ele>
        <time>2025-08-11T23:24:33.411Z</time>
      </trkpt>
      <trkpt lat="50.700725" lon="17.901975">
        <ele>149.141091</ele>
        <time>2025-08-11T23:25:07.223Z</time>
      </trkpt>
      <trkpt lat="50.700128" lon="17.902273">
        <ele>149.023940</ele>
        <time>2025-08-11T23:25:29.427Z</time>
      </trkpt>
      <trkpt lat="50.699806" lon="17.902496">
        <ele>149.075464</ele>
        <time>2025-08-11T23:25:42.018Z</time>
      </trkpt>
      <trkpt lat="50.699528" lon="17.902788">
        <ele>149.124392</ele>
        <time>2025-08-11T23:25:54.294Z</time>
      </trkpt>
      <trkpt lat="50.699160" lon="17.903239">
        <ele>149.192656</ele>
        <time>2025-08-11T23:26:12.135Z</time>
      </trkpt>
      <trkpt lat="50.699044" lon="17.903332">
        <ele>149.211720</ele>
        <time>2025-08-11T23:26:17.222Z</time>
      </trkpt>
      <trkpt lat="50.698681" lon="17.903575">
        <ele>149.301926</ele>
        <time>2025-08-11T23:26:32.906Z</time>
      </trkpt>
      <trkpt lat="50.698322" lon="17.903853">
        <ele>149.663434</ele>
        <time>2025-08-11T23:26:43.680Z</time>
      </trkpt>
      <trkpt lat="50.697837" lon="17.904290">
        <ele>150.168304</ele>
        <time>2025-08-11T23:26:58.980Z</time>
      </trkpt>
      <trkpt lat="50.697451" lon="17.904732">
        <ele>150.599413</ele>
        <time>2025-08-11T23:27:11.632Z</time>
      </trkpt>
      <trkpt lat="50.695041" lon="17.906646">
        <ele>152.642130</ele>
        <time>2025-08-11T23:28:23.772Z</time>
      </trkpt>
      <trkpt lat="50.694344" lon="17.907199">
        <ele>152.882859</ele>
        <time>2025-08-11T23:28:42.188Z</time>
      </trkpt>
      <trkpt lat="50.694600" lon="17.908237">
        <ele>153.041962</ele>
        <time>2025-08-11T23:28:58.062Z</time>
      </trkpt>
      <trkpt lat="50.694721" lon="17.908730">
        <ele>153.071330</ele>
        <time>2025-08-11T23:29:05.707Z</time>
      </trkpt>
      <trkpt lat="50.695105" lon="17.910303">
        <ele>153.164965</ele>
        <time>2025-08-11T23:29:31.443Z</time>
      </trkpt>
      <trkpt lat="50.695019" lon="17.910341">
        <ele>153.172796</ele>
        <time>2025-08-11T23:29:33.656Z</time>
      </trkpt>
      <trkpt lat="50.695038" lon="17.910442">
        <ele>153.175532</ele>
        <time>2025-08-11T23:29:35.753Z</time>
      </trkpt>
      <trkpt lat="50.696501" lon="17.909773">
        <ele>153.123876</ele>
        <time>2025-08-11T23:30:09.134Z</time>
      </trkpt>
      <trkpt lat="50.696591" lon="17.909731">
        <ele>153.120693</ele>
        <time>2025-08-11T23:30:11.074Z</time>
      </trkpt>
      <trkpt lat="50.697617" lon="17.909224">
        <ele>153.115402</ele>
        <time>2025-08-11T23:30:42.713Z</time>
      </trkpt>
      <trkpt lat="50.697691" lon="17.909205">
        <ele>153.115402</ele>
        <time>2025-08-11T23:30:44.887Z</time>
      </trkpt>
      <trkpt lat="50.697780" lon="17.909281">
        <ele>153.115402</ele>
        <time>2025-08-11T23:30:47.811Z</time>
      </trkpt>
      <trkpt lat="50.697816" lon="17.909260">
        <ele>153.115402</ele>
        <time>2025-08-11T23:30:48.929Z</time>
      </trkpt>
      <trkpt lat="50.697833" lon="17.909252">
        <ele>153.115402</ele>
        <time>2025-08-11T23:30:49.448Z</time>
      </trkpt>
      <trkpt lat="50.697858" lon="17.909243">
        <ele>153.115402</ele>
        <time>2025-08-11T23:30:50.190Z</time>
      </trkpt>
      <trkpt lat="50.697873" lon="17.909237">
        <ele>153.115402</ele>
        <time>2025-08-11T23:30:50.626Z</time>
      </trkpt>
      <trkpt lat="50.697899" lon="17.909225">
        <ele>153.115402</ele>
        <time>2025-08-11T23:30:51.429Z</time>
      </trkpt>
      <trkpt lat="50.698033" lon="17.908980">
        <ele>153.115402</ele>
        <time>2025-08-11T23:30:57.435Z</time>
      </trkpt>
      <trkpt lat="50.698034" lon="17.908947">
        <ele>153.115402</ele>
        <time>2025-08-11T23:30:58.898Z</time>
      </trkpt>
      <trkpt lat="50.698032" lon="17.908916">
        <ele>153.115402</ele>
        <time>2025-08-11T23:31:00.258Z</time>
      </trkpt>
      <trkpt lat="50.698182" lon="17.908856">
        <ele>153.115402</ele>
        <time>2025-08-11T23:31:03.887Z</time>
      </trkpt>
      <trkpt lat="50.698385" lon="17.908802">
        <ele>153.115402</ele>
        <time>2025-08-11T23:31:08.511Z</time>
      </trkpt>
      <trkpt lat="50.698520" lon="17.908741">
        <ele>153.115402</ele>
        <time>2025-08-11T23:31:11.716Z</time>
      </trkpt>
    </trkseg>
  </trk>
</gpx>