<?xml version='1.0' encoding='UTF-8'?>
<gpx version="1.1" creator="https://www.komoot.de" xmlns="http://www.topografix.com/GPX/1/1" xmlns:xsi="http://www.w3.org/2001/XMLSchema-instance" xsi:schemaLocation="http://www.topografix.com/GPX/1/1 http://www.topografix.com/GPX/1/1/gpx.xsd">
  <metadata>
    <name>2025/05/06 - GraveLova Środa #103 x 5uper Bike - Szybcy i wściekli</name>
    <author>
      <link href="https://www.komoot.de">
        <text>komoot</text>
        <type>text/html</type>
      </link>
    </author>
  </metadata>
  <trk>
    <name>2025/05/06 - GraveLova Środa #103 x 5uper Bike - Szybcy i wściekli</name>
    <trkseg>
      <trkpt lat="50.672597" lon="17.960421">
        <ele>173.587017</ele>
        <time>2026-05-04T17:09:11.434Z</time>
      </trkpt>
      <trkpt lat="50.672561" lon="17.959521">
        <ele>173.587017</ele>
        <time>2026-05-04T17:09:51.162Z</time>
      </trkpt>
      <trkpt lat="50.672615" lon="17.959514">
        <ele>173.587017</ele>
        <time>2026-05-04T17:09:54.947Z</time>
      </trkpt>
      <trkpt lat="50.672610" lon="17.959382">
        <ele>173.587017</ele>
        <time>2026-05-04T17:09:56.567Z</time>
      </trkpt>
      <trkpt lat="50.672892" lon="17.959343">
        <ele>173.654799</ele>
        <time>2026-05-04T17:10:00.666Z</time>
      </trkpt>
      <trkpt lat="50.672880" lon="17.959110">
        <ele>173.762480</ele>
        <time>2026-05-04T17:10:03.709Z</time>
      </trkpt>
      <trkpt lat="50.672838" lon="17.958354">
        <ele>174.112054</ele>
        <time>2026-05-04T17:10:14.306Z</time>
      </trkpt>
      <trkpt lat="50.672812" lon="17.957889">
        <ele>174.327080</ele>
        <time>2026-05-04T17:10:21.369Z</time>
      </trkpt>
      <trkpt lat="50.672804" lon="17.957743">
        <ele>174.394583</ele>
        <time>2026-05-04T17:10:23.663Z</time>
      </trkpt>
      <trkpt lat="50.672736" lon="17.956561">
        <ele>174.934983</ele>
        <time>2026-05-04T17:10:42.737Z</time>
      </trkpt>
      <trkpt lat="50.672711" lon="17.956099">
        <ele>175.119877</ele>
        <time>2026-05-04T17:10:50.050Z</time>
      </trkpt>
      <trkpt lat="50.672703" lon="17.955936">
        <ele>175.185068</ele>
        <time>2026-05-04T17:10:52.574Z</time>
      </trkpt>
      <trkpt lat="50.672697" lon="17.955829">
        <ele>175.227901</ele>
        <time>2026-05-04T17:10:54.225Z</time>
      </trkpt>
      <trkpt lat="50.672585" lon="17.953891">
        <ele>176.003889</ele>
        <time>2026-05-04T17:11:21.637Z</time>
      </trkpt>
      <trkpt lat="50.672542" lon="17.953123">
        <ele>175.919844</ele>
        <time>2026-05-04T17:11:31.107Z</time>
      </trkpt>
      <trkpt lat="50.672520" lon="17.952726">
        <ele>175.860693</ele>
        <time>2026-05-04T17:11:36.079Z</time>
      </trkpt>
      <trkpt lat="50.672505" lon="17.952464">
        <ele>175.821646</ele>
        <time>2026-05-04T17:11:39.332Z</time>
      </trkpt>
      <trkpt lat="50.672492" lon="17.952230">
        <ele>175.786781</ele>
        <time>2026-05-04T17:11:42.216Z</time>
      </trkpt>
      <trkpt lat="50.672370" lon="17.952239">
        <ele>175.758177</ele>
        <time>2026-05-04T17:11:43.905Z</time>
      </trkpt>
      <trkpt lat="50.671940" lon="17.952279">
        <ele>175.657293</ele>
        <time>2026-05-04T17:11:49.725Z</time>
      </trkpt>
      <trkpt lat="50.671733" lon="17.952302">
        <ele>175.608692</ele>
        <time>2026-05-04T17:11:52.457Z</time>
      </trkpt>
      <trkpt lat="50.671452" lon="17.952332">
        <ele>175.563880</ele>
        <time>2026-05-04T17:11:56.102Z</time>
      </trkpt>
      <trkpt lat="50.671103" lon="17.952375">
        <ele>175.509838</ele>
        <time>2026-05-04T17:12:00.891Z</time>
      </trkpt>
      <trkpt lat="50.670707" lon="17.952426">
        <ele>175.448501</ele>
        <time>2026-05-04T17:12:06.400Z</time>
      </trkpt>
      <trkpt lat="50.670456" lon="17.952452">
        <ele>175.409668</ele>
        <time>2026-05-04T17:12:09.929Z</time>
      </trkpt>
      <trkpt lat="50.670156" lon="17.952484">
        <ele>175.363249</ele>
        <time>2026-05-04T17:12:14.397Z</time>
      </trkpt>
      <trkpt lat="50.670077" lon="17.952492">
        <ele>175.351028</ele>
        <time>2026-05-04T17:12:15.617Z</time>
      </trkpt>
      <trkpt lat="50.669913" lon="17.952510">
        <ele>175.332335</ele>
        <time>2026-05-04T17:12:34.115Z</time>
      </trkpt>
      <trkpt lat="50.669354" lon="17.952569">
        <ele>175.641283</ele>
        <time>2026-05-04T17:13:37.548Z</time>
      </trkpt>
      <trkpt lat="50.669109" lon="17.952595">
        <ele>175.776693</ele>
        <time>2026-05-04T17:13:41.965Z</time>
      </trkpt>
      <trkpt lat="50.669159" lon="17.953811">
        <ele>176.202587</ele>
        <time>2026-05-04T17:13:59.855Z</time>
      </trkpt>
      <trkpt lat="50.669184" lon="17.954422">
        <ele>176.355152</ele>
        <time>2026-05-04T17:14:08.433Z</time>
      </trkpt>
      <trkpt lat="50.669191" lon="17.954628">
        <ele>176.381880</ele>
        <time>2026-05-04T17:14:11.248Z</time>
      </trkpt>
      <trkpt lat="50.669221" lon="17.955393">
        <ele>176.481182</ele>
        <time>2026-05-04T17:14:21.494Z</time>
      </trkpt>
      <trkpt lat="50.669273" lon="17.956620">
        <ele>176.640505</ele>
        <time>2026-05-04T17:14:37.295Z</time>
      </trkpt>
      <trkpt lat="50.669325" lon="17.957826">
        <ele>176.796883</ele>
        <time>2026-05-04T17:14:49.202Z</time>
      </trkpt>
      <trkpt lat="50.669380" lon="17.959187">
        <ele>176.973200</ele>
        <time>2026-05-04T17:15:02.471Z</time>
      </trkpt>
      <trkpt lat="50.669430" lon="17.960687">
        <ele>177.338489</ele>
        <time>2026-05-04T17:15:18.016Z</time>
      </trkpt>
      <trkpt lat="50.669446" lon="17.961288">
        <ele>177.533126</ele>
        <time>2026-05-04T17:15:24.636Z</time>
      </trkpt>
      <trkpt lat="50.669455" lon="17.961600">
        <ele>177.634185</ele>
        <time>2026-05-04T17:15:28.004Z</time>
      </trkpt>
      <trkpt lat="50.669484" lon="17.962397">
        <ele>177.892495</ele>
        <time>2026-05-04T17:15:36.603Z</time>
      </trkpt>
      <trkpt lat="50.669487" lon="17.962483">
        <ele>177.920364</ele>
        <time>2026-05-04T17:15:37.581Z</time>
      </trkpt>
      <trkpt lat="50.669501" lon="17.962782">
        <ele>177.984547</ele>
        <time>2026-05-04T17:15:40.876Z</time>
      </trkpt>
      <trkpt lat="50.669519" lon="17.963155">
        <ele>178.018390</ele>
        <time>2026-05-04T17:15:45.014Z</time>
      </trkpt>
      <trkpt lat="50.669505" lon="17.963186">
        <ele>178.021833</ele>
        <time>2026-05-04T17:15:45.576Z</time>
      </trkpt>
      <trkpt lat="50.669483" lon="17.963235">
        <ele>178.027266</ele>
        <time>2026-05-04T17:15:46.423Z</time>
      </trkpt>
      <trkpt lat="50.669518" lon="17.963319">
        <ele>178.036360</ele>
        <time>2026-05-04T17:15:47.503Z</time>
      </trkpt>
      <trkpt lat="50.669524" lon="17.963480">
        <ele>178.050951</ele>
        <time>2026-05-04T17:15:49.225Z</time>
      </trkpt>
      <trkpt lat="50.669512" lon="17.963600">
        <ele>178.061941</ele>
        <time>2026-05-04T17:15:50.923Z</time>
      </trkpt>
      <trkpt lat="50.669515" lon="17.963639">
        <ele>178.065495</ele>
        <time>2026-05-04T17:15:51.479Z</time>
      </trkpt>
      <trkpt lat="50.669517" lon="17.963693">
        <ele>178.070389</ele>
        <time>2026-05-04T17:15:52.011Z</time>
      </trkpt>
      <trkpt lat="50.669520" lon="17.963759">
        <ele>178.076375</ele>
        <time>2026-05-04T17:15:52.671Z</time>
      </trkpt>
      <trkpt lat="50.669308" lon="17.963835">
        <ele>178.107407</ele>
        <time>2026-05-04T17:15:56.052Z</time>
      </trkpt>
      <trkpt lat="50.669187" lon="17.964190">
        <ele>178.143873</ele>
        <time>2026-05-04T17:15:59.759Z</time>
      </trkpt>
      <trkpt lat="50.669201" lon="17.964365">
        <ele>178.159830</ele>
        <time>2026-05-04T17:16:01.359Z</time>
      </trkpt>
      <trkpt lat="50.669132" lon="17.964378">
        <ele>178.169749</ele>
        <time>2026-05-04T17:16:09.081Z</time>
      </trkpt>
      <trkpt lat="50.669174" lon="17.965205">
        <ele>178.152557</ele>
        <time>2026-05-04T17:16:16.558Z</time>
      </trkpt>
      <trkpt lat="50.669237" lon="17.966636">
        <ele>177.546130</ele>
        <time>2026-05-04T17:16:28.361Z</time>
      </trkpt>
      <trkpt lat="50.669262" lon="17.967319">
        <ele>177.256905</ele>
        <time>2026-05-04T17:16:33.838Z</time>
      </trkpt>
      <trkpt lat="50.669293" lon="17.968174">
        <ele>176.685061</ele>
        <time>2026-05-04T17:16:40.581Z</time>
      </trkpt>
      <trkpt lat="50.669313" lon="17.968643">
        <ele>176.175092</ele>
        <time>2026-05-04T17:16:44.154Z</time>
      </trkpt>
      <trkpt lat="50.669361" lon="17.969754">
        <ele>174.966971</ele>
        <time>2026-05-04T17:16:52.271Z</time>
      </trkpt>
      <trkpt lat="50.669429" lon="17.971277">
        <ele>173.200137</ele>
        <time>2026-05-04T17:17:02.478Z</time>
      </trkpt>
      <trkpt lat="50.669499" lon="17.971434">
        <ele>172.955914</ele>
        <time>2026-05-04T17:17:03.755Z</time>
      </trkpt>
      <trkpt lat="50.669501" lon="17.971449">
        <ele>172.936412</ele>
        <time>2026-05-04T17:17:03.855Z</time>
      </trkpt>
      <trkpt lat="50.669507" lon="17.971501">
        <ele>172.869166</ele>
        <time>2026-05-04T17:17:04.213Z</time>
      </trkpt>
      <trkpt lat="50.669512" lon="17.971547">
        <ele>172.809786</ele>
        <time>2026-05-04T17:17:04.517Z</time>
      </trkpt>
      <trkpt lat="50.669514" lon="17.971573">
        <ele>172.776464</ele>
        <time>2026-05-04T17:17:04.692Z</time>
      </trkpt>
      <trkpt lat="50.669584" lon="17.971589">
        <ele>172.634478</ele>
        <time>2026-05-04T17:17:05.445Z</time>
      </trkpt>
      <trkpt lat="50.669613" lon="17.971717">
        <ele>172.461534</ele>
        <time>2026-05-04T17:17:06.352Z</time>
      </trkpt>
      <trkpt lat="50.669670" lon="17.972330">
        <ele>171.673278</ele>
        <time>2026-05-04T17:17:10.583Z</time>
      </trkpt>
      <trkpt lat="50.669573" lon="17.972649">
        <ele>171.223128</ele>
        <time>2026-05-04T17:17:13.040Z</time>
      </trkpt>
      <trkpt lat="50.669598" lon="17.972955">
        <ele>170.830589</ele>
        <time>2026-05-04T17:17:15.235Z</time>
      </trkpt>
      <trkpt lat="50.669614" lon="17.973123">
        <ele>170.614446</ele>
        <time>2026-05-04T17:17:16.459Z</time>
      </trkpt>
      <trkpt lat="50.669619" lon="17.973171">
        <ele>170.552558</ele>
        <time>2026-05-04T17:17:16.840Z</time>
      </trkpt>
      <trkpt lat="50.669624" lon="17.973215">
        <ele>170.495685</ele>
        <time>2026-05-04T17:17:17.173Z</time>
      </trkpt>
      <trkpt lat="50.669682" lon="17.973811">
        <ele>170.173075</ele>
        <time>2026-05-04T17:17:21.939Z</time>
      </trkpt>
      <trkpt lat="50.669702" lon="17.974020">
        <ele>170.099871</ele>
        <time>2026-05-04T17:17:23.666Z</time>
      </trkpt>
      <trkpt lat="50.669707" lon="17.974070">
        <ele>170.082340</ele>
        <time>2026-05-04T17:17:24.106Z</time>
      </trkpt>
      <trkpt lat="50.669712" lon="17.974117">
        <ele>170.065834</ele>
        <time>2026-05-04T17:17:24.519Z</time>
      </trkpt>
      <trkpt lat="50.669714" lon="17.974142">
        <ele>170.057107</ele>
        <time>2026-05-04T17:17:24.737Z</time>
      </trkpt>
      <trkpt lat="50.669814" lon="17.975149">
        <ele>169.704095</ele>
        <time>2026-05-04T17:17:33.474Z</time>
      </trkpt>
      <trkpt lat="50.669863" lon="17.975466">
        <ele>169.591090</ele>
        <time>2026-05-04T17:17:36.375Z</time>
      </trkpt>
      <trkpt lat="50.669812" lon="17.975616">
        <ele>169.532137</ele>
        <time>2026-05-04T17:17:37.943Z</time>
      </trkpt>
      <trkpt lat="50.669844" lon="17.975642">
        <ele>169.512468</ele>
        <time>2026-05-04T17:17:38.444Z</time>
      </trkpt>
      <trkpt lat="50.669886" lon="17.975728">
        <ele>169.474867</ele>
        <time>2026-05-04T17:17:39.484Z</time>
      </trkpt>
      <trkpt lat="50.669905" lon="17.975808">
        <ele>169.445279</ele>
        <time>2026-05-04T17:17:40.268Z</time>
      </trkpt>
      <trkpt lat="50.669973" lon="17.975831">
        <ele>169.407276</ele>
        <time>2026-05-04T17:17:41.252Z</time>
      </trkpt>
      <trkpt lat="50.670011" lon="17.975914">
        <ele>169.371815</ele>
        <time>2026-05-04T17:17:42.210Z</time>
      </trkpt>
      <trkpt lat="50.670114" lon="17.977048">
        <ele>168.637545</ele>
        <time>2026-05-04T17:17:52.283Z</time>
      </trkpt>
      <trkpt lat="50.670178" lon="17.977746">
        <ele>168.177151</ele>
        <time>2026-05-04T17:17:57.745Z</time>
      </trkpt>
      <trkpt lat="50.670232" lon="17.978108">
        <ele>167.934382</ele>
        <time>2026-05-04T17:18:00.472Z</time>
      </trkpt>
      <trkpt lat="50.670344" lon="17.978496">
        <ele>167.656065</ele>
        <time>2026-05-04T17:18:03.508Z</time>
      </trkpt>
      <trkpt lat="50.671934" lon="17.981891">
        <ele>161.997438</ele>
        <time>2026-05-04T17:18:32.060Z</time>
      </trkpt>
      <trkpt lat="50.672068" lon="17.982178">
        <ele>161.578614</ele>
        <time>2026-05-04T17:18:34.591Z</time>
      </trkpt>
      <trkpt lat="50.672086" lon="17.982252">
        <ele>161.485487</ele>
        <time>2026-05-04T17:18:35.161Z</time>
      </trkpt>
      <trkpt lat="50.672072" lon="17.982318">
        <ele>161.403715</ele>
        <time>2026-05-04T17:18:35.659Z</time>
      </trkpt>
      <trkpt lat="50.672088" lon="17.982365">
        <ele>161.341032</ele>
        <time>2026-05-04T17:18:37.988Z</time>
      </trkpt>
      <trkpt lat="50.672104" lon="17.982422">
        <ele>161.267788</ele>
        <time>2026-05-04T17:18:40.739Z</time>
      </trkpt>
      <trkpt lat="50.672170" lon="17.982470">
        <ele>161.133061</ele>
        <time>2026-05-04T17:18:41.564Z</time>
      </trkpt>
      <trkpt lat="50.672383" lon="17.983538">
        <ele>159.910551</ele>
        <time>2026-05-04T17:18:49.794Z</time>
      </trkpt>
      <trkpt lat="50.672446" lon="17.983957">
        <ele>159.643480</ele>
        <time>2026-05-04T17:18:53.077Z</time>
      </trkpt>
      <trkpt lat="50.672623" lon="17.985129">
        <ele>158.896270</ele>
        <time>2026-05-04T17:19:02.367Z</time>
      </trkpt>
      <trkpt lat="50.672766" lon="17.986097">
        <ele>158.279839</ele>
        <time>2026-05-04T17:19:10.192Z</time>
      </trkpt>
      <trkpt lat="50.672814" lon="17.986083">
        <ele>158.248693</ele>
        <time>2026-05-04T17:19:13.585Z</time>
      </trkpt>
      <trkpt lat="50.672843" lon="17.986272">
        <ele>158.218148</ele>
        <time>2026-05-04T17:19:15.184Z</time>
      </trkpt>
      <trkpt lat="50.672908" lon="17.986707">
        <ele>158.147946</ele>
        <time>2026-05-04T17:19:19.028Z</time>
      </trkpt>
      <trkpt lat="50.672973" lon="17.986747">
        <ele>158.130654</ele>
        <time>2026-05-04T17:19:20.048Z</time>
      </trkpt>
      <trkpt lat="50.673010" lon="17.987027">
        <ele>158.085727</ele>
        <time>2026-05-04T17:19:23.580Z</time>
      </trkpt>
      <trkpt lat="50.673033" lon="17.987199">
        <ele>158.058115</ele>
        <time>2026-05-04T17:19:25.752Z</time>
      </trkpt>
      <trkpt lat="50.673051" lon="17.987317">
        <ele>158.039050</ele>
        <time>2026-05-04T17:19:26.825Z</time>
      </trkpt>
      <trkpt lat="50.673066" lon="17.987416">
        <ele>158.023062</ele>
        <time>2026-05-04T17:19:27.753Z</time>
      </trkpt>
      <trkpt lat="50.673123" lon="17.987783">
        <ele>157.963709</ele>
        <time>2026-05-04T17:19:31.122Z</time>
      </trkpt>
      <trkpt lat="50.673157" lon="17.988052">
        <ele>157.920623</ele>
        <time>2026-05-04T17:19:33.569Z</time>
      </trkpt>
      <trkpt lat="50.673173" lon="17.988435">
        <ele>157.860333</ele>
        <time>2026-05-04T17:19:37.134Z</time>
      </trkpt>
      <trkpt lat="50.673147" lon="17.989700">
        <ele>157.859160</ele>
        <time>2026-05-04T17:19:49.054Z</time>
      </trkpt>
      <trkpt lat="50.673059" lon="17.991205">
        <ele>157.940922</ele>
        <time>2026-05-04T17:20:03.373Z</time>
      </trkpt>
      <trkpt lat="50.673057" lon="17.991481">
        <ele>157.955854</ele>
        <time>2026-05-04T17:20:07.074Z</time>
      </trkpt>
      <trkpt lat="50.673063" lon="17.991532">
        <ele>157.958660</ele>
        <time>2026-05-04T17:20:07.598Z</time>
      </trkpt>
      <trkpt lat="50.673071" lon="17.991590">
        <ele>157.961871</ele>
        <time>2026-05-04T17:20:08.197Z</time>
      </trkpt>
      <trkpt lat="50.673043" lon="17.993226">
        <ele>158.379695</ele>
        <time>2026-05-04T17:20:31.509Z</time>
      </trkpt>
      <trkpt lat="50.672969" lon="17.994830">
        <ele>158.826724</ele>
        <time>2026-05-04T17:20:53.330Z</time>
      </trkpt>
      <trkpt lat="50.672967" lon="17.994869">
        <ele>158.840199</ele>
        <time>2026-05-04T17:20:53.754Z</time>
      </trkpt>
      <trkpt lat="50.672961" lon="17.994995">
        <ele>158.883712</ele>
        <time>2026-05-04T17:20:55.140Z</time>
      </trkpt>
      <trkpt lat="50.672954" lon="17.995157">
        <ele>158.939630</ele>
        <time>2026-05-04T17:20:56.801Z</time>
      </trkpt>
      <trkpt lat="50.672950" lon="17.995224">
        <ele>158.962805</ele>
        <time>2026-05-04T17:20:57.547Z</time>
      </trkpt>
      <trkpt lat="50.672948" lon="17.995286">
        <ele>158.984184</ele>
        <time>2026-05-04T17:20:58.122Z</time>
      </trkpt>
      <trkpt lat="50.672940" lon="17.995438">
        <ele>159.036709</ele>
        <time>2026-05-04T17:21:00.333Z</time>
      </trkpt>
      <trkpt lat="50.672879" lon="17.996511">
        <ele>159.407707</ele>
        <time>2026-05-04T17:21:15.729Z</time>
      </trkpt>
      <trkpt lat="50.672708" lon="17.998110">
        <ele>159.751696</ele>
        <time>2026-05-04T17:21:39.427Z</time>
      </trkpt>
      <trkpt lat="50.672664" lon="17.998948">
        <ele>159.834873</ele>
        <time>2026-05-04T17:21:48.173Z</time>
      </trkpt>
      <trkpt lat="50.672627" lon="17.999441">
        <ele>159.883980</ele>
        <time>2026-05-04T17:21:52.713Z</time>
      </trkpt>
      <trkpt lat="50.672634" lon="18.000003">
        <ele>159.939582</ele>
        <time>2026-05-04T17:21:57.403Z</time>
      </trkpt>
      <trkpt lat="50.672615" lon="18.000399">
        <ele>159.776180</ele>
        <time>2026-05-04T17:22:00.616Z</time>
      </trkpt>
      <trkpt lat="50.672263" lon="18.006616">
        <ele>157.086848</ele>
        <time>2026-05-04T17:22:49.827Z</time>
      </trkpt>
      <trkpt lat="50.671875" lon="18.013873">
        <ele>158.316723</ele>
        <time>2026-05-04T17:24:07.022Z</time>
      </trkpt>
      <trkpt lat="50.672030" lon="18.013941">
        <ele>158.364693</ele>
        <time>2026-05-04T17:24:10.080Z</time>
      </trkpt>
      <trkpt lat="50.672976" lon="18.014457">
        <ele>158.232104</ele>
        <time>2026-05-04T17:24:23.598Z</time>
      </trkpt>
      <trkpt lat="50.673244" lon="18.014595">
        <ele>158.188298</ele>
        <time>2026-05-04T17:24:27.545Z</time>
      </trkpt>
      <trkpt lat="50.676140" lon="18.016151">
        <ele>158.226413</ele>
        <time>2026-05-04T17:25:12.953Z</time>
      </trkpt>
      <trkpt lat="50.678088" lon="18.017195">
        <ele>158.641384</ele>
        <time>2026-05-04T17:25:45.791Z</time>
      </trkpt>
      <trkpt lat="50.678923" lon="18.017639">
        <ele>158.847772</ele>
        <time>2026-05-04T17:25:59.416Z</time>
      </trkpt>
      <trkpt lat="50.679023" lon="18.017693">
        <ele>158.882886</ele>
        <time>2026-05-04T17:26:01.056Z</time>
      </trkpt>
      <trkpt lat="50.680923" lon="18.018710">
        <ele>159.478971</ele>
        <time>2026-05-04T17:26:33.846Z</time>
      </trkpt>
      <trkpt lat="50.680999" lon="18.018753">
        <ele>159.489479</ele>
        <time>2026-05-04T17:26:35.522Z</time>
      </trkpt>
      <trkpt lat="50.681066" lon="18.018801">
        <ele>159.499056</ele>
        <time>2026-05-04T17:26:37.051Z</time>
      </trkpt>
      <trkpt lat="50.681149" lon="18.018731">
        <ele>159.511305</ele>
        <time>2026-05-04T17:26:44.568Z</time>
      </trkpt>
      <trkpt lat="50.681425" lon="18.018259">
        <ele>159.564275</ele>
        <time>2026-05-04T17:27:17.248Z</time>
      </trkpt>
      <trkpt lat="50.681604" lon="18.018006">
        <ele>159.595550</ele>
        <time>2026-05-04T17:27:36.523Z</time>
      </trkpt>
      <trkpt lat="50.681767" lon="18.017794">
        <ele>159.623041</ele>
        <time>2026-05-04T17:27:53.421Z</time>
      </trkpt>
      <trkpt lat="50.681934" lon="18.017634">
        <ele>159.648469</ele>
        <time>2026-05-04T17:28:08.844Z</time>
      </trkpt>
      <trkpt lat="50.682091" lon="18.017927">
        <ele>159.631218</ele>
        <time>2026-05-04T17:28:27.830Z</time>
      </trkpt>
      <trkpt lat="50.682474" lon="18.018484">
        <ele>159.432251</ele>
        <time>2026-05-04T17:29:08.369Z</time>
      </trkpt>
      <trkpt lat="50.682720" lon="18.018783">
        <ele>159.313632</ele>
        <time>2026-05-04T17:29:32.601Z</time>
      </trkpt>
      <trkpt lat="50.683959" lon="18.020511">
        <ele>158.880333</ele>
        <time>2026-05-04T17:31:41.223Z</time>
      </trkpt>
      <trkpt lat="50.685364" lon="18.022835">
        <ele>158.813798</ele>
        <time>2026-05-04T17:34:23.834Z</time>
      </trkpt>
      <trkpt lat="50.685630" lon="18.023252">
        <ele>158.837320</ele>
        <time>2026-05-04T17:34:53.803Z</time>
      </trkpt>
      <trkpt lat="50.685715" lon="18.023341">
        <ele>158.843720</ele>
        <time>2026-05-04T17:35:01.912Z</time>
      </trkpt>
      <trkpt lat="50.685991" lon="18.023294">
        <ele>158.861137</ele>
        <time>2026-05-04T17:35:23.862Z</time>
      </trkpt>
      <trkpt lat="50.686296" lon="18.023385">
        <ele>158.820093</ele>
        <time>2026-05-04T17:35:48.382Z</time>
      </trkpt>
      <trkpt lat="50.686503" lon="18.023522">
        <ele>158.786418</ele>
        <time>2026-05-04T17:36:05.999Z</time>
      </trkpt>
      <trkpt lat="50.686932" lon="18.023885">
        <ele>158.713391</ele>
        <time>2026-05-04T17:36:44.072Z</time>
      </trkpt>
      <trkpt lat="50.687824" lon="18.024736">
        <ele>158.629313</ele>
        <time>2026-05-04T17:38:06.232Z</time>
      </trkpt>
      <trkpt lat="50.688632" lon="18.025720">
        <ele>158.784527</ele>
        <time>2026-05-04T17:39:28.090Z</time>
      </trkpt>
      <trkpt lat="50.690762" lon="18.028209">
        <ele>159.622452</ele>
        <time>2026-05-04T17:43:01.691Z</time>
      </trkpt>
      <trkpt lat="50.691086" lon="18.028836">
        <ele>159.903163</ele>
        <time>2026-05-04T17:43:44.026Z</time>
      </trkpt>
      <trkpt lat="50.691480" lon="18.029170">
        <ele>160.148075</ele>
        <time>2026-05-04T17:44:20.909Z</time>
      </trkpt>
      <trkpt lat="50.691808" lon="18.029344">
        <ele>160.337570</ele>
        <time>2026-05-04T17:44:49.454Z</time>
      </trkpt>
      <trkpt lat="50.692974" lon="18.028800">
        <ele>160.169959</ele>
        <time>2026-05-04T17:45:35.117Z</time>
      </trkpt>
      <trkpt lat="50.693600" lon="18.027899">
        <ele>159.881937</ele>
        <time>2026-05-04T17:46:04.124Z</time>
      </trkpt>
      <trkpt lat="50.694287" lon="18.026465">
        <ele>158.639273</ele>
        <time>2026-05-04T17:46:41.722Z</time>
      </trkpt>
      <trkpt lat="50.694442" lon="18.026140">
        <ele>158.358100</ele>
        <time>2026-05-04T17:46:50.300Z</time>
      </trkpt>
      <trkpt lat="50.695955" lon="18.024311">
        <ele>156.936190</ele>
        <time>2026-05-04T17:47:56.289Z</time>
      </trkpt>
      <trkpt lat="50.696811" lon="18.023512">
        <ele>156.539966</ele>
        <time>2026-05-04T17:48:31.891Z</time>
      </trkpt>
      <trkpt lat="50.697846" lon="18.022229">
        <ele>156.173651</ele>
        <time>2026-05-04T17:49:19.036Z</time>
      </trkpt>
      <trkpt lat="50.699558" lon="18.020684">
        <ele>156.503324</ele>
        <time>2026-05-04T17:50:31.445Z</time>
      </trkpt>
      <trkpt lat="50.699731" lon="18.020519">
        <ele>156.724393</ele>
        <time>2026-05-04T17:50:39.551Z</time>
      </trkpt>
      <trkpt lat="50.699924" lon="18.020402">
        <ele>156.950517</ele>
        <time>2026-05-04T17:50:48.050Z</time>
      </trkpt>
      <trkpt lat="50.700228" lon="18.020103">
        <ele>157.342265</ele>
        <time>2026-05-04T17:51:03.397Z</time>
      </trkpt>
      <trkpt lat="50.700296" lon="18.020075">
        <ele>157.419130</ele>
        <time>2026-05-04T17:51:06.470Z</time>
      </trkpt>
      <trkpt lat="50.700492" lon="18.019832">
        <ele>157.691706</ele>
        <time>2026-05-04T17:51:17.614Z</time>
      </trkpt>
      <trkpt lat="50.701500" lon="18.019094">
        <ele>159.392815</ele>
        <time>2026-05-04T17:52:08.735Z</time>
      </trkpt>
      <trkpt lat="50.701690" lon="18.018870">
        <ele>159.784104</ele>
        <time>2026-05-04T17:52:19.185Z</time>
      </trkpt>
      <trkpt lat="50.701920" lon="18.018511">
        <ele>160.317790</ele>
        <time>2026-05-04T17:52:33.112Z</time>
      </trkpt>
      <trkpt lat="50.702491" lon="18.018123">
        <ele>160.924557</ele>
        <time>2026-05-04T17:52:58.533Z</time>
      </trkpt>
      <trkpt lat="50.703299" lon="18.017053">
        <ele>160.943485</ele>
        <time>2026-05-04T17:53:37.998Z</time>
      </trkpt>
      <trkpt lat="50.703399" lon="18.016825">
        <ele>160.946637</ele>
        <time>2026-05-04T17:53:44.215Z</time>
      </trkpt>
      <trkpt lat="50.703698" lon="18.016358">
        <ele>160.876397</ele>
        <time>2026-05-04T17:53:58.655Z</time>
      </trkpt>
      <trkpt lat="50.703810" lon="18.016236">
        <ele>160.781609</ele>
        <time>2026-05-04T17:54:03.223Z</time>
      </trkpt>
      <trkpt lat="50.703887" lon="18.016018">
        <ele>160.671481</ele>
        <time>2026-05-04T17:54:08.475Z</time>
      </trkpt>
      <trkpt lat="50.703887" lon="18.016017">
        <ele>160.671040</ele>
        <time>2026-05-04T17:54:08.500Z</time>
      </trkpt>
      <trkpt lat="50.704002" lon="18.015788">
        <ele>160.542099</ele>
        <time>2026-05-04T17:54:14.562Z</time>
      </trkpt>
      <trkpt lat="50.704245" lon="18.015442">
        <ele>160.314153</ele>
        <time>2026-05-04T17:54:25.387Z</time>
      </trkpt>
      <trkpt lat="50.704450" lon="18.015083">
        <ele>160.100889</ele>
        <time>2026-05-04T17:54:35.755Z</time>
      </trkpt>
      <trkpt lat="50.704567" lon="18.014827">
        <ele>159.961606</ele>
        <time>2026-05-04T17:54:42.659Z</time>
      </trkpt>
      <trkpt lat="50.704660" lon="18.014882">
        <ele>159.892424</ele>
        <time>2026-05-04T17:54:46.126Z</time>
      </trkpt>
      <trkpt lat="50.704753" lon="18.014751">
        <ele>159.805605</ele>
        <time>2026-05-04T17:54:50.559Z</time>
      </trkpt>
      <trkpt lat="50.704829" lon="18.014824">
        <ele>159.743634</ele>
        <time>2026-05-04T17:54:53.751Z</time>
      </trkpt>
      <trkpt lat="50.704745" lon="18.014998">
        <ele>159.767644</ele>
        <time>2026-05-04T17:55:03.362Z</time>
      </trkpt>
      <trkpt lat="50.705886" lon="18.016053">
        <ele>160.976260</ele>
        <time>2026-05-04T17:55:57.550Z</time>
      </trkpt>
      <trkpt lat="50.706189" lon="18.016320">
        <ele>161.293432</ele>
        <time>2026-05-04T17:56:12.567Z</time>
      </trkpt>
      <trkpt lat="50.706419" lon="18.016499">
        <ele>161.583536</ele>
        <time>2026-05-04T17:56:23.659Z</time>
      </trkpt>
      <trkpt lat="50.706500" lon="18.016513">
        <ele>161.680513</ele>
        <time>2026-05-04T17:56:27.178Z</time>
      </trkpt>
      <trkpt lat="50.706502" lon="18.016941">
        <ele>162.003109</ele>
        <time>2026-05-04T17:56:50.356Z</time>
      </trkpt>
      <trkpt lat="50.706547" lon="18.021072">
        <ele>164.783166</ele>
        <time>2026-05-04T18:00:29.091Z</time>
      </trkpt>
      <trkpt lat="50.706554" lon="18.025028">
        <ele>166.859303</ele>
        <time>2026-05-04T18:03:55.334Z</time>
      </trkpt>
      <trkpt lat="50.706569" lon="18.028530">
        <ele>168.494296</ele>
        <time>2026-05-04T18:07:02.396Z</time>
      </trkpt>
      <trkpt lat="50.706592" lon="18.031985">
        <ele>168.043997</ele>
        <time>2026-05-04T18:09:49.094Z</time>
      </trkpt>
      <trkpt lat="50.706619" lon="18.037384">
        <ele>169.013085</ele>
        <time>2026-05-04T18:14:25.835Z</time>
      </trkpt>
      <trkpt lat="50.706649" lon="18.042745">
        <ele>171.730812</ele>
        <time>2026-05-04T18:19:07.050Z</time>
      </trkpt>
      <trkpt lat="50.706688" lon="18.048208">
        <ele>174.452281</ele>
        <time>2026-05-04T18:23:54.710Z</time>
      </trkpt>
      <trkpt lat="50.706693" lon="18.050529">
        <ele>174.856753</ele>
        <time>2026-05-04T18:25:49.975Z</time>
      </trkpt>
      <trkpt lat="50.706711" lon="18.053623">
        <ele>176.172634</ele>
        <time>2026-05-04T18:28:32.459Z</time>
      </trkpt>
      <trkpt lat="50.706763" lon="18.059000">
        <ele>178.554584</ele>
        <time>2026-05-04T18:33:13.536Z</time>
      </trkpt>
      <trkpt lat="50.706802" lon="18.064446">
        <ele>177.416875</ele>
        <time>2026-05-04T18:37:42.962Z</time>
      </trkpt>
      <trkpt lat="50.707287" lon="18.066910">
        <ele>175.471055</ele>
        <time>2026-05-04T18:39:44.045Z</time>
      </trkpt>
      <trkpt lat="50.707658" lon="18.069022">
        <ele>174.826493</ele>
        <time>2026-05-04T18:41:31.848Z</time>
      </trkpt>
      <trkpt lat="50.708450" lon="18.073525">
        <ele>174.713027</ele>
        <time>2026-05-04T18:45:27.175Z</time>
      </trkpt>
      <trkpt lat="50.709270" lon="18.078107">
        <ele>175.587099</ele>
        <time>2026-05-04T18:49:29.775Z</time>
      </trkpt>
      <trkpt lat="50.709456" lon="18.079154">
        <ele>176.206002</ele>
        <time>2026-05-04T18:50:27.160Z</time>
      </trkpt>
      <trkpt lat="50.710076" lon="18.082650">
        <ele>177.726098</ele>
        <time>2026-05-04T18:53:39.232Z</time>
      </trkpt>
      <trkpt lat="50.710906" lon="18.087182">
        <ele>177.705451</ele>
        <time>2026-05-04T18:57:28.794Z</time>
      </trkpt>
      <trkpt lat="50.711585" lon="18.090847">
        <ele>181.238409</ele>
        <time>2026-05-04T19:01:04.266Z</time>
      </trkpt>
      <trkpt lat="50.711376" lon="18.091159">
        <ele>181.709781</ele>
        <time>2026-05-04T19:01:09.572Z</time>
      </trkpt>
      <trkpt lat="50.711449" lon="18.091282">
        <ele>181.884741</ele>
        <time>2026-05-04T19:01:13.720Z</time>
      </trkpt>
      <trkpt lat="50.711443" lon="18.091470">
        <ele>182.080104</ele>
        <time>2026-05-04T19:01:18.295Z</time>
      </trkpt>
      <trkpt lat="50.710720" lon="18.092533">
        <ele>181.424197</ele>
        <time>2026-05-04T19:01:51.729Z</time>
      </trkpt>
      <trkpt lat="50.710670" lon="18.092724">
        <ele>181.331319</ele>
        <time>2026-05-04T19:01:56.087Z</time>
      </trkpt>
      <trkpt lat="50.710664" lon="18.092846">
        <ele>181.276329</ele>
        <time>2026-05-04T19:01:58.683Z</time>
      </trkpt>
      <trkpt lat="50.710770" lon="18.093181">
        <ele>181.108037</ele>
        <time>2026-05-04T19:02:06.727Z</time>
      </trkpt>
      <trkpt lat="50.710829" lon="18.093267">
        <ele>181.051058</ele>
        <time>2026-05-04T19:02:09.455Z</time>
      </trkpt>
      <trkpt lat="50.711011" lon="18.093384">
        <ele>180.911607</ele>
        <time>2026-05-04T19:02:16.205Z</time>
      </trkpt>
      <trkpt lat="50.711297" lon="18.093734">
        <ele>180.748865</ele>
        <time>2026-05-04T19:02:28.597Z</time>
      </trkpt>
      <trkpt lat="50.711494" lon="18.094047">
        <ele>180.653959</ele>
        <time>2026-05-04T19:02:38.150Z</time>
      </trkpt>
      <trkpt lat="50.711496" lon="18.094049">
        <ele>180.653155</ele>
        <time>2026-05-04T19:02:38.226Z</time>
      </trkpt>
      <trkpt lat="50.711631" lon="18.094333">
        <ele>180.576786</ele>
        <time>2026-05-04T19:02:46.004Z</time>
      </trkpt>
      <trkpt lat="50.711720" lon="18.094669">
        <ele>180.498461</ele>
        <time>2026-05-04T19:02:54.091Z</time>
      </trkpt>
      <trkpt lat="50.711977" lon="18.096479">
        <ele>180.603643</ele>
        <time>2026-05-04T19:03:38.022Z</time>
      </trkpt>
      <trkpt lat="50.711583" lon="18.096624">
        <ele>181.021375</ele>
        <time>2026-05-04T19:03:47.531Z</time>
      </trkpt>
      <trkpt lat="50.711004" lon="18.096832">
        <ele>181.634505</ele>
        <time>2026-05-04T19:04:02.613Z</time>
      </trkpt>
      <trkpt lat="50.710681" lon="18.096948">
        <ele>181.976540</ele>
        <time>2026-05-04T19:04:11.614Z</time>
      </trkpt>
      <trkpt lat="50.709776" lon="18.097287">
        <ele>183.424226</ele>
        <time>2026-05-04T19:04:37.342Z</time>
      </trkpt>
      <trkpt lat="50.709198" lon="18.097515">
        <ele>184.389814</ele>
        <time>2026-05-04T19:04:53.332Z</time>
      </trkpt>
      <trkpt lat="50.708363" lon="18.097883">
        <ele>185.277842</ele>
        <time>2026-05-04T19:05:15.361Z</time>
      </trkpt>
      <trkpt lat="50.706395" lon="18.098655">
        <ele>186.324538</ele>
        <time>2026-05-04T19:05:58.393Z</time>
      </trkpt>
      <trkpt lat="50.706314" lon="18.099414">
        <ele>186.527883</ele>
        <time>2026-05-04T19:06:06.441Z</time>
      </trkpt>
      <trkpt lat="50.706359" lon="18.100283">
        <ele>186.758227</ele>
        <time>2026-05-04T19:06:15.894Z</time>
      </trkpt>
      <trkpt lat="50.706583" lon="18.101267">
        <ele>187.246917</ele>
        <time>2026-05-04T19:06:27.753Z</time>
      </trkpt>
      <trkpt lat="50.706806" lon="18.102383">
        <ele>187.808063</ele>
        <time>2026-05-04T19:06:40.501Z</time>
      </trkpt>
      <trkpt lat="50.706940" lon="18.103619">
        <ele>188.287767</ele>
        <time>2026-05-04T19:06:55.716Z</time>
      </trkpt>
      <trkpt lat="50.706979" lon="18.104180">
        <ele>188.438132</ele>
        <time>2026-05-04T19:07:02.284Z</time>
      </trkpt>
      <trkpt lat="50.707263" lon="18.107842">
        <ele>187.945428</ele>
        <time>2026-05-04T19:07:37.617Z</time>
      </trkpt>
      <trkpt lat="50.707301" lon="18.108957">
        <ele>187.209760</ele>
        <time>2026-05-04T19:07:45.276Z</time>
      </trkpt>
      <trkpt lat="50.707759" lon="18.108783">
        <ele>186.276121</ele>
        <time>2026-05-04T19:07:49.920Z</time>
      </trkpt>
      <trkpt lat="50.707883" lon="18.108733">
        <ele>186.022472</ele>
        <time>2026-05-04T19:07:51.199Z</time>
      </trkpt>
      <trkpt lat="50.708717" lon="18.108396">
        <ele>184.316258</ele>
        <time>2026-05-04T19:08:00.780Z</time>
      </trkpt>
      <trkpt lat="50.709292" lon="18.110073">
        <ele>183.494217</ele>
        <time>2026-05-04T19:08:45.470Z</time>
      </trkpt>
      <trkpt lat="50.709609" lon="18.111079">
        <ele>183.165376</ele>
        <time>2026-05-04T19:09:11.225Z</time>
      </trkpt>
      <trkpt lat="50.709761" lon="18.111705">
        <ele>182.778272</ele>
        <time>2026-05-04T19:09:24.845Z</time>
      </trkpt>
      <trkpt lat="50.710551" lon="18.112464">
        <ele>181.875696</ele>
        <time>2026-05-04T19:09:54.685Z</time>
      </trkpt>
      <trkpt lat="50.710811" lon="18.112695">
        <ele>181.584515</ele>
        <time>2026-05-04T19:10:05.129Z</time>
      </trkpt>
      <trkpt lat="50.711291" lon="18.113120">
        <ele>181.818253</ele>
        <time>2026-05-04T19:10:25.983Z</time>
      </trkpt>
      <trkpt lat="50.711411" lon="18.113173">
        <ele>181.974112</ele>
        <time>2026-05-04T19:10:31.059Z</time>
      </trkpt>
      <trkpt lat="50.711377" lon="18.113320">
        <ele>182.098068</ele>
        <time>2026-05-04T19:10:35.230Z</time>
      </trkpt>
      <trkpt lat="50.711297" lon="18.113463">
        <ele>182.249204</ele>
        <time>2026-05-04T19:10:40.348Z</time>
      </trkpt>
      <trkpt lat="50.711198" lon="18.113525">
        <ele>182.382417</ele>
        <time>2026-05-04T19:10:44.978Z</time>
      </trkpt>
      <trkpt lat="50.710849" lon="18.113510">
        <ele>182.819117</ele>
        <time>2026-05-04T19:11:00.686Z</time>
      </trkpt>
      <trkpt lat="50.710656" lon="18.113567">
        <ele>183.064712</ele>
        <time>2026-05-04T19:11:09.624Z</time>
      </trkpt>
      <trkpt lat="50.710048" lon="18.113891">
        <ele>183.783216</ele>
        <time>2026-05-04T19:11:38.298Z</time>
      </trkpt>
      <trkpt lat="50.709888" lon="18.114028">
        <ele>183.928422</ele>
        <time>2026-05-04T19:11:45.977Z</time>
      </trkpt>
      <trkpt lat="50.709795" lon="18.114185">
        <ele>184.037032</ele>
        <time>2026-05-04T19:11:51.596Z</time>
      </trkpt>
      <trkpt lat="50.709720" lon="18.114708">
        <ele>184.307947</ele>
        <time>2026-05-04T19:12:05.201Z</time>
      </trkpt>
      <trkpt lat="50.709723" lon="18.114851">
        <ele>184.380231</ele>
        <time>2026-05-04T19:12:08.730Z</time>
      </trkpt>
      <trkpt lat="50.709765" lon="18.115022">
        <ele>184.472893</ele>
        <time>2026-05-04T19:12:13.231Z</time>
      </trkpt>
      <trkpt lat="50.710165" lon="18.115787">
        <ele>184.974099</ele>
        <time>2026-05-04T19:12:37.068Z</time>
      </trkpt>
      <trkpt lat="50.710238" lon="18.116267">
        <ele>185.125616</ele>
        <time>2026-05-04T19:12:49.120Z</time>
      </trkpt>
      <trkpt lat="50.710241" lon="18.116495">
        <ele>185.167352</ele>
        <time>2026-05-04T19:12:54.718Z</time>
      </trkpt>
      <trkpt lat="50.710123" lon="18.117193">
        <ele>185.299568</ele>
        <time>2026-05-04T19:13:12.560Z</time>
      </trkpt>
      <trkpt lat="50.709985" lon="18.117722">
        <ele>185.404275</ele>
        <time>2026-05-04T19:13:26.832Z</time>
      </trkpt>
      <trkpt lat="50.709244" lon="18.118939">
        <ele>185.615904</ele>
        <time>2026-05-04T19:14:06.490Z</time>
      </trkpt>
      <trkpt lat="50.708579" lon="18.120412">
        <ele>185.685818</ele>
        <time>2026-05-04T19:14:48.844Z</time>
      </trkpt>
      <trkpt lat="50.708142" lon="18.120474">
        <ele>185.749570</ele>
        <time>2026-05-04T19:14:55.753Z</time>
      </trkpt>
      <trkpt lat="50.708061" lon="18.120565">
        <ele>185.772915</ele>
        <time>2026-05-04T19:14:57.361Z</time>
      </trkpt>
      <trkpt lat="50.707729" lon="18.121677">
        <ele>185.955754</ele>
        <time>2026-05-04T19:15:10.666Z</time>
      </trkpt>
      <trkpt lat="50.707525" lon="18.122361">
        <ele>186.068198</ele>
        <time>2026-05-04T19:15:18.123Z</time>
      </trkpt>
      <trkpt lat="50.707344" lon="18.123122">
        <ele>186.024112</ele>
        <time>2026-05-04T19:15:25.529Z</time>
      </trkpt>
      <trkpt lat="50.707285" lon="18.123374">
        <ele>185.965787</ele>
        <time>2026-05-04T19:15:27.903Z</time>
      </trkpt>
      <trkpt lat="50.707290" lon="18.123835">
        <ele>185.865694</ele>
        <time>2026-05-04T19:15:31.869Z</time>
      </trkpt>
      <trkpt lat="50.707345" lon="18.124534">
        <ele>185.712781</ele>
        <time>2026-05-04T19:15:37.846Z</time>
      </trkpt>
      <trkpt lat="50.707964" lon="18.124257">
        <ele>185.490277</ele>
        <time>2026-05-04T19:15:49.624Z</time>
      </trkpt>
      <trkpt lat="50.708550" lon="18.125481">
        <ele>185.107905</ele>
        <time>2026-05-04T19:16:08.250Z</time>
      </trkpt>
      <trkpt lat="50.708739" lon="18.125747">
        <ele>185.008281</ele>
        <time>2026-05-04T19:16:13.187Z</time>
      </trkpt>
      <trkpt lat="50.708459" lon="18.126966">
        <ele>184.559021</ele>
        <time>2026-05-04T19:16:42.283Z</time>
      </trkpt>
      <trkpt lat="50.708287" lon="18.127476">
        <ele>184.253628</ele>
        <time>2026-05-04T19:16:54.832Z</time>
      </trkpt>
      <trkpt lat="50.707438" lon="18.129283">
        <ele>183.184910</ele>
        <time>2026-05-04T19:17:42.776Z</time>
      </trkpt>
      <trkpt lat="50.707347" lon="18.129531">
        <ele>183.112071</ele>
        <time>2026-05-04T19:17:49.082Z</time>
      </trkpt>
      <trkpt lat="50.707242" lon="18.129815">
        <ele>183.028498</ele>
        <time>2026-05-04T19:17:56.413Z</time>
      </trkpt>
      <trkpt lat="50.707125" lon="18.130305">
        <ele>182.895417</ele>
        <time>2026-05-04T19:18:08.342Z</time>
      </trkpt>
      <trkpt lat="50.707010" lon="18.130637">
        <ele>182.799249</ele>
        <time>2026-05-04T19:18:17.201Z</time>
      </trkpt>
      <trkpt lat="50.706412" lon="18.131911">
        <ele>182.320596</ele>
        <time>2026-05-04T19:18:54.510Z</time>
      </trkpt>
      <trkpt lat="50.706286" lon="18.132273">
        <ele>182.171124</ele>
        <time>2026-05-04T19:19:03.550Z</time>
      </trkpt>
      <trkpt lat="50.706377" lon="18.133066">
        <ele>181.879500</ele>
        <time>2026-05-04T19:19:21.103Z</time>
      </trkpt>
      <trkpt lat="50.706472" lon="18.133678">
        <ele>181.651490</ele>
        <time>2026-05-04T19:19:34.739Z</time>
      </trkpt>
      <trkpt lat="50.706598" lon="18.134370">
        <ele>181.347250</ele>
        <time>2026-05-04T19:19:50.055Z</time>
      </trkpt>
      <trkpt lat="50.706656" lon="18.134690">
        <ele>181.193088</ele>
        <time>2026-05-04T19:19:57.298Z</time>
      </trkpt>
      <trkpt lat="50.706701" lon="18.136623">
        <ele>180.297195</ele>
        <time>2026-05-04T19:20:40.719Z</time>
      </trkpt>
      <trkpt lat="50.706166" lon="18.138612">
        <ele>178.694863</ele>
        <time>2026-05-04T19:21:25.872Z</time>
      </trkpt>
      <trkpt lat="50.705796" lon="18.139990">
        <ele>177.698183</ele>
        <time>2026-05-04T19:21:57.196Z</time>
      </trkpt>
      <trkpt lat="50.705673" lon="18.140512">
        <ele>177.391646</ele>
        <time>2026-05-04T19:22:09.095Z</time>
      </trkpt>
      <trkpt lat="50.706345" lon="18.143581">
        <ele>175.941900</ele>
        <time>2026-05-04T19:23:20.518Z</time>
      </trkpt>
      <trkpt lat="50.706387" lon="18.143780">
        <ele>175.869616</ele>
        <time>2026-05-04T19:23:25.169Z</time>
      </trkpt>
      <trkpt lat="50.706387" lon="18.143780">
        <ele>175.869616</ele>
        <time>2026-05-04T19:23:25.176Z</time>
      </trkpt>
      <trkpt lat="50.706426" lon="18.143760">
        <ele>175.847303</ele>
        <time>2026-05-04T19:23:25.936Z</time>
      </trkpt>
      <trkpt lat="50.706450" lon="18.143730">
        <ele>175.830647</ele>
        <time>2026-05-04T19:23:26.503Z</time>
      </trkpt>
      <trkpt lat="50.706523" lon="18.143608">
        <ele>175.772808</ele>
        <time>2026-05-04T19:23:28.473Z</time>
      </trkpt>
      <trkpt lat="50.706547" lon="18.143576">
        <ele>175.755715</ele>
        <time>2026-05-04T19:23:29.055Z</time>
      </trkpt>
      <trkpt lat="50.706573" lon="18.143554">
        <ele>175.739664</ele>
        <time>2026-05-04T19:23:29.602Z</time>
      </trkpt>
      <trkpt lat="50.706601" lon="18.143543">
        <ele>175.723964</ele>
        <time>2026-05-04T19:23:30.137Z</time>
      </trkpt>
      <trkpt lat="50.706631" lon="18.143543">
        <ele>175.707640</ele>
        <time>2026-05-04T19:23:30.693Z</time>
      </trkpt>
      <trkpt lat="50.706663" lon="18.143548">
        <ele>175.690142</ele>
        <time>2026-05-04T19:23:31.289Z</time>
      </trkpt>
      <trkpt lat="50.706698" lon="18.143550">
        <ele>175.671085</ele>
        <time>2026-05-04T19:23:31.938Z</time>
      </trkpt>
      <trkpt lat="50.706732" lon="18.143540">
        <ele>175.652266</ele>
        <time>2026-05-04T19:23:32.579Z</time>
      </trkpt>
      <trkpt lat="50.706763" lon="18.143514">
        <ele>175.633165</ele>
        <time>2026-05-04T19:23:33.229Z</time>
      </trkpt>
      <trkpt lat="50.706794" lon="18.143476">
        <ele>175.611811</ele>
        <time>2026-05-04T19:23:33.956Z</time>
      </trkpt>
      <trkpt lat="50.706825" lon="18.143431">
        <ele>175.588898</ele>
        <time>2026-05-04T19:23:34.737Z</time>
      </trkpt>
      <trkpt lat="50.706858" lon="18.143388">
        <ele>175.565617</ele>
        <time>2026-05-04T19:23:35.530Z</time>
      </trkpt>
      <trkpt lat="50.706894" lon="18.143350">
        <ele>175.542054</ele>
        <time>2026-05-04T19:23:36.332Z</time>
      </trkpt>
      <trkpt lat="50.706933" lon="18.143317">
        <ele>175.517793</ele>
        <time>2026-05-04T19:23:37.152Z</time>
      </trkpt>
      <trkpt lat="50.706973" lon="18.143286">
        <ele>175.493117</ele>
        <time>2026-05-04T19:23:37.978Z</time>
      </trkpt>
      <trkpt lat="50.707088" lon="18.143183">
        <ele>175.419896</ele>
        <time>2026-05-04T19:23:40.428Z</time>
      </trkpt>
      <trkpt lat="50.707127" lon="18.143152">
        <ele>175.395716</ele>
        <time>2026-05-04T19:23:41.237Z</time>
      </trkpt>
      <trkpt lat="50.707205" lon="18.143096">
        <ele>175.348263</ele>
        <time>2026-05-04T19:23:42.825Z</time>
      </trkpt>
      <trkpt lat="50.707241" lon="18.143066">
        <ele>175.325720</ele>
        <time>2026-05-04T19:23:43.580Z</time>
      </trkpt>
      <trkpt lat="50.707274" lon="18.143033">
        <ele>175.304087</ele>
        <time>2026-05-04T19:23:44.304Z</time>
      </trkpt>
      <trkpt lat="50.707338" lon="18.142960">
        <ele>175.260364</ele>
        <time>2026-05-04T19:23:45.767Z</time>
      </trkpt>
      <trkpt lat="50.707367" lon="18.142919">
        <ele>175.238806</ele>
        <time>2026-05-04T19:23:46.488Z</time>
      </trkpt>
      <trkpt lat="50.707392" lon="18.142872">
        <ele>175.217279</ele>
        <time>2026-05-04T19:23:47.208Z</time>
      </trkpt>
      <trkpt lat="50.707411" lon="18.142820">
        <ele>175.196224</ele>
        <time>2026-05-04T19:23:47.913Z</time>
      </trkpt>
      <trkpt lat="50.707421" lon="18.142764">
        <ele>175.175818</ele>
        <time>2026-05-04T19:23:48.596Z</time>
      </trkpt>
      <trkpt lat="50.707421" lon="18.142706">
        <ele>175.155476</ele>
        <time>2026-05-04T19:23:49.277Z</time>
      </trkpt>
      <trkpt lat="50.707413" lon="18.142648">
        <ele>175.134658</ele>
        <time>2026-05-04T19:23:49.973Z</time>
      </trkpt>
      <trkpt lat="50.707387" lon="18.142530">
        <ele>175.090840</ele>
        <time>2026-05-04T19:23:51.440Z</time>
      </trkpt>
      <trkpt lat="50.707369" lon="18.142539">
        <ele>175.080383</ele>
        <time>2026-05-04T19:23:51.796Z</time>
      </trkpt>
      <trkpt lat="50.707293" lon="18.142152">
        <ele>174.938278</ele>
        <time>2026-05-04T19:24:00.868Z</time>
      </trkpt>
      <trkpt lat="50.707285" lon="18.141952">
        <ele>174.867995</ele>
        <time>2026-05-04T19:24:05.322Z</time>
      </trkpt>
      <trkpt lat="50.707302" lon="18.141872">
        <ele>174.838400</ele>
        <time>2026-05-04T19:24:07.185Z</time>
      </trkpt>
      <trkpt lat="50.707406" lon="18.141753">
        <ele>174.767271</ele>
        <time>2026-05-04T19:24:11.647Z</time>
      </trkpt>
      <trkpt lat="50.707566" lon="18.141635">
        <ele>174.669473</ele>
        <time>2026-05-04T19:24:17.740Z</time>
      </trkpt>
      <trkpt lat="50.707774" lon="18.141291">
        <ele>174.501067</ele>
        <time>2026-05-04T19:24:28.015Z</time>
      </trkpt>
      <trkpt lat="50.708016" lon="18.141062">
        <ele>174.336375</ele>
        <time>2026-05-04T19:24:37.464Z</time>
      </trkpt>
      <trkpt lat="50.708352" lon="18.140953">
        <ele>174.136137</ele>
        <time>2026-05-04T19:24:48.922Z</time>
      </trkpt>
      <trkpt lat="50.708531" lon="18.140768">
        <ele>174.011254</ele>
        <time>2026-05-04T19:24:56.205Z</time>
      </trkpt>
      <trkpt lat="50.708838" lon="18.140746">
        <ele>173.831857</ele>
        <time>2026-05-04T19:25:06.903Z</time>
      </trkpt>
      <trkpt lat="50.709027" lon="18.140628">
        <ele>173.713217</ele>
        <time>2026-05-04T19:25:14.165Z</time>
      </trkpt>
      <trkpt lat="50.709070" lon="18.140736">
        <ele>173.666057</ele>
        <time>2026-05-04T19:25:17.050Z</time>
      </trkpt>
      <trkpt lat="50.709399" lon="18.142249">
        <ele>173.636573</ele>
        <time>2026-05-04T19:25:55.077Z</time>
      </trkpt>
      <trkpt lat="50.709328" lon="18.142654">
        <ele>173.695395</ele>
        <time>2026-05-04T19:26:05.482Z</time>
      </trkpt>
      <trkpt lat="50.709283" lon="18.143132">
        <ele>173.763039</ele>
        <time>2026-05-04T19:26:17.339Z</time>
      </trkpt>
      <trkpt lat="50.709278" lon="18.143616">
        <ele>173.830796</ele>
        <time>2026-05-04T19:26:29.086Z</time>
      </trkpt>
      <trkpt lat="50.709168" lon="18.144206">
        <ele>173.935632</ele>
        <time>2026-05-04T19:26:43.929Z</time>
      </trkpt>
      <trkpt lat="50.709126" lon="18.144302">
        <ele>173.960226</ele>
        <time>2026-05-04T19:26:46.739Z</time>
      </trkpt>
      <trkpt lat="50.708868" lon="18.144589">
        <ele>174.065268</ele>
        <time>2026-05-04T19:26:58.836Z</time>
      </trkpt>
      <trkpt lat="50.708757" lon="18.144673">
        <ele>174.106237</ele>
        <time>2026-05-04T19:27:03.606Z</time>
      </trkpt>
      <trkpt lat="50.708718" lon="18.144727">
        <ele>174.123501</ele>
        <time>2026-05-04T19:27:05.613Z</time>
      </trkpt>
      <trkpt lat="50.708397" lon="18.145181">
        <ele>174.266933</ele>
        <time>2026-05-04T19:27:22.358Z</time>
      </trkpt>
      <trkpt lat="50.707729" lon="18.145937">
        <ele>174.445495</ele>
        <time>2026-05-04T19:27:53.740Z</time>
      </trkpt>
      <trkpt lat="50.707152" lon="18.146578">
        <ele>174.320491</ele>
        <time>2026-05-04T19:28:19.901Z</time>
      </trkpt>
      <trkpt lat="50.707009" lon="18.146758">
        <ele>174.288088</ele>
        <time>2026-05-04T19:28:26.518Z</time>
      </trkpt>
      <trkpt lat="50.708054" lon="18.151865">
        <ele>172.998587</ele>
        <time>2026-05-04T19:30:26.662Z</time>
      </trkpt>
      <trkpt lat="50.708422" lon="18.153661">
        <ele>172.604828</ele>
        <time>2026-05-04T19:31:09.867Z</time>
      </trkpt>
      <trkpt lat="50.708368" lon="18.153700">
        <ele>172.591065</ele>
        <time>2026-05-04T19:31:12.035Z</time>
      </trkpt>
      <trkpt lat="50.708255" lon="18.153710">
        <ele>172.564831</ele>
        <time>2026-05-04T19:31:16.152Z</time>
      </trkpt>
      <trkpt lat="50.708025" lon="18.153619">
        <ele>172.509871</ele>
        <time>2026-05-04T19:31:24.622Z</time>
      </trkpt>
      <trkpt lat="50.707920" lon="18.153615">
        <ele>172.485526</ele>
        <time>2026-05-04T19:31:28.356Z</time>
      </trkpt>
      <trkpt lat="50.707693" lon="18.153481">
        <ele>172.429353</ele>
        <time>2026-05-04T19:31:37.119Z</time>
      </trkpt>
      <trkpt lat="50.707568" lon="18.153479">
        <ele>172.400377</ele>
        <time>2026-05-04T19:31:41.698Z</time>
      </trkpt>
      <trkpt lat="50.708061" lon="18.154188">
        <ele>172.247643</ele>
        <time>2026-05-04T19:31:54.983Z</time>
      </trkpt>
      <trkpt lat="50.708255" lon="18.154569">
        <ele>172.200409</ele>
        <time>2026-05-04T19:32:06.077Z</time>
      </trkpt>
      <trkpt lat="50.708329" lon="18.154827">
        <ele>172.173044</ele>
        <time>2026-05-04T19:32:12.362Z</time>
      </trkpt>
      <trkpt lat="50.708363" lon="18.155197">
        <ele>172.136921</ele>
        <time>2026-05-04T19:32:20.704Z</time>
      </trkpt>
      <trkpt lat="50.708309" lon="18.156345">
        <ele>172.025699</ele>
        <time>2026-05-04T19:32:47.518Z</time>
      </trkpt>
      <trkpt lat="50.708315" lon="18.159156">
        <ele>171.975661</ele>
        <time>2026-05-04T19:33:53.204Z</time>
      </trkpt>
      <trkpt lat="50.708294" lon="18.161069">
        <ele>172.346604</ele>
        <time>2026-05-04T19:34:39.158Z</time>
      </trkpt>
      <trkpt lat="50.708281" lon="18.162192">
        <ele>172.649293</ele>
        <time>2026-05-04T19:35:07.273Z</time>
      </trkpt>
      <trkpt lat="50.708186" lon="18.165239">
        <ele>173.611903</ele>
        <time>2026-05-04T19:36:24.170Z</time>
      </trkpt>
      <trkpt lat="50.708057" lon="18.168361">
        <ele>173.111542</ele>
        <time>2026-05-04T19:37:34.411Z</time>
      </trkpt>
      <trkpt lat="50.708047" lon="18.168727">
        <ele>173.123258</ele>
        <time>2026-05-04T19:37:42.638Z</time>
      </trkpt>
      <trkpt lat="50.707895" lon="18.174172">
        <ele>173.585273</ele>
        <time>2026-05-04T19:39:53.124Z</time>
      </trkpt>
      <trkpt lat="50.707882" lon="18.174568">
        <ele>173.637377</ele>
        <time>2026-05-04T19:40:02.673Z</time>
      </trkpt>
      <trkpt lat="50.707814" lon="18.176719">
        <ele>173.920281</ele>
        <time>2026-05-04T19:40:54.476Z</time>
      </trkpt>
      <trkpt lat="50.707767" lon="18.177681">
        <ele>174.031443</ele>
        <time>2026-05-04T19:41:17.801Z</time>
      </trkpt>
      <trkpt lat="50.707723" lon="18.178606">
        <ele>174.138314</ele>
        <time>2026-05-04T19:41:40.050Z</time>
      </trkpt>
      <trkpt lat="50.707664" lon="18.178755">
        <ele>174.158560</ele>
        <time>2026-05-04T19:41:44.224Z</time>
      </trkpt>
      <trkpt lat="50.706897" lon="18.179571">
        <ele>174.227958</ele>
        <time>2026-05-04T19:42:18.767Z</time>
      </trkpt>
      <trkpt lat="50.706640" lon="18.179034">
        <ele>174.209584</ele>
        <time>2026-05-04T19:42:34.502Z</time>
      </trkpt>
      <trkpt lat="50.706264" lon="18.178406">
        <ele>174.185991</ele>
        <time>2026-05-04T19:42:54.551Z</time>
      </trkpt>
      <trkpt lat="50.706174" lon="18.178315">
        <ele>174.181385</ele>
        <time>2026-05-04T19:42:58.446Z</time>
      </trkpt>
      <trkpt lat="50.706098" lon="18.178310">
        <ele>174.178106</ele>
        <time>2026-05-04T19:43:01.228Z</time>
      </trkpt>
      <trkpt lat="50.704819" lon="18.179647">
        <ele>174.110424</ele>
        <time>2026-05-04T19:43:57.181Z</time>
      </trkpt>
      <trkpt lat="50.704054" lon="18.180298">
        <ele>174.239521</ele>
        <time>2026-05-04T19:44:30.084Z</time>
      </trkpt>
      <trkpt lat="50.703843" lon="18.180436">
        <ele>174.324747</ele>
        <time>2026-05-04T19:44:38.934Z</time>
      </trkpt>
      <trkpt lat="50.702049" lon="18.181182">
        <ele>174.852452</ele>
        <time>2026-05-04T19:45:51.063Z</time>
      </trkpt>
      <trkpt lat="50.701807" lon="18.181343">
        <ele>174.887476</ele>
        <time>2026-05-04T19:46:00.925Z</time>
      </trkpt>
      <trkpt lat="50.701805" lon="18.181107">
        <ele>174.907413</ele>
        <time>2026-05-04T19:46:03.155Z</time>
      </trkpt>
      <trkpt lat="50.701760" lon="18.179742">
        <ele>174.972266</ele>
        <time>2026-05-04T19:46:15.582Z</time>
      </trkpt>
      <trkpt lat="50.701698" lon="18.179118">
        <ele>174.903290</ele>
        <time>2026-05-04T19:46:21.215Z</time>
      </trkpt>
      <trkpt lat="50.701176" lon="18.177185">
        <ele>174.661866</ele>
        <time>2026-05-04T19:46:40.254Z</time>
      </trkpt>
      <trkpt lat="50.700907" lon="18.176165">
        <ele>174.455743</ele>
        <time>2026-05-04T19:46:49.955Z</time>
      </trkpt>
      <trkpt lat="50.700761" lon="18.175491">
        <ele>174.322854</ele>
        <time>2026-05-04T19:46:56.014Z</time>
      </trkpt>
      <trkpt lat="50.700680" lon="18.174200">
        <ele>174.134425</ele>
        <time>2026-05-04T19:47:07.145Z</time>
      </trkpt>
      <trkpt lat="50.700551" lon="18.173119">
        <ele>174.066571</ele>
        <time>2026-05-04T19:47:17.044Z</time>
      </trkpt>
      <trkpt lat="50.700186" lon="18.171277">
        <ele>174.186117</ele>
        <time>2026-05-04T19:47:35.676Z</time>
      </trkpt>
      <trkpt lat="50.700100" lon="18.170973">
        <ele>174.293819</ele>
        <time>2026-05-04T19:47:38.926Z</time>
      </trkpt>
      <trkpt lat="50.699990" lon="18.170730">
        <ele>174.390438</ele>
        <time>2026-05-04T19:47:41.882Z</time>
      </trkpt>
      <trkpt lat="50.699780" lon="18.170385">
        <ele>174.545222</ele>
        <time>2026-05-04T19:47:46.747Z</time>
      </trkpt>
      <trkpt lat="50.699414" lon="18.169874">
        <ele>174.794753</ele>
        <time>2026-05-04T19:47:54.852Z</time>
      </trkpt>
      <trkpt lat="50.698547" lon="18.168477">
        <ele>177.468714</ele>
        <time>2026-05-04T19:48:21.226Z</time>
      </trkpt>
      <trkpt lat="50.698537" lon="18.168461">
        <ele>177.504361</ele>
        <time>2026-05-04T19:48:21.606Z</time>
      </trkpt>
      <trkpt lat="50.698363" lon="18.167971">
        <ele>178.395209</ele>
        <time>2026-05-04T19:48:31.775Z</time>
      </trkpt>
      <trkpt lat="50.698299" lon="18.167920">
        <ele>178.574700</ele>
        <time>2026-05-04T19:48:34.312Z</time>
      </trkpt>
      <trkpt lat="50.698090" lon="18.167626">
        <ele>179.275552</ele>
        <time>2026-05-04T19:48:44.659Z</time>
      </trkpt>
      <trkpt lat="50.697819" lon="18.167243">
        <ele>180.314430</ele>
        <time>2026-05-04T19:48:58.225Z</time>
      </trkpt>
      <trkpt lat="50.697438" lon="18.166566">
        <ele>181.987146</ele>
        <time>2026-05-04T19:49:18.723Z</time>
      </trkpt>
      <trkpt lat="50.697369" lon="18.166485">
        <ele>182.237880</ele>
        <time>2026-05-04T19:49:21.612Z</time>
      </trkpt>
      <trkpt lat="50.697382" lon="18.166270">
        <ele>182.636804</ele>
        <time>2026-05-04T19:49:26.011Z</time>
      </trkpt>
      <trkpt lat="50.697028" lon="18.165611">
        <ele>184.232803</ele>
        <time>2026-05-04T19:49:51.011Z</time>
      </trkpt>
      <trkpt lat="50.696797" lon="18.165328">
        <ele>184.741117</ele>
        <time>2026-05-04T19:50:03.236Z</time>
      </trkpt>
      <trkpt lat="50.696038" lon="18.164205">
        <ele>185.362057</ele>
        <time>2026-05-04T19:50:43.494Z</time>
      </trkpt>
      <trkpt lat="50.695992" lon="18.164137">
        <ele>185.399674</ele>
        <time>2026-05-04T19:50:45.939Z</time>
      </trkpt>
      <trkpt lat="50.695383" lon="18.163768">
        <ele>185.725254</ele>
        <time>2026-05-04T19:51:11.002Z</time>
      </trkpt>
      <trkpt lat="50.695719" lon="18.163178">
        <ele>185.721009</ele>
        <time>2026-05-04T19:51:19.002Z</time>
      </trkpt>
      <trkpt lat="50.694896" lon="18.161534">
        <ele>185.616572</ele>
        <time>2026-05-04T19:51:45.517Z</time>
      </trkpt>
      <trkpt lat="50.694570" lon="18.161708">
        <ele>185.378888</ele>
        <time>2026-05-04T19:51:57.539Z</time>
      </trkpt>
      <trkpt lat="50.693323" lon="18.162124">
        <ele>184.498587</ele>
        <time>2026-05-04T19:52:40.674Z</time>
      </trkpt>
      <trkpt lat="50.693225" lon="18.162167">
        <ele>184.470763</ele>
        <time>2026-05-04T19:52:44.150Z</time>
      </trkpt>
      <trkpt lat="50.692917" lon="18.162458">
        <ele>184.483692</ele>
        <time>2026-05-04T19:52:56.761Z</time>
      </trkpt>
      <trkpt lat="50.692870" lon="18.162498">
        <ele>184.485615</ele>
        <time>2026-05-04T19:52:58.684Z</time>
      </trkpt>
      <trkpt lat="50.692456" lon="18.162547">
        <ele>184.500569</ele>
        <time>2026-05-04T19:53:14.065Z</time>
      </trkpt>
      <trkpt lat="50.692423" lon="18.162158">
        <ele>184.509525</ele>
        <time>2026-05-04T19:53:23.625Z</time>
      </trkpt>
      <trkpt lat="50.692417" lon="18.162084">
        <ele>184.511227</ele>
        <time>2026-05-04T19:53:25.434Z</time>
      </trkpt>
      <trkpt lat="50.692424" lon="18.161950">
        <ele>184.514295</ele>
        <time>2026-05-04T19:53:28.783Z</time>
      </trkpt>
      <trkpt lat="50.692453" lon="18.161853">
        <ele>184.516742</ele>
        <time>2026-05-04T19:53:31.429Z</time>
      </trkpt>
      <trkpt lat="50.692496" lon="18.161798">
        <ele>184.518736</ele>
        <time>2026-05-04T19:53:33.606Z</time>
      </trkpt>
      <trkpt lat="50.692644" lon="18.161606">
        <ele>184.525636</ele>
        <time>2026-05-04T19:53:41.067Z</time>
      </trkpt>
      <trkpt lat="50.693204" lon="18.161054">
        <ele>184.623803</ele>
        <time>2026-05-04T19:54:06.952Z</time>
      </trkpt>
      <trkpt lat="50.693293" lon="18.160920">
        <ele>184.648867</ele>
        <time>2026-05-04T19:54:11.758Z</time>
      </trkpt>
      <trkpt lat="50.693336" lon="18.160764">
        <ele>184.670830</ele>
        <time>2026-05-04T19:54:15.947Z</time>
      </trkpt>
      <trkpt lat="50.693184" lon="18.160546">
        <ele>184.712682</ele>
        <time>2026-05-04T19:54:23.768Z</time>
      </trkpt>
      <trkpt lat="50.692921" lon="18.160056">
        <ele>184.795594</ele>
        <time>2026-05-04T19:54:38.944Z</time>
      </trkpt>
      <trkpt lat="50.692662" lon="18.159444">
        <ele>184.890611</ele>
        <time>2026-05-04T19:54:56.005Z</time>
      </trkpt>
      <trkpt lat="50.692027" lon="18.158144">
        <ele>184.682848</ele>
        <time>2026-05-04T19:56:51.679Z</time>
      </trkpt>
      <trkpt lat="50.691507" lon="18.158710">
        <ele>184.544842</ele>
        <time>2026-05-04T19:58:00.638Z</time>
      </trkpt>
      <trkpt lat="50.691295" lon="18.159130">
        <ele>184.463852</ele>
        <time>2026-05-04T19:58:37.769Z</time>
      </trkpt>
      <trkpt lat="50.691097" lon="18.159729">
        <ele>184.353272</ele>
        <time>2026-05-04T19:58:53.020Z</time>
      </trkpt>
      <trkpt lat="50.690968" lon="18.159915">
        <ele>184.308134</ele>
        <time>2026-05-04T19:58:59.261Z</time>
      </trkpt>
      <trkpt lat="50.690730" lon="18.160114">
        <ele>184.238553</ele>
        <time>2026-05-04T19:59:08.738Z</time>
      </trkpt>
      <trkpt lat="50.690702" lon="18.160137">
        <ele>184.230398</ele>
        <time>2026-05-04T19:59:09.862Z</time>
      </trkpt>
      <trkpt lat="50.690090" lon="18.160502">
        <ele>184.061377</ele>
        <time>2026-05-04T19:59:33.654Z</time>
      </trkpt>
      <trkpt lat="50.689867" lon="18.160654">
        <ele>184.109763</ele>
        <time>2026-05-04T19:59:43.009Z</time>
      </trkpt>
      <trkpt lat="50.688541" lon="18.162179">
        <ele>184.774853</ele>
        <time>2026-05-04T20:00:46.754Z</time>
      </trkpt>
      <trkpt lat="50.688404" lon="18.162286">
        <ele>184.987068</ele>
        <time>2026-05-04T20:00:52.816Z</time>
      </trkpt>
      <trkpt lat="50.688359" lon="18.162370">
        <ele>185.083825</ele>
        <time>2026-05-04T20:01:00.688Z</time>
      </trkpt>
      <trkpt lat="50.688187" lon="18.162312">
        <ele>185.328010</ele>
        <time>2026-05-04T20:01:03.774Z</time>
      </trkpt>
      <trkpt lat="50.687854" lon="18.162186">
        <ele>185.803428</ele>
        <time>2026-05-04T20:01:09.804Z</time>
      </trkpt>
      <trkpt lat="50.687676" lon="18.162048">
        <ele>186.078755</ele>
        <time>2026-05-04T20:01:13.637Z</time>
      </trkpt>
      <trkpt lat="50.687484" lon="18.161788">
        <ele>186.429976</ele>
        <time>2026-05-04T20:01:19.306Z</time>
      </trkpt>
      <trkpt lat="50.687046" lon="18.160898">
        <ele>187.463770</ele>
        <time>2026-05-04T20:01:36.502Z</time>
      </trkpt>
      <trkpt lat="50.686913" lon="18.160509">
        <ele>187.952945</ele>
        <time>2026-05-04T20:01:43.271Z</time>
      </trkpt>
      <trkpt lat="50.686142" lon="18.158191">
        <ele>190.430812</ele>
        <time>2026-05-04T20:02:40.390Z</time>
      </trkpt>
      <trkpt lat="50.685508" lon="18.157355">
        <ele>190.534704</ele>
        <time>2026-05-04T20:03:11.787Z</time>
      </trkpt>
      <trkpt lat="50.684374" lon="18.155778">
        <ele>190.164194</ele>
        <time>2026-05-04T20:04:03.957Z</time>
      </trkpt>
      <trkpt lat="50.682538" lon="18.153287">
        <ele>189.976150</ele>
        <time>2026-05-04T20:05:29.799Z</time>
      </trkpt>
      <trkpt lat="50.682427" lon="18.153176">
        <ele>190.012201</ele>
        <time>2026-05-04T20:05:35.480Z</time>
      </trkpt>
      <trkpt lat="50.682021" lon="18.153000">
        <ele>190.491074</ele>
        <time>2026-05-04T20:05:54.739Z</time>
      </trkpt>
      <trkpt lat="50.681138" lon="18.152599">
        <ele>192.662799</ele>
        <time>2026-05-04T20:06:40.036Z</time>
      </trkpt>
      <trkpt lat="50.680255" lon="18.152059">
        <ele>194.465907</ele>
        <time>2026-05-04T20:07:23.907Z</time>
      </trkpt>
      <trkpt lat="50.679518" lon="18.152386">
        <ele>194.893591</ele>
        <time>2026-05-04T20:07:54.280Z</time>
      </trkpt>
      <trkpt lat="50.677472" lon="18.153295">
        <ele>195.298688</ele>
        <time>2026-05-04T20:09:10.648Z</time>
      </trkpt>
      <trkpt lat="50.675710" lon="18.154052">
        <ele>196.449881</ele>
        <time>2026-05-04T20:10:23.269Z</time>
      </trkpt>
      <trkpt lat="50.674885" lon="18.154403">
        <ele>197.251981</ele>
        <time>2026-05-04T20:10:59.689Z</time>
      </trkpt>
      <trkpt lat="50.672374" lon="18.155534">
        <ele>199.563239</ele>
        <time>2026-05-04T20:12:46.170Z</time>
      </trkpt>
      <trkpt lat="50.671856" lon="18.155757">
        <ele>199.953333</ele>
        <time>2026-05-04T20:13:07.060Z</time>
      </trkpt>
      <trkpt lat="50.668585" lon="18.157163">
        <ele>201.019817</ele>
        <time>2026-05-04T20:15:16.403Z</time>
      </trkpt>
      <trkpt lat="50.668448" lon="18.157219">
        <ele>201.063361</ele>
        <time>2026-05-04T20:15:21.858Z</time>
      </trkpt>
      <trkpt lat="50.667772" lon="18.151924">
        <ele>202.371422</ele>
        <time>2026-05-04T20:16:18.793Z</time>
      </trkpt>
      <trkpt lat="50.667690" lon="18.151960">
        <ele>202.398461</ele>
        <time>2026-05-04T20:16:21.907Z</time>
      </trkpt>
      <trkpt lat="50.667206" lon="18.152169">
        <ele>202.325848</ele>
        <time>2026-05-04T20:16:40.227Z</time>
      </trkpt>
      <trkpt lat="50.661476" lon="18.154649">
        <ele>200.083757</ele>
        <time>2026-05-04T20:20:10.274Z</time>
      </trkpt>
      <trkpt lat="50.660347" lon="18.155144">
        <ele>200.148513</ele>
        <time>2026-05-04T20:20:55.455Z</time>
      </trkpt>
      <trkpt lat="50.659767" lon="18.155393">
        <ele>200.377142</ele>
        <time>2026-05-04T20:21:19.336Z</time>
      </trkpt>
      <trkpt lat="50.657859" lon="18.156214">
        <ele>200.572160</ele>
        <time>2026-05-04T20:22:34.474Z</time>
      </trkpt>
      <trkpt lat="50.654874" lon="18.157526">
        <ele>198.542274</ele>
        <time>2026-05-04T20:24:21.724Z</time>
      </trkpt>
      <trkpt lat="50.654067" lon="18.152941">
        <ele>193.940367</ele>
        <time>2026-05-04T20:25:33.924Z</time>
      </trkpt>
      <trkpt lat="50.653296" lon="18.148564">
        <ele>183.363115</ele>
        <time>2026-05-04T20:26:31.647Z</time>
      </trkpt>
      <trkpt lat="50.652495" lon="18.144030">
        <ele>178.184801</ele>
        <time>2026-05-04T20:30:14.537Z</time>
      </trkpt>
      <trkpt lat="50.652462" lon="18.143842">
        <ele>178.064875</ele>
        <time>2026-05-04T20:30:23.975Z</time>
      </trkpt>
      <trkpt lat="50.651699" lon="18.139499">
        <ele>175.238799</ele>
        <time>2026-05-04T20:34:02.001Z</time>
      </trkpt>
      <trkpt lat="50.650897" lon="18.134945">
        <ele>170.736870</ele>
        <time>2026-05-04T20:37:42.615Z</time>
      </trkpt>
      <trkpt lat="50.651903" lon="18.132808">
        <ele>169.775099</ele>
        <time>2026-05-04T20:38:24.537Z</time>
      </trkpt>
      <trkpt lat="50.653300" lon="18.130623">
        <ele>171.253984</ele>
        <time>2026-05-04T20:39:28.980Z</time>
      </trkpt>
      <trkpt lat="50.653569" lon="18.130274">
        <ele>171.696903</ele>
        <time>2026-05-04T20:39:40.754Z</time>
      </trkpt>
      <trkpt lat="50.653804" lon="18.129984">
        <ele>172.076327</ele>
        <time>2026-05-04T20:39:50.716Z</time>
      </trkpt>
      <trkpt lat="50.655696" lon="18.127388">
        <ele>174.250645</ele>
        <time>2026-05-04T20:41:10.016Z</time>
      </trkpt>
      <trkpt lat="50.656447" lon="18.126411">
        <ele>174.650263</ele>
        <time>2026-05-04T20:41:37.539Z</time>
      </trkpt>
      <trkpt lat="50.656770" lon="18.126131">
        <ele>174.809152</ele>
        <time>2026-05-04T20:41:47.804Z</time>
      </trkpt>
      <trkpt lat="50.657551" lon="18.125574">
        <ele>175.206272</ele>
        <time>2026-05-04T20:42:12.768Z</time>
      </trkpt>
      <trkpt lat="50.657941" lon="18.125146">
        <ele>175.426395</ele>
        <time>2026-05-04T20:42:27.474Z</time>
      </trkpt>
      <trkpt lat="50.658077" lon="18.124935">
        <ele>175.514777</ele>
        <time>2026-05-04T20:42:33.426Z</time>
      </trkpt>
      <trkpt lat="50.658227" lon="18.124644">
        <ele>175.530941</ele>
        <time>2026-05-04T20:42:40.782Z</time>
      </trkpt>
      <trkpt lat="50.658358" lon="18.124266">
        <ele>175.414935</ele>
        <time>2026-05-04T20:42:49.178Z</time>
      </trkpt>
      <trkpt lat="50.658538" lon="18.123652">
        <ele>175.232774</ele>
        <time>2026-05-04T20:43:01.329Z</time>
      </trkpt>
      <trkpt lat="50.658759" lon="18.122710">
        <ele>174.962299</ele>
        <time>2026-05-04T20:43:17.387Z</time>
      </trkpt>
      <trkpt lat="50.658912" lon="18.122068">
        <ele>174.727904</ele>
        <time>2026-05-04T20:43:24.448Z</time>
      </trkpt>
      <trkpt lat="50.659303" lon="18.120366">
        <ele>173.533517</ele>
        <time>2026-05-04T20:43:43.099Z</time>
      </trkpt>
      <trkpt lat="50.659792" lon="18.119186">
        <ele>172.927988</ele>
        <time>2026-05-04T20:44:01.054Z</time>
      </trkpt>
      <trkpt lat="50.660101" lon="18.118455">
        <ele>172.907401</ele>
        <time>2026-05-04T20:44:13.419Z</time>
      </trkpt>
      <trkpt lat="50.660274" lon="18.118084">
        <ele>172.896609</ele>
        <time>2026-05-04T20:44:19.419Z</time>
      </trkpt>
      <trkpt lat="50.660372" lon="18.117884">
        <ele>172.890686</ele>
        <time>2026-05-04T20:44:22.562Z</time>
      </trkpt>
      <trkpt lat="50.660621" lon="18.117396">
        <ele>172.876008</ele>
        <time>2026-05-04T20:44:30.172Z</time>
      </trkpt>
      <trkpt lat="50.660836" lon="18.117070">
        <ele>172.807972</ele>
        <time>2026-05-04T20:44:35.604Z</time>
      </trkpt>
      <trkpt lat="50.661087" lon="18.116812">
        <ele>172.722381</ele>
        <time>2026-05-04T20:44:40.984Z</time>
      </trkpt>
      <trkpt lat="50.661903" lon="18.116211">
        <ele>172.465093</ele>
        <time>2026-05-04T20:44:58.045Z</time>
      </trkpt>
      <trkpt lat="50.662329" lon="18.115713">
        <ele>172.370947</ele>
        <time>2026-05-04T20:45:08.984Z</time>
      </trkpt>
      <trkpt lat="50.662551" lon="18.115473">
        <ele>172.389951</ele>
        <time>2026-05-04T20:45:13.117Z</time>
      </trkpt>
      <trkpt lat="50.662701" lon="18.115180">
        <ele>172.406809</ele>
        <time>2026-05-04T20:45:16.800Z</time>
      </trkpt>
      <trkpt lat="50.662818" lon="18.114628">
        <ele>172.432862</ele>
        <time>2026-05-04T20:45:22.418Z</time>
      </trkpt>
      <trkpt lat="50.663039" lon="18.113001">
        <ele>172.551666</ele>
        <time>2026-05-04T20:45:38.388Z</time>
      </trkpt>
      <trkpt lat="50.663213" lon="18.111667">
        <ele>172.742867</ele>
        <time>2026-05-04T20:45:51.824Z</time>
      </trkpt>
      <trkpt lat="50.663373" lon="18.110500">
        <ele>172.863159</ele>
        <time>2026-05-04T20:46:04.185Z</time>
      </trkpt>
      <trkpt lat="50.663540" lon="18.110037">
        <ele>172.799373</ele>
        <time>2026-05-04T20:46:09.319Z</time>
      </trkpt>
      <trkpt lat="50.663690" lon="18.109739">
        <ele>172.753809</ele>
        <time>2026-05-04T20:46:12.883Z</time>
      </trkpt>
      <trkpt lat="50.662753" lon="18.107875">
        <ele>172.247593</ele>
        <time>2026-05-04T20:46:33.355Z</time>
      </trkpt>
      <trkpt lat="50.662430" lon="18.107311">
        <ele>171.892292</ele>
        <time>2026-05-04T20:46:39.476Z</time>
      </trkpt>
      <trkpt lat="50.662264" lon="18.107160">
        <ele>171.750988</ele>
        <time>2026-05-04T20:46:41.891Z</time>
      </trkpt>
      <trkpt lat="50.662100" lon="18.107067">
        <ele>171.622474</ele>
        <time>2026-05-04T20:46:44.079Z</time>
      </trkpt>
      <trkpt lat="50.661425" lon="18.106826">
        <ele>171.034387</ele>
        <time>2026-05-04T20:46:52.586Z</time>
      </trkpt>
      <trkpt lat="50.661141" lon="18.106692">
        <ele>170.656528</ele>
        <time>2026-05-04T20:46:56.156Z</time>
      </trkpt>
      <trkpt lat="50.660854" lon="18.106468">
        <ele>170.248364</ele>
        <time>2026-05-04T20:46:59.959Z</time>
      </trkpt>
      <trkpt lat="50.660718" lon="18.106303">
        <ele>170.029665</ele>
        <time>2026-05-04T20:47:01.962Z</time>
      </trkpt>
      <trkpt lat="50.660520" lon="18.105991">
        <ele>169.672930</ele>
        <time>2026-05-04T20:47:05.203Z</time>
      </trkpt>
      <trkpt lat="50.660435" lon="18.105806">
        <ele>169.488305</ele>
        <time>2026-05-04T20:47:06.885Z</time>
      </trkpt>
      <trkpt lat="50.660316" lon="18.105369">
        <ele>169.103986</ele>
        <time>2026-05-04T20:47:10.389Z</time>
      </trkpt>
      <trkpt lat="50.660212" lon="18.104738">
        <ele>168.572103</ele>
        <time>2026-05-04T20:47:15.229Z</time>
      </trkpt>
      <trkpt lat="50.659970" lon="18.103286">
        <ele>167.341374</ele>
        <time>2026-05-04T20:47:26.248Z</time>
      </trkpt>
      <trkpt lat="50.659878" lon="18.102950">
        <ele>167.041342</ele>
        <time>2026-05-04T20:47:29.031Z</time>
      </trkpt>
      <trkpt lat="50.659773" lon="18.102727">
        <ele>166.813627</ele>
        <time>2026-05-04T20:47:31.165Z</time>
      </trkpt>
      <trkpt lat="50.659606" lon="18.102515">
        <ele>166.568063</ele>
        <time>2026-05-04T20:47:33.781Z</time>
      </trkpt>
      <trkpt lat="50.659439" lon="18.102412">
        <ele>166.451231</ele>
        <time>2026-05-04T20:47:36.889Z</time>
      </trkpt>
      <trkpt lat="50.658293" lon="18.102276">
        <ele>165.702429</ele>
        <time>2026-05-04T20:47:51.426Z</time>
      </trkpt>
      <trkpt lat="50.657637" lon="18.102204">
        <ele>165.522971</ele>
        <time>2026-05-04T20:48:00.618Z</time>
      </trkpt>
      <trkpt lat="50.657424" lon="18.102182">
        <ele>165.608346</ele>
        <time>2026-05-04T20:48:03.783Z</time>
      </trkpt>
      <trkpt lat="50.655923" lon="18.102011">
        <ele>166.243374</ele>
        <time>2026-05-04T20:48:29.839Z</time>
      </trkpt>
      <trkpt lat="50.655126" lon="18.101808">
        <ele>166.737096</ele>
        <time>2026-05-04T20:48:44.544Z</time>
      </trkpt>
      <trkpt lat="50.654742" lon="18.101640">
        <ele>166.980798</ele>
        <time>2026-05-04T20:48:51.700Z</time>
      </trkpt>
      <trkpt lat="50.654748" lon="18.100129">
        <ele>167.091591</ele>
        <time>2026-05-04T20:49:06.528Z</time>
      </trkpt>
      <trkpt lat="50.654733" lon="18.099991">
        <ele>167.065041</ele>
        <time>2026-05-04T20:49:07.825Z</time>
      </trkpt>
      <trkpt lat="50.654668" lon="18.099819">
        <ele>167.027072</ele>
        <time>2026-05-04T20:49:09.667Z</time>
      </trkpt>
      <trkpt lat="50.654606" lon="18.099741">
        <ele>167.003353</ele>
        <time>2026-05-04T20:49:10.801Z</time>
      </trkpt>
      <trkpt lat="50.654583" lon="18.099635">
        <ele>166.982109</ele>
        <time>2026-05-04T20:49:11.817Z</time>
      </trkpt>
      <trkpt lat="50.654814" lon="18.098827">
        <ele>166.814039</ele>
        <time>2026-05-04T20:49:19.274Z</time>
      </trkpt>
      <trkpt lat="50.654936" lon="18.098090">
        <ele>166.607403</ele>
        <time>2026-05-04T20:49:25.239Z</time>
      </trkpt>
      <trkpt lat="50.655220" lon="18.095941">
        <ele>165.544876</ele>
        <time>2026-05-04T20:49:42.624Z</time>
      </trkpt>
      <trkpt lat="50.655345" lon="18.094936">
        <ele>165.194859</ele>
        <time>2026-05-04T20:49:51.246Z</time>
      </trkpt>
      <trkpt lat="50.655535" lon="18.093484">
        <ele>164.841156</ele>
        <time>2026-05-04T20:50:04.324Z</time>
      </trkpt>
      <trkpt lat="50.655603" lon="18.093157">
        <ele>164.759055</ele>
        <time>2026-05-04T20:50:07.251Z</time>
      </trkpt>
      <trkpt lat="50.655892" lon="18.092251">
        <ele>164.475194</ele>
        <time>2026-05-04T20:50:15.791Z</time>
      </trkpt>
      <trkpt lat="50.654450" lon="18.091456">
        <ele>163.755096</ele>
        <time>2026-05-04T20:51:09.754Z</time>
      </trkpt>
      <trkpt lat="50.653986" lon="18.091151">
        <ele>163.620897</ele>
        <time>2026-05-04T20:51:27.645Z</time>
      </trkpt>
      <trkpt lat="50.653879" lon="18.090971">
        <ele>163.579134</ele>
        <time>2026-05-04T20:51:33.221Z</time>
      </trkpt>
      <trkpt lat="50.653836" lon="18.090775">
        <ele>163.544029</ele>
        <time>2026-05-04T20:51:37.902Z</time>
      </trkpt>
      <trkpt lat="50.653860" lon="18.089435">
        <ele>163.317134</ele>
        <time>2026-05-04T20:52:08.618Z</time>
      </trkpt>
      <trkpt lat="50.653753" lon="18.089146">
        <ele>163.399353</ele>
        <time>2026-05-04T20:52:16.477Z</time>
      </trkpt>
      <trkpt lat="50.653664" lon="18.088986">
        <ele>163.479175</ele>
        <time>2026-05-04T20:52:21.489Z</time>
      </trkpt>
      <trkpt lat="50.652854" lon="18.087880">
        <ele>164.112876</ele>
        <time>2026-05-04T20:53:03.701Z</time>
      </trkpt>
      <trkpt lat="50.652526" lon="18.087497">
        <ele>164.354267</ele>
        <time>2026-05-04T20:53:20.323Z</time>
      </trkpt>
      <trkpt lat="50.652454" lon="18.087459">
        <ele>164.418207</ele>
        <time>2026-05-04T20:53:23.496Z</time>
      </trkpt>
      <trkpt lat="50.652570" lon="18.086343">
        <ele>165.097600</ele>
        <time>2026-05-04T20:53:54.494Z</time>
      </trkpt>
      <trkpt lat="50.651472" lon="18.086245">
        <ele>166.016669</ele>
        <time>2026-05-04T20:54:39.320Z</time>
      </trkpt>
      <trkpt lat="50.651506" lon="18.086242">
        <ele>165.990428</ele>
        <time>2026-05-04T20:54:40.607Z</time>
      </trkpt>
      <trkpt lat="50.650912" lon="18.085896">
        <ele>165.502475</ele>
        <time>2026-05-04T20:55:02.911Z</time>
      </trkpt>
      <trkpt lat="50.650351" lon="18.085464">
        <ele>165.021396</ele>
        <time>2026-05-04T20:55:23.314Z</time>
      </trkpt>
      <trkpt lat="50.650279" lon="18.085455">
        <ele>164.965739</ele>
        <time>2026-05-04T20:55:25.656Z</time>
      </trkpt>
      <trkpt lat="50.650152" lon="18.085423">
        <ele>164.866633</ele>
        <time>2026-05-04T20:55:29.835Z</time>
      </trkpt>
      <trkpt lat="50.650117" lon="18.085289">
        <ele>164.795823</ele>
        <time>2026-05-04T20:55:32.874Z</time>
      </trkpt>
      <trkpt lat="50.650073" lon="18.085240">
        <ele>164.754316</ele>
        <time>2026-05-04T20:55:34.604Z</time>
      </trkpt>
      <trkpt lat="50.650293" lon="18.084709">
        <ele>164.489910</ele>
        <time>2026-05-04T20:55:48.000Z</time>
      </trkpt>
      <trkpt lat="50.650594" lon="18.084128">
        <ele>164.192443</ele>
        <time>2026-05-04T20:56:04.337Z</time>
      </trkpt>
      <trkpt lat="50.650403" lon="18.083241">
        <ele>163.821045</ele>
        <time>2026-05-04T20:56:25.794Z</time>
      </trkpt>
      <trkpt lat="50.650109" lon="18.081878">
        <ele>163.312518</ele>
        <time>2026-05-04T20:56:58.586Z</time>
      </trkpt>
      <trkpt lat="50.649958" lon="18.081537">
        <ele>163.180650</ele>
        <time>2026-05-04T20:57:07.948Z</time>
      </trkpt>
      <trkpt lat="50.649875" lon="18.081234">
        <ele>163.076003</ele>
        <time>2026-05-04T20:57:15.333Z</time>
      </trkpt>
      <trkpt lat="50.649541" lon="18.080515">
        <ele>162.793414</ele>
        <time>2026-05-04T20:57:35.047Z</time>
      </trkpt>
      <trkpt lat="50.649411" lon="18.079158">
        <ele>162.396229</ele>
        <time>2026-05-04T20:58:05.059Z</time>
      </trkpt>
      <trkpt lat="50.649322" lon="18.078954">
        <ele>162.327534</ele>
        <time>2026-05-04T20:58:10.504Z</time>
      </trkpt>
      <trkpt lat="50.649149" lon="18.078871">
        <ele>162.248419</ele>
        <time>2026-05-04T20:58:16.854Z</time>
      </trkpt>
      <trkpt lat="50.648972" lon="18.078847">
        <ele>162.170692</ele>
        <time>2026-05-04T20:58:23.135Z</time>
      </trkpt>
      <trkpt lat="50.648861" lon="18.078600">
        <ele>162.086705</ele>
        <time>2026-05-04T20:58:29.991Z</time>
      </trkpt>
      <trkpt lat="50.648832" lon="18.078434">
        <ele>162.038938</ele>
        <time>2026-05-04T20:58:33.934Z</time>
      </trkpt>
      <trkpt lat="50.648895" lon="18.078228">
        <ele>161.975490</ele>
        <time>2026-05-04T20:58:39.221Z</time>
      </trkpt>
      <trkpt lat="50.648829" lon="18.077447">
        <ele>161.945240</ele>
        <time>2026-05-04T20:58:57.785Z</time>
      </trkpt>
      <trkpt lat="50.648462" lon="18.074963">
        <ele>162.365427</ele>
        <time>2026-05-04T21:00:00.225Z</time>
      </trkpt>
      <trkpt lat="50.648159" lon="18.073124">
        <ele>162.644789</ele>
        <time>2026-05-04T21:00:46.136Z</time>
      </trkpt>
      <trkpt lat="50.649618" lon="18.072523">
        <ele>163.162465</ele>
        <time>2026-05-04T21:01:09.008Z</time>
      </trkpt>
      <trkpt lat="50.649932" lon="18.072451">
        <ele>163.289239</ele>
        <time>2026-05-04T21:01:14.241Z</time>
      </trkpt>
      <trkpt lat="50.649928" lon="18.072375">
        <ele>163.308558</ele>
        <time>2026-05-04T21:01:16.111Z</time>
      </trkpt>
      <trkpt lat="50.649915" lon="18.072153">
        <ele>163.365037</ele>
        <time>2026-05-04T21:01:21.694Z</time>
      </trkpt>
      <trkpt lat="50.649889" lon="18.068368">
        <ele>165.891744</ele>
        <time>2026-05-04T21:03:01.136Z</time>
      </trkpt>
      <trkpt lat="50.649916" lon="18.067633">
        <ele>166.622905</ele>
        <time>2026-05-04T21:03:21.234Z</time>
      </trkpt>
      <trkpt lat="50.649845" lon="18.067027">
        <ele>167.234919</ele>
        <time>2026-05-04T21:03:38.442Z</time>
      </trkpt>
      <trkpt lat="50.649810" lon="18.064729">
        <ele>169.016567</ele>
        <time>2026-05-04T21:04:42.706Z</time>
      </trkpt>
      <trkpt lat="50.649817" lon="18.063053">
        <ele>169.889493</ele>
        <time>2026-05-04T21:05:24.239Z</time>
      </trkpt>
      <trkpt lat="50.649826" lon="18.060715">
        <ele>168.930261</ele>
        <time>2026-05-04T21:06:15.552Z</time>
      </trkpt>
      <trkpt lat="50.649831" lon="18.059412">
        <ele>168.096190</ele>
        <time>2026-05-04T21:06:42.615Z</time>
      </trkpt>
      <trkpt lat="50.649843" lon="18.056484">
        <ele>166.439118</ele>
        <time>2026-05-04T21:07:44.936Z</time>
      </trkpt>
      <trkpt lat="50.649803" lon="18.054013">
        <ele>165.989561</ele>
        <time>2026-05-04T21:08:42.800Z</time>
      </trkpt>
      <trkpt lat="50.649757" lon="18.048637">
        <ele>166.219555</ele>
        <time>2026-05-04T21:10:51.431Z</time>
      </trkpt>
      <trkpt lat="50.649757" lon="18.048366">
        <ele>166.119930</ele>
        <time>2026-05-04T21:10:57.471Z</time>
      </trkpt>
      <trkpt lat="50.649754" lon="18.047894">
        <ele>165.946405</ele>
        <time>2026-05-04T21:11:07.843Z</time>
      </trkpt>
      <trkpt lat="50.649733" lon="18.045002">
        <ele>165.233200</ele>
        <time>2026-05-04T21:12:10.693Z</time>
      </trkpt>
      <trkpt lat="50.649746" lon="18.044545">
        <ele>165.200949</ele>
        <time>2026-05-04T21:12:21.426Z</time>
      </trkpt>
      <trkpt lat="50.650096" lon="18.044216">
        <ele>165.155646</ele>
        <time>2026-05-04T21:12:37.140Z</time>
      </trkpt>
      <trkpt lat="50.650170" lon="18.044089">
        <ele>165.143486</ele>
        <time>2026-05-04T21:12:41.405Z</time>
      </trkpt>
      <trkpt lat="50.650031" lon="18.044047">
        <ele>165.127750</ele>
        <time>2026-05-04T21:12:43.829Z</time>
      </trkpt>
      <trkpt lat="50.649870" lon="18.043886">
        <ele>165.157485</ele>
        <time>2026-05-04T21:12:47.224Z</time>
      </trkpt>
      <trkpt lat="50.649794" lon="18.043768">
        <ele>165.207821</ele>
        <time>2026-05-04T21:12:49.140Z</time>
      </trkpt>
      <trkpt lat="50.649534" lon="18.043365">
        <ele>165.379880</ele>
        <time>2026-05-04T21:12:55.710Z</time>
      </trkpt>
      <trkpt lat="50.649329" lon="18.043255">
        <ele>165.482083</ele>
        <time>2026-05-04T21:12:59.458Z</time>
      </trkpt>
      <trkpt lat="50.647864" lon="18.043259">
        <ele>165.793717</ele>
        <time>2026-05-04T21:13:23.448Z</time>
      </trkpt>
      <trkpt lat="50.642837" lon="18.043313">
        <ele>163.577970</ele>
        <time>2026-05-04T21:14:29.926Z</time>
      </trkpt>
      <trkpt lat="50.642811" lon="18.037836">
        <ele>161.835868</ele>
        <time>2026-05-04T21:15:33.250Z</time>
      </trkpt>
      <trkpt lat="50.642765" lon="18.032523">
        <ele>163.689446</ele>
        <time>2026-05-04T21:16:51.652Z</time>
      </trkpt>
      <trkpt lat="50.642750" lon="18.030258">
        <ele>162.677313</ele>
        <time>2026-05-04T21:17:18.583Z</time>
      </trkpt>
      <trkpt lat="50.642741" lon="18.026461">
        <ele>159.002112</ele>
        <time>2026-05-04T21:17:56.261Z</time>
      </trkpt>
      <trkpt lat="50.642718" lon="18.021746">
        <ele>159.926901</ele>
        <time>2026-05-04T21:19:02.477Z</time>
      </trkpt>
      <trkpt lat="50.642690" lon="18.018253">
        <ele>161.123747</ele>
        <time>2026-05-04T21:19:54.040Z</time>
      </trkpt>
      <trkpt lat="50.642693" lon="18.014841">
        <ele>160.639940</ele>
        <time>2026-05-04T21:20:34.361Z</time>
      </trkpt>
      <trkpt lat="50.642675" lon="18.010987">
        <ele>160.864632</ele>
        <time>2026-05-04T21:21:24.154Z</time>
      </trkpt>
      <trkpt lat="50.642616" lon="18.005533">
        <ele>162.515395</ele>
        <time>2026-05-04T21:22:42.753Z</time>
      </trkpt>
      <trkpt lat="50.639481" lon="18.005572">
        <ele>162.683015</ele>
        <time>2026-05-04T21:24:38.702Z</time>
      </trkpt>
      <trkpt lat="50.637277" lon="18.005599">
        <ele>162.550500</ele>
        <time>2026-05-04T21:25:59.612Z</time>
      </trkpt>
      <trkpt lat="50.634046" lon="18.005652">
        <ele>162.727623</ele>
        <time>2026-05-04T21:27:59.754Z</time>
      </trkpt>
      <trkpt lat="50.633934" lon="18.005700">
        <ele>162.764810</ele>
        <time>2026-05-04T21:28:04.290Z</time>
      </trkpt>
      <trkpt lat="50.633875" lon="18.005821">
        <ele>162.795827</ele>
        <time>2026-05-04T21:28:08.110Z</time>
      </trkpt>
      <trkpt lat="50.633873" lon="18.007575">
        <ele>163.152285</ele>
        <time>2026-05-04T21:28:51.662Z</time>
      </trkpt>
      <trkpt lat="50.633837" lon="18.007721">
        <ele>163.184119</ele>
        <time>2026-05-04T21:28:55.468Z</time>
      </trkpt>
      <trkpt lat="50.633622" lon="18.007947">
        <ele>163.135075</ele>
        <time>2026-05-04T21:29:05.262Z</time>
      </trkpt>
      <trkpt lat="50.633387" lon="18.008632">
        <ele>162.709603</ele>
        <time>2026-05-04T21:29:23.094Z</time>
      </trkpt>
      <trkpt lat="50.633077" lon="18.009535">
        <ele>162.148635</ele>
        <time>2026-05-04T21:29:44.898Z</time>
      </trkpt>
      <trkpt lat="50.632677" lon="18.011102">
        <ele>160.994727</ele>
        <time>2026-05-04T21:30:19.443Z</time>
      </trkpt>
      <trkpt lat="50.631615" lon="18.011112">
        <ele>159.616555</ele>
        <time>2026-05-04T21:30:54.463Z</time>
      </trkpt>
      <trkpt lat="50.631615" lon="18.011112">
        <ele>159.616555</ele>
        <time>2026-05-04T21:30:54.469Z</time>
      </trkpt>
      <trkpt lat="50.631615" lon="18.011154">
        <ele>159.581984</ele>
        <time>2026-05-04T21:30:54.962Z</time>
      </trkpt>
      <trkpt lat="50.631509" lon="18.011150">
        <ele>159.444389</ele>
        <time>2026-05-04T21:30:56.927Z</time>
      </trkpt>
      <trkpt lat="50.631232" lon="18.011155">
        <ele>159.226375</ele>
        <time>2026-05-04T21:31:02.061Z</time>
      </trkpt>
      <trkpt lat="50.631162" lon="18.011152">
        <ele>159.184398</ele>
        <time>2026-05-04T21:31:03.359Z</time>
      </trkpt>
      <trkpt lat="50.631132" lon="18.011153">
        <ele>159.166410</ele>
        <time>2026-05-04T21:31:03.915Z</time>
      </trkpt>
      <trkpt lat="50.631075" lon="18.011158">
        <ele>159.132188</ele>
        <time>2026-05-04T21:31:04.973Z</time>
      </trkpt>
      <trkpt lat="50.631015" lon="18.011154">
        <ele>159.096188</ele>
        <time>2026-05-04T21:31:06.086Z</time>
      </trkpt>
      <trkpt lat="50.630983" lon="18.011154">
        <ele>159.077005</ele>
        <time>2026-05-04T21:31:06.679Z</time>
      </trkpt>
      <trkpt lat="50.630920" lon="18.011156">
        <ele>159.039232</ele>
        <time>2026-05-04T21:31:07.847Z</time>
      </trkpt>
      <trkpt lat="50.630858" lon="18.011155">
        <ele>159.002063</ele>
        <time>2026-05-04T21:31:08.996Z</time>
      </trkpt>
      <trkpt lat="50.630775" lon="18.011161">
        <ele>158.952256</ele>
        <time>2026-05-04T21:31:10.536Z</time>
      </trkpt>
      <trkpt lat="50.630719" lon="18.011160">
        <ele>158.918684</ele>
        <time>2026-05-04T21:31:11.574Z</time>
      </trkpt>
      <trkpt lat="50.630631" lon="18.011152">
        <ele>158.865844</ele>
        <time>2026-05-04T21:31:13.208Z</time>
      </trkpt>
      <trkpt lat="50.630604" lon="18.011148">
        <ele>158.849588</ele>
        <time>2026-05-04T21:31:13.710Z</time>
      </trkpt>
      <trkpt lat="50.630562" lon="18.011145">
        <ele>158.824384</ele>
        <time>2026-05-04T21:31:14.489Z</time>
      </trkpt>
      <trkpt lat="50.630527" lon="18.011119">
        <ele>158.801191</ele>
        <time>2026-05-04T21:31:15.206Z</time>
      </trkpt>
      <trkpt lat="50.630502" lon="18.011104">
        <ele>158.785156</ele>
        <time>2026-05-04T21:31:15.702Z</time>
      </trkpt>
      <trkpt lat="50.630464" lon="18.011111">
        <ele>158.762221</ele>
        <time>2026-05-04T21:31:16.411Z</time>
      </trkpt>
      <trkpt lat="50.630448" lon="18.011129">
        <ele>158.750438</ele>
        <time>2026-05-04T21:31:16.775Z</time>
      </trkpt>
      <trkpt lat="50.630419" lon="18.011177">
        <ele>158.725232</ele>
        <time>2026-05-04T21:31:17.555Z</time>
      </trkpt>
      <trkpt lat="50.630405" lon="18.011207">
        <ele>158.711070</ele>
        <time>2026-05-04T21:31:17.993Z</time>
      </trkpt>
      <trkpt lat="50.630361" lon="18.011317">
        <ele>158.661621</ele>
        <time>2026-05-04T21:31:19.521Z</time>
      </trkpt>
      <trkpt lat="50.630308" lon="18.011439">
        <ele>158.605393</ele>
        <time>2026-05-04T21:31:21.260Z</time>
      </trkpt>
      <trkpt lat="50.630290" lon="18.011479">
        <ele>158.586745</ele>
        <time>2026-05-04T21:31:21.836Z</time>
      </trkpt>
      <trkpt lat="50.630270" lon="18.011515">
        <ele>158.568548</ele>
        <time>2026-05-04T21:31:22.399Z</time>
      </trkpt>
      <trkpt lat="50.630235" lon="18.011589">
        <ele>158.533448</ele>
        <time>2026-05-04T21:31:23.484Z</time>
      </trkpt>
      <trkpt lat="50.630190" lon="18.011707">
        <ele>158.481094</ele>
        <time>2026-05-04T21:31:25.102Z</time>
      </trkpt>
      <trkpt lat="50.630122" lon="18.011866">
        <ele>158.408176</ele>
        <time>2026-05-04T21:31:27.357Z</time>
      </trkpt>
      <trkpt lat="50.630041" lon="18.012028">
        <ele>158.329739</ele>
        <time>2026-05-04T21:31:29.782Z</time>
      </trkpt>
      <trkpt lat="50.630024" lon="18.012057">
        <ele>158.314724</ele>
        <time>2026-05-04T21:31:30.246Z</time>
      </trkpt>
      <trkpt lat="50.629966" lon="18.012147">
        <ele>158.267246</ele>
        <time>2026-05-04T21:31:31.754Z</time>
      </trkpt>
      <trkpt lat="50.629949" lon="18.012177">
        <ele>158.257382</ele>
        <time>2026-05-04T21:31:32.227Z</time>
      </trkpt>
      <trkpt lat="50.629913" lon="18.012281">
        <ele>158.228333</ele>
        <time>2026-05-04T21:31:33.620Z</time>
      </trkpt>
      <trkpt lat="50.629884" lon="18.012379">
        <ele>158.201818</ele>
        <time>2026-05-04T21:31:34.891Z</time>
      </trkpt>
      <trkpt lat="50.629851" lon="18.012469">
        <ele>158.176329</ele>
        <time>2026-05-04T21:31:36.113Z</time>
      </trkpt>
      <trkpt lat="50.629833" lon="18.012508">
        <ele>158.164503</ele>
        <time>2026-05-04T21:31:36.680Z</time>
      </trkpt>
      <trkpt lat="50.629778" lon="18.012669">
        <ele>158.119667</ele>
        <time>2026-05-04T21:31:38.830Z</time>
      </trkpt>
      <trkpt lat="50.629726" lon="18.012807">
        <ele>158.080310</ele>
        <time>2026-05-04T21:31:40.717Z</time>
      </trkpt>
      <trkpt lat="50.629707" lon="18.012849">
        <ele>158.067662</ele>
        <time>2026-05-04T21:31:41.323Z</time>
      </trkpt>
      <trkpt lat="50.629687" lon="18.012877">
        <ele>158.057323</ele>
        <time>2026-05-04T21:31:41.819Z</time>
      </trkpt>
      <trkpt lat="50.629665" lon="18.012900">
        <ele>158.047119</ele>
        <time>2026-05-04T21:31:42.308Z</time>
      </trkpt>
      <trkpt lat="50.629644" lon="18.012925">
        <ele>158.036947</ele>
        <time>2026-05-04T21:31:42.796Z</time>
      </trkpt>
      <trkpt lat="50.629627" lon="18.012956">
        <ele>158.026899</ele>
        <time>2026-05-04T21:31:43.278Z</time>
      </trkpt>
      <trkpt lat="50.629598" lon="18.013026">
        <ele>158.006399</ele>
        <time>2026-05-04T21:31:44.260Z</time>
      </trkpt>
      <trkpt lat="50.629573" lon="18.013104">
        <ele>157.984972</ele>
        <time>2026-05-04T21:31:45.288Z</time>
      </trkpt>
      <trkpt lat="50.629540" lon="18.013233">
        <ele>157.950866</ele>
        <time>2026-05-04T21:31:46.923Z</time>
      </trkpt>
      <trkpt lat="50.629513" lon="18.013312">
        <ele>157.928864</ele>
        <time>2026-05-04T21:31:47.978Z</time>
      </trkpt>
      <trkpt lat="50.629470" lon="18.013422">
        <ele>157.897182</ele>
        <time>2026-05-04T21:31:49.497Z</time>
      </trkpt>
      <trkpt lat="50.629435" lon="18.013492">
        <ele>157.875328</ele>
        <time>2026-05-04T21:31:50.545Z</time>
      </trkpt>
      <trkpt lat="50.629384" lon="18.013576">
        <ele>157.846817</ele>
        <time>2026-05-04T21:31:51.912Z</time>
      </trkpt>
      <trkpt lat="50.629344" lon="18.013663">
        <ele>157.820472</ele>
        <time>2026-05-04T21:31:53.175Z</time>
      </trkpt>
      <trkpt lat="50.629311" lon="18.013721">
        <ele>157.801368</ele>
        <time>2026-05-04T21:31:54.091Z</time>
      </trkpt>
      <trkpt lat="50.629276" lon="18.013776">
        <ele>157.782266</ele>
        <time>2026-05-04T21:31:55.007Z</time>
      </trkpt>
      <trkpt lat="50.629260" lon="18.013805">
        <ele>157.772842</ele>
        <time>2026-05-04T21:31:55.458Z</time>
      </trkpt>
      <trkpt lat="50.629246" lon="18.013834">
        <ele>157.763906</ele>
        <time>2026-05-04T21:31:55.887Z</time>
      </trkpt>
      <trkpt lat="50.629209" lon="18.013924">
        <ele>157.737609</ele>
        <time>2026-05-04T21:31:57.148Z</time>
      </trkpt>
      <trkpt lat="50.629180" lon="18.013982">
        <ele>157.719501</ele>
        <time>2026-05-04T21:31:58.016Z</time>
      </trkpt>
      <trkpt lat="50.629153" lon="18.014046">
        <ele>157.700655</ele>
        <time>2026-05-04T21:31:58.920Z</time>
      </trkpt>
      <trkpt lat="50.629141" lon="18.014080">
        <ele>157.691115</ele>
        <time>2026-05-04T21:31:59.377Z</time>
      </trkpt>
      <trkpt lat="50.629132" lon="18.014116">
        <ele>157.681627</ele>
        <time>2026-05-04T21:31:59.832Z</time>
      </trkpt>
      <trkpt lat="50.629127" lon="18.014153">
        <ele>157.672351</ele>
        <time>2026-05-04T21:32:00.277Z</time>
      </trkpt>
      <trkpt lat="50.629125" lon="18.014222">
        <ele>157.655415</ele>
        <time>2026-05-04T21:32:01.089Z</time>
      </trkpt>
      <trkpt lat="50.629122" lon="18.014251">
        <ele>157.648210</ele>
        <time>2026-05-04T21:32:01.434Z</time>
      </trkpt>
      <trkpt lat="50.629122" lon="18.014275">
        <ele>157.642326</ele>
        <time>2026-05-04T21:32:01.716Z</time>
      </trkpt>
      <trkpt lat="50.629125" lon="18.014317">
        <ele>157.631962</ele>
        <time>2026-05-04T21:32:02.213Z</time>
      </trkpt>
      <trkpt lat="50.629123" lon="18.014328">
        <ele>157.629157</ele>
        <time>2026-05-04T21:32:02.348Z</time>
      </trkpt>
      <trkpt lat="50.629110" lon="18.014355">
        <ele>157.620845</ele>
        <time>2026-05-04T21:32:02.746Z</time>
      </trkpt>
      <trkpt lat="50.629074" lon="18.014407">
        <ele>157.601972</ele>
        <time>2026-05-04T21:32:03.651Z</time>
      </trkpt>
      <trkpt lat="50.629061" lon="18.014431">
        <ele>157.594234</ele>
        <time>2026-05-04T21:32:04.022Z</time>
      </trkpt>
      <trkpt lat="50.629008" lon="18.014555">
        <ele>157.588793</ele>
        <time>2026-05-04T21:32:05.780Z</time>
      </trkpt>
      <trkpt lat="50.628990" lon="18.014605">
        <ele>157.600888</ele>
        <time>2026-05-04T21:32:06.456Z</time>
      </trkpt>
      <trkpt lat="50.628981" lon="18.014655">
        <ele>157.611822</ele>
        <time>2026-05-04T21:32:07.067Z</time>
      </trkpt>
      <trkpt lat="50.628977" lon="18.014714">
        <ele>157.624305</ele>
        <time>2026-05-04T21:32:07.764Z</time>
      </trkpt>
      <trkpt lat="50.628996" lon="18.014774">
        <ele>157.638414</ele>
        <time>2026-05-04T21:32:08.552Z</time>
      </trkpt>
      <trkpt lat="50.628997" lon="18.014782">
        <ele>157.640129</ele>
        <time>2026-05-04T21:32:08.648Z</time>
      </trkpt>
      <trkpt lat="50.628995" lon="18.014791">
        <ele>157.642135</ele>
        <time>2026-05-04T21:32:08.760Z</time>
      </trkpt>
      <trkpt lat="50.628991" lon="18.014798">
        <ele>157.644117</ele>
        <time>2026-05-04T21:32:08.871Z</time>
      </trkpt>
      <trkpt lat="50.628983" lon="18.014804">
        <ele>157.647055</ele>
        <time>2026-05-04T21:32:09.035Z</time>
      </trkpt>
      <trkpt lat="50.628912" lon="18.014823">
        <ele>157.670939</ele>
        <time>2026-05-04T21:32:10.370Z</time>
      </trkpt>
      <trkpt lat="50.628900" lon="18.014822">
        <ele>157.674925</ele>
        <time>2026-05-04T21:32:10.593Z</time>
      </trkpt>
      <trkpt lat="50.628893" lon="18.014819">
        <ele>157.677331</ele>
        <time>2026-05-04T21:32:10.727Z</time>
      </trkpt>
      <trkpt lat="50.628886" lon="18.014861">
        <ele>157.686466</ele>
        <time>2026-05-04T21:32:11.238Z</time>
      </trkpt>
      <trkpt lat="50.628885" lon="18.014891">
        <ele>157.692786</ele>
        <time>2026-05-04T21:32:11.591Z</time>
      </trkpt>
      <trkpt lat="50.628868" lon="18.014776">
        <ele>157.717628</ele>
        <time>2026-05-04T21:32:12.977Z</time>
      </trkpt>
      <trkpt lat="50.628929" lon="18.018408">
        <ele>158.792307</ele>
        <time>2026-05-04T21:33:43.452Z</time>
      </trkpt>
      <trkpt lat="50.628949" lon="18.021890">
        <ele>159.870108</ele>
        <time>2026-05-04T21:35:12.258Z</time>
      </trkpt>
      <trkpt lat="50.628460" lon="18.021891">
        <ele>160.016182</ele>
        <time>2026-05-04T21:35:29.626Z</time>
      </trkpt>
      <trkpt lat="50.627400" lon="18.021891">
        <ele>159.370449</ele>
        <time>2026-05-04T21:36:05.582Z</time>
      </trkpt>
      <trkpt lat="50.625044" lon="18.014812">
        <ele>157.857996</ele>
        <time>2026-05-04T21:37:14.488Z</time>
      </trkpt>
      <trkpt lat="50.624406" lon="18.012855">
        <ele>158.365036</ele>
        <time>2026-05-04T21:37:40.375Z</time>
      </trkpt>
      <trkpt lat="50.623585" lon="18.010562">
        <ele>158.988508</ele>
        <time>2026-05-04T21:38:06.998Z</time>
      </trkpt>
      <trkpt lat="50.623079" lon="18.009226">
        <ele>159.025916</ele>
        <time>2026-05-04T21:38:21.248Z</time>
      </trkpt>
      <trkpt lat="50.622772" lon="18.008234">
        <ele>159.069532</ele>
        <time>2026-05-04T21:38:31.711Z</time>
      </trkpt>
      <trkpt lat="50.622659" lon="18.007737">
        <ele>159.125699</ele>
        <time>2026-05-04T21:38:36.955Z</time>
      </trkpt>
      <trkpt lat="50.622186" lon="18.005630">
        <ele>159.344420</ele>
        <time>2026-05-04T21:38:59.111Z</time>
      </trkpt>
      <trkpt lat="50.622036" lon="18.004957">
        <ele>159.319860</ele>
        <time>2026-05-04T21:39:06.085Z</time>
      </trkpt>
      <trkpt lat="50.621841" lon="18.004084">
        <ele>159.287994</ele>
        <time>2026-05-04T21:39:14.955Z</time>
      </trkpt>
      <trkpt lat="50.621789" lon="18.003848">
        <ele>159.279392</ele>
        <time>2026-05-04T21:39:17.220Z</time>
      </trkpt>
      <trkpt lat="50.621640" lon="18.003157">
        <ele>159.254264</ele>
        <time>2026-05-04T21:39:23.616Z</time>
      </trkpt>
      <trkpt lat="50.621554" lon="18.002754">
        <ele>159.213492</ele>
        <time>2026-05-04T21:39:27.263Z</time>
      </trkpt>
      <trkpt lat="50.621405" lon="18.002107">
        <ele>159.137501</ele>
        <time>2026-05-04T21:39:33.157Z</time>
      </trkpt>
      <trkpt lat="50.621349" lon="18.001868">
        <ele>159.109373</ele>
        <time>2026-05-04T21:39:35.365Z</time>
      </trkpt>
      <trkpt lat="50.621106" lon="18.000815">
        <ele>158.985667</ele>
        <time>2026-05-04T21:39:45.327Z</time>
      </trkpt>
      <trkpt lat="50.621830" lon="18.000538">
        <ele>159.060963</ele>
        <time>2026-05-04T21:40:01.177Z</time>
      </trkpt>
      <trkpt lat="50.623120" lon="18.000014">
        <ele>159.402158</ele>
        <time>2026-05-04T21:40:30.176Z</time>
      </trkpt>
      <trkpt lat="50.623180" lon="17.999986">
        <ele>159.391381</ele>
        <time>2026-05-04T21:40:31.489Z</time>
      </trkpt>
      <trkpt lat="50.623542" lon="17.999797">
        <ele>159.325705</ele>
        <time>2026-05-04T21:40:39.085Z</time>
      </trkpt>
      <trkpt lat="50.624035" lon="17.999554">
        <ele>159.236745</ele>
        <time>2026-05-04T21:40:49.151Z</time>
      </trkpt>
      <trkpt lat="50.624641" lon="17.999204">
        <ele>159.125592</ele>
        <time>2026-05-04T21:41:01.429Z</time>
      </trkpt>
      <trkpt lat="50.624720" lon="17.999162">
        <ele>159.111233</ele>
        <time>2026-05-04T21:41:03.009Z</time>
      </trkpt>
      <trkpt lat="50.624987" lon="17.999023">
        <ele>159.046228</ele>
        <time>2026-05-04T21:41:24.944Z</time>
      </trkpt>
      <trkpt lat="50.625326" lon="17.998828">
        <ele>158.950676</ele>
        <time>2026-05-04T21:41:53.012Z</time>
      </trkpt>
      <trkpt lat="50.626038" lon="17.998424">
        <ele>158.750307</ele>
        <time>2026-05-04T21:42:52.175Z</time>
      </trkpt>
      <trkpt lat="50.626314" lon="17.998334">
        <ele>158.675679</ele>
        <time>2026-05-04T21:43:14.317Z</time>
      </trkpt>
      <trkpt lat="50.626399" lon="17.998306">
        <ele>158.652686</ele>
        <time>2026-05-04T21:43:21.163Z</time>
      </trkpt>
      <trkpt lat="50.626472" lon="17.998237">
        <ele>158.630148</ele>
        <time>2026-05-04T21:43:24.264Z</time>
      </trkpt>
      <trkpt lat="50.627652" lon="17.997574">
        <ele>158.476116</ele>
        <time>2026-05-04T21:44:10.710Z</time>
      </trkpt>
      <trkpt lat="50.628074" lon="17.997393">
        <ele>158.424821</ele>
        <time>2026-05-04T21:44:26.764Z</time>
      </trkpt>
      <trkpt lat="50.628479" lon="17.997259">
        <ele>158.334365</ele>
        <time>2026-05-04T21:44:41.548Z</time>
      </trkpt>
      <trkpt lat="50.628709" lon="17.997183">
        <ele>158.268484</ele>
        <time>2026-05-04T21:44:49.769Z</time>
      </trkpt>
      <trkpt lat="50.629716" lon="17.996583">
        <ele>157.966688</ele>
        <time>2026-05-04T21:45:28.149Z</time>
      </trkpt>
      <trkpt lat="50.630888" lon="17.995821">
        <ele>157.983034</ele>
        <time>2026-05-04T21:46:15.754Z</time>
      </trkpt>
      <trkpt lat="50.631651" lon="17.995117">
        <ele>158.025416</ele>
        <time>2026-05-04T21:46:49.129Z</time>
      </trkpt>
      <trkpt lat="50.632260" lon="17.994620">
        <ele>157.931372</ele>
        <time>2026-05-04T21:47:14.108Z</time>
      </trkpt>
      <trkpt lat="50.632671" lon="17.994284">
        <ele>157.867881</ele>
        <time>2026-05-04T21:47:30.862Z</time>
      </trkpt>
      <trkpt lat="50.632768" lon="17.994261">
        <ele>157.854429</ele>
        <time>2026-05-04T21:47:38.618Z</time>
      </trkpt>
      <trkpt lat="50.632916" lon="17.994133">
        <ele>157.831279</ele>
        <time>2026-05-04T21:47:51.868Z</time>
      </trkpt>
      <trkpt lat="50.633001" lon="17.994059">
        <ele>157.817963</ele>
        <time>2026-05-04T21:47:59.522Z</time>
      </trkpt>
      <trkpt lat="50.633541" lon="17.993840">
        <ele>157.755285</ele>
        <time>2026-05-04T21:48:43.419Z</time>
      </trkpt>
      <trkpt lat="50.633618" lon="17.993809">
        <ele>157.747161</ele>
        <time>2026-05-04T21:48:49.681Z</time>
      </trkpt>
      <trkpt lat="50.633700" lon="17.993739">
        <ele>157.737630</ele>
        <time>2026-05-04T21:48:57.002Z</time>
      </trkpt>
      <trkpt lat="50.633806" lon="17.993595">
        <ele>157.723327</ele>
        <time>2026-05-04T21:49:08.011Z</time>
      </trkpt>
      <trkpt lat="50.633967" lon="17.993296">
        <ele>157.697899</ele>
        <time>2026-05-04T21:49:27.654Z</time>
      </trkpt>
      <trkpt lat="50.634147" lon="17.993182">
        <ele>157.678071</ele>
        <time>2026-05-04T21:49:43.116Z</time>
      </trkpt>
      <trkpt lat="50.634405" lon="17.992803">
        <ele>157.642026</ele>
        <time>2026-05-04T21:50:11.079Z</time>
      </trkpt>
      <trkpt lat="50.634578" lon="17.992659">
        <ele>157.622029</ele>
        <time>2026-05-04T21:50:26.514Z</time>
      </trkpt>
      <trkpt lat="50.634766" lon="17.992412">
        <ele>157.604240</ele>
        <time>2026-05-04T21:50:45.904Z</time>
      </trkpt>
      <trkpt lat="50.634989" lon="17.992269">
        <ele>157.591667</ele>
        <time>2026-05-04T21:51:04.861Z</time>
      </trkpt>
      <trkpt lat="50.635442" lon="17.991615">
        <ele>157.559588</ele>
        <time>2026-05-04T21:51:53.397Z</time>
      </trkpt>
      <trkpt lat="50.635636" lon="17.991391">
        <ele>157.547029</ele>
        <time>2026-05-04T21:52:12.494Z</time>
      </trkpt>
      <trkpt lat="50.635950" lon="17.991105">
        <ele>157.528090</ele>
        <time>2026-05-04T21:52:41.247Z</time>
      </trkpt>
      <trkpt lat="50.636183" lon="17.990844">
        <ele>157.535298</ele>
        <time>2026-05-04T21:53:04.000Z</time>
      </trkpt>
      <trkpt lat="50.636330" lon="17.990627">
        <ele>157.574434</ele>
        <time>2026-05-04T21:53:20.097Z</time>
      </trkpt>
      <trkpt lat="50.636732" lon="17.989940">
        <ele>157.689648</ele>
        <time>2026-05-04T21:54:07.609Z</time>
      </trkpt>
      <trkpt lat="50.636753" lon="17.989790">
        <ele>157.708582</ele>
        <time>2026-05-04T21:54:15.435Z</time>
      </trkpt>
      <trkpt lat="50.636700" lon="17.989362">
        <ele>157.762334</ele>
        <time>2026-05-04T21:54:37.683Z</time>
      </trkpt>
      <trkpt lat="50.636512" lon="17.988415">
        <ele>157.903520</ele>
        <time>2026-05-04T21:55:28.296Z</time>
      </trkpt>
      <trkpt lat="50.636329" lon="17.987742">
        <ele>158.092601</ele>
        <time>2026-05-04T21:56:05.553Z</time>
      </trkpt>
      <trkpt lat="50.635930" lon="17.987138">
        <ele>158.317799</ele>
        <time>2026-05-04T21:56:50.368Z</time>
      </trkpt>
      <trkpt lat="50.635693" lon="17.986865">
        <ele>158.437297</ele>
        <time>2026-05-04T21:57:14.230Z</time>
      </trkpt>
      <trkpt lat="50.635498" lon="17.986575">
        <ele>158.546434</ele>
        <time>2026-05-04T21:57:36.071Z</time>
      </trkpt>
      <trkpt lat="50.635445" lon="17.986290">
        <ele>158.633778</ele>
        <time>2026-05-04T21:57:51.492Z</time>
      </trkpt>
      <trkpt lat="50.636917" lon="17.985668">
        <ele>159.536310</ele>
        <time>2026-05-04T21:58:18.488Z</time>
      </trkpt>
      <trkpt lat="50.637053" lon="17.985673">
        <ele>159.616875</ele>
        <time>2026-05-04T21:58:20.801Z</time>
      </trkpt>
      <trkpt lat="50.638271" lon="17.986005">
        <ele>159.657140</ele>
        <time>2026-05-04T21:58:39.452Z</time>
      </trkpt>
      <trkpt lat="50.638749" lon="17.986067">
        <ele>159.653913</ele>
        <time>2026-05-04T21:58:45.913Z</time>
      </trkpt>
      <trkpt lat="50.638976" lon="17.986236">
        <ele>159.678419</ele>
        <time>2026-05-04T21:58:49.342Z</time>
      </trkpt>
      <trkpt lat="50.639622" lon="17.987012">
        <ele>159.917586</ele>
        <time>2026-05-04T21:59:01.210Z</time>
      </trkpt>
      <trkpt lat="50.640074" lon="17.987526">
        <ele>160.081707</ele>
        <time>2026-05-04T21:59:10.761Z</time>
      </trkpt>
      <trkpt lat="50.640183" lon="17.987583">
        <ele>160.115527</ele>
        <time>2026-05-04T21:59:12.853Z</time>
      </trkpt>
      <trkpt lat="50.641128" lon="17.987688">
        <ele>160.423055</ele>
        <time>2026-05-04T21:59:30.558Z</time>
      </trkpt>
      <trkpt lat="50.641620" lon="17.987667">
        <ele>160.587512</ele>
        <time>2026-05-04T21:59:38.068Z</time>
      </trkpt>
      <trkpt lat="50.642013" lon="17.987575">
        <ele>160.720268</ele>
        <time>2026-05-04T21:59:43.784Z</time>
      </trkpt>
      <trkpt lat="50.642068" lon="17.987504">
        <ele>160.744018</ele>
        <time>2026-05-04T21:59:44.777Z</time>
      </trkpt>
      <trkpt lat="50.642135" lon="17.986755">
        <ele>160.772844</ele>
        <time>2026-05-04T21:59:51.519Z</time>
      </trkpt>
      <trkpt lat="50.642282" lon="17.985046">
        <ele>160.740574</ele>
        <time>2026-05-04T22:00:06.868Z</time>
      </trkpt>
      <trkpt lat="50.642209" lon="17.984661">
        <ele>160.733055</ele>
        <time>2026-05-04T22:00:12.504Z</time>
      </trkpt>
      <trkpt lat="50.641957" lon="17.981888">
        <ele>161.694574</ele>
        <time>2026-05-04T22:00:52.326Z</time>
      </trkpt>
      <trkpt lat="50.641940" lon="17.981405">
        <ele>161.894882</ele>
        <time>2026-05-04T22:00:59.560Z</time>
      </trkpt>
      <trkpt lat="50.641954" lon="17.980998">
        <ele>162.075598</ele>
        <time>2026-05-04T22:01:05.728Z</time>
      </trkpt>
      <trkpt lat="50.642747" lon="17.981089">
        <ele>162.631480</ele>
        <time>2026-05-04T22:01:20.501Z</time>
      </trkpt>
      <trkpt lat="50.643437" lon="17.981071">
        <ele>163.033475</ele>
        <time>2026-05-04T22:01:32.262Z</time>
      </trkpt>
      <trkpt lat="50.643464" lon="17.980992">
        <ele>163.040794</ele>
        <time>2026-05-04T22:01:33.170Z</time>
      </trkpt>
      <trkpt lat="50.643941" lon="17.979583">
        <ele>163.171056</ele>
        <time>2026-05-04T22:01:48.038Z</time>
      </trkpt>
      <trkpt lat="50.644002" lon="17.979397">
        <ele>163.188134</ele>
        <time>2026-05-04T22:01:49.937Z</time>
      </trkpt>
      <trkpt lat="50.644326" lon="17.978453">
        <ele>163.395761</ele>
        <time>2026-05-04T22:02:00.103Z</time>
      </trkpt>
      <trkpt lat="50.644705" lon="17.977322">
        <ele>163.931786</ele>
        <time>2026-05-04T22:02:13.381Z</time>
      </trkpt>
      <trkpt lat="50.645103" lon="17.976173">
        <ele>164.541025</ele>
        <time>2026-05-04T22:02:29.145Z</time>
      </trkpt>
      <trkpt lat="50.646118" lon="17.973199">
        <ele>167.845074</ele>
        <time>2026-05-04T22:03:14.896Z</time>
      </trkpt>
      <trkpt lat="50.646923" lon="17.969706">
        <ele>171.005362</ele>
        <time>2026-05-04T22:06:36.060Z</time>
      </trkpt>
      <trkpt lat="50.646940" lon="17.969633">
        <ele>171.058524</ele>
        <time>2026-05-04T22:06:40.168Z</time>
      </trkpt>
      <trkpt lat="50.647376" lon="17.967914">
        <ele>172.038873</ele>
        <time>2026-05-04T22:08:16.381Z</time>
      </trkpt>
      <trkpt lat="50.647797" lon="17.965857">
        <ele>172.524307</ele>
        <time>2026-05-04T22:10:06.543Z</time>
      </trkpt>
      <trkpt lat="50.647854" lon="17.965353">
        <ele>172.519170</ele>
        <time>2026-05-04T22:10:11.815Z</time>
      </trkpt>
      <trkpt lat="50.647998" lon="17.964582">
        <ele>172.489068</ele>
        <time>2026-05-04T22:10:20.077Z</time>
      </trkpt>
      <trkpt lat="50.648279" lon="17.963243">
        <ele>172.436244</ele>
        <time>2026-05-04T22:10:33.103Z</time>
      </trkpt>
      <trkpt lat="50.648592" lon="17.961167">
        <ele>170.825441</ele>
        <time>2026-05-04T22:10:49.540Z</time>
      </trkpt>
      <trkpt lat="50.648657" lon="17.960712">
        <ele>170.445503</ele>
        <time>2026-05-04T22:10:52.850Z</time>
      </trkpt>
      <trkpt lat="50.648643" lon="17.960402">
        <ele>170.192334</ele>
        <time>2026-05-04T22:10:54.964Z</time>
      </trkpt>
      <trkpt lat="50.648533" lon="17.959786">
        <ele>169.563486</ele>
        <time>2026-05-04T22:11:24.081Z</time>
      </trkpt>
      <trkpt lat="50.648452" lon="17.959541">
        <ele>169.284422</ele>
        <time>2026-05-04T22:11:36.754Z</time>
      </trkpt>
      <trkpt lat="50.648387" lon="17.959451">
        <ele>169.146645</ele>
        <time>2026-05-04T22:11:43.063Z</time>
      </trkpt>
      <trkpt lat="50.648302" lon="17.959420">
        <ele>169.007680</ele>
        <time>2026-05-04T22:11:49.352Z</time>
      </trkpt>
      <trkpt lat="50.648225" lon="17.959440">
        <ele>168.883378</ele>
        <time>2026-05-04T22:11:55.089Z</time>
      </trkpt>
      <trkpt lat="50.647941" lon="17.959668">
        <ele>168.375768</ele>
        <time>2026-05-04T22:12:18.413Z</time>
      </trkpt>
      <trkpt lat="50.647832" lon="17.959844">
        <ele>168.127286</ele>
        <time>2026-05-04T22:12:23.481Z</time>
      </trkpt>
      <trkpt lat="50.647632" lon="17.960366">
        <ele>167.511289</ele>
        <time>2026-05-04T22:12:36.415Z</time>
      </trkpt>
      <trkpt lat="50.647411" lon="17.960721">
        <ele>167.182007</ele>
        <time>2026-05-04T22:12:47.302Z</time>
      </trkpt>
      <trkpt lat="50.647183" lon="17.961195">
        <ele>167.004932</ele>
        <time>2026-05-04T22:13:01.085Z</time>
      </trkpt>
      <trkpt lat="50.647086" lon="17.961574">
        <ele>166.883288</ele>
        <time>2026-05-04T22:13:10.601Z</time>
      </trkpt>
      <trkpt lat="50.647051" lon="17.962107">
        <ele>166.723802</ele>
        <time>2026-05-04T22:13:22.836Z</time>
      </trkpt>
      <trkpt lat="50.646932" lon="17.962504">
        <ele>166.593106</ele>
        <time>2026-05-04T22:13:32.665Z</time>
      </trkpt>
      <trkpt lat="50.646657" lon="17.963127">
        <ele>166.338110</ele>
        <time>2026-05-04T22:13:49.456Z</time>
      </trkpt>
      <trkpt lat="50.646209" lon="17.963868">
        <ele>165.827120</ele>
        <time>2026-05-04T22:14:11.886Z</time>
      </trkpt>
      <trkpt lat="50.645900" lon="17.964199">
        <ele>165.533109</ele>
        <time>2026-05-04T22:14:24.802Z</time>
      </trkpt>
      <trkpt lat="50.645668" lon="17.964375">
        <ele>165.330476</ele>
        <time>2026-05-04T22:14:33.745Z</time>
      </trkpt>
      <trkpt lat="50.645579" lon="17.964411">
        <ele>165.258157</ele>
        <time>2026-05-04T22:14:36.921Z</time>
      </trkpt>
      <trkpt lat="50.645316" lon="17.964377">
        <ele>165.050459</ele>
        <time>2026-05-04T22:14:45.997Z</time>
      </trkpt>
      <trkpt lat="50.645275" lon="17.964339">
        <ele>165.013028</ele>
        <time>2026-05-04T22:14:47.636Z</time>
      </trkpt>
      <trkpt lat="50.645211" lon="17.964179">
        <ele>164.854682</ele>
        <time>2026-05-04T22:14:51.738Z</time>
      </trkpt>
      <trkpt lat="50.645169" lon="17.964144">
        <ele>164.785768</ele>
        <time>2026-05-04T22:14:53.339Z</time>
      </trkpt>
      <trkpt lat="50.645098" lon="17.964150">
        <ele>164.682620</ele>
        <time>2026-05-04T22:14:55.754Z</time>
      </trkpt>
      <trkpt lat="50.644476" lon="17.964812">
        <ele>163.593998</ele>
        <time>2026-05-04T22:15:20.252Z</time>
      </trkpt>
      <trkpt lat="50.644186" lon="17.963757">
        <ele>162.536198</ele>
        <time>2026-05-04T22:15:43.411Z</time>
      </trkpt>
      <trkpt lat="50.644034" lon="17.962734">
        <ele>161.857991</ele>
        <time>2026-05-04T22:16:04.967Z</time>
      </trkpt>
      <trkpt lat="50.643268" lon="17.959625">
        <ele>160.462775</ele>
        <time>2026-05-04T22:17:19.058Z</time>
      </trkpt>
      <trkpt lat="50.643096" lon="17.958852">
        <ele>160.323386</ele>
        <time>2026-05-04T22:17:37.864Z</time>
      </trkpt>
      <trkpt lat="50.642818" lon="17.957850">
        <ele>160.654709</ele>
        <time>2026-05-04T22:18:03.500Z</time>
      </trkpt>
      <trkpt lat="50.642811" lon="17.957825">
        <ele>160.680657</ele>
        <time>2026-05-04T22:18:04.157Z</time>
      </trkpt>
      <trkpt lat="50.642555" lon="17.956554">
        <ele>161.946890</ele>
        <time>2026-05-04T22:18:39.226Z</time>
      </trkpt>
      <trkpt lat="50.641849" lon="17.953740">
        <ele>165.946709</ele>
        <time>2026-05-04T22:20:12.507Z</time>
      </trkpt>
      <trkpt lat="50.641618" lon="17.952668">
        <ele>167.062110</ele>
        <time>2026-05-04T22:20:44.192Z</time>
      </trkpt>
      <trkpt lat="50.641377" lon="17.951826">
        <ele>166.682276</ele>
        <time>2026-05-04T22:21:05.752Z</time>
      </trkpt>
      <trkpt lat="50.641262" lon="17.951607">
        <ele>166.565366</ele>
        <time>2026-05-04T22:21:11.838Z</time>
      </trkpt>
      <trkpt lat="50.641057" lon="17.951427">
        <ele>166.413235</ele>
        <time>2026-05-04T22:21:19.549Z</time>
      </trkpt>
      <trkpt lat="50.641336" lon="17.950456">
        <ele>165.901572</ele>
        <time>2026-05-04T22:21:40.771Z</time>
      </trkpt>
      <trkpt lat="50.641804" lon="17.949086">
        <ele>164.284830</ele>
        <time>2026-05-04T22:22:11.541Z</time>
      </trkpt>
      <trkpt lat="50.641869" lon="17.949019">
        <ele>164.157607</ele>
        <time>2026-05-04T22:22:14.050Z</time>
      </trkpt>
      <trkpt lat="50.642650" lon="17.948483">
        <ele>162.998324</ele>
        <time>2026-05-04T22:22:42.782Z</time>
      </trkpt>
      <trkpt lat="50.643122" lon="17.948326">
        <ele>162.802264</ele>
        <time>2026-05-04T22:22:59.904Z</time>
      </trkpt>
      <trkpt lat="50.643636" lon="17.948271">
        <ele>162.592874</ele>
        <time>2026-05-04T22:23:18.492Z</time>
      </trkpt>
      <trkpt lat="50.644168" lon="17.948282">
        <ele>162.376630</ele>
        <time>2026-05-04T22:23:37.954Z</time>
      </trkpt>
      <trkpt lat="50.644646" lon="17.948360">
        <ele>162.305228</ele>
        <time>2026-05-04T22:23:55.404Z</time>
      </trkpt>
      <trkpt lat="50.645230" lon="17.948554">
        <ele>162.246060</ele>
        <time>2026-05-04T22:24:16.882Z</time>
      </trkpt>
      <trkpt lat="50.645719" lon="17.948871">
        <ele>162.193645</ele>
        <time>2026-05-04T22:24:36.241Z</time>
      </trkpt>
      <trkpt lat="50.646029" lon="17.949172">
        <ele>162.237335</ele>
        <time>2026-05-04T22:24:50.079Z</time>
      </trkpt>
      <trkpt lat="50.646178" lon="17.949397">
        <ele>162.391681</ele>
        <time>2026-05-04T22:24:58.039Z</time>
      </trkpt>
      <trkpt lat="50.646515" lon="17.949712">
        <ele>162.684782</ele>
        <time>2026-05-04T22:25:13.252Z</time>
      </trkpt>
      <trkpt lat="50.646798" lon="17.950022">
        <ele>162.942585</ele>
        <time>2026-05-04T22:25:26.891Z</time>
      </trkpt>
      <trkpt lat="50.646854" lon="17.949916">
        <ele>163.008041</ele>
        <time>2026-05-04T22:25:30.445Z</time>
      </trkpt>
      <trkpt lat="50.646895" lon="17.949840">
        <ele>163.055381</ele>
        <time>2026-05-04T22:25:32.986Z</time>
      </trkpt>
      <trkpt lat="50.646955" lon="17.949726">
        <ele>163.125668</ele>
        <time>2026-05-04T22:25:36.820Z</time>
      </trkpt>
      <trkpt lat="50.647033" lon="17.949633">
        <ele>163.198828</ele>
        <time>2026-05-04T22:25:40.829Z</time>
      </trkpt>
      <trkpt lat="50.647123" lon="17.949607">
        <ele>163.267285</ele>
        <time>2026-05-04T22:25:44.624Z</time>
      </trkpt>
      <trkpt lat="50.647513" lon="17.949786">
        <ele>163.642393</ele>
        <time>2026-05-04T22:26:01.831Z</time>
      </trkpt>
      <trkpt lat="50.648117" lon="17.949858">
        <ele>164.646528</ele>
        <time>2026-05-04T22:26:17.975Z</time>
      </trkpt>
      <trkpt lat="50.649157" lon="17.949890">
        <ele>166.370910</ele>
        <time>2026-05-04T22:26:46.773Z</time>
      </trkpt>
      <trkpt lat="50.649183" lon="17.949894">
        <ele>166.414216</ele>
        <time>2026-05-04T22:26:47.458Z</time>
      </trkpt>
      <trkpt lat="50.649733" lon="17.949971">
        <ele>167.143842</ele>
        <time>2026-05-04T22:27:01.900Z</time>
      </trkpt>
      <trkpt lat="50.649724" lon="17.950237">
        <ele>167.361579</ele>
        <time>2026-05-04T22:27:06.216Z</time>
      </trkpt>
      <trkpt lat="50.649733" lon="17.949971">
        <ele>167.579316</ele>
        <time>2026-05-04T22:27:10.493Z</time>
      </trkpt>
      <trkpt lat="50.650279" lon="17.949908">
        <ele>168.285071</ele>
        <time>2026-05-04T22:27:24.192Z</time>
      </trkpt>
      <trkpt lat="50.650368" lon="17.949950">
        <ele>168.404831</ele>
        <time>2026-05-04T22:27:26.520Z</time>
      </trkpt>
      <trkpt lat="50.650440" lon="17.950104">
        <ele>168.561230</ele>
        <time>2026-05-04T22:27:29.558Z</time>
      </trkpt>
      <trkpt lat="50.650507" lon="17.950661">
        <ele>168.877641</ele>
        <time>2026-05-04T22:27:38.306Z</time>
      </trkpt>
      <trkpt lat="50.650577" lon="17.951886">
        <ele>169.184657</ele>
        <time>2026-05-04T22:27:56.536Z</time>
      </trkpt>
      <trkpt lat="50.650606" lon="17.953986">
        <ele>169.242399</ele>
        <time>2026-05-04T22:28:22.709Z</time>
      </trkpt>
      <trkpt lat="50.650614" lon="17.954219">
        <ele>169.155984</ele>
        <time>2026-05-04T22:28:25.340Z</time>
      </trkpt>
      <trkpt lat="50.650661" lon="17.954561">
        <ele>169.026389</ele>
        <time>2026-05-04T22:28:29.256Z</time>
      </trkpt>
      <trkpt lat="50.650836" lon="17.955174">
        <ele>168.777425</ele>
        <time>2026-05-04T22:28:36.880Z</time>
      </trkpt>
      <trkpt lat="50.651351" lon="17.954861">
        <ele>168.464227</ele>
        <time>2026-05-04T22:28:46.877Z</time>
      </trkpt>
      <trkpt lat="50.651784" lon="17.954637">
        <ele>168.355466</ele>
        <time>2026-05-04T22:28:55.080Z</time>
      </trkpt>
      <trkpt lat="50.652174" lon="17.954301">
        <ele>168.249404</ele>
        <time>2026-05-04T22:29:03.379Z</time>
      </trkpt>
      <trkpt lat="50.652410" lon="17.954010">
        <ele>168.177907</ele>
        <time>2026-05-04T22:29:09.451Z</time>
      </trkpt>
      <trkpt lat="50.652614" lon="17.953702">
        <ele>168.110507</ele>
        <time>2026-05-04T22:29:15.284Z</time>
      </trkpt>
      <trkpt lat="50.652785" lon="17.953780">
        <ele>168.068022</ele>
        <time>2026-05-04T22:29:18.008Z</time>
      </trkpt>
      <trkpt lat="50.653231" lon="17.953850">
        <ele>168.146734</ele>
        <time>2026-05-04T22:29:25.107Z</time>
      </trkpt>
      <trkpt lat="50.653264" lon="17.953854">
        <ele>168.157117</ele>
        <time>2026-05-04T22:29:25.641Z</time>
      </trkpt>
      <trkpt lat="50.653928" lon="17.953944">
        <ele>168.366193</ele>
        <time>2026-05-04T22:29:36.396Z</time>
      </trkpt>
      <trkpt lat="50.654272" lon="17.954025">
        <ele>168.475307</ele>
        <time>2026-05-04T22:29:41.831Z</time>
      </trkpt>
      <trkpt lat="50.654458" lon="17.954117">
        <ele>168.536460</ele>
        <time>2026-05-04T22:29:45.019Z</time>
      </trkpt>
      <trkpt lat="50.654535" lon="17.954161">
        <ele>168.562153</ele>
        <time>2026-05-04T22:29:46.365Z</time>
      </trkpt>
      <trkpt lat="50.654850" lon="17.954357">
        <ele>168.693307</ele>
        <time>2026-05-04T22:29:52.009Z</time>
      </trkpt>
      <trkpt lat="50.654993" lon="17.954459">
        <ele>168.762068</ele>
        <time>2026-05-04T22:29:54.676Z</time>
      </trkpt>
      <trkpt lat="50.655136" lon="17.954543">
        <ele>168.828924</ele>
        <time>2026-05-04T22:29:57.289Z</time>
      </trkpt>
      <trkpt lat="50.655345" lon="17.954648">
        <ele>168.925026</ele>
        <time>2026-05-04T22:30:01.042Z</time>
      </trkpt>
      <trkpt lat="50.656579" lon="17.955224">
        <ele>169.414886</ele>
        <time>2026-05-04T22:30:22.313Z</time>
      </trkpt>
      <trkpt lat="50.656924" lon="17.955266">
        <ele>169.448783</ele>
        <time>2026-05-04T22:30:27.815Z</time>
      </trkpt>
      <trkpt lat="50.657345" lon="17.955269">
        <ele>169.490025</ele>
        <time>2026-05-04T22:30:34.082Z</time>
      </trkpt>
      <trkpt lat="50.657624" lon="17.955337">
        <ele>169.517681</ele>
        <time>2026-05-04T22:30:37.955Z</time>
      </trkpt>
      <trkpt lat="50.657864" lon="17.955490">
        <ele>169.543039</ele>
        <time>2026-05-04T22:30:41.612Z</time>
      </trkpt>
      <trkpt lat="50.658043" lon="17.955777">
        <ele>169.568042</ele>
        <time>2026-05-04T22:30:45.334Z</time>
      </trkpt>
      <trkpt lat="50.658115" lon="17.956095">
        <ele>169.664444</ele>
        <time>2026-05-04T22:30:48.679Z</time>
      </trkpt>
      <trkpt lat="50.658145" lon="17.956433">
        <ele>169.768777</ele>
        <time>2026-05-04T22:30:52.199Z</time>
      </trkpt>
      <trkpt lat="50.658709" lon="17.958483">
        <ele>170.461180</ele>
        <time>2026-05-04T22:31:16.710Z</time>
      </trkpt>
      <trkpt lat="50.658869" lon="17.959007">
        <ele>170.750092</ele>
        <time>2026-05-04T22:31:23.340Z</time>
      </trkpt>
      <trkpt lat="50.659073" lon="17.959680">
        <ele>171.120649</ele>
        <time>2026-05-04T22:31:31.758Z</time>
      </trkpt>
      <trkpt lat="50.659336" lon="17.960656">
        <ele>171.647445</ele>
        <time>2026-05-04T22:31:43.991Z</time>
      </trkpt>
      <trkpt lat="50.659384" lon="17.960823">
        <ele>171.738528</ele>
        <time>2026-05-04T22:31:46.111Z</time>
      </trkpt>
      <trkpt lat="50.659764" lon="17.962182">
        <ele>172.045667</ele>
        <time>2026-05-04T22:32:02.676Z</time>
      </trkpt>
      <trkpt lat="50.659927" lon="17.962741">
        <ele>172.142318</ele>
        <time>2026-05-04T22:32:08.418Z</time>
      </trkpt>
      <trkpt lat="50.659946" lon="17.962810">
        <ele>172.154135</ele>
        <time>2026-05-04T22:32:09.123Z</time>
      </trkpt>
      <trkpt lat="50.659947" lon="17.962949">
        <ele>172.175970</ele>
        <time>2026-05-04T22:32:10.401Z</time>
      </trkpt>
      <trkpt lat="50.659820" lon="17.963211">
        <ele>172.227778</ele>
        <time>2026-05-04T22:32:13.406Z</time>
      </trkpt>
      <trkpt lat="50.659683" lon="17.963383">
        <ele>172.271164</ele>
        <time>2026-05-04T22:32:15.841Z</time>
      </trkpt>
      <trkpt lat="50.659585" lon="17.963644">
        <ele>172.321327</ele>
        <time>2026-05-04T22:32:18.406Z</time>
      </trkpt>
      <trkpt lat="50.659563" lon="17.963933">
        <ele>172.371362</ele>
        <time>2026-05-04T22:32:21.033Z</time>
      </trkpt>
      <trkpt lat="50.659613" lon="17.964246">
        <ele>172.426847</ele>
        <time>2026-05-04T22:32:24.101Z</time>
      </trkpt>
      <trkpt lat="50.659699" lon="17.964444">
        <ele>172.468106</ele>
        <time>2026-05-04T22:32:26.344Z</time>
      </trkpt>
      <trkpt lat="50.659837" lon="17.964589">
        <ele>172.513067</ele>
        <time>2026-05-04T22:32:28.855Z</time>
      </trkpt>
      <trkpt lat="50.660007" lon="17.964664">
        <ele>172.560933</ele>
        <time>2026-05-04T22:32:31.698Z</time>
      </trkpt>
      <trkpt lat="50.660201" lon="17.964641">
        <ele>172.613687</ele>
        <time>2026-05-04T22:32:34.962Z</time>
      </trkpt>
      <trkpt lat="50.660424" lon="17.964564">
        <ele>172.675588</ele>
        <time>2026-05-04T22:32:39.016Z</time>
      </trkpt>
      <trkpt lat="50.661386" lon="17.964237">
        <ele>172.989963</ele>
        <time>2026-05-04T22:32:56.298Z</time>
      </trkpt>
      <trkpt lat="50.661808" lon="17.964092">
        <ele>173.141324</ele>
        <time>2026-05-04T22:33:03.002Z</time>
      </trkpt>
      <trkpt lat="50.661820" lon="17.964150">
        <ele>173.154878</ele>
        <time>2026-05-04T22:33:03.595Z</time>
      </trkpt>
      <trkpt lat="50.662687" lon="17.963857">
        <ele>173.489759</ele>
        <time>2026-05-04T22:33:17.110Z</time>
      </trkpt>
      <trkpt lat="50.663999" lon="17.963406">
        <ele>174.165516</ele>
        <time>2026-05-04T22:33:38.519Z</time>
      </trkpt>
      <trkpt lat="50.664877" lon="17.963128">
        <ele>175.101295</ele>
        <time>2026-05-04T22:33:56.721Z</time>
      </trkpt>
      <trkpt lat="50.665815" lon="17.962913">
        <ele>176.347682</ele>
        <time>2026-05-04T22:34:17.758Z</time>
      </trkpt>
      <trkpt lat="50.666742" lon="17.962768">
        <ele>176.909614</ele>
        <time>2026-05-04T22:34:33.604Z</time>
      </trkpt>
      <trkpt lat="50.667372" lon="17.962690">
        <ele>177.122972</ele>
        <time>2026-05-04T22:34:42.527Z</time>
      </trkpt>
      <trkpt lat="50.667609" lon="17.962661">
        <ele>177.203230</ele>
        <time>2026-05-04T22:34:46.184Z</time>
      </trkpt>
      <trkpt lat="50.667607" lon="17.962601">
        <ele>177.216087</ele>
        <time>2026-05-04T22:34:46.796Z</time>
      </trkpt>
      <trkpt lat="50.668102" lon="17.962539">
        <ele>177.401908</ele>
        <time>2026-05-04T22:34:54.703Z</time>
      </trkpt>
      <trkpt lat="50.668337" lon="17.962510">
        <ele>177.496573</ele>
        <time>2026-05-04T22:34:58.801Z</time>
      </trkpt>
      <trkpt lat="50.668423" lon="17.962500">
        <ele>177.531204</ele>
        <time>2026-05-04T22:35:00.411Z</time>
      </trkpt>
      <trkpt lat="50.668836" lon="17.962510">
        <ele>177.697084</ele>
        <time>2026-05-04T22:35:08.191Z</time>
      </trkpt>
      <trkpt lat="50.668894" lon="17.962509">
        <ele>177.720378</ele>
        <time>2026-05-04T22:35:09.287Z</time>
      </trkpt>
      <trkpt lat="50.668984" lon="17.962520">
        <ele>177.756631</ele>
        <time>2026-05-04T22:35:10.926Z</time>
      </trkpt>
      <trkpt lat="50.669041" lon="17.962555">
        <ele>177.781194</ele>
        <time>2026-05-04T22:35:12.057Z</time>
      </trkpt>
      <trkpt lat="50.669105" lon="17.962687">
        <ele>177.823496</ele>
        <time>2026-05-04T22:35:13.924Z</time>
      </trkpt>
      <trkpt lat="50.669129" lon="17.962808">
        <ele>177.855768</ele>
        <time>2026-05-04T22:35:15.366Z</time>
      </trkpt>
      <trkpt lat="50.669155" lon="17.963482">
        <ele>177.945419</ele>
        <time>2026-05-04T22:35:21.879Z</time>
      </trkpt>
      <trkpt lat="50.669235" lon="17.963720">
        <ele>177.691177</ele>
        <time>2026-05-04T22:35:24.045Z</time>
      </trkpt>
      <trkpt lat="50.669308" lon="17.963835">
        <ele>177.537574</ele>
        <time>2026-05-04T22:35:25.293Z</time>
      </trkpt>
      <trkpt lat="50.669524" lon="17.963876">
        <ele>177.213627</ele>
        <time>2026-05-04T22:35:27.849Z</time>
      </trkpt>
      <trkpt lat="50.669604" lon="17.963875">
        <ele>177.094502</ele>
        <time>2026-05-04T22:35:28.750Z</time>
      </trkpt>
      <trkpt lat="50.669867" lon="17.963853">
        <ele>176.702340</ele>
        <time>2026-05-04T22:35:31.721Z</time>
      </trkpt>
      <trkpt lat="50.670283" lon="17.963766">
        <ele>176.077492</ele>
        <time>2026-05-04T22:35:36.332Z</time>
      </trkpt>
      <trkpt lat="50.670397" lon="17.963714">
        <ele>175.900793</ele>
        <time>2026-05-04T22:35:37.620Z</time>
      </trkpt>
      <trkpt lat="50.670540" lon="17.963618">
        <ele>175.669391</ele>
        <time>2026-05-04T22:35:39.323Z</time>
      </trkpt>
      <trkpt lat="50.671194" lon="17.963061">
        <ele>174.565929</ele>
        <time>2026-05-04T22:35:47.405Z</time>
      </trkpt>
      <trkpt lat="50.672176" lon="17.962373">
        <ele>172.972631</ele>
        <time>2026-05-04T22:35:59.921Z</time>
      </trkpt>
      <trkpt lat="50.672679" lon="17.962026">
        <ele>172.664766</ele>
        <time>2026-05-04T22:36:06.773Z</time>
      </trkpt>
      <trkpt lat="50.672887" lon="17.961860">
        <ele>172.664766</ele>
        <time>2026-05-04T22:36:09.929Z</time>
      </trkpt>
      <trkpt lat="50.673060" lon="17.961586">
        <ele>172.664766</ele>
        <time>2026-05-04T22:36:13.434Z</time>
      </trkpt>
      <trkpt lat="50.673133" lon="17.961429">
        <ele>172.664766</ele>
        <time>2026-05-04T22:36:15.307Z</time>
      </trkpt>
      <trkpt lat="50.673060" lon="17.961353">
        <ele>172.664766</ele>
        <time>2026-05-04T22:36:17.137Z</time>
      </trkpt>
      <trkpt lat="50.673038" lon="17.961333">
        <ele>172.664766</ele>
        <time>2026-05-04T22:36:17.675Z</time>
      </trkpt>
      <trkpt lat="50.672996" lon="17.961299">
        <ele>172.664766</ele>
        <time>2026-05-04T22:36:18.653Z</time>
      </trkpt>
      <trkpt lat="50.672990" lon="17.961030">
        <ele>172.664766</ele>
        <time>2026-05-04T22:36:22.286Z</time>
      </trkpt>
      <trkpt lat="50.673045" lon="17.960836">
        <ele>172.664766</ele>
        <time>2026-05-04T22:36:25.141Z</time>
      </trkpt>
      <trkpt lat="50.672960" lon="17.960490">
        <ele>172.664766</ele>
        <time>2026-05-04T22:36:30.208Z</time>
      </trkpt>
      <trkpt lat="50.672896" lon="17.959407">
        <ele>172.664766</ele>
        <time>2026-05-04T22:36:45.658Z</time>
      </trkpt>
      <trkpt lat="50.672892" lon="17.959343">
        <ele>172.664766</ele>
        <time>2026-05-04T22:36:46.583Z</time>
      </trkpt>
      <trkpt lat="50.672880" lon="17.959110">
        <ele>172.664766</ele>
        <time>2026-05-04T22:36:49.924Z</time>
      </trkpt>
    </trkseg>
  </trk>
</gpx>