<?xml version='1.0' encoding='UTF-8'?>
<gpx version="1.1" creator="https://www.komoot.de" xmlns="http://www.topografix.com/GPX/1/1" xmlns:xsi="http://www.w3.org/2001/XMLSchema-instance" xsi:schemaLocation="http://www.topografix.com/GPX/1/1 http://www.topografix.com/GPX/1/1/gpx.xsd">
  <metadata>
    <name>CAMP ŚR - Pięć wież</name>
    <author>
      <link href="https://www.komoot.de">
        <text>komoot</text>
        <type>text/html</type>
      </link>
    </author>
  </metadata>
  <wpt lat="50.190102" lon="16.583872">
    <name>Schronisko Pod Czernem</name>
    <sym>Picnic Area</sym>
  </wpt>
  <wpt lat="50.183062" lon="16.585319">
    <name>Turystyczna wiata drewniana</name>
    <sym>Fishing Hot Spot Facility</sym>
  </wpt>
  <wpt lat="50.152669" lon="16.533522">
    <name>Opuszczony bunkier w CHKO Orlické Hory</name>
    <sym>Flag, Blue</sym>
  </wpt>
  <wpt lat="50.216160" lon="16.512677">
    <name>Wieża widokowa na Anenskim Wierchu</name>
    <sym>Flag, Blue</sym>
  </wpt>
  <wpt lat="50.223503" lon="16.501539">
    <name>BBBR - CP7</name>
    <sym>Flag, Blue</sym>
  </wpt>
  <wpt lat="50.275688" lon="16.435300">
    <name>Kačenčin Šenk Samoobsługowy Bufet</name>
    <sym>Picnic Area</sym>
  </wpt>
  <wpt lat="50.301308" lon="16.397766">
    <name>Wieża widokowa Velká Deštná</name>
    <sym>Flag, Blue</sym>
  </wpt>
  <wpt lat="50.326032" lon="16.386237">
    <name>Chata Masaryka na Śerlichu</name>
    <sym>Fishing Hot Spot Facility</sym>
  </wpt>
  <wpt lat="50.277031" lon="16.537555">
    <name>Schronisko PTTK Jagodna</name>
    <sym>Fishing Hot Spot Facility</sym>
  </wpt>
  <wpt lat="50.252360" lon="16.564743">
    <name>Szczyt Jagodna i wieża widokowa</name>
    <sym>Summit</sym>
  </wpt>
  <trk>
    <name>CAMP ŚR - Pięć wież</name>
    <trkseg>
      <trkpt lat="50.214145" lon="16.581757">
        <ele>695.612232</ele>
        <time>2026-05-07T20:34:16.140Z</time>
      </trkpt>
      <trkpt lat="50.213658" lon="16.582960">
        <ele>695.703415</ele>
        <time>2026-05-07T20:35:04.680Z</time>
      </trkpt>
      <trkpt lat="50.213216" lon="16.583748">
        <ele>700.968067</ele>
        <time>2026-05-07T20:35:46.707Z</time>
      </trkpt>
      <trkpt lat="50.212843" lon="16.584191">
        <ele>704.646370</ele>
        <time>2026-05-07T20:36:14.486Z</time>
      </trkpt>
      <trkpt lat="50.212710" lon="16.584470">
        <ele>706.394317</ele>
        <time>2026-05-07T20:36:26.773Z</time>
      </trkpt>
      <trkpt lat="50.212476" lon="16.585050">
        <ele>709.770389</ele>
        <time>2026-05-07T20:36:48.218Z</time>
      </trkpt>
      <trkpt lat="50.212218" lon="16.585797">
        <ele>711.254589</ele>
        <time>2026-05-07T20:37:09.967Z</time>
      </trkpt>
      <trkpt lat="50.211513" lon="16.587360">
        <ele>714.598112</ele>
        <time>2026-05-07T20:37:51.801Z</time>
      </trkpt>
      <trkpt lat="50.211357" lon="16.587627">
        <ele>715.638821</ele>
        <time>2026-05-07T20:38:00.728Z</time>
      </trkpt>
      <trkpt lat="50.211069" lon="16.588234">
        <ele>717.887106</ele>
        <time>2026-05-07T20:38:21.359Z</time>
      </trkpt>
      <trkpt lat="50.210572" lon="16.589621">
        <ele>722.616866</ele>
        <time>2026-05-07T20:39:10.346Z</time>
      </trkpt>
      <trkpt lat="50.210387" lon="16.590309">
        <ele>724.991547</ele>
        <time>2026-05-07T20:39:33.095Z</time>
      </trkpt>
      <trkpt lat="50.210134" lon="16.591075">
        <ele>727.772907</ele>
        <time>2026-05-07T20:39:58.534Z</time>
      </trkpt>
      <trkpt lat="50.209891" lon="16.591713">
        <ele>730.168507</ele>
        <time>2026-05-07T20:40:20.014Z</time>
      </trkpt>
      <trkpt lat="50.209396" lon="16.592421">
        <ele>732.867958</ele>
        <time>2026-05-07T20:40:49.964Z</time>
      </trkpt>
      <trkpt lat="50.208997" lon="16.592837">
        <ele>734.163386</ele>
        <time>2026-05-07T20:41:10.464Z</time>
      </trkpt>
      <trkpt lat="50.208455" lon="16.593298">
        <ele>735.829967</ele>
        <time>2026-05-07T20:41:33.356Z</time>
      </trkpt>
      <trkpt lat="50.208087" lon="16.593713">
        <ele>737.003717</ele>
        <time>2026-05-07T20:41:47.468Z</time>
      </trkpt>
      <trkpt lat="50.207309" lon="16.594438">
        <ele>738.383919</ele>
        <time>2026-05-07T20:42:15.285Z</time>
      </trkpt>
      <trkpt lat="50.207309" lon="16.594042">
        <ele>738.770076</ele>
        <time>2026-05-07T20:42:23.657Z</time>
      </trkpt>
      <trkpt lat="50.207266" lon="16.593498">
        <ele>739.304586</ele>
        <time>2026-05-07T20:42:36.187Z</time>
      </trkpt>
      <trkpt lat="50.206939" lon="16.591796">
        <ele>744.952257</ele>
        <time>2026-05-07T20:43:25.596Z</time>
      </trkpt>
      <trkpt lat="50.206867" lon="16.591420">
        <ele>746.436259</ele>
        <time>2026-05-07T20:43:37.862Z</time>
      </trkpt>
      <trkpt lat="50.206851" lon="16.591308">
        <ele>746.870176</ele>
        <time>2026-05-07T20:43:41.545Z</time>
      </trkpt>
      <trkpt lat="50.206614" lon="16.590376">
        <ele>750.933368</ele>
        <time>2026-05-07T20:44:16.239Z</time>
      </trkpt>
      <trkpt lat="50.205723" lon="16.587357">
        <ele>772.966652</ele>
        <time>2026-05-07T20:46:34.010Z</time>
      </trkpt>
      <trkpt lat="50.205438" lon="16.586422">
        <ele>779.783631</ele>
        <time>2026-05-07T20:47:16.518Z</time>
      </trkpt>
      <trkpt lat="50.205414" lon="16.586201">
        <ele>781.259163</ele>
        <time>2026-05-07T20:47:25.569Z</time>
      </trkpt>
      <trkpt lat="50.205385" lon="16.584758">
        <ele>790.035696</ele>
        <time>2026-05-07T20:48:21.898Z</time>
      </trkpt>
      <trkpt lat="50.205215" lon="16.584135">
        <ele>793.514136</ele>
        <time>2026-05-07T20:48:46.324Z</time>
      </trkpt>
      <trkpt lat="50.205067" lon="16.583607">
        <ele>796.474652</ele>
        <time>2026-05-07T20:49:06.532Z</time>
      </trkpt>
      <trkpt lat="50.204780" lon="16.583208">
        <ele>799.557473</ele>
        <time>2026-05-07T20:49:27.126Z</time>
      </trkpt>
      <trkpt lat="50.203337" lon="16.582567">
        <ele>810.006491</ele>
        <time>2026-05-07T20:50:43.155Z</time>
      </trkpt>
      <trkpt lat="50.203063" lon="16.582446">
        <ele>811.917261</ele>
        <time>2026-05-07T20:50:57.688Z</time>
      </trkpt>
      <trkpt lat="50.202552" lon="16.582435">
        <ele>815.335790</ele>
        <time>2026-05-07T20:51:24.046Z</time>
      </trkpt>
      <trkpt lat="50.201734" lon="16.582245">
        <ele>820.841655</ele>
        <time>2026-05-07T20:52:07.994Z</time>
      </trkpt>
      <trkpt lat="50.201440" lon="16.582080">
        <ele>822.921488</ele>
        <time>2026-05-07T20:52:24.948Z</time>
      </trkpt>
      <trkpt lat="50.200461" lon="16.581416">
        <ele>825.827440</ele>
        <time>2026-05-07T20:53:15.214Z</time>
      </trkpt>
      <trkpt lat="50.200295" lon="16.581210">
        <ele>825.790837</ele>
        <time>2026-05-07T20:53:22.192Z</time>
      </trkpt>
      <trkpt lat="50.200221" lon="16.581043">
        <ele>825.768389</ele>
        <time>2026-05-07T20:53:25.846Z</time>
      </trkpt>
      <trkpt lat="50.200046" lon="16.580344">
        <ele>825.685438</ele>
        <time>2026-05-07T20:53:37.206Z</time>
      </trkpt>
      <trkpt lat="50.199900" lon="16.580000">
        <ele>825.639821</ele>
        <time>2026-05-07T20:53:42.912Z</time>
      </trkpt>
      <trkpt lat="50.199840" lon="16.579734">
        <ele>825.233445</ele>
        <time>2026-05-07T20:53:46.696Z</time>
      </trkpt>
      <trkpt lat="50.199730" lon="16.578735">
        <ele>822.202195</ele>
        <time>2026-05-07T20:54:00.223Z</time>
      </trkpt>
      <trkpt lat="50.198576" lon="16.579846">
        <ele>817.076228</ele>
        <time>2026-05-07T20:54:31.468Z</time>
      </trkpt>
      <trkpt lat="50.198203" lon="16.580241">
        <ele>816.851444</ele>
        <time>2026-05-07T20:54:43.117Z</time>
      </trkpt>
      <trkpt lat="50.198018" lon="16.580360">
        <ele>816.751644</ele>
        <time>2026-05-07T20:54:48.583Z</time>
      </trkpt>
      <trkpt lat="50.197966" lon="16.580384">
        <ele>816.724597</ele>
        <time>2026-05-07T20:54:50.119Z</time>
      </trkpt>
      <trkpt lat="50.197418" lon="16.580382">
        <ele>816.451239</ele>
        <time>2026-05-07T20:55:06.774Z</time>
      </trkpt>
      <trkpt lat="50.196583" lon="16.580318">
        <ele>819.912325</ele>
        <time>2026-05-07T20:55:39.536Z</time>
      </trkpt>
      <trkpt lat="50.195745" lon="16.580637">
        <ele>825.254840</ele>
        <time>2026-05-07T20:56:26.284Z</time>
      </trkpt>
      <trkpt lat="50.194939" lon="16.581099">
        <ele>831.081839</ele>
        <time>2026-05-07T20:57:16.602Z</time>
      </trkpt>
      <trkpt lat="50.194829" lon="16.581185">
        <ele>831.968539</ele>
        <time>2026-05-07T20:57:23.445Z</time>
      </trkpt>
      <trkpt lat="50.194553" lon="16.581505">
        <ele>834.446217</ele>
        <time>2026-05-07T20:57:42.060Z</time>
      </trkpt>
      <trkpt lat="50.194470" lon="16.581669">
        <ele>835.410961</ele>
        <time>2026-05-07T20:57:48.962Z</time>
      </trkpt>
      <trkpt lat="50.194441" lon="16.581785">
        <ele>835.985639</ele>
        <time>2026-05-07T20:57:53.020Z</time>
      </trkpt>
      <trkpt lat="50.194358" lon="16.582311">
        <ele>838.485638</ele>
        <time>2026-05-07T20:58:10.120Z</time>
      </trkpt>
      <trkpt lat="50.194240" lon="16.582553">
        <ele>839.889448</ele>
        <time>2026-05-07T20:58:19.336Z</time>
      </trkpt>
      <trkpt lat="50.194018" lon="16.582718">
        <ele>841.243927</ele>
        <time>2026-05-07T20:58:30.692Z</time>
      </trkpt>
      <trkpt lat="50.193780" lon="16.582832">
        <ele>842.430009</ele>
        <time>2026-05-07T20:58:42.081Z</time>
      </trkpt>
      <trkpt lat="50.193230" lon="16.582930">
        <ele>845.067510</ele>
        <time>2026-05-07T20:59:07.673Z</time>
      </trkpt>
      <trkpt lat="50.192111" lon="16.583161">
        <ele>849.912530</ele>
        <time>2026-05-07T20:59:57.068Z</time>
      </trkpt>
      <trkpt lat="50.191643" lon="16.583286">
        <ele>851.341111</ele>
        <time>2026-05-07T21:00:14.847Z</time>
      </trkpt>
      <trkpt lat="50.191536" lon="16.583314">
        <ele>851.667545</ele>
        <time>2026-05-07T21:00:18.713Z</time>
      </trkpt>
      <trkpt lat="50.190415" lon="16.583696">
        <ele>856.011910</ele>
        <time>2026-05-07T21:01:01.149Z</time>
      </trkpt>
      <trkpt lat="50.190102" lon="16.583836">
        <ele>858.224759</ele>
        <time>2026-05-07T21:01:16.212Z</time>
      </trkpt>
      <trkpt lat="50.189716" lon="16.582710">
        <ele>863.782686</ele>
        <time>2026-05-07T21:02:01.224Z</time>
      </trkpt>
      <trkpt lat="50.189426" lon="16.581295">
        <ele>869.338295</ele>
        <time>2026-05-07T21:02:58.615Z</time>
      </trkpt>
      <trkpt lat="50.189327" lon="16.580940">
        <ele>870.598966</ele>
        <time>2026-05-07T21:03:11.868Z</time>
      </trkpt>
      <trkpt lat="50.189199" lon="16.580613">
        <ele>871.846807</ele>
        <time>2026-05-07T21:03:23.895Z</time>
      </trkpt>
      <trkpt lat="50.188981" lon="16.579503">
        <ele>875.626914</ele>
        <time>2026-05-07T21:03:52.670Z</time>
      </trkpt>
      <trkpt lat="50.189199" lon="16.580613">
        <ele>871.774854</ele>
        <time>2026-05-07T21:04:10.548Z</time>
      </trkpt>
      <trkpt lat="50.189327" lon="16.580940">
        <ele>870.395388</ele>
        <time>2026-05-07T21:04:15.783Z</time>
      </trkpt>
      <trkpt lat="50.189426" lon="16.581295">
        <ele>869.001738</ele>
        <time>2026-05-07T21:04:20.880Z</time>
      </trkpt>
      <trkpt lat="50.189716" lon="16.582710">
        <ele>861.487743</ele>
        <time>2026-05-07T21:04:39.595Z</time>
      </trkpt>
      <trkpt lat="50.190102" lon="16.583836">
        <ele>851.952007</ele>
        <time>2026-05-07T21:04:55.221Z</time>
      </trkpt>
      <trkpt lat="50.189933" lon="16.584043">
        <ele>849.447611</ele>
        <time>2026-05-07T21:04:59.298Z</time>
      </trkpt>
      <trkpt lat="50.189849" lon="16.584204">
        <ele>847.897040</ele>
        <time>2026-05-07T21:05:01.817Z</time>
      </trkpt>
      <trkpt lat="50.189479" lon="16.585186">
        <ele>838.878039</ele>
        <time>2026-05-07T21:05:15.553Z</time>
      </trkpt>
      <trkpt lat="50.189211" lon="16.585702">
        <ele>833.438697</ele>
        <time>2026-05-07T21:05:23.541Z</time>
      </trkpt>
      <trkpt lat="50.189081" lon="16.585868">
        <ele>831.291667</ele>
        <time>2026-05-07T21:05:26.700Z</time>
      </trkpt>
      <trkpt lat="50.188968" lon="16.585938">
        <ele>829.737321</ele>
        <time>2026-05-07T21:05:28.993Z</time>
      </trkpt>
      <trkpt lat="50.188663" lon="16.585933">
        <ele>825.837286</ele>
        <time>2026-05-07T21:05:34.763Z</time>
      </trkpt>
      <trkpt lat="50.188437" lon="16.585835">
        <ele>822.838278</ele>
        <time>2026-05-07T21:05:39.214Z</time>
      </trkpt>
      <trkpt lat="50.187958" lon="16.585478">
        <ele>816.534826</ele>
        <time>2026-05-07T21:05:49.365Z</time>
      </trkpt>
      <trkpt lat="50.186337" lon="16.583826">
        <ele>794.141938</ele>
        <time>2026-05-07T21:06:26.463Z</time>
      </trkpt>
      <trkpt lat="50.186017" lon="16.583449">
        <ele>789.621285</ele>
        <time>2026-05-07T21:06:34.172Z</time>
      </trkpt>
      <trkpt lat="50.185766" lon="16.583078">
        <ele>785.723720</ele>
        <time>2026-05-07T21:06:40.821Z</time>
      </trkpt>
      <trkpt lat="50.185426" lon="16.582454">
        <ele>779.879379</ele>
        <time>2026-05-07T21:06:50.946Z</time>
      </trkpt>
      <trkpt lat="50.185146" lon="16.581845">
        <ele>775.147509</ele>
        <time>2026-05-07T21:07:00.273Z</time>
      </trkpt>
      <trkpt lat="50.184945" lon="16.581172">
        <ele>770.460592</ele>
        <time>2026-05-07T21:07:09.583Z</time>
      </trkpt>
      <trkpt lat="50.184859" lon="16.581049">
        <ele>769.311148</ele>
        <time>2026-05-07T21:07:11.871Z</time>
      </trkpt>
      <trkpt lat="50.184817" lon="16.581060">
        <ele>768.891381</ele>
        <time>2026-05-07T21:07:12.711Z</time>
      </trkpt>
      <trkpt lat="50.184720" lon="16.581252">
        <ele>767.347812</ele>
        <time>2026-05-07T21:07:15.775Z</time>
      </trkpt>
      <trkpt lat="50.184497" lon="16.581805">
        <ele>763.223092</ele>
        <time>2026-05-07T21:07:24.030Z</time>
      </trkpt>
      <trkpt lat="50.183781" lon="16.582996">
        <ele>756.174406</ele>
        <time>2026-05-07T21:07:45.446Z</time>
      </trkpt>
      <trkpt lat="50.183349" lon="16.584618">
        <ele>749.609443</ele>
        <time>2026-05-07T21:08:10.263Z</time>
      </trkpt>
      <trkpt lat="50.183192" lon="16.585081">
        <ele>748.273699</ele>
        <time>2026-05-07T21:08:18.011Z</time>
      </trkpt>
      <trkpt lat="50.183071" lon="16.585334">
        <ele>747.468601</ele>
        <time>2026-05-07T21:08:22.648Z</time>
      </trkpt>
      <trkpt lat="50.183011" lon="16.585292">
        <ele>747.206803</ele>
        <time>2026-05-07T21:08:24.147Z</time>
      </trkpt>
      <trkpt lat="50.181850" lon="16.585668">
        <ele>742.903446</ele>
        <time>2026-05-07T21:08:51.428Z</time>
      </trkpt>
      <trkpt lat="50.180231" lon="16.586512">
        <ele>738.593390</ele>
        <time>2026-05-07T21:09:33.477Z</time>
      </trkpt>
      <trkpt lat="50.179550" lon="16.587065">
        <ele>737.123167</ele>
        <time>2026-05-07T21:09:53.381Z</time>
      </trkpt>
      <trkpt lat="50.178944" lon="16.587679">
        <ele>735.739499</ele>
        <time>2026-05-07T21:10:11.757Z</time>
      </trkpt>
      <trkpt lat="50.178197" lon="16.588696">
        <ele>733.007132</ele>
        <time>2026-05-07T21:10:36.102Z</time>
      </trkpt>
      <trkpt lat="50.177381" lon="16.589728">
        <ele>729.842941</ele>
        <time>2026-05-07T21:11:00.879Z</time>
      </trkpt>
      <trkpt lat="50.176701" lon="16.590520">
        <ele>726.418614</ele>
        <time>2026-05-07T21:11:20.094Z</time>
      </trkpt>
      <trkpt lat="50.176409" lon="16.590927">
        <ele>724.838656</ele>
        <time>2026-05-07T21:11:28.793Z</time>
      </trkpt>
      <trkpt lat="50.176022" lon="16.591858">
        <ele>722.344658</ele>
        <time>2026-05-07T21:11:44.892Z</time>
      </trkpt>
      <trkpt lat="50.175677" lon="16.592555">
        <ele>720.775751</ele>
        <time>2026-05-07T21:11:58.332Z</time>
      </trkpt>
      <trkpt lat="50.175333" lon="16.592993">
        <ele>719.541370</ele>
        <time>2026-05-07T21:12:09.353Z</time>
      </trkpt>
      <trkpt lat="50.174713" lon="16.593483">
        <ele>717.696298</ele>
        <time>2026-05-07T21:12:27.145Z</time>
      </trkpt>
      <trkpt lat="50.171678" lon="16.596109">
        <ele>708.710556</ele>
        <time>2026-05-07T21:13:52.201Z</time>
      </trkpt>
      <trkpt lat="50.171559" lon="16.596171">
        <ele>708.136712</ele>
        <time>2026-05-07T21:13:54.992Z</time>
      </trkpt>
      <trkpt lat="50.171257" lon="16.596139">
        <ele>706.752111</ele>
        <time>2026-05-07T21:14:01.702Z</time>
      </trkpt>
      <trkpt lat="50.170688" lon="16.595860">
        <ele>704.024022</ele>
        <time>2026-05-07T21:14:14.785Z</time>
      </trkpt>
      <trkpt lat="50.170584" lon="16.595845">
        <ele>703.546274</ele>
        <time>2026-05-07T21:14:17.061Z</time>
      </trkpt>
      <trkpt lat="50.170470" lon="16.595879">
        <ele>703.015380</ele>
        <time>2026-05-07T21:14:19.605Z</time>
      </trkpt>
      <trkpt lat="50.170334" lon="16.596023">
        <ele>702.263713</ele>
        <time>2026-05-07T21:14:23.222Z</time>
      </trkpt>
      <trkpt lat="50.170075" lon="16.596402">
        <ele>700.596433</ele>
        <time>2026-05-07T21:14:31.037Z</time>
      </trkpt>
      <trkpt lat="50.169618" lon="16.597284">
        <ele>696.509852</ele>
        <time>2026-05-07T21:14:47.149Z</time>
      </trkpt>
      <trkpt lat="50.168669" lon="16.599719">
        <ele>684.392427</ele>
        <time>2026-05-07T21:15:25.824Z</time>
      </trkpt>
      <trkpt lat="50.168586" lon="16.599892">
        <ele>683.291722</ele>
        <time>2026-05-07T21:15:28.606Z</time>
      </trkpt>
      <trkpt lat="50.168341" lon="16.600406">
        <ele>680.029028</ele>
        <time>2026-05-07T21:15:36.767Z</time>
      </trkpt>
      <trkpt lat="50.168221" lon="16.600594">
        <ele>678.677463</ele>
        <time>2026-05-07T21:15:40.121Z</time>
      </trkpt>
      <trkpt lat="50.168043" lon="16.600773">
        <ele>676.994152</ele>
        <time>2026-05-07T21:15:44.291Z</time>
      </trkpt>
      <trkpt lat="50.167363" lon="16.601155">
        <ele>670.371444</ele>
        <time>2026-05-07T21:15:58.507Z</time>
      </trkpt>
      <trkpt lat="50.166094" lon="16.600764">
        <ele>658.351858</ele>
        <time>2026-05-07T21:16:24.294Z</time>
      </trkpt>
      <trkpt lat="50.165491" lon="16.600420">
        <ele>652.426016</ele>
        <time>2026-05-07T21:16:36.947Z</time>
      </trkpt>
      <trkpt lat="50.165256" lon="16.600339">
        <ele>650.204661</ele>
        <time>2026-05-07T21:16:41.655Z</time>
      </trkpt>
      <trkpt lat="50.165055" lon="16.600487">
        <ele>648.153359</ele>
        <time>2026-05-07T21:16:46.025Z</time>
      </trkpt>
      <trkpt lat="50.164596" lon="16.600972">
        <ele>643.061273</ele>
        <time>2026-05-07T21:16:57.027Z</time>
      </trkpt>
      <trkpt lat="50.164424" lon="16.601163">
        <ele>642.098560</ele>
        <time>2026-05-07T21:17:01.296Z</time>
      </trkpt>
      <trkpt lat="50.164324" lon="16.601342">
        <ele>641.404636</ele>
        <time>2026-05-07T21:17:04.416Z</time>
      </trkpt>
      <trkpt lat="50.164186" lon="16.601791">
        <ele>639.949621</ele>
        <time>2026-05-07T21:17:11.218Z</time>
      </trkpt>
      <trkpt lat="50.164158" lon="16.602262">
        <ele>638.567592</ele>
        <time>2026-05-07T21:17:17.983Z</time>
      </trkpt>
      <trkpt lat="50.164102" lon="16.602607">
        <ele>637.527752</ele>
        <time>2026-05-07T21:17:23.272Z</time>
      </trkpt>
      <trkpt lat="50.163987" lon="16.602851">
        <ele>636.642695</ele>
        <time>2026-05-07T21:17:27.948Z</time>
      </trkpt>
      <trkpt lat="50.163872" lon="16.603029">
        <ele>635.904065</ele>
        <time>2026-05-07T21:17:32.005Z</time>
      </trkpt>
      <trkpt lat="50.163443" lon="16.603622">
        <ele>635.600165</ele>
        <time>2026-05-07T21:17:47.706Z</time>
      </trkpt>
      <trkpt lat="50.163244" lon="16.604063">
        <ele>636.312690</ele>
        <time>2026-05-07T21:17:58.551Z</time>
      </trkpt>
      <trkpt lat="50.162664" lon="16.604928">
        <ele>637.966699</ele>
        <time>2026-05-07T21:18:29.277Z</time>
      </trkpt>
      <trkpt lat="50.162498" lon="16.605124">
        <ele>638.395869</ele>
        <time>2026-05-07T21:18:38.663Z</time>
      </trkpt>
      <trkpt lat="50.162338" lon="16.605248">
        <ele>639.077757</ele>
        <time>2026-05-07T21:18:47.097Z</time>
      </trkpt>
      <trkpt lat="50.161959" lon="16.605408">
        <ele>641.342998</ele>
        <time>2026-05-07T21:19:06.521Z</time>
      </trkpt>
      <trkpt lat="50.161584" lon="16.605661">
        <ele>643.700040</ele>
        <time>2026-05-07T21:19:27.593Z</time>
      </trkpt>
      <trkpt lat="50.161068" lon="16.605950">
        <ele>646.862996</ele>
        <time>2026-05-07T21:19:55.402Z</time>
      </trkpt>
      <trkpt lat="50.160843" lon="16.606125">
        <ele>648.313384</ele>
        <time>2026-05-07T21:20:07.453Z</time>
      </trkpt>
      <trkpt lat="50.160590" lon="16.606416">
        <ele>649.663559</ele>
        <time>2026-05-07T21:20:21.802Z</time>
      </trkpt>
      <trkpt lat="50.160427" lon="16.606551">
        <ele>650.302969</ele>
        <time>2026-05-07T21:20:29.781Z</time>
      </trkpt>
      <trkpt lat="50.160005" lon="16.607853">
        <ele>653.542208</ele>
        <time>2026-05-07T21:21:06.449Z</time>
      </trkpt>
      <trkpt lat="50.159499" lon="16.609129">
        <ele>656.495887</ele>
        <time>2026-05-07T21:21:43.243Z</time>
      </trkpt>
      <trkpt lat="50.159210" lon="16.609662">
        <ele>657.696161</ele>
        <time>2026-05-07T21:22:00.927Z</time>
      </trkpt>
      <trkpt lat="50.158938" lon="16.610011">
        <ele>658.640881</ele>
        <time>2026-05-07T21:22:14.673Z</time>
      </trkpt>
      <trkpt lat="50.158781" lon="16.610352">
        <ele>659.362704</ele>
        <time>2026-05-07T21:22:25.053Z</time>
      </trkpt>
      <trkpt lat="50.158570" lon="16.611164">
        <ele>660.162735</ele>
        <time>2026-05-07T21:22:46.054Z</time>
      </trkpt>
      <trkpt lat="50.158183" lon="16.612651">
        <ele>660.610655</ele>
        <time>2026-05-07T21:23:17.965Z</time>
      </trkpt>
      <trkpt lat="50.158154" lon="16.612937">
        <ele>660.691465</ele>
        <time>2026-05-07T21:23:23.122Z</time>
      </trkpt>
      <trkpt lat="50.158173" lon="16.613573">
        <ele>660.486302</ele>
        <time>2026-05-07T21:23:34.080Z</time>
      </trkpt>
      <trkpt lat="50.158125" lon="16.614120">
        <ele>659.653883</ele>
        <time>2026-05-07T21:23:43.200Z</time>
      </trkpt>
      <trkpt lat="50.158087" lon="16.615009">
        <ele>658.310546</ele>
        <time>2026-05-07T21:23:57.201Z</time>
      </trkpt>
      <trkpt lat="50.158090" lon="16.615246">
        <ele>657.953148</ele>
        <time>2026-05-07T21:24:00.849Z</time>
      </trkpt>
      <trkpt lat="50.158059" lon="16.615633">
        <ele>657.365120</ele>
        <time>2026-05-07T21:24:06.827Z</time>
      </trkpt>
      <trkpt lat="50.157829" lon="16.616993">
        <ele>654.825118</ele>
        <time>2026-05-07T21:24:27.909Z</time>
      </trkpt>
      <trkpt lat="50.157785" lon="16.617366">
        <ele>654.073311</ele>
        <time>2026-05-07T21:24:33.525Z</time>
      </trkpt>
      <trkpt lat="50.157802" lon="16.617819">
        <ele>653.173814</ele>
        <time>2026-05-07T21:24:40.232Z</time>
      </trkpt>
      <trkpt lat="50.157742" lon="16.618270">
        <ele>652.260749</ele>
        <time>2026-05-07T21:24:47.099Z</time>
      </trkpt>
      <trkpt lat="50.157276" lon="16.619759">
        <ele>651.062054</ele>
        <time>2026-05-07T21:25:13.726Z</time>
      </trkpt>
      <trkpt lat="50.156729" lon="16.621965">
        <ele>652.642899</ele>
        <time>2026-05-07T21:26:04.871Z</time>
      </trkpt>
      <trkpt lat="50.156482" lon="16.622703">
        <ele>654.768178</ele>
        <time>2026-05-07T21:26:27.473Z</time>
      </trkpt>
      <trkpt lat="50.156346" lon="16.623265">
        <ele>656.301598</ele>
        <time>2026-05-07T21:26:44.974Z</time>
      </trkpt>
      <trkpt lat="50.156152" lon="16.624231">
        <ele>658.951237</ele>
        <time>2026-05-07T21:27:15.969Z</time>
      </trkpt>
      <trkpt lat="50.156019" lon="16.624700">
        <ele>660.411030</ele>
        <time>2026-05-07T21:27:31.878Z</time>
      </trkpt>
      <trkpt lat="50.155413" lon="16.626402">
        <ele>665.953118</ele>
        <time>2026-05-07T21:28:27.776Z</time>
      </trkpt>
      <trkpt lat="50.155073" lon="16.627175">
        <ele>666.052736</ele>
        <time>2026-05-07T21:28:48.200Z</time>
      </trkpt>
      <trkpt lat="50.154427" lon="16.626692">
        <ele>665.705341</ele>
        <time>2026-05-07T21:29:07.328Z</time>
      </trkpt>
      <trkpt lat="50.153556" lon="16.625833">
        <ele>664.890874</ele>
        <time>2026-05-07T21:29:32.303Z</time>
      </trkpt>
      <trkpt lat="50.153442" lon="16.625809">
        <ele>664.757941</ele>
        <time>2026-05-07T21:29:35.209Z</time>
      </trkpt>
      <trkpt lat="50.153290" lon="16.625833">
        <ele>664.581391</ele>
        <time>2026-05-07T21:29:39.157Z</time>
      </trkpt>
      <trkpt lat="50.152875" lon="16.626009">
        <ele>664.084421</ele>
        <time>2026-05-07T21:29:50.799Z</time>
      </trkpt>
      <trkpt lat="50.152506" lon="16.625965">
        <ele>663.656757</ele>
        <time>2026-05-07T21:30:01.592Z</time>
      </trkpt>
      <trkpt lat="50.152031" lon="16.625859">
        <ele>663.035511</ele>
        <time>2026-05-07T21:30:16.579Z</time>
      </trkpt>
      <trkpt lat="50.151836" lon="16.625724">
        <ele>662.723822</ele>
        <time>2026-05-07T21:30:23.059Z</time>
      </trkpt>
      <trkpt lat="50.151415" lon="16.625878">
        <ele>662.092029</ele>
        <time>2026-05-07T21:30:34.985Z</time>
      </trkpt>
      <trkpt lat="50.151109" lon="16.625863">
        <ele>661.644712</ele>
        <time>2026-05-07T21:30:42.717Z</time>
      </trkpt>
      <trkpt lat="50.150962" lon="16.625856">
        <ele>661.429831</ele>
        <time>2026-05-07T21:30:46.291Z</time>
      </trkpt>
      <trkpt lat="50.151066" lon="16.624589">
        <ele>660.069487</ele>
        <time>2026-05-07T21:30:57.052Z</time>
      </trkpt>
      <trkpt lat="50.151055" lon="16.623988">
        <ele>659.318744</ele>
        <time>2026-05-07T21:31:02.174Z</time>
      </trkpt>
      <trkpt lat="50.150458" lon="16.623725">
        <ele>658.109921</ele>
        <time>2026-05-07T21:31:11.581Z</time>
      </trkpt>
      <trkpt lat="50.149846" lon="16.623304">
        <ele>656.985717</ele>
        <time>2026-05-07T21:31:22.605Z</time>
      </trkpt>
      <trkpt lat="50.149720" lon="16.623189">
        <ele>656.823985</ele>
        <time>2026-05-07T21:31:24.911Z</time>
      </trkpt>
      <trkpt lat="50.149668" lon="16.623068">
        <ele>656.720545</ele>
        <time>2026-05-07T21:31:26.382Z</time>
      </trkpt>
      <trkpt lat="50.149632" lon="16.622886">
        <ele>656.585310</ele>
        <time>2026-05-07T21:31:28.297Z</time>
      </trkpt>
      <trkpt lat="50.149669" lon="16.622266">
        <ele>656.143210</ele>
        <time>2026-05-07T21:31:34.469Z</time>
      </trkpt>
      <trkpt lat="50.149652" lon="16.622065">
        <ele>655.999264</ele>
        <time>2026-05-07T21:31:36.465Z</time>
      </trkpt>
      <trkpt lat="50.149597" lon="16.621802">
        <ele>655.802844</ele>
        <time>2026-05-07T21:31:39.170Z</time>
      </trkpt>
      <trkpt lat="50.149537" lon="16.621590">
        <ele>655.638298</ele>
        <time>2026-05-07T21:31:41.433Z</time>
      </trkpt>
      <trkpt lat="50.149027" lon="16.620488">
        <ele>655.893586</ele>
        <time>2026-05-07T21:31:55.958Z</time>
      </trkpt>
      <trkpt lat="50.148214" lon="16.619482">
        <ele>657.268676</ele>
        <time>2026-05-07T21:32:21.301Z</time>
      </trkpt>
      <trkpt lat="50.147370" lon="16.618801">
        <ele>659.613668</ele>
        <time>2026-05-07T21:32:48.855Z</time>
      </trkpt>
      <trkpt lat="50.147253" lon="16.618675">
        <ele>660.025562</ele>
        <time>2026-05-07T21:32:53.159Z</time>
      </trkpt>
      <trkpt lat="50.146792" lon="16.617975">
        <ele>661.889294</ele>
        <time>2026-05-07T21:33:12.070Z</time>
      </trkpt>
      <trkpt lat="50.146540" lon="16.617822">
        <ele>662.672776</ele>
        <time>2026-05-07T21:33:19.405Z</time>
      </trkpt>
      <trkpt lat="50.145683" lon="16.617674">
        <ele>663.362879</ele>
        <time>2026-05-07T21:33:38.701Z</time>
      </trkpt>
      <trkpt lat="50.145215" lon="16.617499">
        <ele>663.682955</ele>
        <time>2026-05-07T21:33:47.206Z</time>
      </trkpt>
      <trkpt lat="50.144567" lon="16.617257">
        <ele>664.516016</ele>
        <time>2026-05-07T21:33:58.772Z</time>
      </trkpt>
      <trkpt lat="50.144324" lon="16.617200">
        <ele>665.282459</ele>
        <time>2026-05-07T21:34:03.648Z</time>
      </trkpt>
      <trkpt lat="50.144171" lon="16.617175">
        <ele>665.762282</ele>
        <time>2026-05-07T21:34:07.165Z</time>
      </trkpt>
      <trkpt lat="50.143566" lon="16.617269">
        <ele>667.658635</ele>
        <time>2026-05-07T21:34:24.451Z</time>
      </trkpt>
      <trkpt lat="50.143413" lon="16.617320">
        <ele>668.146616</ele>
        <time>2026-05-07T21:34:29.772Z</time>
      </trkpt>
      <trkpt lat="50.142134" lon="16.618283">
        <ele>673.433135</ele>
        <time>2026-05-07T21:35:23.441Z</time>
      </trkpt>
      <trkpt lat="50.141503" lon="16.618428">
        <ele>676.001351</ele>
        <time>2026-05-07T21:35:41.196Z</time>
      </trkpt>
      <trkpt lat="50.141396" lon="16.618479">
        <ele>676.451855</ele>
        <time>2026-05-07T21:35:43.760Z</time>
      </trkpt>
      <trkpt lat="50.141328" lon="16.618541">
        <ele>676.768987</ele>
        <time>2026-05-07T21:35:45.490Z</time>
      </trkpt>
      <trkpt lat="50.141233" lon="16.618699">
        <ele>676.984833</ele>
        <time>2026-05-07T21:35:48.399Z</time>
      </trkpt>
      <trkpt lat="50.140785" lon="16.619618">
        <ele>677.717261</ele>
        <time>2026-05-07T21:36:02.250Z</time>
      </trkpt>
      <trkpt lat="50.138081" lon="16.623783">
        <ele>680.449153</ele>
        <time>2026-05-07T21:37:25.891Z</time>
      </trkpt>
      <trkpt lat="50.137975" lon="16.623916">
        <ele>680.451183</ele>
        <time>2026-05-07T21:37:28.183Z</time>
      </trkpt>
      <trkpt lat="50.137931" lon="16.623925">
        <ele>680.451845</ele>
        <time>2026-05-07T21:37:28.918Z</time>
      </trkpt>
      <trkpt lat="50.137814" lon="16.623883">
        <ele>680.453636</ele>
        <time>2026-05-07T21:37:30.865Z</time>
      </trkpt>
      <trkpt lat="50.137044" lon="16.623206">
        <ele>679.723976</ele>
        <time>2026-05-07T21:37:44.136Z</time>
      </trkpt>
      <trkpt lat="50.136407" lon="16.622486">
        <ele>678.410965</ele>
        <time>2026-05-07T21:37:55.561Z</time>
      </trkpt>
      <trkpt lat="50.134499" lon="16.620587">
        <ele>675.843205</ele>
        <time>2026-05-07T21:38:32.064Z</time>
      </trkpt>
      <trkpt lat="50.134274" lon="16.620399">
        <ele>675.590123</ele>
        <time>2026-05-07T21:38:36.483Z</time>
      </trkpt>
      <trkpt lat="50.133757" lon="16.620090">
        <ele>675.026366</ele>
        <time>2026-05-07T21:38:45.933Z</time>
      </trkpt>
      <trkpt lat="50.133637" lon="16.620050">
        <ele>674.901416</ele>
        <time>2026-05-07T21:38:48.002Z</time>
      </trkpt>
      <trkpt lat="50.133386" lon="16.620064">
        <ele>674.645667</ele>
        <time>2026-05-07T21:38:52.186Z</time>
      </trkpt>
      <trkpt lat="50.133153" lon="16.620145">
        <ele>674.402591</ele>
        <time>2026-05-07T21:38:56.017Z</time>
      </trkpt>
      <trkpt lat="50.132694" lon="16.620487">
        <ele>673.903827</ele>
        <time>2026-05-07T21:39:03.647Z</time>
      </trkpt>
      <trkpt lat="50.132281" lon="16.620874">
        <ele>673.781919</ele>
        <time>2026-05-07T21:39:10.811Z</time>
      </trkpt>
      <trkpt lat="50.131949" lon="16.621276">
        <ele>673.675575</ele>
        <time>2026-05-07T21:39:17.329Z</time>
      </trkpt>
      <trkpt lat="50.131513" lon="16.622120">
        <ele>673.499753</ele>
        <time>2026-05-07T21:39:30.494Z</time>
      </trkpt>
      <trkpt lat="50.131256" lon="16.622757">
        <ele>674.357415</ele>
        <time>2026-05-07T21:39:43.534Z</time>
      </trkpt>
      <trkpt lat="50.131172" lon="16.623166">
        <ele>675.169783</ele>
        <time>2026-05-07T21:39:52.048Z</time>
      </trkpt>
      <trkpt lat="50.131146" lon="16.623793">
        <ele>676.358247</ele>
        <time>2026-05-07T21:40:04.995Z</time>
      </trkpt>
      <trkpt lat="50.131110" lon="16.624095">
        <ele>676.939281</ele>
        <time>2026-05-07T21:40:11.322Z</time>
      </trkpt>
      <trkpt lat="50.130957" lon="16.624656">
        <ele>678.092473</ele>
        <time>2026-05-07T21:40:23.084Z</time>
      </trkpt>
      <trkpt lat="50.130777" lon="16.625058">
        <ele>678.656284</ele>
        <time>2026-05-07T21:40:31.343Z</time>
      </trkpt>
      <trkpt lat="50.130620" lon="16.625314">
        <ele>678.380270</ele>
        <time>2026-05-07T21:40:36.400Z</time>
      </trkpt>
      <trkpt lat="50.130523" lon="16.625409">
        <ele>678.241076</ele>
        <time>2026-05-07T21:40:38.638Z</time>
      </trkpt>
      <trkpt lat="50.130137" lon="16.625652">
        <ele>677.735202</ele>
        <time>2026-05-07T21:40:45.377Z</time>
      </trkpt>
      <trkpt lat="50.129794" lon="16.625783">
        <ele>677.306035</ele>
        <time>2026-05-07T21:40:50.436Z</time>
      </trkpt>
      <trkpt lat="50.129399" lon="16.626026">
        <ele>676.790000</ele>
        <time>2026-05-07T21:40:56.173Z</time>
      </trkpt>
      <trkpt lat="50.129056" lon="16.626298">
        <ele>676.188737</ele>
        <time>2026-05-07T21:41:01.354Z</time>
      </trkpt>
      <trkpt lat="50.128844" lon="16.626401">
        <ele>675.776950</ele>
        <time>2026-05-07T21:41:06.590Z</time>
      </trkpt>
      <trkpt lat="50.128670" lon="16.626485">
        <ele>675.439163</ele>
        <time>2026-05-07T21:41:10.975Z</time>
      </trkpt>
      <trkpt lat="50.127796" lon="16.626795">
        <ele>673.776938</ele>
        <time>2026-05-07T21:41:34.174Z</time>
      </trkpt>
      <trkpt lat="50.127376" lon="16.627009">
        <ele>673.305454</ele>
        <time>2026-05-07T21:41:46.781Z</time>
      </trkpt>
      <trkpt lat="50.127259" lon="16.627188">
        <ele>673.374782</ele>
        <time>2026-05-07T21:41:51.633Z</time>
      </trkpt>
      <trkpt lat="50.126845" lon="16.627552">
        <ele>673.575825</ele>
        <time>2026-05-07T21:42:06.259Z</time>
      </trkpt>
      <trkpt lat="50.126621" lon="16.627854">
        <ele>673.701075</ele>
        <time>2026-05-07T21:42:15.607Z</time>
      </trkpt>
      <trkpt lat="50.126451" lon="16.628172">
        <ele>673.813368</ele>
        <time>2026-05-07T21:42:23.825Z</time>
      </trkpt>
      <trkpt lat="50.126260" lon="16.628990">
        <ele>674.164650</ele>
        <time>2026-05-07T21:42:41.828Z</time>
      </trkpt>
      <trkpt lat="50.126083" lon="16.630509">
        <ele>675.593357</ele>
        <time>2026-05-07T21:43:17.257Z</time>
      </trkpt>
      <trkpt lat="50.125889" lon="16.631790">
        <ele>676.004492</ele>
        <time>2026-05-07T21:43:47.247Z</time>
      </trkpt>
      <trkpt lat="50.125758" lon="16.632176">
        <ele>674.880692</ele>
        <time>2026-05-07T21:43:56.155Z</time>
      </trkpt>
      <trkpt lat="50.125250" lon="16.633335">
        <ele>671.268086</ele>
        <time>2026-05-07T21:44:16.929Z</time>
      </trkpt>
      <trkpt lat="50.125028" lon="16.633792">
        <ele>669.792719</ele>
        <time>2026-05-07T21:44:24.385Z</time>
      </trkpt>
      <trkpt lat="50.124915" lon="16.633958">
        <ele>668.843048</ele>
        <time>2026-05-07T21:44:27.440Z</time>
      </trkpt>
      <trkpt lat="50.124758" lon="16.634123">
        <ele>666.897371</ele>
        <time>2026-05-07T21:44:31.148Z</time>
      </trkpt>
      <trkpt lat="50.124592" lon="16.634228">
        <ele>665.056346</ele>
        <time>2026-05-07T21:44:34.593Z</time>
      </trkpt>
      <trkpt lat="50.124149" lon="16.634252">
        <ele>660.500632</ele>
        <time>2026-05-07T21:44:42.991Z</time>
      </trkpt>
      <trkpt lat="50.123153" lon="16.634155">
        <ele>650.531903</ele>
        <time>2026-05-07T21:45:02.387Z</time>
      </trkpt>
      <trkpt lat="50.122738" lon="16.634255">
        <ele>648.128878</ele>
        <time>2026-05-07T21:45:10.936Z</time>
      </trkpt>
      <trkpt lat="50.122516" lon="16.634197">
        <ele>646.840776</ele>
        <time>2026-05-07T21:45:15.644Z</time>
      </trkpt>
      <trkpt lat="50.122359" lon="16.634215">
        <ele>645.939915</ele>
        <time>2026-05-07T21:45:18.982Z</time>
      </trkpt>
      <trkpt lat="50.121981" lon="16.634489">
        <ele>643.554600</ele>
        <time>2026-05-07T21:45:28.201Z</time>
      </trkpt>
      <trkpt lat="50.121690" lon="16.634779">
        <ele>641.578436</ele>
        <time>2026-05-07T21:45:36.191Z</time>
      </trkpt>
      <trkpt lat="50.121603" lon="16.634900">
        <ele>640.911382</ele>
        <time>2026-05-07T21:45:38.979Z</time>
      </trkpt>
      <trkpt lat="50.121420" lon="16.635351">
        <ele>641.084255</ele>
        <time>2026-05-07T21:45:47.452Z</time>
      </trkpt>
      <trkpt lat="50.121164" lon="16.635791">
        <ele>641.724378</ele>
        <time>2026-05-07T21:45:57.782Z</time>
      </trkpt>
      <trkpt lat="50.120957" lon="16.635905">
        <ele>642.093254</ele>
        <time>2026-05-07T21:46:04.830Z</time>
      </trkpt>
      <trkpt lat="50.120696" lon="16.635965">
        <ele>642.536558</ele>
        <time>2026-05-07T21:46:14.732Z</time>
      </trkpt>
      <trkpt lat="50.120523" lon="16.635956">
        <ele>642.827417</ele>
        <time>2026-05-07T21:46:22.108Z</time>
      </trkpt>
      <trkpt lat="50.120304" lon="16.636032">
        <ele>643.204408</ele>
        <time>2026-05-07T21:46:32.283Z</time>
      </trkpt>
      <trkpt lat="50.120093" lon="16.635563">
        <ele>644.629102</ele>
        <time>2026-05-07T21:46:45.593Z</time>
      </trkpt>
      <trkpt lat="50.119836" lon="16.634877">
        <ele>648.960797</ele>
        <time>2026-05-07T21:47:06.664Z</time>
      </trkpt>
      <trkpt lat="50.119645" lon="16.634500">
        <ele>651.580407</ele>
        <time>2026-05-07T21:47:21.352Z</time>
      </trkpt>
      <trkpt lat="50.119597" lon="16.634419">
        <ele>652.181745</ele>
        <time>2026-05-07T21:47:24.788Z</time>
      </trkpt>
      <trkpt lat="50.119496" lon="16.634245">
        <ele>653.461392</ele>
        <time>2026-05-07T21:47:32.400Z</time>
      </trkpt>
      <trkpt lat="50.119234" lon="16.634048">
        <ele>655.934583</ele>
        <time>2026-05-07T21:47:47.085Z</time>
      </trkpt>
      <trkpt lat="50.118528" lon="16.633408">
        <ele>663.587693</ele>
        <time>2026-05-07T21:48:26.641Z</time>
      </trkpt>
      <trkpt lat="50.118271" lon="16.633229">
        <ele>666.409661</ele>
        <time>2026-05-07T21:48:40.817Z</time>
      </trkpt>
      <trkpt lat="50.118075" lon="16.632899">
        <ele>669.301427</ele>
        <time>2026-05-07T21:48:55.513Z</time>
      </trkpt>
      <trkpt lat="50.117755" lon="16.632203">
        <ele>674.807229</ele>
        <time>2026-05-07T21:49:22.737Z</time>
      </trkpt>
      <trkpt lat="50.117570" lon="16.631954">
        <ele>677.294634</ele>
        <time>2026-05-07T21:49:34.617Z</time>
      </trkpt>
      <trkpt lat="50.117092" lon="16.631479">
        <ele>683.667826</ele>
        <time>2026-05-07T21:50:04.660Z</time>
      </trkpt>
      <trkpt lat="50.116945" lon="16.631235">
        <ele>686.081779</ele>
        <time>2026-05-07T21:50:17.333Z</time>
      </trkpt>
      <trkpt lat="50.116863" lon="16.631065">
        <ele>687.615580</ele>
        <time>2026-05-07T21:50:25.699Z</time>
      </trkpt>
      <trkpt lat="50.116786" lon="16.630888">
        <ele>689.157757</ele>
        <time>2026-05-07T21:50:34.170Z</time>
      </trkpt>
      <trkpt lat="50.116634" lon="16.630597">
        <ele>691.863940</ele>
        <time>2026-05-07T21:50:48.473Z</time>
      </trkpt>
      <trkpt lat="50.116056" lon="16.630012">
        <ele>699.035726</ele>
        <time>2026-05-07T21:51:22.904Z</time>
      </trkpt>
      <trkpt lat="50.115895" lon="16.629892">
        <ele>700.567868</ele>
        <time>2026-05-07T21:51:31.563Z</time>
      </trkpt>
      <trkpt lat="50.115671" lon="16.629846">
        <ele>702.507771</ele>
        <time>2026-05-07T21:51:42.285Z</time>
      </trkpt>
      <trkpt lat="50.115550" lon="16.629835">
        <ele>703.548459</ele>
        <time>2026-05-07T21:51:47.852Z</time>
      </trkpt>
      <trkpt lat="50.115408" lon="16.629838">
        <ele>704.767805</ele>
        <time>2026-05-07T21:51:54.241Z</time>
      </trkpt>
      <trkpt lat="50.115399" lon="16.629761">
        <ele>705.198738</ele>
        <time>2026-05-07T21:51:56.454Z</time>
      </trkpt>
      <trkpt lat="50.115447" lon="16.629730">
        <ele>705.644818</ele>
        <time>2026-05-07T21:51:58.764Z</time>
      </trkpt>
      <trkpt lat="50.115939" lon="16.629247">
        <ele>710.636540</ele>
        <time>2026-05-07T21:52:22.249Z</time>
      </trkpt>
      <trkpt lat="50.116042" lon="16.629084">
        <ele>711.896504</ele>
        <time>2026-05-07T21:52:28.043Z</time>
      </trkpt>
      <trkpt lat="50.116056" lon="16.628984">
        <ele>712.460047</ele>
        <time>2026-05-07T21:52:30.699Z</time>
      </trkpt>
      <trkpt lat="50.116035" lon="16.628889">
        <ele>712.981371</ele>
        <time>2026-05-07T21:52:33.435Z</time>
      </trkpt>
      <trkpt lat="50.115980" lon="16.628807">
        <ele>713.581932</ele>
        <time>2026-05-07T21:52:36.827Z</time>
      </trkpt>
      <trkpt lat="50.115803" lon="16.628713">
        <ele>715.057724</ele>
        <time>2026-05-07T21:52:45.739Z</time>
      </trkpt>
      <trkpt lat="50.115757" lon="16.628656">
        <ele>715.521446</ele>
        <time>2026-05-07T21:52:48.643Z</time>
      </trkpt>
      <trkpt lat="50.115753" lon="16.628510">
        <ele>716.261041</ele>
        <time>2026-05-07T21:52:53.194Z</time>
      </trkpt>
      <trkpt lat="50.115781" lon="16.628443">
        <ele>716.665792</ele>
        <time>2026-05-07T21:52:55.694Z</time>
      </trkpt>
      <trkpt lat="50.115939" lon="16.628384">
        <ele>717.948091</ele>
        <time>2026-05-07T21:53:03.459Z</time>
      </trkpt>
      <trkpt lat="50.116949" lon="16.628193">
        <ele>725.978112</ele>
        <time>2026-05-07T21:53:49.620Z</time>
      </trkpt>
      <trkpt lat="50.117696" lon="16.627657">
        <ele>727.591252</ele>
        <time>2026-05-07T21:54:16.330Z</time>
      </trkpt>
      <trkpt lat="50.118717" lon="16.626956">
        <ele>728.635906</ele>
        <time>2026-05-07T21:54:33.075Z</time>
      </trkpt>
      <trkpt lat="50.118951" lon="16.626756">
        <ele>727.597577</ele>
        <time>2026-05-07T21:54:36.340Z</time>
      </trkpt>
      <trkpt lat="50.119076" lon="16.626575">
        <ele>726.933844</ele>
        <time>2026-05-07T21:54:38.445Z</time>
      </trkpt>
      <trkpt lat="50.119137" lon="16.626343">
        <ele>726.308213</ele>
        <time>2026-05-07T21:54:40.432Z</time>
      </trkpt>
      <trkpt lat="50.119178" lon="16.626058">
        <ele>725.579445</ele>
        <time>2026-05-07T21:54:42.754Z</time>
      </trkpt>
      <trkpt lat="50.119183" lon="16.625691">
        <ele>724.663554</ele>
        <time>2026-05-07T21:54:45.660Z</time>
      </trkpt>
      <trkpt lat="50.119147" lon="16.625007">
        <ele>722.951198</ele>
        <time>2026-05-07T21:54:51.088Z</time>
      </trkpt>
      <trkpt lat="50.119108" lon="16.624365">
        <ele>721.269402</ele>
        <time>2026-05-07T21:54:56.255Z</time>
      </trkpt>
      <trkpt lat="50.119032" lon="16.623118">
        <ele>717.607653</ele>
        <time>2026-05-07T21:55:06.350Z</time>
      </trkpt>
      <trkpt lat="50.118768" lon="16.621246">
        <ele>711.445274</ele>
        <time>2026-05-07T21:55:21.196Z</time>
      </trkpt>
      <trkpt lat="50.118687" lon="16.620906">
        <ele>710.005302</ele>
        <time>2026-05-07T21:55:23.957Z</time>
      </trkpt>
      <trkpt lat="50.118367" lon="16.619955">
        <ele>705.741482</ele>
        <time>2026-05-07T21:55:32.010Z</time>
      </trkpt>
      <trkpt lat="50.118028" lon="16.619287">
        <ele>702.345527</ele>
        <time>2026-05-07T21:55:38.249Z</time>
      </trkpt>
      <trkpt lat="50.117962" lon="16.619035">
        <ele>701.052395</ele>
        <time>2026-05-07T21:55:40.223Z</time>
      </trkpt>
      <trkpt lat="50.117966" lon="16.618672">
        <ele>699.327715</ele>
        <time>2026-05-07T21:55:42.848Z</time>
      </trkpt>
      <trkpt lat="50.117994" lon="16.618520">
        <ele>698.576435</ele>
        <time>2026-05-07T21:55:43.994Z</time>
      </trkpt>
      <trkpt lat="50.118200" lon="16.617828">
        <ele>694.952111</ele>
        <time>2026-05-07T21:55:49.496Z</time>
      </trkpt>
      <trkpt lat="50.118326" lon="16.617586">
        <ele>693.471232</ele>
        <time>2026-05-07T21:55:51.751Z</time>
      </trkpt>
      <trkpt lat="50.118981" lon="16.615919">
        <ele>684.895401</ele>
        <time>2026-05-07T21:56:06.081Z</time>
      </trkpt>
      <trkpt lat="50.119124" lon="16.615533">
        <ele>683.083996</ele>
        <time>2026-05-07T21:56:09.439Z</time>
      </trkpt>
      <trkpt lat="50.119235" lon="16.615145">
        <ele>681.357635</ele>
        <time>2026-05-07T21:56:12.646Z</time>
      </trkpt>
      <trkpt lat="50.119496" lon="16.614118">
        <ele>676.853836</ele>
        <time>2026-05-07T21:56:21.010Z</time>
      </trkpt>
      <trkpt lat="50.119521" lon="16.613932">
        <ele>676.067818</ele>
        <time>2026-05-07T21:56:22.440Z</time>
      </trkpt>
      <trkpt lat="50.119525" lon="16.613382">
        <ele>673.792869</ele>
        <time>2026-05-07T21:56:26.570Z</time>
      </trkpt>
      <trkpt lat="50.119560" lon="16.610430">
        <ele>661.741413</ele>
        <time>2026-05-07T21:56:48.362Z</time>
      </trkpt>
      <trkpt lat="50.119564" lon="16.609986">
        <ele>659.969868</ele>
        <time>2026-05-07T21:56:51.658Z</time>
      </trkpt>
      <trkpt lat="50.119544" lon="16.609818">
        <ele>659.288164</ele>
        <time>2026-05-07T21:56:52.934Z</time>
      </trkpt>
      <trkpt lat="50.119138" lon="16.608511">
        <ele>653.863043</ele>
        <time>2026-05-07T21:57:03.950Z</time>
      </trkpt>
      <trkpt lat="50.119129" lon="16.608333">
        <ele>653.336004</ele>
        <time>2026-05-07T21:57:05.324Z</time>
      </trkpt>
      <trkpt lat="50.119295" lon="16.606950">
        <ele>649.182861</ele>
        <time>2026-05-07T21:57:16.350Z</time>
      </trkpt>
      <trkpt lat="50.119303" lon="16.606514">
        <ele>647.895386</ele>
        <time>2026-05-07T21:57:19.796Z</time>
      </trkpt>
      <trkpt lat="50.119299" lon="16.606280">
        <ele>647.204439</ele>
        <time>2026-05-07T21:57:21.679Z</time>
      </trkpt>
      <trkpt lat="50.119295" lon="16.605468">
        <ele>645.185256</ele>
        <time>2026-05-07T21:57:28.466Z</time>
      </trkpt>
      <trkpt lat="50.119325" lon="16.605241">
        <ele>644.642725</ele>
        <time>2026-05-07T21:57:30.368Z</time>
      </trkpt>
      <trkpt lat="50.119389" lon="16.605072">
        <ele>644.183285</ele>
        <time>2026-05-07T21:57:31.957Z</time>
      </trkpt>
      <trkpt lat="50.119488" lon="16.604904">
        <ele>643.649177</ele>
        <time>2026-05-07T21:57:33.828Z</time>
      </trkpt>
      <trkpt lat="50.119682" lon="16.604716">
        <ele>642.815356</ele>
        <time>2026-05-07T21:57:36.811Z</time>
      </trkpt>
      <trkpt lat="50.119805" lon="16.604664">
        <ele>642.350114</ele>
        <time>2026-05-07T21:57:38.451Z</time>
      </trkpt>
      <trkpt lat="50.119818" lon="16.604691">
        <ele>642.271078</ele>
        <time>2026-05-07T21:57:38.725Z</time>
      </trkpt>
      <trkpt lat="50.119837" lon="16.604715">
        <ele>642.181818</ele>
        <time>2026-05-07T21:57:39.039Z</time>
      </trkpt>
      <trkpt lat="50.119855" lon="16.604729">
        <ele>642.108388</ele>
        <time>2026-05-07T21:57:39.298Z</time>
      </trkpt>
      <trkpt lat="50.119876" lon="16.604735">
        <ele>642.030447</ele>
        <time>2026-05-07T21:57:39.558Z</time>
      </trkpt>
      <trkpt lat="50.119898" lon="16.604734">
        <ele>641.950098</ele>
        <time>2026-05-07T21:57:39.844Z</time>
      </trkpt>
      <trkpt lat="50.119920" lon="16.604723">
        <ele>641.865756</ele>
        <time>2026-05-07T21:57:40.140Z</time>
      </trkpt>
      <trkpt lat="50.119938" lon="16.604706">
        <ele>641.788934</ele>
        <time>2026-05-07T21:57:40.411Z</time>
      </trkpt>
      <trkpt lat="50.119953" lon="16.604682">
        <ele>641.710481</ele>
        <time>2026-05-07T21:57:40.690Z</time>
      </trkpt>
      <trkpt lat="50.119964" lon="16.604655">
        <ele>641.635602</ele>
        <time>2026-05-07T21:57:40.949Z</time>
      </trkpt>
      <trkpt lat="50.119970" lon="16.604628">
        <ele>641.568713</ele>
        <time>2026-05-07T21:57:41.180Z</time>
      </trkpt>
      <trkpt lat="50.119953" lon="16.604511">
        <ele>641.287899</ele>
        <time>2026-05-07T21:57:42.165Z</time>
      </trkpt>
      <trkpt lat="50.119909" lon="16.604465">
        <ele>641.094518</ele>
        <time>2026-05-07T21:57:42.839Z</time>
      </trkpt>
      <trkpt lat="50.119940" lon="16.604312">
        <ele>640.718925</ele>
        <time>2026-05-07T21:57:44.137Z</time>
      </trkpt>
      <trkpt lat="50.120039" lon="16.604139">
        <ele>640.176145</ele>
        <time>2026-05-07T21:57:46.021Z</time>
      </trkpt>
      <trkpt lat="50.120114" lon="16.604080">
        <ele>639.833698</ele>
        <time>2026-05-07T21:57:47.103Z</time>
      </trkpt>
      <trkpt lat="50.120234" lon="16.604063">
        <ele>639.313734</ele>
        <time>2026-05-07T21:57:48.653Z</time>
      </trkpt>
      <trkpt lat="50.120373" lon="16.603995">
        <ele>638.685096</ele>
        <time>2026-05-07T21:57:50.490Z</time>
      </trkpt>
      <trkpt lat="50.120631" lon="16.603823">
        <ele>637.474310</ele>
        <time>2026-05-07T21:57:53.950Z</time>
      </trkpt>
      <trkpt lat="50.120785" lon="16.603690">
        <ele>636.714676</ele>
        <time>2026-05-07T21:57:56.069Z</time>
      </trkpt>
      <trkpt lat="50.120947" lon="16.603501">
        <ele>635.841659</ele>
        <time>2026-05-07T21:57:58.545Z</time>
      </trkpt>
      <trkpt lat="50.121214" lon="16.603024">
        <ele>634.089718</ele>
        <time>2026-05-07T21:58:03.577Z</time>
      </trkpt>
      <trkpt lat="50.121582" lon="16.602016">
        <ele>631.287655</ele>
        <time>2026-05-07T21:58:12.738Z</time>
      </trkpt>
      <trkpt lat="50.121669" lon="16.601646">
        <ele>630.509124</ele>
        <time>2026-05-07T21:58:15.881Z</time>
      </trkpt>
      <trkpt lat="50.121798" lon="16.600585">
        <ele>628.375789</ele>
        <time>2026-05-07T21:58:24.890Z</time>
      </trkpt>
      <trkpt lat="50.122048" lon="16.600018">
        <ele>627.016403</ele>
        <time>2026-05-07T21:58:30.996Z</time>
      </trkpt>
      <trkpt lat="50.122253" lon="16.599199">
        <ele>626.705542</ele>
        <time>2026-05-07T21:58:39.789Z</time>
      </trkpt>
      <trkpt lat="50.122403" lon="16.598834">
        <ele>626.672572</ele>
        <time>2026-05-07T21:58:44.706Z</time>
      </trkpt>
      <trkpt lat="50.122791" lon="16.598083">
        <ele>626.599226</ele>
        <time>2026-05-07T21:58:56.076Z</time>
      </trkpt>
      <trkpt lat="50.122847" lon="16.597932">
        <ele>626.585961</ele>
        <time>2026-05-07T21:58:58.157Z</time>
      </trkpt>
      <trkpt lat="50.122859" lon="16.597729">
        <ele>626.570458</ele>
        <time>2026-05-07T21:59:00.590Z</time>
      </trkpt>
      <trkpt lat="50.122790" lon="16.597094">
        <ele>627.149583</ele>
        <time>2026-05-07T21:59:09.123Z</time>
      </trkpt>
      <trkpt lat="50.122653" lon="16.596612">
        <ele>628.014857</ele>
        <time>2026-05-07T21:59:16.885Z</time>
      </trkpt>
      <trkpt lat="50.122536" lon="16.596221">
        <ele>628.722989</ele>
        <time>2026-05-07T21:59:23.587Z</time>
      </trkpt>
      <trkpt lat="50.122466" lon="16.595889">
        <ele>629.296554</ele>
        <time>2026-05-07T21:59:29.254Z</time>
      </trkpt>
      <trkpt lat="50.122455" lon="16.595528">
        <ele>629.889676</ele>
        <time>2026-05-07T21:59:35.556Z</time>
      </trkpt>
      <trkpt lat="50.122380" lon="16.593930">
        <ele>633.567970</ele>
        <time>2026-05-07T22:00:08.309Z</time>
      </trkpt>
      <trkpt lat="50.122335" lon="16.593149">
        <ele>635.842890</ele>
        <time>2026-05-07T22:00:25.386Z</time>
      </trkpt>
      <trkpt lat="50.122498" lon="16.591564">
        <ele>639.640489</ele>
        <time>2026-05-07T22:00:59.564Z</time>
      </trkpt>
      <trkpt lat="50.122466" lon="16.591304">
        <ele>639.862097</ele>
        <time>2026-05-07T22:01:04.074Z</time>
      </trkpt>
      <trkpt lat="50.122422" lon="16.591217">
        <ele>639.954850</ele>
        <time>2026-05-07T22:01:05.979Z</time>
      </trkpt>
      <trkpt lat="50.122270" lon="16.591127">
        <ele>640.167112</ele>
        <time>2026-05-07T22:01:09.809Z</time>
      </trkpt>
      <trkpt lat="50.121585" lon="16.591115">
        <ele>641.061473</ele>
        <time>2026-05-07T22:01:23.135Z</time>
      </trkpt>
      <trkpt lat="50.121283" lon="16.591109">
        <ele>641.455781</ele>
        <time>2026-05-07T22:01:27.932Z</time>
      </trkpt>
      <trkpt lat="50.121078" lon="16.590979">
        <ele>641.481987</ele>
        <time>2026-05-07T22:01:31.094Z</time>
      </trkpt>
      <trkpt lat="50.120354" lon="16.590072">
        <ele>639.647342</ele>
        <time>2026-05-07T22:01:46.029Z</time>
      </trkpt>
      <trkpt lat="50.120174" lon="16.589775">
        <ele>639.129653</ele>
        <time>2026-05-07T22:01:49.957Z</time>
      </trkpt>
      <trkpt lat="50.119892" lon="16.589042">
        <ele>637.973630</ele>
        <time>2026-05-07T22:01:57.043Z</time>
      </trkpt>
      <trkpt lat="50.119792" lon="16.588886">
        <ele>637.181636</ele>
        <time>2026-05-07T22:01:58.728Z</time>
      </trkpt>
      <trkpt lat="50.119665" lon="16.588821">
        <ele>636.433179</ele>
        <time>2026-05-07T22:02:00.283Z</time>
      </trkpt>
      <trkpt lat="50.118605" lon="16.588966">
        <ele>630.474866</ele>
        <time>2026-05-07T22:02:12.432Z</time>
      </trkpt>
      <trkpt lat="50.118410" lon="16.588935">
        <ele>629.377295</ele>
        <time>2026-05-07T22:02:14.692Z</time>
      </trkpt>
      <trkpt lat="50.118259" lon="16.588817">
        <ele>628.431555</ele>
        <time>2026-05-07T22:02:16.695Z</time>
      </trkpt>
      <trkpt lat="50.117535" lon="16.587601">
        <ele>627.394139</ele>
        <time>2026-05-07T22:02:31.691Z</time>
      </trkpt>
      <trkpt lat="50.117073" lon="16.587047">
        <ele>627.028457</ele>
        <time>2026-05-07T22:02:44.574Z</time>
      </trkpt>
      <trkpt lat="50.116139" lon="16.586032">
        <ele>629.605933</ele>
        <time>2026-05-07T22:03:15.799Z</time>
      </trkpt>
      <trkpt lat="50.115995" lon="16.585743">
        <ele>630.305589</ele>
        <time>2026-05-07T22:03:22.882Z</time>
      </trkpt>
      <trkpt lat="50.115861" lon="16.585181">
        <ele>631.451812</ele>
        <time>2026-05-07T22:03:34.136Z</time>
      </trkpt>
      <trkpt lat="50.115810" lon="16.584626">
        <ele>632.410610</ele>
        <time>2026-05-07T22:03:44.278Z</time>
      </trkpt>
      <trkpt lat="50.115767" lon="16.581498">
        <ele>635.191832</ele>
        <time>2026-05-07T22:04:30.507Z</time>
      </trkpt>
      <trkpt lat="50.115841" lon="16.578170">
        <ele>632.098629</ele>
        <time>2026-05-07T22:05:02.282Z</time>
      </trkpt>
      <trkpt lat="50.115820" lon="16.576661">
        <ele>629.029365</ele>
        <time>2026-05-07T22:05:14.502Z</time>
      </trkpt>
      <trkpt lat="50.115596" lon="16.575066">
        <ele>624.023072</ele>
        <time>2026-05-07T22:05:27.110Z</time>
      </trkpt>
      <trkpt lat="50.115619" lon="16.574743">
        <ele>622.950196</ele>
        <time>2026-05-07T22:05:29.580Z</time>
      </trkpt>
      <trkpt lat="50.116109" lon="16.573103">
        <ele>617.035025</ele>
        <time>2026-05-07T22:05:43.453Z</time>
      </trkpt>
      <trkpt lat="50.116133" lon="16.572784">
        <ele>616.002864</ele>
        <time>2026-05-07T22:05:45.981Z</time>
      </trkpt>
      <trkpt lat="50.116129" lon="16.572621">
        <ele>615.478668</ele>
        <time>2026-05-07T22:05:47.255Z</time>
      </trkpt>
      <trkpt lat="50.116081" lon="16.572403">
        <ele>614.737959</ele>
        <time>2026-05-07T22:05:49.052Z</time>
      </trkpt>
      <trkpt lat="50.115827" lon="16.571740">
        <ele>612.256056</ele>
        <time>2026-05-07T22:05:55.051Z</time>
      </trkpt>
      <trkpt lat="50.115785" lon="16.571387">
        <ele>611.102295</ele>
        <time>2026-05-07T22:05:57.824Z</time>
      </trkpt>
      <trkpt lat="50.115890" lon="16.570193">
        <ele>607.207198</ele>
        <time>2026-05-07T22:06:07.162Z</time>
      </trkpt>
      <trkpt lat="50.115934" lon="16.569985">
        <ele>606.497981</ele>
        <time>2026-05-07T22:06:08.871Z</time>
      </trkpt>
      <trkpt lat="50.116000" lon="16.569912">
        <ele>606.089385</ele>
        <time>2026-05-07T22:06:09.862Z</time>
      </trkpt>
      <trkpt lat="50.116076" lon="16.569902">
        <ele>605.704245</ele>
        <time>2026-05-07T22:06:10.788Z</time>
      </trkpt>
      <trkpt lat="50.116143" lon="16.569931">
        <ele>605.353125</ele>
        <time>2026-05-07T22:06:11.633Z</time>
      </trkpt>
      <trkpt lat="50.116203" lon="16.570022">
        <ele>604.930487</ele>
        <time>2026-05-07T22:06:12.642Z</time>
      </trkpt>
      <trkpt lat="50.116226" lon="16.570156">
        <ele>604.481315</ele>
        <time>2026-05-07T22:06:13.731Z</time>
      </trkpt>
      <trkpt lat="50.116213" lon="16.570317">
        <ele>603.955875</ele>
        <time>2026-05-07T22:06:14.981Z</time>
      </trkpt>
      <trkpt lat="50.116088" lon="16.570952">
        <ele>601.805016</ele>
        <time>2026-05-07T22:06:20.106Z</time>
      </trkpt>
      <trkpt lat="50.116087" lon="16.571073">
        <ele>601.413180</ele>
        <time>2026-05-07T22:06:21.039Z</time>
      </trkpt>
      <trkpt lat="50.116128" lon="16.571273">
        <ele>600.654564</ele>
        <time>2026-05-07T22:06:22.654Z</time>
      </trkpt>
      <trkpt lat="50.116203" lon="16.571435">
        <ele>599.850119</ele>
        <time>2026-05-07T22:06:24.194Z</time>
      </trkpt>
      <trkpt lat="50.116372" lon="16.571622">
        <ele>598.549078</ele>
        <time>2026-05-07T22:06:26.672Z</time>
      </trkpt>
      <trkpt lat="50.116511" lon="16.571655">
        <ele>597.666297</ele>
        <time>2026-05-07T22:06:28.334Z</time>
      </trkpt>
      <trkpt lat="50.116801" lon="16.571596">
        <ele>595.830075</ele>
        <time>2026-05-07T22:06:31.791Z</time>
      </trkpt>
      <trkpt lat="50.117020" lon="16.571597">
        <ele>594.455056</ele>
        <time>2026-05-07T22:06:34.337Z</time>
      </trkpt>
      <trkpt lat="50.117356" lon="16.571860">
        <ele>592.094639</ele>
        <time>2026-05-07T22:06:38.621Z</time>
      </trkpt>
      <trkpt lat="50.117487" lon="16.572082">
        <ele>590.880017</ele>
        <time>2026-05-07T22:06:40.809Z</time>
      </trkpt>
      <trkpt lat="50.117535" lon="16.572315">
        <ele>589.894751</ele>
        <time>2026-05-07T22:06:42.577Z</time>
      </trkpt>
      <trkpt lat="50.117522" lon="16.572696">
        <ele>588.672837</ele>
        <time>2026-05-07T22:06:45.339Z</time>
      </trkpt>
      <trkpt lat="50.117541" lon="16.572848">
        <ele>588.188764</ele>
        <time>2026-05-07T22:06:46.474Z</time>
      </trkpt>
      <trkpt lat="50.117593" lon="16.572949">
        <ele>587.783879</ele>
        <time>2026-05-07T22:06:47.433Z</time>
      </trkpt>
      <trkpt lat="50.117640" lon="16.572984">
        <ele>587.529979</ele>
        <time>2026-05-07T22:06:48.033Z</time>
      </trkpt>
      <trkpt lat="50.117787" lon="16.572962">
        <ele>586.810078</ele>
        <time>2026-05-07T22:06:49.769Z</time>
      </trkpt>
      <trkpt lat="50.117909" lon="16.572840">
        <ele>586.103580</ele>
        <time>2026-05-07T22:06:51.496Z</time>
      </trkpt>
      <trkpt lat="50.118028" lon="16.572595">
        <ele>585.142841</ele>
        <time>2026-05-07T22:06:53.902Z</time>
      </trkpt>
      <trkpt lat="50.118051" lon="16.572463">
        <ele>584.715270</ele>
        <time>2026-05-07T22:06:54.988Z</time>
      </trkpt>
      <trkpt lat="50.118019" lon="16.572206">
        <ele>583.896929</ele>
        <time>2026-05-07T22:06:57.092Z</time>
      </trkpt>
      <trkpt lat="50.117366" lon="16.570550">
        <ele>578.189028</ele>
        <time>2026-05-07T22:07:13.632Z</time>
      </trkpt>
      <trkpt lat="50.117195" lon="16.569311">
        <ele>574.687696</ele>
        <time>2026-05-07T22:07:23.897Z</time>
      </trkpt>
      <trkpt lat="50.116582" lon="16.567816">
        <ele>566.860147</ele>
        <time>2026-05-07T22:07:36.839Z</time>
      </trkpt>
      <trkpt lat="50.116540" lon="16.567552">
        <ele>565.473565</ele>
        <time>2026-05-07T22:07:38.766Z</time>
      </trkpt>
      <trkpt lat="50.116602" lon="16.566029">
        <ele>557.832890</ele>
        <time>2026-05-07T22:07:49.565Z</time>
      </trkpt>
      <trkpt lat="50.116548" lon="16.565568">
        <ele>555.708356</ele>
        <time>2026-05-07T22:07:52.939Z</time>
      </trkpt>
      <trkpt lat="50.116330" lon="16.564761">
        <ele>551.738401</ele>
        <time>2026-05-07T22:07:59.428Z</time>
      </trkpt>
      <trkpt lat="50.116006" lon="16.564021">
        <ele>547.676116</ele>
        <time>2026-05-07T22:08:06.226Z</time>
      </trkpt>
      <trkpt lat="50.115575" lon="16.563209">
        <ele>541.873870</ele>
        <time>2026-05-07T22:08:13.977Z</time>
      </trkpt>
      <trkpt lat="50.115189" lon="16.561823">
        <ele>532.920008</ele>
        <time>2026-05-07T22:08:24.485Z</time>
      </trkpt>
      <trkpt lat="50.115069" lon="16.561489">
        <ele>530.651409</ele>
        <time>2026-05-07T22:08:27.110Z</time>
      </trkpt>
      <trkpt lat="50.115001" lon="16.561388">
        <ele>529.783644</ele>
        <time>2026-05-07T22:08:28.113Z</time>
      </trkpt>
      <trkpt lat="50.114813" lon="16.561107">
        <ele>527.669357</ele>
        <time>2026-05-07T22:08:30.923Z</time>
      </trkpt>
      <trkpt lat="50.114583" lon="16.560846">
        <ele>525.384657</ele>
        <time>2026-05-07T22:08:34.043Z</time>
      </trkpt>
      <trkpt lat="50.114081" lon="16.560478">
        <ele>520.929312</ele>
        <time>2026-05-07T22:08:40.313Z</time>
      </trkpt>
      <trkpt lat="50.113868" lon="16.560253">
        <ele>518.862935</ele>
        <time>2026-05-07T22:08:43.294Z</time>
      </trkpt>
      <trkpt lat="50.113676" lon="16.559793">
        <ele>516.035966</ele>
        <time>2026-05-07T22:08:47.408Z</time>
      </trkpt>
      <trkpt lat="50.113635" lon="16.559569">
        <ele>514.844991</ele>
        <time>2026-05-07T22:08:49.136Z</time>
      </trkpt>
      <trkpt lat="50.113650" lon="16.559311">
        <ele>513.546734</ele>
        <time>2026-05-07T22:08:51.053Z</time>
      </trkpt>
      <trkpt lat="50.113744" lon="16.558830">
        <ele>511.026779</ele>
        <time>2026-05-07T22:08:54.733Z</time>
      </trkpt>
      <trkpt lat="50.113765" lon="16.558202">
        <ele>507.875321</ele>
        <time>2026-05-07T22:08:59.216Z</time>
      </trkpt>
      <trkpt lat="50.113671" lon="16.557462">
        <ele>504.094797</ele>
        <time>2026-05-07T22:09:04.513Z</time>
      </trkpt>
      <trkpt lat="50.113532" lon="16.556978">
        <ele>501.437119</ele>
        <time>2026-05-07T22:09:08.289Z</time>
      </trkpt>
      <trkpt lat="50.113409" lon="16.556745">
        <ele>500.606306</ele>
        <time>2026-05-07T22:09:10.491Z</time>
      </trkpt>
      <trkpt lat="50.113221" lon="16.556307">
        <ele>499.487361</ele>
        <time>2026-05-07T22:09:14.506Z</time>
      </trkpt>
      <trkpt lat="50.113219" lon="16.556165">
        <ele>499.185822</ele>
        <time>2026-05-07T22:09:15.650Z</time>
      </trkpt>
      <trkpt lat="50.113269" lon="16.555984">
        <ele>498.767422</ele>
        <time>2026-05-07T22:09:17.328Z</time>
      </trkpt>
      <trkpt lat="50.113343" lon="16.555923">
        <ele>498.490315</ele>
        <time>2026-05-07T22:09:18.518Z</time>
      </trkpt>
      <trkpt lat="50.113441" lon="16.555911">
        <ele>498.164877</ele>
        <time>2026-05-07T22:09:19.968Z</time>
      </trkpt>
      <trkpt lat="50.113557" lon="16.556074">
        <ele>497.647936</ele>
        <time>2026-05-07T22:09:22.436Z</time>
      </trkpt>
      <trkpt lat="50.113559" lon="16.556615">
        <ele>496.499381</ele>
        <time>2026-05-07T22:09:28.411Z</time>
      </trkpt>
      <trkpt lat="50.113604" lon="16.556727">
        <ele>496.218791</ele>
        <time>2026-05-07T22:09:29.797Z</time>
      </trkpt>
      <trkpt lat="50.113908" lon="16.557304">
        <ele>494.311703</ele>
        <time>2026-05-07T22:09:36.865Z</time>
      </trkpt>
      <trkpt lat="50.114006" lon="16.557385">
        <ele>493.717012</ele>
        <time>2026-05-07T22:09:38.319Z</time>
      </trkpt>
      <trkpt lat="50.114086" lon="16.557385">
        <ele>493.288075</ele>
        <time>2026-05-07T22:09:39.320Z</time>
      </trkpt>
      <trkpt lat="50.114141" lon="16.557309">
        <ele>492.894065</ele>
        <time>2026-05-07T22:09:40.231Z</time>
      </trkpt>
      <trkpt lat="50.114205" lon="16.557099">
        <ele>492.094639</ele>
        <time>2026-05-07T22:09:42.035Z</time>
      </trkpt>
      <trkpt lat="50.114179" lon="16.556964">
        <ele>491.609993</ele>
        <time>2026-05-07T22:09:43.090Z</time>
      </trkpt>
      <trkpt lat="50.114036" lon="16.556691">
        <ele>490.398004</ele>
        <time>2026-05-07T22:09:45.770Z</time>
      </trkpt>
      <trkpt lat="50.113985" lon="16.556539">
        <ele>489.808173</ele>
        <time>2026-05-07T22:09:47.033Z</time>
      </trkpt>
      <trkpt lat="50.113994" lon="16.556267">
        <ele>488.871721</ele>
        <time>2026-05-07T22:09:49.019Z</time>
      </trkpt>
      <trkpt lat="50.114121" lon="16.555853">
        <ele>487.293794</ele>
        <time>2026-05-07T22:09:52.319Z</time>
      </trkpt>
      <trkpt lat="50.114151" lon="16.555603">
        <ele>486.419311</ele>
        <time>2026-05-07T22:09:54.149Z</time>
      </trkpt>
      <trkpt lat="50.114125" lon="16.555427">
        <ele>485.798329</ele>
        <time>2026-05-07T22:09:55.445Z</time>
      </trkpt>
      <trkpt lat="50.114319" lon="16.555430">
        <ele>485.168260</ele>
        <time>2026-05-07T22:09:57.688Z</time>
      </trkpt>
      <trkpt lat="50.114522" lon="16.555287">
        <ele>484.626407</ele>
        <time>2026-05-07T22:10:00.323Z</time>
      </trkpt>
      <trkpt lat="50.114835" lon="16.554937">
        <ele>483.689506</ele>
        <time>2026-05-07T22:10:05.217Z</time>
      </trkpt>
      <trkpt lat="50.115200" lon="16.554770">
        <ele>482.764199</ele>
        <time>2026-05-07T22:10:10.927Z</time>
      </trkpt>
      <trkpt lat="50.115515" lon="16.554583">
        <ele>481.944302</ele>
        <time>2026-05-07T22:10:16.442Z</time>
      </trkpt>
      <trkpt lat="50.116596" lon="16.553819">
        <ele>482.302484</ele>
        <time>2026-05-07T22:10:41.095Z</time>
      </trkpt>
      <trkpt lat="50.116695" lon="16.553698">
        <ele>482.474736</ele>
        <time>2026-05-07T22:10:44.302Z</time>
      </trkpt>
      <trkpt lat="50.116852" lon="16.553323">
        <ele>482.868010</ele>
        <time>2026-05-07T22:10:51.448Z</time>
      </trkpt>
      <trkpt lat="50.116948" lon="16.553162">
        <ele>483.061068</ele>
        <time>2026-05-07T22:10:54.879Z</time>
      </trkpt>
      <trkpt lat="50.117507" lon="16.552580">
        <ele>483.975191</ele>
        <time>2026-05-07T22:11:10.670Z</time>
      </trkpt>
      <trkpt lat="50.117635" lon="16.552525">
        <ele>484.154025</ele>
        <time>2026-05-07T22:11:13.607Z</time>
      </trkpt>
      <trkpt lat="50.117745" lon="16.552492">
        <ele>484.304906</ele>
        <time>2026-05-07T22:11:16.016Z</time>
      </trkpt>
      <trkpt lat="50.118476" lon="16.552491">
        <ele>485.289529</ele>
        <time>2026-05-07T22:11:30.768Z</time>
      </trkpt>
      <trkpt lat="50.118657" lon="16.552570">
        <ele>485.542695</ele>
        <time>2026-05-07T22:11:34.372Z</time>
      </trkpt>
      <trkpt lat="50.119481" lon="16.553169">
        <ele>486.578641</ele>
        <time>2026-05-07T22:11:56.721Z</time>
      </trkpt>
      <trkpt lat="50.119579" lon="16.553299">
        <ele>486.708229</ele>
        <time>2026-05-07T22:12:00.221Z</time>
      </trkpt>
      <trkpt lat="50.119656" lon="16.553490">
        <ele>486.853942</ele>
        <time>2026-05-07T22:12:04.068Z</time>
      </trkpt>
      <trkpt lat="50.119833" lon="16.554242">
        <ele>487.371304</ele>
        <time>2026-05-07T22:12:15.590Z</time>
      </trkpt>
      <trkpt lat="50.119903" lon="16.554434">
        <ele>487.513949</ele>
        <time>2026-05-07T22:12:18.133Z</time>
      </trkpt>
      <trkpt lat="50.120122" lon="16.554670">
        <ele>487.782074</ele>
        <time>2026-05-07T22:12:22.416Z</time>
      </trkpt>
      <trkpt lat="50.120233" lon="16.554723">
        <ele>487.709884</ele>
        <time>2026-05-07T22:12:24.102Z</time>
      </trkpt>
      <trkpt lat="50.120392" lon="16.554685">
        <ele>487.420406</ele>
        <time>2026-05-07T22:12:26.345Z</time>
      </trkpt>
      <trkpt lat="50.120890" lon="16.554462">
        <ele>486.487993</ele>
        <time>2026-05-07T22:12:33.329Z</time>
      </trkpt>
      <trkpt lat="50.121237" lon="16.554215">
        <ele>485.801567</ele>
        <time>2026-05-07T22:12:38.357Z</time>
      </trkpt>
      <trkpt lat="50.121646" lon="16.553902">
        <ele>484.981697</ele>
        <time>2026-05-07T22:12:44.629Z</time>
      </trkpt>
      <trkpt lat="50.122019" lon="16.553789">
        <ele>484.682955</ele>
        <time>2026-05-07T22:12:50.661Z</time>
      </trkpt>
      <trkpt lat="50.123640" lon="16.553343">
        <ele>485.579804</ele>
        <time>2026-05-07T22:13:24.396Z</time>
      </trkpt>
      <trkpt lat="50.124131" lon="16.553327">
        <ele>486.275183</ele>
        <time>2026-05-07T22:13:35.456Z</time>
      </trkpt>
      <trkpt lat="50.124840" lon="16.553402">
        <ele>487.281390</ele>
        <time>2026-05-07T22:13:52.211Z</time>
      </trkpt>
      <trkpt lat="50.125487" lon="16.553414">
        <ele>488.196598</ele>
        <time>2026-05-07T22:14:06.768Z</time>
      </trkpt>
      <trkpt lat="50.125723" lon="16.553341">
        <ele>488.533516</ele>
        <time>2026-05-07T22:14:11.695Z</time>
      </trkpt>
      <trkpt lat="50.126333" lon="16.553037">
        <ele>489.430266</ele>
        <time>2026-05-07T22:14:23.617Z</time>
      </trkpt>
      <trkpt lat="50.126656" lon="16.553004">
        <ele>489.883547</ele>
        <time>2026-05-07T22:14:31.424Z</time>
      </trkpt>
      <trkpt lat="50.126993" lon="16.552922">
        <ele>490.361171</ele>
        <time>2026-05-07T22:14:39.743Z</time>
      </trkpt>
      <trkpt lat="50.127042" lon="16.552857">
        <ele>490.451245</ele>
        <time>2026-05-07T22:14:41.260Z</time>
      </trkpt>
      <trkpt lat="50.127064" lon="16.552679">
        <ele>490.613986</ele>
        <time>2026-05-07T22:14:44.049Z</time>
      </trkpt>
      <trkpt lat="50.127059" lon="16.552545">
        <ele>490.850262</ele>
        <time>2026-05-07T22:14:46.303Z</time>
      </trkpt>
      <trkpt lat="50.127023" lon="16.552185">
        <ele>491.533637</ele>
        <time>2026-05-07T22:14:52.014Z</time>
      </trkpt>
      <trkpt lat="50.127018" lon="16.552122">
        <ele>491.652701</ele>
        <time>2026-05-07T22:14:53.174Z</time>
      </trkpt>
      <trkpt lat="50.127181" lon="16.552020">
        <ele>492.166522</ele>
        <time>2026-05-07T22:14:57.956Z</time>
      </trkpt>
      <trkpt lat="50.127311" lon="16.552037">
        <ele>492.548187</ele>
        <time>2026-05-07T22:15:01.772Z</time>
      </trkpt>
      <trkpt lat="50.127578" lon="16.552150">
        <ele>493.357571</ele>
        <time>2026-05-07T22:15:09.695Z</time>
      </trkpt>
      <trkpt lat="50.128042" lon="16.552564">
        <ele>494.921446</ele>
        <time>2026-05-07T22:15:25.755Z</time>
      </trkpt>
      <trkpt lat="50.128242" lon="16.552797">
        <ele>495.651748</ele>
        <time>2026-05-07T22:15:32.024Z</time>
      </trkpt>
      <trkpt lat="50.128566" lon="16.553057">
        <ele>496.479758</ele>
        <time>2026-05-07T22:15:40.941Z</time>
      </trkpt>
      <trkpt lat="50.128771" lon="16.553296">
        <ele>497.013153</ele>
        <time>2026-05-07T22:15:47.702Z</time>
      </trkpt>
      <trkpt lat="50.129227" lon="16.553912">
        <ele>498.270361</ele>
        <time>2026-05-07T22:16:03.292Z</time>
      </trkpt>
      <trkpt lat="50.129517" lon="16.554371">
        <ele>499.131396</ele>
        <time>2026-05-07T22:16:13.490Z</time>
      </trkpt>
      <trkpt lat="50.129818" lon="16.554753">
        <ele>499.525238</ele>
        <time>2026-05-07T22:16:21.837Z</time>
      </trkpt>
      <trkpt lat="50.129981" lon="16.555087">
        <ele>499.313338</ele>
        <time>2026-05-07T22:16:26.717Z</time>
      </trkpt>
      <trkpt lat="50.130061" lon="16.555318">
        <ele>499.180801</ele>
        <time>2026-05-07T22:16:29.454Z</time>
      </trkpt>
      <trkpt lat="50.130139" lon="16.555771">
        <ele>498.944023</ele>
        <time>2026-05-07T22:16:34.283Z</time>
      </trkpt>
      <trkpt lat="50.130152" lon="16.555848">
        <ele>498.903829</ele>
        <time>2026-05-07T22:16:35.110Z</time>
      </trkpt>
      <trkpt lat="50.130092" lon="16.557087">
        <ele>498.276605</ele>
        <time>2026-05-07T22:16:46.457Z</time>
      </trkpt>
      <trkpt lat="50.130065" lon="16.557248">
        <ele>498.192438</ele>
        <time>2026-05-07T22:16:47.939Z</time>
      </trkpt>
      <trkpt lat="50.130005" lon="16.557467">
        <ele>498.071572</ele>
        <time>2026-05-07T22:16:50.051Z</time>
      </trkpt>
      <trkpt lat="50.129862" lon="16.557738">
        <ele>497.893441</ele>
        <time>2026-05-07T22:16:53.334Z</time>
      </trkpt>
      <trkpt lat="50.129713" lon="16.557837">
        <ele>497.765230</ele>
        <time>2026-05-07T22:16:55.814Z</time>
      </trkpt>
      <trkpt lat="50.129179" lon="16.558054">
        <ele>497.328374</ele>
        <time>2026-05-07T22:17:05.207Z</time>
      </trkpt>
      <trkpt lat="50.128968" lon="16.558205">
        <ele>497.144594</ele>
        <time>2026-05-07T22:17:09.239Z</time>
      </trkpt>
      <trkpt lat="50.128532" lon="16.558695">
        <ele>496.884886</ele>
        <time>2026-05-07T22:17:19.206Z</time>
      </trkpt>
      <trkpt lat="50.128443" lon="16.558830">
        <ele>496.991298</ele>
        <time>2026-05-07T22:17:21.669Z</time>
      </trkpt>
      <trkpt lat="50.128361" lon="16.559053">
        <ele>497.132569</ele>
        <time>2026-05-07T22:17:24.978Z</time>
      </trkpt>
      <trkpt lat="50.128279" lon="16.560068">
        <ele>497.694744</ele>
        <time>2026-05-07T22:17:46.156Z</time>
      </trkpt>
      <trkpt lat="50.128283" lon="16.560508">
        <ele>497.936558</ele>
        <time>2026-05-07T22:17:55.514Z</time>
      </trkpt>
      <trkpt lat="50.128321" lon="16.560896">
        <ele>498.152246</ele>
        <time>2026-05-07T22:18:03.878Z</time>
      </trkpt>
      <trkpt lat="50.128560" lon="16.561418">
        <ele>498.734728</ele>
        <time>2026-05-07T22:18:17.919Z</time>
      </trkpt>
      <trkpt lat="50.129129" lon="16.562040">
        <ele>500.164412</ele>
        <time>2026-05-07T22:18:42.869Z</time>
      </trkpt>
      <trkpt lat="50.129290" lon="16.562265">
        <ele>500.609200</ele>
        <time>2026-05-07T22:18:51.185Z</time>
      </trkpt>
      <trkpt lat="50.129743" lon="16.563035">
        <ele>501.987782</ele>
        <time>2026-05-07T22:19:16.038Z</time>
      </trkpt>
      <trkpt lat="50.129931" lon="16.563402">
        <ele>502.807545</ele>
        <time>2026-05-07T22:19:27.061Z</time>
      </trkpt>
      <trkpt lat="50.130471" lon="16.564216">
        <ele>504.899007</ele>
        <time>2026-05-07T22:19:54.977Z</time>
      </trkpt>
      <trkpt lat="50.131104" lon="16.564871">
        <ele>507.014625</ele>
        <time>2026-05-07T22:20:24.905Z</time>
      </trkpt>
      <trkpt lat="50.131595" lon="16.565476">
        <ele>509.744572</ele>
        <time>2026-05-07T22:20:51.961Z</time>
      </trkpt>
      <trkpt lat="50.131883" lon="16.565747">
        <ele>511.223382</ele>
        <time>2026-05-07T22:21:07.089Z</time>
      </trkpt>
      <trkpt lat="50.133075" lon="16.566532">
        <ele>515.970726</ele>
        <time>2026-05-07T22:22:05.297Z</time>
      </trkpt>
      <trkpt lat="50.133520" lon="16.566862">
        <ele>517.092629</ele>
        <time>2026-05-07T22:22:24.636Z</time>
      </trkpt>
      <trkpt lat="50.133774" lon="16.567104">
        <ele>517.770305</ele>
        <time>2026-05-07T22:22:35.146Z</time>
      </trkpt>
      <trkpt lat="50.133890" lon="16.567273">
        <ele>518.131699</ele>
        <time>2026-05-07T22:22:40.340Z</time>
      </trkpt>
      <trkpt lat="50.134325" lon="16.568480">
        <ele>519.357886</ele>
        <time>2026-05-07T22:23:05.689Z</time>
      </trkpt>
      <trkpt lat="50.134380" lon="16.568919">
        <ele>519.538080</ele>
        <time>2026-05-07T22:23:13.843Z</time>
      </trkpt>
      <trkpt lat="50.134383" lon="16.569255">
        <ele>519.673449</ele>
        <time>2026-05-07T22:23:20.321Z</time>
      </trkpt>
      <trkpt lat="50.134330" lon="16.569600">
        <ele>519.816365</ele>
        <time>2026-05-07T22:23:27.674Z</time>
      </trkpt>
      <trkpt lat="50.134220" lon="16.570708">
        <ele>520.270763</ele>
        <time>2026-05-07T22:23:52.937Z</time>
      </trkpt>
      <trkpt lat="50.134342" lon="16.571489">
        <ele>520.605252</ele>
        <time>2026-05-07T22:24:11.871Z</time>
      </trkpt>
      <trkpt lat="50.134588" lon="16.572312">
        <ele>520.983110</ele>
        <time>2026-05-07T22:24:30.733Z</time>
      </trkpt>
      <trkpt lat="50.134763" lon="16.572682">
        <ele>521.174443</ele>
        <time>2026-05-07T22:24:39.017Z</time>
      </trkpt>
      <trkpt lat="50.134990" lon="16.573064">
        <ele>521.281393</ele>
        <time>2026-05-07T22:24:47.962Z</time>
      </trkpt>
      <trkpt lat="50.135083" lon="16.573298">
        <ele>521.067672</ele>
        <time>2026-05-07T22:24:52.619Z</time>
      </trkpt>
      <trkpt lat="50.135184" lon="16.573429">
        <ele>520.908611</ele>
        <time>2026-05-07T22:24:56.064Z</time>
      </trkpt>
      <trkpt lat="50.135496" lon="16.573649">
        <ele>520.493977</ele>
        <time>2026-05-07T22:25:04.973Z</time>
      </trkpt>
      <trkpt lat="50.135866" lon="16.574005">
        <ele>519.967544</ele>
        <time>2026-05-07T22:25:16.309Z</time>
      </trkpt>
      <trkpt lat="50.136112" lon="16.574319">
        <ele>519.582635</ele>
        <time>2026-05-07T22:25:24.665Z</time>
      </trkpt>
      <trkpt lat="50.136694" lon="16.575201">
        <ele>518.769346</ele>
        <time>2026-05-07T22:25:46.689Z</time>
      </trkpt>
      <trkpt lat="50.136933" lon="16.575391">
        <ele>518.540203</ele>
        <time>2026-05-07T22:25:54.055Z</time>
      </trkpt>
      <trkpt lat="50.137259" lon="16.575791">
        <ele>518.185912</ele>
        <time>2026-05-07T22:26:05.618Z</time>
      </trkpt>
      <trkpt lat="50.137872" lon="16.576408">
        <ele>517.676460</ele>
        <time>2026-05-07T22:26:25.359Z</time>
      </trkpt>
      <trkpt lat="50.138032" lon="16.576515">
        <ele>517.751842</ele>
        <time>2026-05-07T22:26:30.161Z</time>
      </trkpt>
      <trkpt lat="50.138224" lon="16.576511">
        <ele>517.834993</ele>
        <time>2026-05-07T22:26:35.552Z</time>
      </trkpt>
      <trkpt lat="50.138477" lon="16.576368">
        <ele>517.951518</ele>
        <time>2026-05-07T22:26:43.222Z</time>
      </trkpt>
      <trkpt lat="50.138647" lon="16.576134">
        <ele>518.049687</ele>
        <time>2026-05-07T22:26:49.764Z</time>
      </trkpt>
      <trkpt lat="50.138728" lon="16.576076">
        <ele>518.088281</ele>
        <time>2026-05-07T22:26:52.350Z</time>
      </trkpt>
      <trkpt lat="50.138842" lon="16.576007">
        <ele>518.141231</ele>
        <time>2026-05-07T22:26:56.040Z</time>
      </trkpt>
      <trkpt lat="50.139276" lon="16.575878">
        <ele>518.332548</ele>
        <time>2026-05-07T22:27:10.351Z</time>
      </trkpt>
      <trkpt lat="50.139535" lon="16.575708">
        <ele>518.806108</ele>
        <time>2026-05-07T22:27:20.656Z</time>
      </trkpt>
      <trkpt lat="50.139703" lon="16.575534">
        <ele>519.720657</ele>
        <time>2026-05-07T22:27:28.792Z</time>
      </trkpt>
      <trkpt lat="50.139894" lon="16.575257">
        <ele>520.903349</ele>
        <time>2026-05-07T22:27:39.967Z</time>
      </trkpt>
      <trkpt lat="50.140092" lon="16.574866">
        <ele>522.351875</ele>
        <time>2026-05-07T22:27:50.958Z</time>
      </trkpt>
      <trkpt lat="50.140539" lon="16.573769">
        <ele>526.130547</ele>
        <time>2026-05-07T22:28:22.045Z</time>
      </trkpt>
      <trkpt lat="50.141157" lon="16.572385">
        <ele>534.495473</ele>
        <time>2026-05-07T22:29:05.189Z</time>
      </trkpt>
      <trkpt lat="50.141254" lon="16.572056">
        <ele>536.365392</ele>
        <time>2026-05-07T22:29:15.613Z</time>
      </trkpt>
      <trkpt lat="50.141230" lon="16.571879">
        <ele>537.299557</ele>
        <time>2026-05-07T22:29:22.298Z</time>
      </trkpt>
      <trkpt lat="50.141123" lon="16.571704">
        <ele>538.548419</ele>
        <time>2026-05-07T22:29:31.580Z</time>
      </trkpt>
      <trkpt lat="50.140743" lon="16.571336">
        <ele>542.860751</ele>
        <time>2026-05-07T22:30:00.504Z</time>
      </trkpt>
      <trkpt lat="50.139105" lon="16.569861">
        <ele>567.139414</ele>
        <time>2026-05-07T22:32:24.070Z</time>
      </trkpt>
      <trkpt lat="50.139095" lon="16.569851">
        <ele>567.250211</ele>
        <time>2026-05-07T22:32:24.879Z</time>
      </trkpt>
      <trkpt lat="50.138632" lon="16.569384">
        <ele>572.393089</ele>
        <time>2026-05-07T22:32:59.881Z</time>
      </trkpt>
      <trkpt lat="50.138997" lon="16.568361">
        <ele>579.393180</ele>
        <time>2026-05-07T22:33:39.987Z</time>
      </trkpt>
      <trkpt lat="50.140377" lon="16.564760">
        <ele>599.940131</ele>
        <time>2026-05-07T22:35:56.410Z</time>
      </trkpt>
      <trkpt lat="50.140404" lon="16.564685">
        <ele>600.479026</ele>
        <time>2026-05-07T22:35:59.885Z</time>
      </trkpt>
      <trkpt lat="50.141249" lon="16.562336">
        <ele>616.355695</ele>
        <time>2026-05-07T22:37:56.534Z</time>
      </trkpt>
      <trkpt lat="50.142283" lon="16.559717">
        <ele>628.225719</ele>
        <time>2026-05-07T22:39:34.191Z</time>
      </trkpt>
      <trkpt lat="50.143062" lon="16.557708">
        <ele>630.556596</ele>
        <time>2026-05-07T22:40:20.105Z</time>
      </trkpt>
      <trkpt lat="50.143690" lon="16.556010">
        <ele>629.235439</ele>
        <time>2026-05-07T22:40:52.235Z</time>
      </trkpt>
      <trkpt lat="50.144645" lon="16.553516">
        <ele>627.481464</ele>
        <time>2026-05-07T22:41:42.243Z</time>
      </trkpt>
      <trkpt lat="50.144948" lon="16.552702">
        <ele>627.295940</ele>
        <time>2026-05-07T22:42:01.381Z</time>
      </trkpt>
      <trkpt lat="50.145270" lon="16.551838">
        <ele>627.098960</ele>
        <time>2026-05-07T22:42:21.202Z</time>
      </trkpt>
      <trkpt lat="50.146195" lon="16.549518">
        <ele>626.386773</ele>
        <time>2026-05-07T22:43:07.312Z</time>
      </trkpt>
      <trkpt lat="50.146600" lon="16.548334">
        <ele>627.244763</ele>
        <time>2026-05-07T22:43:34.275Z</time>
      </trkpt>
      <trkpt lat="50.147154" lon="16.546833">
        <ele>631.805836</ele>
        <time>2026-05-07T22:44:21.780Z</time>
      </trkpt>
      <trkpt lat="50.147290" lon="16.546478">
        <ele>632.894910</ele>
        <time>2026-05-07T22:44:35.105Z</time>
      </trkpt>
      <trkpt lat="50.147442" lon="16.546337">
        <ele>633.717724</ele>
        <time>2026-05-07T22:44:44.246Z</time>
      </trkpt>
      <trkpt lat="50.147940" lon="16.546138">
        <ele>637.701257</ele>
        <time>2026-05-07T22:45:11.925Z</time>
      </trkpt>
      <trkpt lat="50.148013" lon="16.546066">
        <ele>638.370449</ele>
        <time>2026-05-07T22:45:16.736Z</time>
      </trkpt>
      <trkpt lat="50.148069" lon="16.545959">
        <ele>639.056462</ele>
        <time>2026-05-07T22:45:21.708Z</time>
      </trkpt>
      <trkpt lat="50.149319" lon="16.542520">
        <ele>656.985386</ele>
        <time>2026-05-07T22:47:43.343Z</time>
      </trkpt>
      <trkpt lat="50.150182" lon="16.540132">
        <ele>661.049523</ele>
        <time>2026-05-07T22:48:23.499Z</time>
      </trkpt>
      <trkpt lat="50.152600" lon="16.533461">
        <ele>658.323958</ele>
        <time>2026-05-07T22:49:41.494Z</time>
      </trkpt>
      <trkpt lat="50.152801" lon="16.532906">
        <ele>658.026788</ele>
        <time>2026-05-07T22:49:47.790Z</time>
      </trkpt>
      <trkpt lat="50.152921" lon="16.532587">
        <ele>657.854359</ele>
        <time>2026-05-07T22:49:54.140Z</time>
      </trkpt>
      <trkpt lat="50.153328" lon="16.531506">
        <ele>658.368774</ele>
        <time>2026-05-07T22:50:17.334Z</time>
      </trkpt>
      <trkpt lat="50.153433" lon="16.531337">
        <ele>658.547926</ele>
        <time>2026-05-07T22:50:22.153Z</time>
      </trkpt>
      <trkpt lat="50.153555" lon="16.531202">
        <ele>658.725558</ele>
        <time>2026-05-07T22:50:27.101Z</time>
      </trkpt>
      <trkpt lat="50.153682" lon="16.531154">
        <ele>658.880763</ele>
        <time>2026-05-07T22:50:31.588Z</time>
      </trkpt>
      <trkpt lat="50.153844" lon="16.531143">
        <ele>659.073361</ele>
        <time>2026-05-07T22:50:37.278Z</time>
      </trkpt>
      <trkpt lat="50.153993" lon="16.531178">
        <ele>659.252330</ele>
        <time>2026-05-07T22:50:42.723Z</time>
      </trkpt>
      <trkpt lat="50.154425" lon="16.531146">
        <ele>659.766017</ele>
        <time>2026-05-07T22:50:58.910Z</time>
      </trkpt>
      <trkpt lat="50.154671" lon="16.531087">
        <ele>660.174504</ele>
        <time>2026-05-07T22:51:08.653Z</time>
      </trkpt>
      <trkpt lat="50.154854" lon="16.530977">
        <ele>660.517896</ele>
        <time>2026-05-07T22:51:16.537Z</time>
      </trkpt>
      <trkpt lat="50.155352" lon="16.530596">
        <ele>661.489069</ele>
        <time>2026-05-07T22:51:38.189Z</time>
      </trkpt>
      <trkpt lat="50.155776" lon="16.530028">
        <ele>662.467507</ele>
        <time>2026-05-07T22:51:57.858Z</time>
      </trkpt>
      <trkpt lat="50.156252" lon="16.529721">
        <ele>662.195235</ele>
        <time>2026-05-07T22:52:12.921Z</time>
      </trkpt>
      <trkpt lat="50.156448" lon="16.529332">
        <ele>661.104851</ele>
        <time>2026-05-07T22:52:21.198Z</time>
      </trkpt>
      <trkpt lat="50.157599" lon="16.526181">
        <ele>650.298232</ele>
        <time>2026-05-07T22:53:12.365Z</time>
      </trkpt>
      <trkpt lat="50.158675" lon="16.523097">
        <ele>636.594942</ele>
        <time>2026-05-07T22:53:58.372Z</time>
      </trkpt>
      <trkpt lat="50.159587" lon="16.520687">
        <ele>633.773644</ele>
        <time>2026-05-07T22:54:49.859Z</time>
      </trkpt>
      <trkpt lat="50.159659" lon="16.520487">
        <ele>633.664944</ele>
        <time>2026-05-07T22:54:54.602Z</time>
      </trkpt>
      <trkpt lat="50.159955" lon="16.519791">
        <ele>632.834238</ele>
        <time>2026-05-07T22:55:04.348Z</time>
      </trkpt>
      <trkpt lat="50.161207" lon="16.516134">
        <ele>628.032461</ele>
        <time>2026-05-07T22:55:40.432Z</time>
      </trkpt>
      <trkpt lat="50.161307" lon="16.515857">
        <ele>627.669978</ele>
        <time>2026-05-07T22:55:43.347Z</time>
      </trkpt>
      <trkpt lat="50.161927" lon="16.514122">
        <ele>628.527827</ele>
        <time>2026-05-07T22:56:06.875Z</time>
      </trkpt>
      <trkpt lat="50.162591" lon="16.513500">
        <ele>629.740823</ele>
        <time>2026-05-07T22:56:27.314Z</time>
      </trkpt>
      <trkpt lat="50.162952" lon="16.513323">
        <ele>631.399441</ele>
        <time>2026-05-07T22:56:39.064Z</time>
      </trkpt>
      <trkpt lat="50.163685" lon="16.512856">
        <ele>635.575729</ele>
        <time>2026-05-07T22:57:06.208Z</time>
      </trkpt>
      <trkpt lat="50.165073" lon="16.511585">
        <ele>645.203443</ele>
        <time>2026-05-07T22:58:07.558Z</time>
      </trkpt>
      <trkpt lat="50.165697" lon="16.510952">
        <ele>650.081920</ele>
        <time>2026-05-07T22:58:37.576Z</time>
      </trkpt>
      <trkpt lat="50.166575" lon="16.509969">
        <ele>655.905205</ele>
        <time>2026-05-07T22:59:19.025Z</time>
      </trkpt>
      <trkpt lat="50.166876" lon="16.509581">
        <ele>657.927123</ele>
        <time>2026-05-07T22:59:32.263Z</time>
      </trkpt>
      <trkpt lat="50.167170" lon="16.509279">
        <ele>659.750070</ele>
        <time>2026-05-07T22:59:42.894Z</time>
      </trkpt>
      <trkpt lat="50.167786" lon="16.508534">
        <ele>662.470382</ele>
        <time>2026-05-07T23:00:02.646Z</time>
      </trkpt>
      <trkpt lat="50.168335" lon="16.507763">
        <ele>664.773441</ele>
        <time>2026-05-07T23:00:21.770Z</time>
      </trkpt>
      <trkpt lat="50.168491" lon="16.507631">
        <ele>665.326843</ele>
        <time>2026-05-07T23:00:26.950Z</time>
      </trkpt>
      <trkpt lat="50.168600" lon="16.507583">
        <ele>665.680059</ele>
        <time>2026-05-07T23:00:30.376Z</time>
      </trkpt>
      <trkpt lat="50.168717" lon="16.507570">
        <ele>666.045884</ele>
        <time>2026-05-07T23:00:34.025Z</time>
      </trkpt>
      <trkpt lat="50.168857" lon="16.507601">
        <ele>666.804129</ele>
        <time>2026-05-07T23:00:38.512Z</time>
      </trkpt>
      <trkpt lat="50.169098" lon="16.507699">
        <ele>668.199714</ele>
        <time>2026-05-07T23:00:46.679Z</time>
      </trkpt>
      <trkpt lat="50.169656" lon="16.508052">
        <ele>671.573613</ele>
        <time>2026-05-07T23:01:08.074Z</time>
      </trkpt>
      <trkpt lat="50.170373" lon="16.508178">
        <ele>675.616940</ele>
        <time>2026-05-07T23:01:36.382Z</time>
      </trkpt>
      <trkpt lat="50.171430" lon="16.508590">
        <ele>681.020699</ele>
        <time>2026-05-07T23:02:17.862Z</time>
      </trkpt>
      <trkpt lat="50.171705" lon="16.508613">
        <ele>682.369095</ele>
        <time>2026-05-07T23:02:26.895Z</time>
      </trkpt>
      <trkpt lat="50.171991" lon="16.508576">
        <ele>683.774218</ele>
        <time>2026-05-07T23:02:35.269Z</time>
      </trkpt>
      <trkpt lat="50.172154" lon="16.508512">
        <ele>684.597155</ele>
        <time>2026-05-07T23:02:39.688Z</time>
      </trkpt>
      <trkpt lat="50.172496" lon="16.508503">
        <ele>685.403751</ele>
        <time>2026-05-07T23:02:47.668Z</time>
      </trkpt>
      <trkpt lat="50.173080" lon="16.508603">
        <ele>686.355266</ele>
        <time>2026-05-07T23:02:59.404Z</time>
      </trkpt>
      <trkpt lat="50.173231" lon="16.508675">
        <ele>686.610975</ele>
        <time>2026-05-07T23:03:02.396Z</time>
      </trkpt>
      <trkpt lat="50.173421" lon="16.508848">
        <ele>686.967200</ele>
        <time>2026-05-07T23:03:06.708Z</time>
      </trkpt>
      <trkpt lat="50.175944" lon="16.510001">
        <ele>693.912759</ele>
        <time>2026-05-07T23:04:13.322Z</time>
      </trkpt>
      <trkpt lat="50.177999" lon="16.511007">
        <ele>706.378791</ele>
        <time>2026-05-07T23:05:34.031Z</time>
      </trkpt>
      <trkpt lat="50.178692" lon="16.510867">
        <ele>711.163926</ele>
        <time>2026-05-07T23:06:03.920Z</time>
      </trkpt>
      <trkpt lat="50.179634" lon="16.510424">
        <ele>716.821241</ele>
        <time>2026-05-07T23:06:42.937Z</time>
      </trkpt>
      <trkpt lat="50.179939" lon="16.510232">
        <ele>718.364192</ele>
        <time>2026-05-07T23:06:54.145Z</time>
      </trkpt>
      <trkpt lat="50.180382" lon="16.509953">
        <ele>720.605406</ele>
        <time>2026-05-07T23:07:09.277Z</time>
      </trkpt>
      <trkpt lat="50.180615" lon="16.509947">
        <ele>721.698781</ele>
        <time>2026-05-07T23:07:16.108Z</time>
      </trkpt>
      <trkpt lat="50.181198" lon="16.509765">
        <ele>723.631145</ele>
        <time>2026-05-07T23:07:31.050Z</time>
      </trkpt>
      <trkpt lat="50.181451" lon="16.509529">
        <ele>724.262486</ele>
        <time>2026-05-07T23:07:37.813Z</time>
      </trkpt>
      <trkpt lat="50.181560" lon="16.509259">
        <ele>724.700350</ele>
        <time>2026-05-07T23:07:42.348Z</time>
      </trkpt>
      <trkpt lat="50.181708" lon="16.508624">
        <ele>725.627381</ele>
        <time>2026-05-07T23:07:52.161Z</time>
      </trkpt>
      <trkpt lat="50.181983" lon="16.507712">
        <ele>727.332719</ele>
        <time>2026-05-07T23:08:08.095Z</time>
      </trkpt>
      <trkpt lat="50.182139" lon="16.507505">
        <ele>728.345910</ele>
        <time>2026-05-07T23:08:13.633Z</time>
      </trkpt>
      <trkpt lat="50.182279" lon="16.507443">
        <ele>729.066148</ele>
        <time>2026-05-07T23:08:17.903Z</time>
      </trkpt>
      <trkpt lat="50.182402" lon="16.507466">
        <ele>729.679272</ele>
        <time>2026-05-07T23:08:21.740Z</time>
      </trkpt>
      <trkpt lat="50.182556" lon="16.507558">
        <ele>730.495346</ele>
        <time>2026-05-07T23:08:27.084Z</time>
      </trkpt>
      <trkpt lat="50.183454" lon="16.508769">
        <ele>736.450219</ele>
        <time>2026-05-07T23:09:11.584Z</time>
      </trkpt>
      <trkpt lat="50.183838" lon="16.509208">
        <ele>739.082816</ele>
        <time>2026-05-07T23:09:31.037Z</time>
      </trkpt>
      <trkpt lat="50.184103" lon="16.509572">
        <ele>741.035114</ele>
        <time>2026-05-07T23:09:44.328Z</time>
      </trkpt>
      <trkpt lat="50.184404" lon="16.509874">
        <ele>743.014230</ele>
        <time>2026-05-07T23:09:56.877Z</time>
      </trkpt>
      <trkpt lat="50.184625" lon="16.509940">
        <ele>744.258929</ele>
        <time>2026-05-07T23:10:04.210Z</time>
      </trkpt>
      <trkpt lat="50.184764" lon="16.509851">
        <ele>745.089978</ele>
        <time>2026-05-07T23:10:08.915Z</time>
      </trkpt>
      <trkpt lat="50.185085" lon="16.509562">
        <ele>746.073473</ele>
        <time>2026-05-07T23:10:19.821Z</time>
      </trkpt>
      <trkpt lat="50.185223" lon="16.509486">
        <ele>746.316414</ele>
        <time>2026-05-07T23:10:23.835Z</time>
      </trkpt>
      <trkpt lat="50.185611" lon="16.509385">
        <ele>746.969472</ele>
        <time>2026-05-07T23:10:33.034Z</time>
      </trkpt>
      <trkpt lat="50.186201" lon="16.509010">
        <ele>748.027023</ele>
        <time>2026-05-07T23:10:46.296Z</time>
      </trkpt>
      <trkpt lat="50.186335" lon="16.508980">
        <ele>748.251769</ele>
        <time>2026-05-07T23:10:48.864Z</time>
      </trkpt>
      <trkpt lat="50.186979" lon="16.509093">
        <ele>748.437129</ele>
        <time>2026-05-07T23:11:00.314Z</time>
      </trkpt>
      <trkpt lat="50.187016" lon="16.509099">
        <ele>748.423051</ele>
        <time>2026-05-07T23:11:00.940Z</time>
      </trkpt>
      <trkpt lat="50.187121" lon="16.509098">
        <ele>748.383312</ele>
        <time>2026-05-07T23:11:02.684Z</time>
      </trkpt>
      <trkpt lat="50.187300" lon="16.509066">
        <ele>748.315126</ele>
        <time>2026-05-07T23:11:05.629Z</time>
      </trkpt>
      <trkpt lat="50.187402" lon="16.509009">
        <ele>748.274127</ele>
        <time>2026-05-07T23:11:07.377Z</time>
      </trkpt>
      <trkpt lat="50.187465" lon="16.509053">
        <ele>748.248008</ele>
        <time>2026-05-07T23:11:08.493Z</time>
      </trkpt>
      <trkpt lat="50.187596" lon="16.509054">
        <ele>748.198430</ele>
        <time>2026-05-07T23:11:10.595Z</time>
      </trkpt>
      <trkpt lat="50.187614" lon="16.509046">
        <ele>748.191347</ele>
        <time>2026-05-07T23:11:10.891Z</time>
      </trkpt>
      <trkpt lat="50.187732" lon="16.508993">
        <ele>748.144879</ele>
        <time>2026-05-07T23:11:12.853Z</time>
      </trkpt>
      <trkpt lat="50.187613" lon="16.508825">
        <ele>748.084170</ele>
        <time>2026-05-07T23:11:15.398Z</time>
      </trkpt>
      <trkpt lat="50.188097" lon="16.509110">
        <ele>748.038915</ele>
        <time>2026-05-07T23:11:23.538Z</time>
      </trkpt>
      <trkpt lat="50.188126" lon="16.509130">
        <ele>748.081096</ele>
        <time>2026-05-07T23:11:24.043Z</time>
      </trkpt>
      <trkpt lat="50.188323" lon="16.509266">
        <ele>748.367683</ele>
        <time>2026-05-07T23:11:27.685Z</time>
      </trkpt>
      <trkpt lat="50.188537" lon="16.509419">
        <ele>748.680841</ele>
        <time>2026-05-07T23:11:32.028Z</time>
      </trkpt>
      <trkpt lat="50.188755" lon="16.509626">
        <ele>749.020304</ele>
        <time>2026-05-07T23:11:37.156Z</time>
      </trkpt>
      <trkpt lat="50.189056" lon="16.510133">
        <ele>749.609333</ele>
        <time>2026-05-07T23:11:47.547Z</time>
      </trkpt>
      <trkpt lat="50.189851" lon="16.511558">
        <ele>754.125504</ele>
        <time>2026-05-07T23:12:24.657Z</time>
      </trkpt>
      <trkpt lat="50.190460" lon="16.512619">
        <ele>759.239305</ele>
        <time>2026-05-07T23:13:01.621Z</time>
      </trkpt>
      <trkpt lat="50.191961" lon="16.515378">
        <ele>778.925120</ele>
        <time>2026-05-07T23:14:50.182Z</time>
      </trkpt>
      <trkpt lat="50.193356" lon="16.517848">
        <ele>800.828720</ele>
        <time>2026-05-07T23:16:49.926Z</time>
      </trkpt>
      <trkpt lat="50.193417" lon="16.517670">
        <ele>802.058671</ele>
        <time>2026-05-07T23:16:56.501Z</time>
      </trkpt>
      <trkpt lat="50.193680" lon="16.516464">
        <ele>809.820078</ele>
        <time>2026-05-07T23:17:35.221Z</time>
      </trkpt>
      <trkpt lat="50.193787" lon="16.516088">
        <ele>812.288786</ele>
        <time>2026-05-07T23:17:46.861Z</time>
      </trkpt>
      <trkpt lat="50.193934" lon="16.515775">
        <ele>814.364059</ele>
        <time>2026-05-07T23:17:57.636Z</time>
      </trkpt>
      <trkpt lat="50.194072" lon="16.515594">
        <ele>815.868809</ele>
        <time>2026-05-07T23:18:05.703Z</time>
      </trkpt>
      <trkpt lat="50.194303" lon="16.515368">
        <ele>818.144923</ele>
        <time>2026-05-07T23:18:18.246Z</time>
      </trkpt>
      <trkpt lat="50.194588" lon="16.515193">
        <ele>820.702117</ele>
        <time>2026-05-07T23:18:32.699Z</time>
      </trkpt>
      <trkpt lat="50.194684" lon="16.515097">
        <ele>821.653975</ele>
        <time>2026-05-07T23:18:38.187Z</time>
      </trkpt>
      <trkpt lat="50.194871" lon="16.514700">
        <ele>824.288874</ele>
        <time>2026-05-07T23:18:53.341Z</time>
      </trkpt>
      <trkpt lat="50.194989" lon="16.514548">
        <ele>825.566068</ele>
        <time>2026-05-07T23:19:00.645Z</time>
      </trkpt>
      <trkpt lat="50.195469" lon="16.514205">
        <ele>829.653050</ele>
        <time>2026-05-07T23:19:26.064Z</time>
      </trkpt>
      <trkpt lat="50.195949" lon="16.513713">
        <ele>833.923609</ele>
        <time>2026-05-07T23:19:52.675Z</time>
      </trkpt>
      <trkpt lat="50.196062" lon="16.513642">
        <ele>834.829617</ele>
        <time>2026-05-07T23:19:57.926Z</time>
      </trkpt>
      <trkpt lat="50.196229" lon="16.513620">
        <ele>836.076270</ele>
        <time>2026-05-07T23:20:05.014Z</time>
      </trkpt>
      <trkpt lat="50.196292" lon="16.513642">
        <ele>836.556468</ele>
        <time>2026-05-07T23:20:07.808Z</time>
      </trkpt>
      <trkpt lat="50.196443" lon="16.513690">
        <ele>837.702715</ele>
        <time>2026-05-07T23:20:14.095Z</time>
      </trkpt>
      <trkpt lat="50.196727" lon="16.513644">
        <ele>839.826598</ele>
        <time>2026-05-07T23:20:25.339Z</time>
      </trkpt>
      <trkpt lat="50.196874" lon="16.513548">
        <ele>840.834022</ele>
        <time>2026-05-07T23:20:31.451Z</time>
      </trkpt>
      <trkpt lat="50.196974" lon="16.513432">
        <ele>841.484146</ele>
        <time>2026-05-07T23:20:36.130Z</time>
      </trkpt>
      <trkpt lat="50.198392" lon="16.511134">
        <ele>853.145969</ele>
        <time>2026-05-07T23:21:48.672Z</time>
      </trkpt>
      <trkpt lat="50.198519" lon="16.511003">
        <ele>854.278157</ele>
        <time>2026-05-07T23:21:54.957Z</time>
      </trkpt>
      <trkpt lat="50.199151" lon="16.510718">
        <ele>859.171850</ele>
        <time>2026-05-07T23:22:24.807Z</time>
      </trkpt>
      <trkpt lat="50.199932" lon="16.510192">
        <ele>865.955200</ele>
        <time>2026-05-07T23:23:06.974Z</time>
      </trkpt>
      <trkpt lat="50.200066" lon="16.510196">
        <ele>867.148829</ele>
        <time>2026-05-07T23:23:13.684Z</time>
      </trkpt>
      <trkpt lat="50.200483" lon="16.510314">
        <ele>870.923086</ele>
        <time>2026-05-07T23:23:34.967Z</time>
      </trkpt>
      <trkpt lat="50.200596" lon="16.510311">
        <ele>871.929616</ele>
        <time>2026-05-07T23:23:40.565Z</time>
      </trkpt>
      <trkpt lat="50.200704" lon="16.510248">
        <ele>872.956334</ele>
        <time>2026-05-07T23:23:46.239Z</time>
      </trkpt>
      <trkpt lat="50.200804" lon="16.510059">
        <ele>874.354212</ele>
        <time>2026-05-07T23:23:53.935Z</time>
      </trkpt>
      <trkpt lat="50.201079" lon="16.509314">
        <ele>879.248408</ele>
        <time>2026-05-07T23:24:19.819Z</time>
      </trkpt>
      <trkpt lat="50.201161" lon="16.509244">
        <ele>879.948469</ele>
        <time>2026-05-07T23:24:24.036Z</time>
      </trkpt>
      <trkpt lat="50.201364" lon="16.509286">
        <ele>881.482588</ele>
        <time>2026-05-07T23:24:33.089Z</time>
      </trkpt>
      <trkpt lat="50.201756" lon="16.509493">
        <ele>884.582610</ele>
        <time>2026-05-07T23:24:51.338Z</time>
      </trkpt>
      <trkpt lat="50.202116" lon="16.509661">
        <ele>887.397420</ele>
        <time>2026-05-07T23:25:07.601Z</time>
      </trkpt>
      <trkpt lat="50.203219" lon="16.509961">
        <ele>895.867471</ele>
        <time>2026-05-07T23:25:55.255Z</time>
      </trkpt>
      <trkpt lat="50.203395" lon="16.510034">
        <ele>897.267842</ele>
        <time>2026-05-07T23:26:03.360Z</time>
      </trkpt>
      <trkpt lat="50.204349" lon="16.510699">
        <ele>905.301439</ele>
        <time>2026-05-07T23:26:50.862Z</time>
      </trkpt>
      <trkpt lat="50.204841" lon="16.511041">
        <ele>909.310586</ele>
        <time>2026-05-07T23:27:15.321Z</time>
      </trkpt>
      <trkpt lat="50.205517" lon="16.511879">
        <ele>915.647881</ele>
        <time>2026-05-07T23:27:52.450Z</time>
      </trkpt>
      <trkpt lat="50.205641" lon="16.511965">
        <ele>916.644213</ele>
        <time>2026-05-07T23:27:58.205Z</time>
      </trkpt>
      <trkpt lat="50.205907" lon="16.512050">
        <ele>918.638131</ele>
        <time>2026-05-07T23:28:09.703Z</time>
      </trkpt>
      <trkpt lat="50.206239" lon="16.512059">
        <ele>920.870343</ele>
        <time>2026-05-07T23:28:23.674Z</time>
      </trkpt>
      <trkpt lat="50.206360" lon="16.511920">
        <ele>921.805552</ele>
        <time>2026-05-07T23:28:29.966Z</time>
      </trkpt>
      <trkpt lat="50.206729" lon="16.511268">
        <ele>925.274281</ele>
        <time>2026-05-07T23:28:52.981Z</time>
      </trkpt>
      <trkpt lat="50.206921" lon="16.511153">
        <ele>926.554713</ele>
        <time>2026-05-07T23:29:01.366Z</time>
      </trkpt>
      <trkpt lat="50.207417" lon="16.510964">
        <ele>929.733853</ele>
        <time>2026-05-07T23:29:21.425Z</time>
      </trkpt>
      <trkpt lat="50.207810" lon="16.510665">
        <ele>931.847222</ele>
        <time>2026-05-07T23:29:36.983Z</time>
      </trkpt>
      <trkpt lat="50.208472" lon="16.510495">
        <ele>934.369246</ele>
        <time>2026-05-07T23:29:58.357Z</time>
      </trkpt>
      <trkpt lat="50.208948" lon="16.510452">
        <ele>936.161648</ele>
        <time>2026-05-07T23:30:12.844Z</time>
      </trkpt>
      <trkpt lat="50.209069" lon="16.510441">
        <ele>936.617289</ele>
        <time>2026-05-07T23:30:16.504Z</time>
      </trkpt>
      <trkpt lat="50.209610" lon="16.510345">
        <ele>938.311010</ele>
        <time>2026-05-07T23:30:32.410Z</time>
      </trkpt>
      <trkpt lat="50.209894" lon="16.510268">
        <ele>939.005095</ele>
        <time>2026-05-07T23:30:40.581Z</time>
      </trkpt>
      <trkpt lat="50.210071" lon="16.510176">
        <ele>939.454269</ele>
        <time>2026-05-07T23:30:45.852Z</time>
      </trkpt>
      <trkpt lat="50.210496" lon="16.510068">
        <ele>940.491105</ele>
        <time>2026-05-07T23:30:57.759Z</time>
      </trkpt>
      <trkpt lat="50.211506" lon="16.510119">
        <ele>942.637747</ele>
        <time>2026-05-07T23:31:23.552Z</time>
      </trkpt>
      <trkpt lat="50.212828" lon="16.510179">
        <ele>944.820869</ele>
        <time>2026-05-07T23:31:57.477Z</time>
      </trkpt>
      <trkpt lat="50.213762" lon="16.510222">
        <ele>945.183384</ele>
        <time>2026-05-07T23:32:18.293Z</time>
      </trkpt>
      <trkpt lat="50.213956" lon="16.510155">
        <ele>945.231231</ele>
        <time>2026-05-07T23:32:22.000Z</time>
      </trkpt>
      <trkpt lat="50.214912" lon="16.509558">
        <ele>945.838955</ele>
        <time>2026-05-07T23:32:40.461Z</time>
      </trkpt>
      <trkpt lat="50.216014" lon="16.509022">
        <ele>947.675506</ele>
        <time>2026-05-07T23:33:07.372Z</time>
      </trkpt>
      <trkpt lat="50.216514" lon="16.508858">
        <ele>949.034015</ele>
        <time>2026-05-07T23:33:24.377Z</time>
      </trkpt>
      <trkpt lat="50.216715" lon="16.508871">
        <ele>950.180408</ele>
        <time>2026-05-07T23:33:31.249Z</time>
      </trkpt>
      <trkpt lat="50.217311" lon="16.509089">
        <ele>953.668540</ele>
        <time>2026-05-07T23:33:54.155Z</time>
      </trkpt>
      <trkpt lat="50.217203" lon="16.509200">
        <ele>954.405151</ele>
        <time>2026-05-07T23:34:00.623Z</time>
      </trkpt>
      <trkpt lat="50.216899" lon="16.509367">
        <ele>956.241426</ele>
        <time>2026-05-07T23:34:17.013Z</time>
      </trkpt>
      <trkpt lat="50.216601" lon="16.509753">
        <ele>958.447081</ele>
        <time>2026-05-07T23:34:36.964Z</time>
      </trkpt>
      <trkpt lat="50.215985" lon="16.510773">
        <ele>965.342834</ele>
        <time>2026-05-07T23:35:24.366Z</time>
      </trkpt>
      <trkpt lat="50.215556" lon="16.511643">
        <ele>970.765126</ele>
        <time>2026-05-07T23:36:04.317Z</time>
      </trkpt>
      <trkpt lat="50.215478" lon="16.511908">
        <ele>972.205144</ele>
        <time>2026-05-07T23:36:15.126Z</time>
      </trkpt>
      <trkpt lat="50.215448" lon="16.512268">
        <ele>973.029418</ele>
        <time>2026-05-07T23:36:28.529Z</time>
      </trkpt>
      <trkpt lat="50.215447" lon="16.512609">
        <ele>973.690662</ele>
        <time>2026-05-07T23:36:40.510Z</time>
      </trkpt>
      <trkpt lat="50.215518" lon="16.512757">
        <ele>974.049345</ele>
        <time>2026-05-07T23:36:46.668Z</time>
      </trkpt>
      <trkpt lat="50.215587" lon="16.512779">
        <ele>974.262745</ele>
        <time>2026-05-07T23:36:50.160Z</time>
      </trkpt>
      <trkpt lat="50.215746" lon="16.512570">
        <ele>974.892346</ele>
        <time>2026-05-07T23:36:59.900Z</time>
      </trkpt>
      <trkpt lat="50.215830" lon="16.512578">
        <ele>975.147365</ele>
        <time>2026-05-07T23:37:02.596Z</time>
      </trkpt>
      <trkpt lat="50.215887" lon="16.512628">
        <ele>975.345445</ele>
        <time>2026-05-07T23:37:04.677Z</time>
      </trkpt>
      <trkpt lat="50.215998" lon="16.512828">
        <ele>975.858811</ele>
        <time>2026-05-07T23:37:09.373Z</time>
      </trkpt>
      <trkpt lat="50.216135" lon="16.512864">
        <ele>976.279794</ele>
        <time>2026-05-07T23:37:12.662Z</time>
      </trkpt>
      <trkpt lat="50.216207" lon="16.512788">
        <ele>976.543084</ele>
        <time>2026-05-07T23:37:14.404Z</time>
      </trkpt>
      <trkpt lat="50.216135" lon="16.512864">
        <ele>976.806375</ele>
        <time>2026-05-07T23:37:16.089Z</time>
      </trkpt>
      <trkpt lat="50.215998" lon="16.512828">
        <ele>977.227357</ele>
        <time>2026-05-07T23:37:18.436Z</time>
      </trkpt>
      <trkpt lat="50.215887" lon="16.512628">
        <ele>977.740724</ele>
        <time>2026-05-07T23:37:21.058Z</time>
      </trkpt>
      <trkpt lat="50.215830" lon="16.512578">
        <ele>977.660694</ele>
        <time>2026-05-07T23:37:21.993Z</time>
      </trkpt>
      <trkpt lat="50.215746" lon="16.512570">
        <ele>977.082016</ele>
        <time>2026-05-07T23:37:23.198Z</time>
      </trkpt>
      <trkpt lat="50.215587" lon="16.512779">
        <ele>975.653353</ele>
        <time>2026-05-07T23:37:27.700Z</time>
      </trkpt>
      <trkpt lat="50.215518" lon="16.512757">
        <ele>975.169116</ele>
        <time>2026-05-07T23:37:29.192Z</time>
      </trkpt>
      <trkpt lat="50.215447" lon="16.512609">
        <ele>974.355210</ele>
        <time>2026-05-07T23:37:31.650Z</time>
      </trkpt>
      <trkpt lat="50.215448" lon="16.512268">
        <ele>972.854746</ele>
        <time>2026-05-07T23:37:36.100Z</time>
      </trkpt>
      <trkpt lat="50.215478" lon="16.511908">
        <ele>971.257319</ele>
        <time>2026-05-07T23:37:40.757Z</time>
      </trkpt>
      <trkpt lat="50.215556" lon="16.511643">
        <ele>969.973843</ele>
        <time>2026-05-07T23:37:44.489Z</time>
      </trkpt>
      <trkpt lat="50.215985" lon="16.510773">
        <ele>965.159091</ele>
        <time>2026-05-07T23:37:58.637Z</time>
      </trkpt>
      <trkpt lat="50.216601" lon="16.509753">
        <ele>959.311646</ele>
        <time>2026-05-07T23:38:17.234Z</time>
      </trkpt>
      <trkpt lat="50.216899" lon="16.509367">
        <ele>956.789814</ele>
        <time>2026-05-07T23:38:25.453Z</time>
      </trkpt>
      <trkpt lat="50.217203" lon="16.509200">
        <ele>954.690311</ele>
        <time>2026-05-07T23:38:32.405Z</time>
      </trkpt>
      <trkpt lat="50.217311" lon="16.509089">
        <ele>953.848108</ele>
        <time>2026-05-07T23:38:35.249Z</time>
      </trkpt>
      <trkpt lat="50.217686" lon="16.508890">
        <ele>952.343817</ele>
        <time>2026-05-07T23:38:44.034Z</time>
      </trkpt>
      <trkpt lat="50.217780" lon="16.508794">
        <ele>951.927212</ele>
        <time>2026-05-07T23:38:46.573Z</time>
      </trkpt>
      <trkpt lat="50.218478" lon="16.507820">
        <ele>948.455562</ele>
        <time>2026-05-07T23:39:08.508Z</time>
      </trkpt>
      <trkpt lat="50.219360" lon="16.506555">
        <ele>944.167268</ele>
        <time>2026-05-07T23:39:37.242Z</time>
      </trkpt>
      <trkpt lat="50.219460" lon="16.506292">
        <ele>943.477118</ele>
        <time>2026-05-07T23:39:41.776Z</time>
      </trkpt>
      <trkpt lat="50.219510" lon="16.506041">
        <ele>942.884083</ele>
        <time>2026-05-07T23:39:45.646Z</time>
      </trkpt>
      <trkpt lat="50.219464" lon="16.505288">
        <ele>941.177674</ele>
        <time>2026-05-07T23:39:56.634Z</time>
      </trkpt>
      <trkpt lat="50.219495" lon="16.505144">
        <ele>940.834933</ele>
        <time>2026-05-07T23:39:58.823Z</time>
      </trkpt>
      <trkpt lat="50.219598" lon="16.504959">
        <ele>940.212037</ele>
        <time>2026-05-07T23:40:02.348Z</time>
      </trkpt>
      <trkpt lat="50.219743" lon="16.504816">
        <ele>939.518043</ele>
        <time>2026-05-07T23:40:06.165Z</time>
      </trkpt>
      <trkpt lat="50.220040" lon="16.504640">
        <ele>938.232372</ele>
        <time>2026-05-07T23:40:13.258Z</time>
      </trkpt>
      <trkpt lat="50.220256" lon="16.504552">
        <ele>937.328859</ele>
        <time>2026-05-07T23:40:18.301Z</time>
      </trkpt>
      <trkpt lat="50.220497" lon="16.504533">
        <ele>936.352131</ele>
        <time>2026-05-07T23:40:23.831Z</time>
      </trkpt>
      <trkpt lat="50.220732" lon="16.504543">
        <ele>935.400577</ele>
        <time>2026-05-07T23:40:29.261Z</time>
      </trkpt>
      <trkpt lat="50.220852" lon="16.504604">
        <ele>934.889812</ele>
        <time>2026-05-07T23:40:32.180Z</time>
      </trkpt>
      <trkpt lat="50.221236" lon="16.504960">
        <ele>933.278754</ele>
        <time>2026-05-07T23:40:42.374Z</time>
      </trkpt>
      <trkpt lat="50.221321" lon="16.505002">
        <ele>933.099641</ele>
        <time>2026-05-07T23:40:44.380Z</time>
      </trkpt>
      <trkpt lat="50.221399" lon="16.504985">
        <ele>932.941408</ele>
        <time>2026-05-07T23:40:46.156Z</time>
      </trkpt>
      <trkpt lat="50.221468" lon="16.504939">
        <ele>932.790688</ele>
        <time>2026-05-07T23:40:47.840Z</time>
      </trkpt>
      <trkpt lat="50.222283" lon="16.503852">
        <ele>930.638023</ele>
        <time>2026-05-07T23:41:13.723Z</time>
      </trkpt>
      <trkpt lat="50.223772" lon="16.501838">
        <ele>931.820741</ele>
        <time>2026-05-07T23:42:19.783Z</time>
      </trkpt>
      <trkpt lat="50.223728" lon="16.501770">
        <ele>931.897548</ele>
        <time>2026-05-07T23:42:22.015Z</time>
      </trkpt>
      <trkpt lat="50.223672" lon="16.501515">
        <ele>932.132067</ele>
        <time>2026-05-07T23:42:28.301Z</time>
      </trkpt>
      <trkpt lat="50.223540" lon="16.501417">
        <ele>932.491488</ele>
        <time>2026-05-07T23:42:33.644Z</time>
      </trkpt>
      <trkpt lat="50.223672" lon="16.501515">
        <ele>932.850909</ele>
        <time>2026-05-07T23:42:39.030Z</time>
      </trkpt>
      <trkpt lat="50.223728" lon="16.501770">
        <ele>933.275154</ele>
        <time>2026-05-07T23:42:45.451Z</time>
      </trkpt>
      <trkpt lat="50.223772" lon="16.501838">
        <ele>933.427342</ele>
        <time>2026-05-07T23:42:47.735Z</time>
      </trkpt>
      <trkpt lat="50.224523" lon="16.500804">
        <ele>935.888877</ele>
        <time>2026-05-07T23:43:26.632Z</time>
      </trkpt>
      <trkpt lat="50.225277" lon="16.499698">
        <ele>936.157225</ele>
        <time>2026-05-07T23:44:04.812Z</time>
      </trkpt>
      <trkpt lat="50.225328" lon="16.499501">
        <ele>936.094885</ele>
        <time>2026-05-07T23:44:08.876Z</time>
      </trkpt>
      <trkpt lat="50.225350" lon="16.498850">
        <ele>935.903655</ele>
        <time>2026-05-07T23:44:20.019Z</time>
      </trkpt>
      <trkpt lat="50.225380" lon="16.497847">
        <ele>934.726472</ele>
        <time>2026-05-07T23:44:34.827Z</time>
      </trkpt>
      <trkpt lat="50.225416" lon="16.497498">
        <ele>933.490913</ele>
        <time>2026-05-07T23:44:39.695Z</time>
      </trkpt>
      <trkpt lat="50.225498" lon="16.497177">
        <ele>932.282843</ele>
        <time>2026-05-07T23:44:44.367Z</time>
      </trkpt>
      <trkpt lat="50.225647" lon="16.496843">
        <ele>930.859688</ele>
        <time>2026-05-07T23:44:49.823Z</time>
      </trkpt>
      <trkpt lat="50.225997" lon="16.496335">
        <ele>928.250363</ele>
        <time>2026-05-07T23:44:59.897Z</time>
      </trkpt>
      <trkpt lat="50.226132" lon="16.496139">
        <ele>927.243775</ele>
        <time>2026-05-07T23:45:03.816Z</time>
      </trkpt>
      <trkpt lat="50.226451" lon="16.495887">
        <ele>925.521248</ele>
        <time>2026-05-07T23:45:11.499Z</time>
      </trkpt>
      <trkpt lat="50.227555" lon="16.495199">
        <ele>921.637709</ele>
        <time>2026-05-07T23:45:38.713Z</time>
      </trkpt>
      <trkpt lat="50.228338" lon="16.493453">
        <ele>921.116282</ele>
        <time>2026-05-07T23:46:16.118Z</time>
      </trkpt>
      <trkpt lat="50.229407" lon="16.491039">
        <ele>927.497378</ele>
        <time>2026-05-07T23:47:32.393Z</time>
      </trkpt>
      <trkpt lat="50.229661" lon="16.490780">
        <ele>929.160126</ele>
        <time>2026-05-07T23:47:47.521Z</time>
      </trkpt>
      <trkpt lat="50.230061" lon="16.490100">
        <ele>932.538872</ele>
        <time>2026-05-07T23:48:19.589Z</time>
      </trkpt>
      <trkpt lat="50.230244" lon="16.489862">
        <ele>934.817957</ele>
        <time>2026-05-07T23:48:33.524Z</time>
      </trkpt>
      <trkpt lat="50.231233" lon="16.489067">
        <ele>945.465008</ele>
        <time>2026-05-07T23:49:43.772Z</time>
      </trkpt>
      <trkpt lat="50.231510" lon="16.488790">
        <ele>948.613148</ele>
        <time>2026-05-07T23:50:04.302Z</time>
      </trkpt>
      <trkpt lat="50.231978" lon="16.488159">
        <ele>953.136659</ele>
        <time>2026-05-07T23:50:40.439Z</time>
      </trkpt>
      <trkpt lat="50.232585" lon="16.487136">
        <ele>959.345312</ele>
        <time>2026-05-07T23:51:24.985Z</time>
      </trkpt>
      <trkpt lat="50.232689" lon="16.486921">
        <ele>960.544693</ele>
        <time>2026-05-07T23:51:32.879Z</time>
      </trkpt>
      <trkpt lat="50.232743" lon="16.486718">
        <ele>961.522935</ele>
        <time>2026-05-07T23:51:39.272Z</time>
      </trkpt>
      <trkpt lat="50.232864" lon="16.485942">
        <ele>964.507483</ele>
        <time>2026-05-07T23:52:02.311Z</time>
      </trkpt>
      <trkpt lat="50.233256" lon="16.484722">
        <ele>969.477552</ele>
        <time>2026-05-07T23:52:44.596Z</time>
      </trkpt>
      <trkpt lat="50.233332" lon="16.484239">
        <ele>971.288258</ele>
        <time>2026-05-07T23:53:01.093Z</time>
      </trkpt>
      <trkpt lat="50.233411" lon="16.483932">
        <ele>972.209132</ele>
        <time>2026-05-07T23:53:11.942Z</time>
      </trkpt>
      <trkpt lat="50.233685" lon="16.483284">
        <ele>972.456645</ele>
        <time>2026-05-07T23:53:35.045Z</time>
      </trkpt>
      <trkpt lat="50.233998" lon="16.482912">
        <ele>972.652503</ele>
        <time>2026-05-07T23:53:49.806Z</time>
      </trkpt>
      <trkpt lat="50.234076" lon="16.482780">
        <ele>972.709764</ele>
        <time>2026-05-07T23:53:53.495Z</time>
      </trkpt>
      <trkpt lat="50.234158" lon="16.482571">
        <ele>972.787888</ele>
        <time>2026-05-07T23:53:58.046Z</time>
      </trkpt>
      <trkpt lat="50.234197" lon="16.482471">
        <ele>972.825207</ele>
        <time>2026-05-07T23:54:00.078Z</time>
      </trkpt>
      <trkpt lat="50.234859" lon="16.480465">
        <ele>966.347468</ele>
        <time>2026-05-07T23:54:30.679Z</time>
      </trkpt>
      <trkpt lat="50.236241" lon="16.476110">
        <ele>943.961358</ele>
        <time>2026-05-07T23:55:33.194Z</time>
      </trkpt>
      <trkpt lat="50.236953" lon="16.471637">
        <ele>940.516423</ele>
        <time>2026-05-07T23:56:54.917Z</time>
      </trkpt>
      <trkpt lat="50.237081" lon="16.470956">
        <ele>942.000718</ele>
        <time>2026-05-07T23:57:13.610Z</time>
      </trkpt>
      <trkpt lat="50.237930" lon="16.465774">
        <ele>962.611151</ele>
        <time>2026-05-08T00:00:06.652Z</time>
      </trkpt>
      <trkpt lat="50.237972" lon="16.465533">
        <ele>963.427029</ele>
        <time>2026-05-08T00:00:14.631Z</time>
      </trkpt>
      <trkpt lat="50.238024" lon="16.465380">
        <ele>963.992947</ele>
        <time>2026-05-08T00:00:20.169Z</time>
      </trkpt>
      <trkpt lat="50.240698" lon="16.460486">
        <ele>984.298533</ele>
        <time>2026-05-08T00:03:24.248Z</time>
      </trkpt>
      <trkpt lat="50.241626" lon="16.458794">
        <ele>990.917106</ele>
        <time>2026-05-08T00:04:32.288Z</time>
      </trkpt>
      <trkpt lat="50.241754" lon="16.458523">
        <ele>991.713292</ele>
        <time>2026-05-08T00:04:42.082Z</time>
      </trkpt>
      <trkpt lat="50.241811" lon="16.458308">
        <ele>992.263331</ele>
        <time>2026-05-08T00:04:48.590Z</time>
      </trkpt>
      <trkpt lat="50.242040" lon="16.457068">
        <ele>995.313559</ele>
        <time>2026-05-08T00:05:20.567Z</time>
      </trkpt>
      <trkpt lat="50.242125" lon="16.456442">
        <ele>996.166503</ele>
        <time>2026-05-08T00:05:34.168Z</time>
      </trkpt>
      <trkpt lat="50.242075" lon="16.456257">
        <ele>996.354407</ele>
        <time>2026-05-08T00:05:36.831Z</time>
      </trkpt>
      <trkpt lat="50.241933" lon="16.455003">
        <ele>997.545887</ele>
        <time>2026-05-08T00:05:52.768Z</time>
      </trkpt>
      <trkpt lat="50.241827" lon="16.454266">
        <ele>998.252640</ele>
        <time>2026-05-08T00:06:04.575Z</time>
      </trkpt>
      <trkpt lat="50.241720" lon="16.454441">
        <ele>998.732488</ele>
        <time>2026-05-08T00:06:08.704Z</time>
      </trkpt>
      <trkpt lat="50.241827" lon="16.454266">
        <ele>999.464283</ele>
        <time>2026-05-08T00:06:13.042Z</time>
      </trkpt>
      <trkpt lat="50.241994" lon="16.454104">
        <ele>1000.393104</ele>
        <time>2026-05-08T00:06:18.901Z</time>
      </trkpt>
      <trkpt lat="50.244884" lon="16.451085">
        <ele>1017.697865</ele>
        <time>2026-05-08T00:08:22.138Z</time>
      </trkpt>
      <trkpt lat="50.245139" lon="16.450898">
        <ele>1018.683021</ele>
        <time>2026-05-08T00:08:30.877Z</time>
      </trkpt>
      <trkpt lat="50.246195" lon="16.450424">
        <ele>1022.525876</ele>
        <time>2026-05-08T00:09:01.084Z</time>
      </trkpt>
      <trkpt lat="50.246877" lon="16.450063">
        <ele>1023.343546</ele>
        <time>2026-05-08T00:09:17.976Z</time>
      </trkpt>
      <trkpt lat="50.247456" lon="16.449681">
        <ele>1023.786552</ele>
        <time>2026-05-08T00:09:30.389Z</time>
      </trkpt>
      <trkpt lat="50.247624" lon="16.449497">
        <ele>1023.931142</ele>
        <time>2026-05-08T00:09:33.977Z</time>
      </trkpt>
      <trkpt lat="50.248104" lon="16.448847">
        <ele>1023.700491</ele>
        <time>2026-05-08T00:09:44.179Z</time>
      </trkpt>
      <trkpt lat="50.248857" lon="16.447909">
        <ele>1022.037275</ele>
        <time>2026-05-08T00:09:57.962Z</time>
      </trkpt>
      <trkpt lat="50.249504" lon="16.446130">
        <ele>1019.527900</ele>
        <time>2026-05-08T00:10:15.753Z</time>
      </trkpt>
      <trkpt lat="50.250240" lon="16.444338">
        <ele>1017.018260</ele>
        <time>2026-05-08T00:10:35.123Z</time>
      </trkpt>
      <trkpt lat="50.250777" lon="16.443099">
        <ele>1015.940128</ele>
        <time>2026-05-08T00:10:50.292Z</time>
      </trkpt>
      <trkpt lat="50.251141" lon="16.442723">
        <ele>1015.448729</ele>
        <time>2026-05-08T00:10:56.995Z</time>
      </trkpt>
      <trkpt lat="50.251882" lon="16.442021">
        <ele>1014.100950</ele>
        <time>2026-05-08T00:11:10.143Z</time>
      </trkpt>
      <trkpt lat="50.252717" lon="16.441692">
        <ele>1012.718246</ele>
        <time>2026-05-08T00:11:22.497Z</time>
      </trkpt>
      <trkpt lat="50.253002" lon="16.441668">
        <ele>1011.966145</ele>
        <time>2026-05-08T00:11:26.508Z</time>
      </trkpt>
      <trkpt lat="50.253676" lon="16.441696">
        <ele>1009.282398</ele>
        <time>2026-05-08T00:11:35.416Z</time>
      </trkpt>
      <trkpt lat="50.253879" lon="16.441626">
        <ele>1008.454967</ele>
        <time>2026-05-08T00:11:38.014Z</time>
      </trkpt>
      <trkpt lat="50.254547" lon="16.441111">
        <ele>1005.490557</ele>
        <time>2026-05-08T00:11:46.985Z</time>
      </trkpt>
      <trkpt lat="50.254718" lon="16.441085">
        <ele>1004.551416</ele>
        <time>2026-05-08T00:11:49.015Z</time>
      </trkpt>
      <trkpt lat="50.255055" lon="16.441264">
        <ele>1002.400564</ele>
        <time>2026-05-08T00:11:53.176Z</time>
      </trkpt>
      <trkpt lat="50.255387" lon="16.441589">
        <ele>1000.033583</ele>
        <time>2026-05-08T00:11:57.766Z</time>
      </trkpt>
      <trkpt lat="50.255583" lon="16.441984">
        <ele>998.101625</ele>
        <time>2026-05-08T00:12:01.494Z</time>
      </trkpt>
      <trkpt lat="50.255646" lon="16.442012">
        <ele>997.705820</ele>
        <time>2026-05-08T00:12:02.242Z</time>
      </trkpt>
      <trkpt lat="50.255729" lon="16.441989">
        <ele>997.196410</ele>
        <time>2026-05-08T00:12:03.201Z</time>
      </trkpt>
      <trkpt lat="50.255767" lon="16.441859">
        <ele>996.644097</ele>
        <time>2026-05-08T00:12:04.247Z</time>
      </trkpt>
      <trkpt lat="50.255754" lon="16.441638">
        <ele>995.786571</ele>
        <time>2026-05-08T00:12:05.873Z</time>
      </trkpt>
      <trkpt lat="50.255649" lon="16.440739">
        <ele>992.471885</ele>
        <time>2026-05-08T00:12:12.780Z</time>
      </trkpt>
      <trkpt lat="50.255670" lon="16.440655">
        <ele>992.158084</ele>
        <time>2026-05-08T00:12:13.473Z</time>
      </trkpt>
      <trkpt lat="50.255757" lon="16.440604">
        <ele>991.652497</ele>
        <time>2026-05-08T00:12:14.598Z</time>
      </trkpt>
      <trkpt lat="50.255851" lon="16.440669">
        <ele>991.093217</ele>
        <time>2026-05-08T00:12:15.830Z</time>
      </trkpt>
      <trkpt lat="50.255890" lon="16.440768">
        <ele>990.688645</ele>
        <time>2026-05-08T00:12:16.714Z</time>
      </trkpt>
      <trkpt lat="50.256032" lon="16.441237">
        <ele>988.883189</ele>
        <time>2026-05-08T00:12:20.674Z</time>
      </trkpt>
      <trkpt lat="50.256246" lon="16.441687">
        <ele>986.931957</ele>
        <time>2026-05-08T00:12:24.911Z</time>
      </trkpt>
      <trkpt lat="50.256530" lon="16.441937">
        <ele>985.158567</ele>
        <time>2026-05-08T00:12:28.800Z</time>
      </trkpt>
      <trkpt lat="50.257249" lon="16.442229">
        <ele>982.614593</ele>
        <time>2026-05-08T00:12:37.904Z</time>
      </trkpt>
      <trkpt lat="50.257327" lon="16.442260">
        <ele>982.362778</ele>
        <time>2026-05-08T00:12:38.890Z</time>
      </trkpt>
      <trkpt lat="50.257942" lon="16.442394">
        <ele>980.419875</ele>
        <time>2026-05-08T00:12:46.805Z</time>
      </trkpt>
      <trkpt lat="50.258494" lon="16.442442">
        <ele>979.267719</ele>
        <time>2026-05-08T00:12:55.503Z</time>
      </trkpt>
      <trkpt lat="50.259154" lon="16.442570">
        <ele>980.898998</ele>
        <time>2026-05-08T00:13:10.232Z</time>
      </trkpt>
      <trkpt lat="50.259235" lon="16.442581">
        <ele>981.098426</ele>
        <time>2026-05-08T00:13:12.404Z</time>
      </trkpt>
      <trkpt lat="50.259407" lon="16.442549">
        <ele>981.523290</ele>
        <time>2026-05-08T00:13:17.221Z</time>
      </trkpt>
      <trkpt lat="50.259791" lon="16.442312">
        <ele>982.535856</ele>
        <time>2026-05-08T00:13:29.699Z</time>
      </trkpt>
      <trkpt lat="50.260306" lon="16.441875">
        <ele>984.765528</ele>
        <time>2026-05-08T00:13:48.566Z</time>
      </trkpt>
      <trkpt lat="50.260720" lon="16.441260">
        <ele>988.193909</ele>
        <time>2026-05-08T00:14:08.164Z</time>
      </trkpt>
      <trkpt lat="50.260911" lon="16.440918">
        <ele>989.937191</ele>
        <time>2026-05-08T00:14:19.002Z</time>
      </trkpt>
      <trkpt lat="50.261145" lon="16.440616">
        <ele>991.758825</ele>
        <time>2026-05-08T00:14:30.977Z</time>
      </trkpt>
      <trkpt lat="50.261401" lon="16.440317">
        <ele>993.677279</ele>
        <time>2026-05-08T00:14:44.357Z</time>
      </trkpt>
      <trkpt lat="50.261678" lon="16.440054">
        <ele>995.898463</ele>
        <time>2026-05-08T00:14:58.177Z</time>
      </trkpt>
      <trkpt lat="50.261948" lon="16.439885">
        <ele>997.989048</ele>
        <time>2026-05-08T00:15:10.574Z</time>
      </trkpt>
      <trkpt lat="50.262285" lon="16.439759">
        <ele>1000.479899</ele>
        <time>2026-05-08T00:15:25.463Z</time>
      </trkpt>
      <trkpt lat="50.262593" lon="16.439711">
        <ele>1002.704998</ele>
        <time>2026-05-08T00:15:38.585Z</time>
      </trkpt>
      <trkpt lat="50.262671" lon="16.439792">
        <ele>1003.378031</ele>
        <time>2026-05-08T00:15:42.469Z</time>
      </trkpt>
      <trkpt lat="50.262671" lon="16.439905">
        <ele>1003.897328</ele>
        <time>2026-05-08T00:15:45.488Z</time>
      </trkpt>
      <trkpt lat="50.262617" lon="16.440002">
        <ele>1004.488431</ele>
        <time>2026-05-08T00:15:48.835Z</time>
      </trkpt>
      <trkpt lat="50.262325" lon="16.440169">
        <ele>1006.723445</ele>
        <time>2026-05-08T00:16:01.127Z</time>
      </trkpt>
      <trkpt lat="50.262124" lon="16.440403">
        <ele>1007.789233</ele>
        <time>2026-05-08T00:16:10.440Z</time>
      </trkpt>
      <trkpt lat="50.262116" lon="16.440552">
        <ele>1008.107139</ele>
        <time>2026-05-08T00:16:13.785Z</time>
      </trkpt>
      <trkpt lat="50.262144" lon="16.440679">
        <ele>1008.392763</ele>
        <time>2026-05-08T00:16:16.682Z</time>
      </trkpt>
      <trkpt lat="50.262231" lon="16.440725">
        <ele>1008.698191</ele>
        <time>2026-05-08T00:16:19.698Z</time>
      </trkpt>
      <trkpt lat="50.263006" lon="16.440483">
        <ele>1011.326551</ele>
        <time>2026-05-08T00:16:42.784Z</time>
      </trkpt>
      <trkpt lat="50.263564" lon="16.440270">
        <ele>1013.042343</ele>
        <time>2026-05-08T00:16:55.811Z</time>
      </trkpt>
      <trkpt lat="50.263918" lon="16.440105">
        <ele>1011.851912</ele>
        <time>2026-05-08T00:17:01.992Z</time>
      </trkpt>
      <trkpt lat="50.264276" lon="16.439811">
        <ele>1010.548834</ele>
        <time>2026-05-08T00:17:07.657Z</time>
      </trkpt>
      <trkpt lat="50.264487" lon="16.439724">
        <ele>1009.845602</ele>
        <time>2026-05-08T00:17:10.475Z</time>
      </trkpt>
      <trkpt lat="50.264802" lon="16.439680">
        <ele>1008.826386</ele>
        <time>2026-05-08T00:17:14.339Z</time>
      </trkpt>
      <trkpt lat="50.265024" lon="16.439695">
        <ele>1008.110261</ele>
        <time>2026-05-08T00:17:16.959Z</time>
      </trkpt>
      <trkpt lat="50.265095" lon="16.439663">
        <ele>1007.872136</ele>
        <time>2026-05-08T00:17:17.823Z</time>
      </trkpt>
      <trkpt lat="50.265129" lon="16.439587">
        <ele>1007.681033</ele>
        <time>2026-05-08T00:17:18.508Z</time>
      </trkpt>
      <trkpt lat="50.265133" lon="16.439508">
        <ele>1007.517774</ele>
        <time>2026-05-08T00:17:19.091Z</time>
      </trkpt>
      <trkpt lat="50.265118" lon="16.439431">
        <ele>1007.351942</ele>
        <time>2026-05-08T00:17:19.676Z</time>
      </trkpt>
      <trkpt lat="50.265066" lon="16.439367">
        <ele>1006.913171</ele>
        <time>2026-05-08T00:17:20.440Z</time>
      </trkpt>
      <trkpt lat="50.264393" lon="16.439350">
        <ele>1002.330333</ele>
        <time>2026-05-08T00:17:28.022Z</time>
      </trkpt>
      <trkpt lat="50.264298" lon="16.439301">
        <ele>1001.649257</ele>
        <time>2026-05-08T00:17:29.162Z</time>
      </trkpt>
      <trkpt lat="50.264271" lon="16.439204">
        <ele>1001.188783</ele>
        <time>2026-05-08T00:17:29.925Z</time>
      </trkpt>
      <trkpt lat="50.264295" lon="16.439104">
        <ele>1000.723876</ele>
        <time>2026-05-08T00:17:30.704Z</time>
      </trkpt>
      <trkpt lat="50.264363" lon="16.439028">
        <ele>1000.154861</ele>
        <time>2026-05-08T00:17:31.652Z</time>
      </trkpt>
      <trkpt lat="50.264791" lon="16.438921">
        <ele>997.203769</ele>
        <time>2026-05-08T00:17:36.639Z</time>
      </trkpt>
      <trkpt lat="50.265010" lon="16.438824">
        <ele>995.654054</ele>
        <time>2026-05-08T00:17:39.294Z</time>
      </trkpt>
      <trkpt lat="50.265359" lon="16.438728">
        <ele>993.392904</ele>
        <time>2026-05-08T00:17:43.498Z</time>
      </trkpt>
      <trkpt lat="50.265715" lon="16.438667">
        <ele>991.153851</ele>
        <time>2026-05-08T00:17:47.758Z</time>
      </trkpt>
      <trkpt lat="50.266007" lon="16.438668">
        <ele>989.328239</ele>
        <time>2026-05-08T00:17:51.238Z</time>
      </trkpt>
      <trkpt lat="50.266294" lon="16.438755">
        <ele>987.500516</ele>
        <time>2026-05-08T00:17:54.678Z</time>
      </trkpt>
      <trkpt lat="50.266358" lon="16.438723">
        <ele>987.080442</ele>
        <time>2026-05-08T00:17:55.463Z</time>
      </trkpt>
      <trkpt lat="50.266403" lon="16.438606">
        <ele>986.534741</ele>
        <time>2026-05-08T00:17:56.470Z</time>
      </trkpt>
      <trkpt lat="50.266360" lon="16.438486">
        <ele>985.984954</ele>
        <time>2026-05-08T00:17:57.481Z</time>
      </trkpt>
      <trkpt lat="50.265785" lon="16.438152">
        <ele>981.766506</ele>
        <time>2026-05-08T00:18:04.442Z</time>
      </trkpt>
      <trkpt lat="50.265449" lon="16.438114">
        <ele>979.184843</ele>
        <time>2026-05-08T00:18:08.237Z</time>
      </trkpt>
      <trkpt lat="50.265394" lon="16.438042">
        <ele>978.635242</ele>
        <time>2026-05-08T00:18:09.039Z</time>
      </trkpt>
      <trkpt lat="50.265381" lon="16.437954">
        <ele>978.192788</ele>
        <time>2026-05-08T00:18:09.685Z</time>
      </trkpt>
      <trkpt lat="50.265451" lon="16.437846">
        <ele>977.439338</ele>
        <time>2026-05-08T00:18:10.785Z</time>
      </trkpt>
      <trkpt lat="50.266675" lon="16.437669">
        <ele>968.494529</ele>
        <time>2026-05-08T00:18:24.604Z</time>
      </trkpt>
      <trkpt lat="50.267414" lon="16.437921">
        <ele>964.044405</ele>
        <time>2026-05-08T00:18:33.306Z</time>
      </trkpt>
      <trkpt lat="50.267618" lon="16.438035">
        <ele>962.769861</ele>
        <time>2026-05-08T00:18:35.876Z</time>
      </trkpt>
      <trkpt lat="50.267809" lon="16.438179">
        <ele>961.522394</ele>
        <time>2026-05-08T00:18:38.453Z</time>
      </trkpt>
      <trkpt lat="50.268049" lon="16.438433">
        <ele>959.817555</ele>
        <time>2026-05-08T00:18:42.061Z</time>
      </trkpt>
      <trkpt lat="50.268174" lon="16.438528">
        <ele>959.381605</ele>
        <time>2026-05-08T00:18:43.840Z</time>
      </trkpt>
      <trkpt lat="50.268869" lon="16.438686">
        <ele>958.512959</ele>
        <time>2026-05-08T00:18:53.392Z</time>
      </trkpt>
      <trkpt lat="50.269308" lon="16.438716">
        <ele>957.969459</ele>
        <time>2026-05-08T00:19:00.552Z</time>
      </trkpt>
      <trkpt lat="50.269682" lon="16.438684">
        <ele>957.506182</ele>
        <time>2026-05-08T00:19:07.569Z</time>
      </trkpt>
      <trkpt lat="50.269926" lon="16.438617">
        <ele>957.283307</ele>
        <time>2026-05-08T00:19:12.566Z</time>
      </trkpt>
      <trkpt lat="50.270146" lon="16.438496">
        <ele>957.404929</ele>
        <time>2026-05-08T00:19:17.667Z</time>
      </trkpt>
      <trkpt lat="50.270353" lon="16.438231">
        <ele>957.544423</ele>
        <time>2026-05-08T00:19:23.901Z</time>
      </trkpt>
      <trkpt lat="50.271176" lon="16.436895">
        <ele>958.162947</ele>
        <time>2026-05-08T00:19:48.644Z</time>
      </trkpt>
      <trkpt lat="50.271420" lon="16.436562">
        <ele>957.577424</ele>
        <time>2026-05-08T00:19:53.252Z</time>
      </trkpt>
      <trkpt lat="50.271638" lon="16.436398">
        <ele>956.999764</ele>
        <time>2026-05-08T00:19:56.520Z</time>
      </trkpt>
      <trkpt lat="50.271862" lon="16.436326">
        <ele>956.453657</ele>
        <time>2026-05-08T00:19:59.523Z</time>
      </trkpt>
      <trkpt lat="50.272414" lon="16.436262">
        <ele>955.131811</ele>
        <time>2026-05-08T00:20:06.615Z</time>
      </trkpt>
      <trkpt lat="50.272944" lon="16.436336">
        <ele>953.891189</ele>
        <time>2026-05-08T00:20:13.616Z</time>
      </trkpt>
      <trkpt lat="50.273756" lon="16.436373">
        <ele>953.405149</ele>
        <time>2026-05-08T00:20:25.614Z</time>
      </trkpt>
      <trkpt lat="50.274314" lon="16.436549">
        <ele>953.064572</ele>
        <time>2026-05-08T00:20:35.831Z</time>
      </trkpt>
      <trkpt lat="50.275106" lon="16.436737">
        <ele>953.407076</ele>
        <time>2026-05-08T00:20:52.660Z</time>
      </trkpt>
      <trkpt lat="50.275187" lon="16.436712">
        <ele>953.526957</ele>
        <time>2026-05-08T00:20:54.591Z</time>
      </trkpt>
      <trkpt lat="50.275867" lon="16.436126">
        <ele>954.654189</ele>
        <time>2026-05-08T00:21:12.142Z</time>
      </trkpt>
      <trkpt lat="50.275863" lon="16.436016">
        <ele>954.756432</ele>
        <time>2026-05-08T00:21:13.643Z</time>
      </trkpt>
      <trkpt lat="50.275825" lon="16.435402">
        <ele>955.328880</ele>
        <time>2026-05-08T00:21:21.973Z</time>
      </trkpt>
      <trkpt lat="50.275791" lon="16.435266">
        <ele>955.539976</ele>
        <time>2026-05-08T00:21:23.984Z</time>
      </trkpt>
      <trkpt lat="50.275749" lon="16.435198">
        <ele>955.867930</ele>
        <time>2026-05-08T00:21:25.456Z</time>
      </trkpt>
      <trkpt lat="50.275693" lon="16.435162">
        <ele>956.196455</ele>
        <time>2026-05-08T00:21:26.949Z</time>
      </trkpt>
      <trkpt lat="50.275662" lon="16.435166">
        <ele>956.365244</ele>
        <time>2026-05-08T00:21:27.644Z</time>
      </trkpt>
      <trkpt lat="50.275662" lon="16.435300">
        <ele>956.829953</ele>
        <time>2026-05-08T00:21:30.883Z</time>
      </trkpt>
      <trkpt lat="50.275662" lon="16.435166">
        <ele>957.294662</ele>
        <time>2026-05-08T00:21:34.204Z</time>
      </trkpt>
      <trkpt lat="50.275693" lon="16.435162">
        <ele>957.463452</ele>
        <time>2026-05-08T00:21:35.126Z</time>
      </trkpt>
      <trkpt lat="50.275749" lon="16.435198">
        <ele>957.791977</ele>
        <time>2026-05-08T00:21:36.888Z</time>
      </trkpt>
      <trkpt lat="50.275791" lon="16.435266">
        <ele>958.119931</ele>
        <time>2026-05-08T00:21:38.595Z</time>
      </trkpt>
      <trkpt lat="50.275825" lon="16.435402">
        <ele>958.626377</ele>
        <time>2026-05-08T00:21:41.521Z</time>
      </trkpt>
      <trkpt lat="50.275863" lon="16.436016">
        <ele>960.765668</ele>
        <time>2026-05-08T00:21:55.080Z</time>
      </trkpt>
      <trkpt lat="50.275996" lon="16.435932">
        <ele>961.543952</ele>
        <time>2026-05-08T00:22:00.707Z</time>
      </trkpt>
      <trkpt lat="50.276051" lon="16.435863">
        <ele>961.926486</ele>
        <time>2026-05-08T00:22:03.620Z</time>
      </trkpt>
      <trkpt lat="50.276179" lon="16.435524">
        <ele>963.291973</ele>
        <time>2026-05-08T00:22:14.547Z</time>
      </trkpt>
      <trkpt lat="50.276283" lon="16.434304">
        <ele>968.083410</ele>
        <time>2026-05-08T00:22:50.725Z</time>
      </trkpt>
      <trkpt lat="50.276338" lon="16.433933">
        <ele>969.696495</ele>
        <time>2026-05-08T00:23:01.630Z</time>
      </trkpt>
      <trkpt lat="50.276320" lon="16.433817">
        <ele>970.202085</ele>
        <time>2026-05-08T00:23:04.885Z</time>
      </trkpt>
      <trkpt lat="50.276268" lon="16.433714">
        <ele>970.758038</ele>
        <time>2026-05-08T00:23:08.369Z</time>
      </trkpt>
      <trkpt lat="50.276202" lon="16.433657">
        <ele>971.257649</ele>
        <time>2026-05-08T00:23:11.443Z</time>
      </trkpt>
      <trkpt lat="50.275853" lon="16.433627">
        <ele>973.574098</ele>
        <time>2026-05-08T00:23:24.520Z</time>
      </trkpt>
      <trkpt lat="50.275046" lon="16.432976">
        <ele>979.667235</ele>
        <time>2026-05-08T00:23:54.496Z</time>
      </trkpt>
      <trkpt lat="50.274499" lon="16.432219">
        <ele>984.655371</ele>
        <time>2026-05-08T00:24:23.484Z</time>
      </trkpt>
      <trkpt lat="50.274490" lon="16.432119">
        <ele>985.096233</ele>
        <time>2026-05-08T00:24:26.256Z</time>
      </trkpt>
      <trkpt lat="50.274516" lon="16.432038">
        <ele>985.491935</ele>
        <time>2026-05-08T00:24:28.792Z</time>
      </trkpt>
      <trkpt lat="50.274620" lon="16.431986">
        <ele>986.237713</ele>
        <time>2026-05-08T00:24:33.564Z</time>
      </trkpt>
      <trkpt lat="50.275756" lon="16.432416">
        <ele>995.631558</ele>
        <time>2026-05-08T00:25:27.926Z</time>
      </trkpt>
      <trkpt lat="50.276090" lon="16.432500">
        <ele>998.618706</ele>
        <time>2026-05-08T00:25:43.088Z</time>
      </trkpt>
      <trkpt lat="50.276327" lon="16.432439">
        <ele>1000.739593</ele>
        <time>2026-05-08T00:25:54.207Z</time>
      </trkpt>
      <trkpt lat="50.276863" lon="16.432188">
        <ele>1005.753362</ele>
        <time>2026-05-08T00:26:21.023Z</time>
      </trkpt>
      <trkpt lat="50.277618" lon="16.431642">
        <ele>1014.463853</ele>
        <time>2026-05-08T00:27:04.311Z</time>
      </trkpt>
      <trkpt lat="50.277740" lon="16.431594">
        <ele>1015.781290</ele>
        <time>2026-05-08T00:27:11.040Z</time>
      </trkpt>
      <trkpt lat="50.278198" lon="16.431645">
        <ele>1020.589916</ele>
        <time>2026-05-08T00:27:35.760Z</time>
      </trkpt>
      <trkpt lat="50.278265" lon="16.431627">
        <ele>1021.301853</ele>
        <time>2026-05-08T00:27:39.381Z</time>
      </trkpt>
      <trkpt lat="50.278340" lon="16.431524">
        <ele>1022.346905</ele>
        <time>2026-05-08T00:27:44.741Z</time>
      </trkpt>
      <trkpt lat="50.278355" lon="16.431432">
        <ele>1022.982354</ele>
        <time>2026-05-08T00:27:47.997Z</time>
      </trkpt>
      <trkpt lat="50.278343" lon="16.431312">
        <ele>1023.795247</ele>
        <time>2026-05-08T00:27:52.132Z</time>
      </trkpt>
      <trkpt lat="50.278130" lon="16.430548">
        <ele>1029.130303</ele>
        <time>2026-05-08T00:28:20.742Z</time>
      </trkpt>
      <trkpt lat="50.278006" lon="16.429974">
        <ele>1032.997406</ele>
        <time>2026-05-08T00:28:41.151Z</time>
      </trkpt>
      <trkpt lat="50.277915" lon="16.429180">
        <ele>1038.145829</ele>
        <time>2026-05-08T00:29:06.748Z</time>
      </trkpt>
      <trkpt lat="50.277857" lon="16.428876">
        <ele>1040.170682</ele>
        <time>2026-05-08T00:29:16.482Z</time>
      </trkpt>
      <trkpt lat="50.277849" lon="16.428630">
        <ele>1041.742772</ele>
        <time>2026-05-08T00:29:23.923Z</time>
      </trkpt>
      <trkpt lat="50.277897" lon="16.428491">
        <ele>1042.628981</ele>
        <time>2026-05-08T00:29:28.618Z</time>
      </trkpt>
      <trkpt lat="50.278049" lon="16.428307">
        <ele>1044.196075</ele>
        <time>2026-05-08T00:29:37.492Z</time>
      </trkpt>
      <trkpt lat="50.278457" lon="16.428222">
        <ele>1047.552491</ele>
        <time>2026-05-08T00:29:56.105Z</time>
      </trkpt>
      <trkpt lat="50.278928" lon="16.428251">
        <ele>1051.396259</ele>
        <time>2026-05-08T00:30:16.708Z</time>
      </trkpt>
      <trkpt lat="50.278970" lon="16.428204">
        <ele>1051.817316</ele>
        <time>2026-05-08T00:30:18.979Z</time>
      </trkpt>
      <trkpt lat="50.278998" lon="16.428073">
        <ele>1052.537151</ele>
        <time>2026-05-08T00:30:22.807Z</time>
      </trkpt>
      <trkpt lat="50.278979" lon="16.426618">
        <ele>1059.938294</ele>
        <time>2026-05-08T00:31:03.566Z</time>
      </trkpt>
      <trkpt lat="50.279010" lon="16.426377">
        <ele>1061.149896</ele>
        <time>2026-05-08T00:31:10.450Z</time>
      </trkpt>
      <trkpt lat="50.279115" lon="16.425997">
        <ele>1063.190314</ele>
        <time>2026-05-08T00:31:22.106Z</time>
      </trkpt>
      <trkpt lat="50.279159" lon="16.425563">
        <ele>1065.356046</ele>
        <time>2026-05-08T00:31:34.473Z</time>
      </trkpt>
      <trkpt lat="50.279214" lon="16.425389">
        <ele>1066.312780</ele>
        <time>2026-05-08T00:31:39.950Z</time>
      </trkpt>
      <trkpt lat="50.279317" lon="16.425376">
        <ele>1067.109727</ele>
        <time>2026-05-08T00:31:44.543Z</time>
      </trkpt>
      <trkpt lat="50.279405" lon="16.425427">
        <ele>1067.833459</ele>
        <time>2026-05-08T00:31:48.742Z</time>
      </trkpt>
      <trkpt lat="50.279849" lon="16.425802">
        <ele>1071.559517</ele>
        <time>2026-05-08T00:32:10.122Z</time>
      </trkpt>
      <trkpt lat="50.279910" lon="16.425816">
        <ele>1071.963655</ele>
        <time>2026-05-08T00:32:12.572Z</time>
      </trkpt>
      <trkpt lat="50.279951" lon="16.425723">
        <ele>1072.436939</ele>
        <time>2026-05-08T00:32:15.372Z</time>
      </trkpt>
      <trkpt lat="50.279962" lon="16.425468">
        <ele>1073.507552</ele>
        <time>2026-05-08T00:32:21.587Z</time>
      </trkpt>
      <trkpt lat="50.280073" lon="16.424932">
        <ele>1075.867779</ele>
        <time>2026-05-08T00:32:35.367Z</time>
      </trkpt>
      <trkpt lat="50.280095" lon="16.424795">
        <ele>1076.459506</ele>
        <time>2026-05-08T00:32:38.854Z</time>
      </trkpt>
      <trkpt lat="50.280092" lon="16.424257">
        <ele>1078.713239</ele>
        <time>2026-05-08T00:32:52.199Z</time>
      </trkpt>
      <trkpt lat="50.280130" lon="16.423939">
        <ele>1080.068410</ele>
        <time>2026-05-08T00:33:00.298Z</time>
      </trkpt>
      <trkpt lat="50.280151" lon="16.423847">
        <ele>1080.477639</ele>
        <time>2026-05-08T00:33:02.799Z</time>
      </trkpt>
      <trkpt lat="50.280190" lon="16.423673">
        <ele>1081.250046</ele>
        <time>2026-05-08T00:33:07.443Z</time>
      </trkpt>
      <trkpt lat="50.280253" lon="16.423503">
        <ele>1082.073244</ele>
        <time>2026-05-08T00:33:12.373Z</time>
      </trkpt>
      <trkpt lat="50.280328" lon="16.423391">
        <ele>1082.680009</ele>
        <time>2026-05-08T00:33:16.448Z</time>
      </trkpt>
      <trkpt lat="50.280408" lon="16.423340">
        <ele>1083.124444</ele>
        <time>2026-05-08T00:33:19.806Z</time>
      </trkpt>
      <trkpt lat="50.280485" lon="16.423349">
        <ele>1083.521704</ele>
        <time>2026-05-08T00:33:22.821Z</time>
      </trkpt>
      <trkpt lat="50.281043" lon="16.423834">
        <ele>1086.805654</ele>
        <time>2026-05-08T00:33:48.738Z</time>
      </trkpt>
      <trkpt lat="50.281106" lon="16.423860">
        <ele>1087.140864</ele>
        <time>2026-05-08T00:33:51.397Z</time>
      </trkpt>
      <trkpt lat="50.281527" lon="16.423739">
        <ele>1089.343089</ele>
        <time>2026-05-08T00:34:07.468Z</time>
      </trkpt>
      <trkpt lat="50.281875" lon="16.423686">
        <ele>1091.141969</ele>
        <time>2026-05-08T00:34:18.540Z</time>
      </trkpt>
      <trkpt lat="50.282711" lon="16.423499">
        <ele>1089.546033</ele>
        <time>2026-05-08T00:34:43.235Z</time>
      </trkpt>
      <trkpt lat="50.282917" lon="16.423493">
        <ele>1088.956920</ele>
        <time>2026-05-08T00:34:48.040Z</time>
      </trkpt>
      <trkpt lat="50.283037" lon="16.423592">
        <ele>1088.569049</ele>
        <time>2026-05-08T00:34:51.082Z</time>
      </trkpt>
      <trkpt lat="50.283336" lon="16.423958">
        <ele>1087.483666</ele>
        <time>2026-05-08T00:34:59.368Z</time>
      </trkpt>
      <trkpt lat="50.283426" lon="16.423913">
        <ele>1087.213516</ele>
        <time>2026-05-08T00:35:01.371Z</time>
      </trkpt>
      <trkpt lat="50.283487" lon="16.423644">
        <ele>1086.692009</ele>
        <time>2026-05-08T00:35:05.182Z</time>
      </trkpt>
      <trkpt lat="50.283495" lon="16.423333">
        <ele>1085.458095</ele>
        <time>2026-05-08T00:35:09.270Z</time>
      </trkpt>
      <trkpt lat="50.283467" lon="16.423089">
        <ele>1084.255759</ele>
        <time>2026-05-08T00:35:12.508Z</time>
      </trkpt>
      <trkpt lat="50.283406" lon="16.422828">
        <ele>1082.907889</ele>
        <time>2026-05-08T00:35:16.118Z</time>
      </trkpt>
      <trkpt lat="50.283429" lon="16.422742">
        <ele>1082.455728</ele>
        <time>2026-05-08T00:35:17.329Z</time>
      </trkpt>
      <trkpt lat="50.283470" lon="16.422702">
        <ele>1082.089014</ele>
        <time>2026-05-08T00:35:18.308Z</time>
      </trkpt>
      <trkpt lat="50.283542" lon="16.422733">
        <ele>1081.522220</ele>
        <time>2026-05-08T00:35:19.831Z</time>
      </trkpt>
      <trkpt lat="50.283681" lon="16.423148">
        <ele>1079.249722</ele>
        <time>2026-05-08T00:35:25.928Z</time>
      </trkpt>
      <trkpt lat="50.284091" lon="16.423704">
        <ele>1075.131977</ele>
        <time>2026-05-08T00:35:37.013Z</time>
      </trkpt>
      <trkpt lat="50.284597" lon="16.424648">
        <ele>1069.416164</ele>
        <time>2026-05-08T00:35:53.043Z</time>
      </trkpt>
      <trkpt lat="50.284717" lon="16.424799">
        <ele>1068.329217</ele>
        <time>2026-05-08T00:35:56.219Z</time>
      </trkpt>
      <trkpt lat="50.284942" lon="16.424946">
        <ele>1066.608078</ele>
        <time>2026-05-08T00:36:01.270Z</time>
      </trkpt>
      <trkpt lat="50.285130" lon="16.425013">
        <ele>1065.246995</ele>
        <time>2026-05-08T00:36:05.283Z</time>
      </trkpt>
      <trkpt lat="50.285272" lon="16.425008">
        <ele>1064.244350</ele>
        <time>2026-05-08T00:36:08.234Z</time>
      </trkpt>
      <trkpt lat="50.285707" lon="16.424807">
        <ele>1061.042606</ele>
        <time>2026-05-08T00:36:17.653Z</time>
      </trkpt>
      <trkpt lat="50.286868" lon="16.423878">
        <ele>1055.186526</ele>
        <time>2026-05-08T00:36:45.838Z</time>
      </trkpt>
      <trkpt lat="50.287816" lon="16.423253">
        <ele>1052.604954</ele>
        <time>2026-05-08T00:37:12.118Z</time>
      </trkpt>
      <trkpt lat="50.288035" lon="16.423053">
        <ele>1052.621247</ele>
        <time>2026-05-08T00:37:20.284Z</time>
      </trkpt>
      <trkpt lat="50.288147" lon="16.422859">
        <ele>1052.631982</ele>
        <time>2026-05-08T00:37:25.956Z</time>
      </trkpt>
      <trkpt lat="50.288229" lon="16.422781">
        <ele>1052.638148</ele>
        <time>2026-05-08T00:37:29.249Z</time>
      </trkpt>
      <trkpt lat="50.289135" lon="16.423472">
        <ele>1052.560902</ele>
        <time>2026-05-08T00:38:01.768Z</time>
      </trkpt>
      <trkpt lat="50.289300" lon="16.423624">
        <ele>1052.374860</ele>
        <time>2026-05-08T00:38:07.451Z</time>
      </trkpt>
      <trkpt lat="50.289573" lon="16.423957">
        <ele>1052.038538</ele>
        <time>2026-05-08T00:38:17.098Z</time>
      </trkpt>
      <trkpt lat="50.291014" lon="16.423049">
        <ele>1051.057523</ele>
        <time>2026-05-08T00:38:39.437Z</time>
      </trkpt>
      <trkpt lat="50.291885" lon="16.422625">
        <ele>1051.293699</ele>
        <time>2026-05-08T00:38:55.290Z</time>
      </trkpt>
      <trkpt lat="50.292159" lon="16.422446">
        <ele>1051.370575</ele>
        <time>2026-05-08T00:39:02.254Z</time>
      </trkpt>
      <trkpt lat="50.292308" lon="16.422172">
        <ele>1051.656775</ele>
        <time>2026-05-08T00:39:08.225Z</time>
      </trkpt>
      <trkpt lat="50.292625" lon="16.421090">
        <ele>1054.327289</ele>
        <time>2026-05-08T00:39:31.334Z</time>
      </trkpt>
      <trkpt lat="50.292849" lon="16.419727">
        <ele>1057.484678</ele>
        <time>2026-05-08T00:39:59.592Z</time>
      </trkpt>
      <trkpt lat="50.292960" lon="16.419262">
        <ele>1057.888250</ele>
        <time>2026-05-08T00:40:08.304Z</time>
      </trkpt>
      <trkpt lat="50.293196" lon="16.418492">
        <ele>1058.240626</ele>
        <time>2026-05-08T00:40:21.340Z</time>
      </trkpt>
      <trkpt lat="50.293621" lon="16.417817">
        <ele>1058.631660</ele>
        <time>2026-05-08T00:40:32.409Z</time>
      </trkpt>
      <trkpt lat="50.294009" lon="16.416935">
        <ele>1057.874269</ele>
        <time>2026-05-08T00:40:42.103Z</time>
      </trkpt>
      <trkpt lat="50.294106" lon="16.416791">
        <ele>1057.396760</ele>
        <time>2026-05-08T00:40:43.838Z</time>
      </trkpt>
      <trkpt lat="50.294515" lon="16.416580">
        <ele>1055.858567</ele>
        <time>2026-05-08T00:40:49.241Z</time>
      </trkpt>
      <trkpt lat="50.294805" lon="16.416318">
        <ele>1054.662577</ele>
        <time>2026-05-08T00:40:53.368Z</time>
      </trkpt>
      <trkpt lat="50.295294" lon="16.415525">
        <ele>1052.159637</ele>
        <time>2026-05-08T00:41:02.081Z</time>
      </trkpt>
      <trkpt lat="50.296187" lon="16.414782">
        <ele>1048.684102</ele>
        <time>2026-05-08T00:41:15.039Z</time>
      </trkpt>
      <trkpt lat="50.298202" lon="16.413253">
        <ele>1042.124571</ele>
        <time>2026-05-08T00:41:44.507Z</time>
      </trkpt>
      <trkpt lat="50.298490" lon="16.413109">
        <ele>1041.396625</ele>
        <time>2026-05-08T00:41:48.744Z</time>
      </trkpt>
      <trkpt lat="50.299595" lon="16.412966">
        <ele>1040.597872</ele>
        <time>2026-05-08T00:42:06.170Z</time>
      </trkpt>
      <trkpt lat="50.299882" lon="16.412854">
        <ele>1040.384792</ele>
        <time>2026-05-08T00:42:11.535Z</time>
      </trkpt>
      <trkpt lat="50.300072" lon="16.412717">
        <ele>1040.234096</ele>
        <time>2026-05-08T00:42:15.360Z</time>
      </trkpt>
      <trkpt lat="50.300379" lon="16.412390">
        <ele>1040.110860</ele>
        <time>2026-05-08T00:42:22.184Z</time>
      </trkpt>
      <trkpt lat="50.300518" lon="16.412199">
        <ele>1040.093142</ele>
        <time>2026-05-08T00:42:25.570Z</time>
      </trkpt>
      <trkpt lat="50.301049" lon="16.411309">
        <ele>1040.018619</ele>
        <time>2026-05-08T00:42:39.104Z</time>
      </trkpt>
      <trkpt lat="50.301661" lon="16.409938">
        <ele>1041.905767</ele>
        <time>2026-05-08T00:42:56.749Z</time>
      </trkpt>
      <trkpt lat="50.301977" lon="16.409748">
        <ele>1043.326105</ele>
        <time>2026-05-08T00:43:05.184Z</time>
      </trkpt>
      <trkpt lat="50.302138" lon="16.409614">
        <ele>1044.091180</ele>
        <time>2026-05-08T00:43:10.502Z</time>
      </trkpt>
      <trkpt lat="50.302157" lon="16.409339">
        <ele>1044.832509</ele>
        <time>2026-05-08T00:43:16.242Z</time>
      </trkpt>
      <trkpt lat="50.302190" lon="16.406961">
        <ele>1056.360382</ele>
        <time>2026-05-08T00:44:26.274Z</time>
      </trkpt>
      <trkpt lat="50.302273" lon="16.400905">
        <ele>1092.913982</ele>
        <time>2026-05-08T00:47:45.510Z</time>
      </trkpt>
      <trkpt lat="50.302320" lon="16.400125">
        <ele>1096.943586</ele>
        <time>2026-05-08T00:48:02.878Z</time>
      </trkpt>
      <trkpt lat="50.301920" lon="16.400056">
        <ele>1098.405254</ele>
        <time>2026-05-08T00:48:14.151Z</time>
      </trkpt>
      <trkpt lat="50.301586" lon="16.399797">
        <ele>1098.834088</ele>
        <time>2026-05-08T00:48:22.397Z</time>
      </trkpt>
      <trkpt lat="50.301482" lon="16.399493">
        <ele>1099.087524</ele>
        <time>2026-05-08T00:48:28.665Z</time>
      </trkpt>
      <trkpt lat="50.301375" lon="16.399374">
        <ele>1099.238532</ele>
        <time>2026-05-08T00:48:32.095Z</time>
      </trkpt>
      <trkpt lat="50.301260" lon="16.399247">
        <ele>1099.400449</ele>
        <time>2026-05-08T00:48:35.676Z</time>
      </trkpt>
      <trkpt lat="50.301044" lon="16.399006">
        <ele>1099.705619</ele>
        <time>2026-05-08T00:48:42.683Z</time>
      </trkpt>
      <trkpt lat="50.300790" lon="16.398607">
        <ele>1100.119606</ele>
        <time>2026-05-08T00:48:54.926Z</time>
      </trkpt>
      <trkpt lat="50.300733" lon="16.398456">
        <ele>1100.199089</ele>
        <time>2026-05-08T00:48:59.271Z</time>
      </trkpt>
      <trkpt lat="50.300677" lon="16.398305">
        <ele>1100.237296</ele>
        <time>2026-05-08T00:49:03.715Z</time>
      </trkpt>
      <trkpt lat="50.300643" lon="16.398030">
        <ele>1100.298589</ele>
        <time>2026-05-08T00:49:10.551Z</time>
      </trkpt>
      <trkpt lat="50.300646" lon="16.397733">
        <ele>1100.363587</ele>
        <time>2026-05-08T00:49:17.153Z</time>
      </trkpt>
      <trkpt lat="50.300709" lon="16.397604">
        <ele>1100.399120</ele>
        <time>2026-05-08T00:49:20.440Z</time>
      </trkpt>
      <trkpt lat="50.301038" lon="16.397586">
        <ele>1100.511895</ele>
        <time>2026-05-08T00:49:29.692Z</time>
      </trkpt>
      <trkpt lat="50.301107" lon="16.397617">
        <ele>1100.536487</ele>
        <time>2026-05-08T00:49:31.767Z</time>
      </trkpt>
      <trkpt lat="50.301299" lon="16.397790">
        <ele>1100.612377</ele>
        <time>2026-05-08T00:49:38.123Z</time>
      </trkpt>
      <trkpt lat="50.301107" lon="16.397617">
        <ele>1100.688267</ele>
        <time>2026-05-08T00:49:44.901Z</time>
      </trkpt>
      <trkpt lat="50.301038" lon="16.397586">
        <ele>1100.712858</ele>
        <time>2026-05-08T00:49:47.117Z</time>
      </trkpt>
      <trkpt lat="50.300709" lon="16.397604">
        <ele>1100.758213</ele>
        <time>2026-05-08T00:49:57.407Z</time>
      </trkpt>
      <trkpt lat="50.300646" lon="16.397733">
        <ele>1100.717286</ele>
        <time>2026-05-08T00:50:00.313Z</time>
      </trkpt>
      <trkpt lat="50.300643" lon="16.398030">
        <ele>1100.642421</ele>
        <time>2026-05-08T00:50:05.215Z</time>
      </trkpt>
      <trkpt lat="50.300677" lon="16.398305">
        <ele>1100.571823</ele>
        <time>2026-05-08T00:50:09.543Z</time>
      </trkpt>
      <trkpt lat="50.300733" lon="16.398456">
        <ele>1100.527816</ele>
        <time>2026-05-08T00:50:12.184Z</time>
      </trkpt>
      <trkpt lat="50.300790" lon="16.398607">
        <ele>1100.483609</ele>
        <time>2026-05-08T00:50:14.879Z</time>
      </trkpt>
      <trkpt lat="50.301044" lon="16.399006">
        <ele>1100.341631</ele>
        <time>2026-05-08T00:50:24.334Z</time>
      </trkpt>
      <trkpt lat="50.301260" lon="16.399247">
        <ele>1100.236973</ele>
        <time>2026-05-08T00:50:33.296Z</time>
      </trkpt>
      <trkpt lat="50.301375" lon="16.399374">
        <ele>1100.181443</ele>
        <time>2026-05-08T00:50:38.296Z</time>
      </trkpt>
      <trkpt lat="50.301482" lon="16.399493">
        <ele>1100.129654</ele>
        <time>2026-05-08T00:50:42.964Z</time>
      </trkpt>
      <trkpt lat="50.301586" lon="16.399797">
        <ele>1100.088488</ele>
        <time>2026-05-08T00:50:50.569Z</time>
      </trkpt>
      <trkpt lat="50.301920" lon="16.400056">
        <ele>1100.102157</ele>
        <time>2026-05-08T00:50:58.035Z</time>
      </trkpt>
      <trkpt lat="50.302320" lon="16.400125">
        <ele>1100.116916</ele>
        <time>2026-05-08T00:51:05.340Z</time>
      </trkpt>
      <trkpt lat="50.302422" lon="16.400144">
        <ele>1100.120683</ele>
        <time>2026-05-08T00:51:07.148Z</time>
      </trkpt>
      <trkpt lat="50.302586" lon="16.400285">
        <ele>1100.127545</ele>
        <time>2026-05-08T00:51:10.367Z</time>
      </trkpt>
      <trkpt lat="50.302689" lon="16.400405">
        <ele>1100.132253</ele>
        <time>2026-05-08T00:51:12.636Z</time>
      </trkpt>
      <trkpt lat="50.302734" lon="16.400480">
        <ele>1100.134664</ele>
        <time>2026-05-08T00:51:13.764Z</time>
      </trkpt>
      <trkpt lat="50.302856" lon="16.400682">
        <ele>1100.141176</ele>
        <time>2026-05-08T00:51:16.701Z</time>
      </trkpt>
      <trkpt lat="50.302999" lon="16.400977">
        <ele>1100.149851</ele>
        <time>2026-05-08T00:51:20.454Z</time>
      </trkpt>
      <trkpt lat="50.303094" lon="16.401251">
        <ele>1099.931201</ele>
        <time>2026-05-08T00:51:23.416Z</time>
      </trkpt>
      <trkpt lat="50.303189" lon="16.401632">
        <ele>1099.612431</ele>
        <time>2026-05-08T00:51:27.190Z</time>
      </trkpt>
      <trkpt lat="50.303341" lon="16.402344">
        <ele>1099.027337</ele>
        <time>2026-05-08T00:51:34.366Z</time>
      </trkpt>
      <trkpt lat="50.303464" lon="16.402642">
        <ele>1098.750808</ele>
        <time>2026-05-08T00:51:37.869Z</time>
      </trkpt>
      <trkpt lat="50.303659" lon="16.402986">
        <ele>1098.392343</ele>
        <time>2026-05-08T00:51:42.386Z</time>
      </trkpt>
      <trkpt lat="50.303737" lon="16.403152">
        <ele>1098.231729</ele>
        <time>2026-05-08T00:51:44.408Z</time>
      </trkpt>
      <trkpt lat="50.303971" lon="16.403644">
        <ele>1097.502444</ele>
        <time>2026-05-08T00:51:50.300Z</time>
      </trkpt>
      <trkpt lat="50.304134" lon="16.403840">
        <ele>1096.940063</ele>
        <time>2026-05-08T00:51:53.267Z</time>
      </trkpt>
      <trkpt lat="50.304284" lon="16.403952">
        <ele>1096.485333</ele>
        <time>2026-05-08T00:51:55.614Z</time>
      </trkpt>
      <trkpt lat="50.304738" lon="16.404114">
        <ele>1095.211199</ele>
        <time>2026-05-08T00:52:01.984Z</time>
      </trkpt>
      <trkpt lat="50.304924" lon="16.404121">
        <ele>1094.702100</ele>
        <time>2026-05-08T00:52:04.460Z</time>
      </trkpt>
      <trkpt lat="50.306076" lon="16.403775">
        <ele>1090.269656</ele>
        <time>2026-05-08T00:52:19.122Z</time>
      </trkpt>
      <trkpt lat="50.306359" lon="16.403792">
        <ele>1088.880129</ele>
        <time>2026-05-08T00:52:22.529Z</time>
      </trkpt>
      <trkpt lat="50.306543" lon="16.403726">
        <ele>1087.953968</ele>
        <time>2026-05-08T00:52:24.776Z</time>
      </trkpt>
      <trkpt lat="50.306734" lon="16.403596">
        <ele>1086.932136</ele>
        <time>2026-05-08T00:52:27.267Z</time>
      </trkpt>
      <trkpt lat="50.307211" lon="16.403171">
        <ele>1084.239402</ele>
        <time>2026-05-08T00:52:33.808Z</time>
      </trkpt>
      <trkpt lat="50.307422" lon="16.402941">
        <ele>1082.859311</ele>
        <time>2026-05-08T00:52:36.891Z</time>
      </trkpt>
      <trkpt lat="50.307730" lon="16.402533">
        <ele>1080.689115</ele>
        <time>2026-05-08T00:52:41.756Z</time>
      </trkpt>
      <trkpt lat="50.307976" lon="16.402146">
        <ele>1078.813273</ele>
        <time>2026-05-08T00:52:45.888Z</time>
      </trkpt>
      <trkpt lat="50.308266" lon="16.401823">
        <ele>1076.898884</ele>
        <time>2026-05-08T00:52:50.080Z</time>
      </trkpt>
      <trkpt lat="50.308487" lon="16.401670">
        <ele>1075.599056</ele>
        <time>2026-05-08T00:52:52.948Z</time>
      </trkpt>
      <trkpt lat="50.308641" lon="16.401618">
        <ele>1074.751611</ele>
        <time>2026-05-08T00:52:54.834Z</time>
      </trkpt>
      <trkpt lat="50.308810" lon="16.401627">
        <ele>1074.155002</ele>
        <time>2026-05-08T00:52:56.867Z</time>
      </trkpt>
      <trkpt lat="50.309101" lon="16.401614">
        <ele>1073.297275</ele>
        <time>2026-05-08T00:53:00.404Z</time>
      </trkpt>
      <trkpt lat="50.309278" lon="16.401518">
        <ele>1072.745378</ele>
        <time>2026-05-08T00:53:02.711Z</time>
      </trkpt>
      <trkpt lat="50.309915" lon="16.400846">
        <ele>1070.482363</ele>
        <time>2026-05-08T00:53:12.801Z</time>
      </trkpt>
      <trkpt lat="50.310427" lon="16.400373">
        <ele>1069.259627</ele>
        <time>2026-05-08T00:53:22.890Z</time>
      </trkpt>
      <trkpt lat="50.311089" lon="16.399874">
        <ele>1069.366773</ele>
        <time>2026-05-08T00:53:36.803Z</time>
      </trkpt>
      <trkpt lat="50.311798" lon="16.399245">
        <ele>1069.485610</ele>
        <time>2026-05-08T00:53:52.709Z</time>
      </trkpt>
      <trkpt lat="50.311988" lon="16.399020">
        <ele>1069.288603</ele>
        <time>2026-05-08T00:53:57.088Z</time>
      </trkpt>
      <trkpt lat="50.312355" lon="16.398459">
        <ele>1068.621294</ele>
        <time>2026-05-08T00:54:05.817Z</time>
      </trkpt>
      <trkpt lat="50.312457" lon="16.398382">
        <ele>1068.473962</ele>
        <time>2026-05-08T00:54:07.651Z</time>
      </trkpt>
      <trkpt lat="50.312595" lon="16.398336">
        <ele>1068.290384</ele>
        <time>2026-05-08T00:54:09.848Z</time>
      </trkpt>
      <trkpt lat="50.312914" lon="16.398363">
        <ele>1067.874720</ele>
        <time>2026-05-08T00:54:14.562Z</time>
      </trkpt>
      <trkpt lat="50.313021" lon="16.398423">
        <ele>1067.726842</ele>
        <time>2026-05-08T00:54:16.172Z</time>
      </trkpt>
      <trkpt lat="50.313462" lon="16.398895">
        <ele>1066.740310</ele>
        <time>2026-05-08T00:54:23.309Z</time>
      </trkpt>
      <trkpt lat="50.313714" lon="16.399039">
        <ele>1065.576678</ele>
        <time>2026-05-08T00:54:26.711Z</time>
      </trkpt>
      <trkpt lat="50.314514" lon="16.399186">
        <ele>1062.082623</ele>
        <time>2026-05-08T00:54:36.608Z</time>
      </trkpt>
      <trkpt lat="50.314670" lon="16.399183">
        <ele>1061.405874</ele>
        <time>2026-05-08T00:54:38.480Z</time>
      </trkpt>
      <trkpt lat="50.315365" lon="16.398996">
        <ele>1058.196285</ele>
        <time>2026-05-08T00:54:47.013Z</time>
      </trkpt>
      <trkpt lat="50.315672" lon="16.398823">
        <ele>1056.569404</ele>
        <time>2026-05-08T00:54:50.971Z</time>
      </trkpt>
      <trkpt lat="50.317343" lon="16.397410">
        <ele>1046.917255</ele>
        <time>2026-05-08T00:55:13.907Z</time>
      </trkpt>
      <trkpt lat="50.317439" lon="16.397348">
        <ele>1046.370623</ele>
        <time>2026-05-08T00:55:15.136Z</time>
      </trkpt>
      <trkpt lat="50.318022" lon="16.396972">
        <ele>1043.051642</ele>
        <time>2026-05-08T00:55:22.664Z</time>
      </trkpt>
      <trkpt lat="50.318320" lon="16.396753">
        <ele>1041.318834</ele>
        <time>2026-05-08T00:55:26.623Z</time>
      </trkpt>
      <trkpt lat="50.318790" lon="16.396202">
        <ele>1038.319384</ele>
        <time>2026-05-08T00:55:33.588Z</time>
      </trkpt>
      <trkpt lat="50.318963" lon="16.395925">
        <ele>1037.061095</ele>
        <time>2026-05-08T00:55:36.556Z</time>
      </trkpt>
      <trkpt lat="50.319092" lon="16.395650">
        <ele>1035.952972</ele>
        <time>2026-05-08T00:55:39.191Z</time>
      </trkpt>
      <trkpt lat="50.319159" lon="16.395429">
        <ele>1035.158515</ele>
        <time>2026-05-08T00:55:41.127Z</time>
      </trkpt>
      <trkpt lat="50.319197" lon="16.395167">
        <ele>1034.286030</ele>
        <time>2026-05-08T00:55:43.247Z</time>
      </trkpt>
      <trkpt lat="50.319177" lon="16.394958">
        <ele>1033.599750</ele>
        <time>2026-05-08T00:55:44.900Z</time>
      </trkpt>
      <trkpt lat="50.319021" lon="16.394194">
        <ele>1030.807757</ele>
        <time>2026-05-08T00:55:51.100Z</time>
      </trkpt>
      <trkpt lat="50.318855" lon="16.393510">
        <ele>1027.857644</ele>
        <time>2026-05-08T00:55:56.667Z</time>
      </trkpt>
      <trkpt lat="50.318760" lon="16.393217">
        <ele>1026.532799</ele>
        <time>2026-05-08T00:55:59.160Z</time>
      </trkpt>
      <trkpt lat="50.318620" lon="16.392896">
        <ele>1024.965552</ele>
        <time>2026-05-08T00:56:02.007Z</time>
      </trkpt>
      <trkpt lat="50.318406" lon="16.392574">
        <ele>1023.091757</ele>
        <time>2026-05-08T00:56:05.382Z</time>
      </trkpt>
      <trkpt lat="50.318059" lon="16.392176">
        <ele>1020.374466</ele>
        <time>2026-05-08T00:56:10.261Z</time>
      </trkpt>
      <trkpt lat="50.318003" lon="16.392064">
        <ele>1019.777130</ele>
        <time>2026-05-08T00:56:11.278Z</time>
      </trkpt>
      <trkpt lat="50.317996" lon="16.391987">
        <ele>1019.450535</ele>
        <time>2026-05-08T00:56:11.846Z</time>
      </trkpt>
      <trkpt lat="50.318030" lon="16.391893">
        <ele>1018.996886</ele>
        <time>2026-05-08T00:56:12.622Z</time>
      </trkpt>
      <trkpt lat="50.318083" lon="16.391846">
        <ele>1018.596345</ele>
        <time>2026-05-08T00:56:13.303Z</time>
      </trkpt>
      <trkpt lat="50.318203" lon="16.391843">
        <ele>1017.807088</ele>
        <time>2026-05-08T00:56:14.662Z</time>
      </trkpt>
      <trkpt lat="50.320202" lon="16.392502">
        <ele>1004.360945</ele>
        <time>2026-05-08T00:56:38.474Z</time>
      </trkpt>
      <trkpt lat="50.320485" lon="16.392646">
        <ele>1002.398501</ele>
        <time>2026-05-08T00:56:41.952Z</time>
      </trkpt>
      <trkpt lat="50.320797" lon="16.392879">
        <ele>1000.118886</ele>
        <time>2026-05-08T00:56:45.936Z</time>
      </trkpt>
      <trkpt lat="50.320856" lon="16.392893">
        <ele>999.725335</ele>
        <time>2026-05-08T00:56:46.611Z</time>
      </trkpt>
      <trkpt lat="50.320922" lon="16.392847">
        <ele>999.248905</ele>
        <time>2026-05-08T00:56:47.445Z</time>
      </trkpt>
      <trkpt lat="50.320972" lon="16.392758">
        <ele>998.749716</ele>
        <time>2026-05-08T00:56:48.306Z</time>
      </trkpt>
      <trkpt lat="50.320979" lon="16.392667">
        <ele>998.363755</ele>
        <time>2026-05-08T00:56:48.985Z</time>
      </trkpt>
      <trkpt lat="50.320934" lon="16.392455">
        <ele>997.423010</ele>
        <time>2026-05-08T00:56:50.607Z</time>
      </trkpt>
      <trkpt lat="50.320749" lon="16.391907">
        <ele>994.830719</ele>
        <time>2026-05-08T00:56:55.099Z</time>
      </trkpt>
      <trkpt lat="50.320735" lon="16.391824">
        <ele>994.472626</ele>
        <time>2026-05-08T00:56:55.721Z</time>
      </trkpt>
      <trkpt lat="50.320766" lon="16.391677">
        <ele>993.826870</ele>
        <time>2026-05-08T00:56:56.839Z</time>
      </trkpt>
      <trkpt lat="50.320856" lon="16.391590">
        <ele>993.135922</ele>
        <time>2026-05-08T00:56:58.034Z</time>
      </trkpt>
      <trkpt lat="50.321379" lon="16.391280">
        <ele>989.482649</ele>
        <time>2026-05-08T00:57:04.397Z</time>
      </trkpt>
      <trkpt lat="50.321641" lon="16.390932">
        <ele>987.238359</ele>
        <time>2026-05-08T00:57:08.416Z</time>
      </trkpt>
      <trkpt lat="50.322088" lon="16.390463">
        <ele>984.367000</ele>
        <time>2026-05-08T00:57:14.884Z</time>
      </trkpt>
      <trkpt lat="50.322918" lon="16.389280">
        <ele>980.813970</ele>
        <time>2026-05-08T00:57:28.953Z</time>
      </trkpt>
      <trkpt lat="50.323210" lon="16.388982">
        <ele>979.710548</ele>
        <time>2026-05-08T00:57:34.051Z</time>
      </trkpt>
      <trkpt lat="50.323321" lon="16.388947">
        <ele>979.352064</ele>
        <time>2026-05-08T00:57:35.984Z</time>
      </trkpt>
      <trkpt lat="50.323485" lon="16.388738">
        <ele>979.949626</ele>
        <time>2026-05-08T00:57:39.772Z</time>
      </trkpt>
      <trkpt lat="50.323614" lon="16.388584">
        <ele>980.529734</ele>
        <time>2026-05-08T00:57:43.141Z</time>
      </trkpt>
      <trkpt lat="50.323843" lon="16.388396">
        <ele>981.454449</ele>
        <time>2026-05-08T00:57:49.284Z</time>
      </trkpt>
      <trkpt lat="50.323973" lon="16.388224">
        <ele>982.063082</ele>
        <time>2026-05-08T00:57:53.735Z</time>
      </trkpt>
      <trkpt lat="50.324115" lon="16.387883">
        <ele>982.992720</ele>
        <time>2026-05-08T00:58:01.412Z</time>
      </trkpt>
      <trkpt lat="50.324186" lon="16.387713">
        <ele>983.456583</ele>
        <time>2026-05-08T00:58:05.518Z</time>
      </trkpt>
      <trkpt lat="50.324953" lon="16.385688">
        <ele>992.219539</ele>
        <time>2026-05-08T00:59:07.280Z</time>
      </trkpt>
      <trkpt lat="50.325042" lon="16.385502">
        <ele>993.325942</ele>
        <time>2026-05-08T00:59:13.958Z</time>
      </trkpt>
      <trkpt lat="50.325164" lon="16.385440">
        <ele>994.282204</ele>
        <time>2026-05-08T00:59:19.672Z</time>
      </trkpt>
      <trkpt lat="50.325256" lon="16.385441">
        <ele>994.968137</ele>
        <time>2026-05-08T00:59:23.906Z</time>
      </trkpt>
      <trkpt lat="50.325409" lon="16.385582">
        <ele>996.291635</ele>
        <time>2026-05-08T00:59:32.038Z</time>
      </trkpt>
      <trkpt lat="50.325515" lon="16.385879">
        <ele>997.911218</ele>
        <time>2026-05-08T00:59:42.024Z</time>
      </trkpt>
      <trkpt lat="50.325702" lon="16.386575">
        <ele>999.552825</ele>
        <time>2026-05-08T01:00:03.512Z</time>
      </trkpt>
      <trkpt lat="50.325754" lon="16.386731">
        <ele>999.704663</ele>
        <time>2026-05-08T01:00:07.799Z</time>
      </trkpt>
      <trkpt lat="50.325795" lon="16.386780">
        <ele>999.774359</ele>
        <time>2026-05-08T01:00:09.684Z</time>
      </trkpt>
      <trkpt lat="50.325935" lon="16.386821">
        <ele>999.966840</ele>
        <time>2026-05-08T01:00:14.162Z</time>
      </trkpt>
      <trkpt lat="50.326026" lon="16.386764">
        <ele>1000.099291</ele>
        <time>2026-05-08T01:00:16.772Z</time>
      </trkpt>
      <trkpt lat="50.326086" lon="16.386668">
        <ele>1000.215203</ele>
        <time>2026-05-08T01:00:18.831Z</time>
      </trkpt>
      <trkpt lat="50.326117" lon="16.386580">
        <ele>1000.301920</ele>
        <time>2026-05-08T01:00:20.247Z</time>
      </trkpt>
      <trkpt lat="50.326127" lon="16.386384">
        <ele>1000.471566</ele>
        <time>2026-05-08T01:00:22.901Z</time>
      </trkpt>
      <trkpt lat="50.326109" lon="16.386216">
        <ele>1000.618541</ele>
        <time>2026-05-08T01:00:24.994Z</time>
      </trkpt>
      <trkpt lat="50.326127" lon="16.386384">
        <ele>1000.765517</ele>
        <time>2026-05-08T01:00:26.943Z</time>
      </trkpt>
      <trkpt lat="50.326117" lon="16.386580">
        <ele>1000.935163</ele>
        <time>2026-05-08T01:00:29.017Z</time>
      </trkpt>
      <trkpt lat="50.326086" lon="16.386668">
        <ele>1001.021880</ele>
        <time>2026-05-08T01:00:30.030Z</time>
      </trkpt>
      <trkpt lat="50.326026" lon="16.386764">
        <ele>1001.137792</ele>
        <time>2026-05-08T01:00:31.334Z</time>
      </trkpt>
      <trkpt lat="50.325935" lon="16.386821">
        <ele>1001.270242</ele>
        <time>2026-05-08T01:00:32.723Z</time>
      </trkpt>
      <trkpt lat="50.325795" lon="16.386780">
        <ele>1001.462724</ele>
        <time>2026-05-08T01:00:34.592Z</time>
      </trkpt>
      <trkpt lat="50.325754" lon="16.386731">
        <ele>1001.532420</ele>
        <time>2026-05-08T01:00:35.238Z</time>
      </trkpt>
      <trkpt lat="50.325702" lon="16.386575">
        <ele>1000.869977</ele>
        <time>2026-05-08T01:00:36.610Z</time>
      </trkpt>
      <trkpt lat="50.325515" lon="16.385879">
        <ele>997.531784</ele>
        <time>2026-05-08T01:00:42.270Z</time>
      </trkpt>
      <trkpt lat="50.325409" lon="16.385582">
        <ele>996.027589</ele>
        <time>2026-05-08T01:00:44.800Z</time>
      </trkpt>
      <trkpt lat="50.325256" lon="16.385441">
        <ele>994.798384</ele>
        <time>2026-05-08T01:00:46.879Z</time>
      </trkpt>
      <trkpt lat="50.325164" lon="16.385440">
        <ele>994.161321</ele>
        <time>2026-05-08T01:00:47.950Z</time>
      </trkpt>
      <trkpt lat="50.325042" lon="16.385502">
        <ele>993.273189</ele>
        <time>2026-05-08T01:00:49.448Z</time>
      </trkpt>
      <trkpt lat="50.324953" lon="16.385688">
        <ele>992.245612</ele>
        <time>2026-05-08T01:00:51.190Z</time>
      </trkpt>
      <trkpt lat="50.324186" lon="16.387713">
        <ele>983.254952</ele>
        <time>2026-05-08T01:01:09.574Z</time>
      </trkpt>
      <trkpt lat="50.324193" lon="16.387524">
        <ele>982.581517</ele>
        <time>2026-05-08T01:01:12.396Z</time>
      </trkpt>
      <trkpt lat="50.324502" lon="16.385957">
        <ele>976.223487</ele>
        <time>2026-05-08T01:01:35.794Z</time>
      </trkpt>
      <trkpt lat="50.324561" lon="16.385144">
        <ele>972.657508</ele>
        <time>2026-05-08T01:01:46.920Z</time>
      </trkpt>
      <trkpt lat="50.324486" lon="16.384715">
        <ele>970.719039</ele>
        <time>2026-05-08T01:01:52.767Z</time>
      </trkpt>
      <trkpt lat="50.324374" lon="16.384381">
        <ele>969.074853</ele>
        <time>2026-05-08T01:01:57.626Z</time>
      </trkpt>
      <trkpt lat="50.324218" lon="16.383917">
        <ele>966.785701</ele>
        <time>2026-05-08T01:02:04.269Z</time>
      </trkpt>
      <trkpt lat="50.324016" lon="16.383451">
        <ele>963.183235</ele>
        <time>2026-05-08T01:02:11.393Z</time>
      </trkpt>
      <trkpt lat="50.323664" lon="16.382828">
        <ele>957.862410</ele>
        <time>2026-05-08T01:02:21.870Z</time>
      </trkpt>
      <trkpt lat="50.323203" lon="16.382202">
        <ele>951.750304</ele>
        <time>2026-05-08T01:02:33.799Z</time>
      </trkpt>
      <trkpt lat="50.323059" lon="16.381962">
        <ele>949.643835</ele>
        <time>2026-05-08T01:02:37.858Z</time>
      </trkpt>
      <trkpt lat="50.323011" lon="16.381687">
        <ele>947.594122</ele>
        <time>2026-05-08T01:02:41.384Z</time>
      </trkpt>
      <trkpt lat="50.323017" lon="16.381291">
        <ele>944.462578</ele>
        <time>2026-05-08T01:02:46.234Z</time>
      </trkpt>
      <trkpt lat="50.323051" lon="16.380983">
        <ele>941.991492</ele>
        <time>2026-05-08T01:02:49.999Z</time>
      </trkpt>
      <trkpt lat="50.323138" lon="16.380724">
        <ele>939.677816</ele>
        <time>2026-05-08T01:02:53.553Z</time>
      </trkpt>
      <trkpt lat="50.323495" lon="16.380146">
        <ele>933.320037</ele>
        <time>2026-05-08T01:03:03.274Z</time>
      </trkpt>
      <trkpt lat="50.323712" lon="16.379740">
        <ele>929.134106</ele>
        <time>2026-05-08T01:03:09.607Z</time>
      </trkpt>
      <trkpt lat="50.323852" lon="16.379526">
        <ele>926.711842</ele>
        <time>2026-05-08T01:03:13.284Z</time>
      </trkpt>
      <trkpt lat="50.324210" lon="16.379128">
        <ele>921.358444</ele>
        <time>2026-05-08T01:03:21.570Z</time>
      </trkpt>
      <trkpt lat="50.324721" lon="16.378755">
        <ele>914.487933</ele>
        <time>2026-05-08T01:03:32.285Z</time>
      </trkpt>
      <trkpt lat="50.324821" lon="16.378609">
        <ele>912.821925</ele>
        <time>2026-05-08T01:03:34.897Z</time>
      </trkpt>
      <trkpt lat="50.325453" lon="16.377523">
        <ele>901.908514</ele>
        <time>2026-05-08T01:03:52.833Z</time>
      </trkpt>
      <trkpt lat="50.325906" lon="16.376854">
        <ele>895.553853</ele>
        <time>2026-05-08T01:04:04.913Z</time>
      </trkpt>
      <trkpt lat="50.326565" lon="16.375510">
        <ele>884.973124</ele>
        <time>2026-05-08T01:04:26.268Z</time>
      </trkpt>
      <trkpt lat="50.326615" lon="16.375410">
        <ele>884.367940</ele>
        <time>2026-05-08T01:04:27.941Z</time>
      </trkpt>
      <trkpt lat="50.326893" lon="16.374895">
        <ele>881.154660</ele>
        <time>2026-05-08T01:04:36.679Z</time>
      </trkpt>
      <trkpt lat="50.327200" lon="16.374502">
        <ele>878.195709</ele>
        <time>2026-05-08T01:04:44.663Z</time>
      </trkpt>
      <trkpt lat="50.327263" lon="16.374421">
        <ele>877.587437</ele>
        <time>2026-05-08T01:04:46.357Z</time>
      </trkpt>
      <trkpt lat="50.327562" lon="16.374006">
        <ele>874.606024</ele>
        <time>2026-05-08T01:04:54.729Z</time>
      </trkpt>
      <trkpt lat="50.327697" lon="16.373676">
        <ele>872.788972</ele>
        <time>2026-05-08T01:05:00.135Z</time>
      </trkpt>
      <trkpt lat="50.327739" lon="16.373567">
        <ele>872.635432</ele>
        <time>2026-05-08T01:05:01.956Z</time>
      </trkpt>
      <trkpt lat="50.328050" lon="16.372704">
        <ele>871.440304</ele>
        <time>2026-05-08T01:05:16.126Z</time>
      </trkpt>
      <trkpt lat="50.328084" lon="16.372566">
        <ele>871.261916</ele>
        <time>2026-05-08T01:05:18.341Z</time>
      </trkpt>
      <trkpt lat="50.328057" lon="16.372444">
        <ele>871.106198</ele>
        <time>2026-05-08T01:05:20.287Z</time>
      </trkpt>
      <trkpt lat="50.328277" lon="16.371942">
        <ele>870.371880</ele>
        <time>2026-05-08T01:05:26.471Z</time>
      </trkpt>
      <trkpt lat="50.328348" lon="16.371766">
        <ele>870.120804</ele>
        <time>2026-05-08T01:05:29.110Z</time>
      </trkpt>
      <trkpt lat="50.328406" lon="16.371615">
        <ele>869.908282</ele>
        <time>2026-05-08T01:05:31.419Z</time>
      </trkpt>
      <trkpt lat="50.328586" lon="16.371162">
        <ele>869.738661</ele>
        <time>2026-05-08T01:05:38.924Z</time>
      </trkpt>
      <trkpt lat="50.329177" lon="16.370155">
        <ele>873.538339</ele>
        <time>2026-05-08T01:06:04.745Z</time>
      </trkpt>
      <trkpt lat="50.329288" lon="16.369970">
        <ele>874.243574</ele>
        <time>2026-05-08T01:06:10.461Z</time>
      </trkpt>
      <trkpt lat="50.330363" lon="16.368521">
        <ele>882.026736</ele>
        <time>2026-05-08T01:07:03.520Z</time>
      </trkpt>
      <trkpt lat="50.330801" lon="16.368003">
        <ele>885.625515</ele>
        <time>2026-05-08T01:07:24.523Z</time>
      </trkpt>
      <trkpt lat="50.332060" lon="16.366962">
        <ele>896.214759</ele>
        <time>2026-05-08T01:08:23.378Z</time>
      </trkpt>
      <trkpt lat="50.332563" lon="16.366610">
        <ele>900.591005</ele>
        <time>2026-05-08T01:08:48.366Z</time>
      </trkpt>
      <trkpt lat="50.333067" lon="16.366395">
        <ele>904.766934</ele>
        <time>2026-05-08T01:09:12.190Z</time>
      </trkpt>
      <trkpt lat="50.333681" lon="16.366286">
        <ele>909.767025</ele>
        <time>2026-05-08T01:09:39.934Z</time>
      </trkpt>
      <trkpt lat="50.334708" lon="16.366189">
        <ele>918.092603</ele>
        <time>2026-05-08T01:10:23.747Z</time>
      </trkpt>
      <trkpt lat="50.335037" lon="16.366218">
        <ele>920.762964</ele>
        <time>2026-05-08T01:10:38.005Z</time>
      </trkpt>
      <trkpt lat="50.335738" lon="16.366476">
        <ele>926.598364</ele>
        <time>2026-05-08T01:11:10.057Z</time>
      </trkpt>
      <trkpt lat="50.336660" lon="16.367049">
        <ele>934.165055</ele>
        <time>2026-05-08T01:11:54.398Z</time>
      </trkpt>
      <trkpt lat="50.337179" lon="16.367300">
        <ele>937.619054</ele>
        <time>2026-05-08T01:12:15.664Z</time>
      </trkpt>
      <trkpt lat="50.337408" lon="16.367328">
        <ele>939.079701</ele>
        <time>2026-05-08T01:12:24.124Z</time>
      </trkpt>
      <trkpt lat="50.337585" lon="16.367235">
        <ele>940.266857</ele>
        <time>2026-05-08T01:12:30.843Z</time>
      </trkpt>
      <trkpt lat="50.337796" lon="16.366967">
        <ele>941.994134</ele>
        <time>2026-05-08T01:12:40.328Z</time>
      </trkpt>
      <trkpt lat="50.337852" lon="16.366840">
        <ele>942.620638</ele>
        <time>2026-05-08T01:12:43.700Z</time>
      </trkpt>
      <trkpt lat="50.337968" lon="16.366476">
        <ele>944.271565</ele>
        <time>2026-05-08T01:12:52.471Z</time>
      </trkpt>
      <trkpt lat="50.338154" lon="16.366321">
        <ele>945.609997</ele>
        <time>2026-05-08T01:12:59.470Z</time>
      </trkpt>
      <trkpt lat="50.338861" lon="16.366043">
        <ele>950.240948</ele>
        <time>2026-05-08T01:13:25.203Z</time>
      </trkpt>
      <trkpt lat="50.339184" lon="16.365710">
        <ele>952.697400</ele>
        <time>2026-05-08T01:13:40.692Z</time>
      </trkpt>
      <trkpt lat="50.339690" lon="16.364980">
        <ele>957.699999</ele>
        <time>2026-05-08T01:14:10.211Z</time>
      </trkpt>
      <trkpt lat="50.340922" lon="16.362627">
        <ele>974.232808</ele>
        <time>2026-05-08T01:15:40.895Z</time>
      </trkpt>
      <trkpt lat="50.341869" lon="16.360272">
        <ele>987.958084</ele>
        <time>2026-05-08T01:16:56.491Z</time>
      </trkpt>
      <trkpt lat="50.342062" lon="16.359816">
        <ele>990.282558</ele>
        <time>2026-05-08T01:17:10.954Z</time>
      </trkpt>
      <trkpt lat="50.342296" lon="16.359386">
        <ele>992.683210</ele>
        <time>2026-05-08T01:17:25.332Z</time>
      </trkpt>
      <trkpt lat="50.342597" lon="16.359003">
        <ele>995.264250</ele>
        <time>2026-05-08T01:17:39.947Z</time>
      </trkpt>
      <trkpt lat="50.342901" lon="16.358729">
        <ele>997.504755</ele>
        <time>2026-05-08T01:17:52.169Z</time>
      </trkpt>
      <trkpt lat="50.343154" lon="16.358535">
        <ele>998.823576</ele>
        <time>2026-05-08T01:18:01.480Z</time>
      </trkpt>
      <trkpt lat="50.343318" lon="16.358480">
        <ele>999.608840</ele>
        <time>2026-05-08T01:18:07.042Z</time>
      </trkpt>
      <trkpt lat="50.343463" lon="16.358490">
        <ele>1000.288411</ele>
        <time>2026-05-08T01:18:11.826Z</time>
      </trkpt>
      <trkpt lat="50.343829" lon="16.358670">
        <ele>1002.084504</ele>
        <time>2026-05-08T01:18:24.050Z</time>
      </trkpt>
      <trkpt lat="50.343970" lon="16.358690">
        <ele>1002.747388</ele>
        <time>2026-05-08T01:18:28.332Z</time>
      </trkpt>
      <trkpt lat="50.344081" lon="16.358655">
        <ele>1003.277525</ele>
        <time>2026-05-08T01:18:31.706Z</time>
      </trkpt>
      <trkpt lat="50.344324" lon="16.358381">
        <ele>1004.679243</ele>
        <time>2026-05-08T01:18:40.591Z</time>
      </trkpt>
      <trkpt lat="50.344584" lon="16.358230">
        <ele>1006.133600</ele>
        <time>2026-05-08T01:18:49.583Z</time>
      </trkpt>
      <trkpt lat="50.344703" lon="16.358255">
        <ele>1007.015877</ele>
        <time>2026-05-08T01:18:53.701Z</time>
      </trkpt>
      <trkpt lat="50.344765" lon="16.358341">
        <ele>1007.624331</ele>
        <time>2026-05-08T01:18:56.658Z</time>
      </trkpt>
      <trkpt lat="50.344797" lon="16.358525">
        <ele>1008.518660</ele>
        <time>2026-05-08T01:19:01.184Z</time>
      </trkpt>
      <trkpt lat="50.344774" lon="16.359105">
        <ele>1011.243798</ele>
        <time>2026-05-08T01:19:15.720Z</time>
      </trkpt>
      <trkpt lat="50.345115" lon="16.358750">
        <ele>1014.252182</ele>
        <time>2026-05-08T01:19:37.470Z</time>
      </trkpt>
      <trkpt lat="50.346789" lon="16.356414">
        <ele>1033.050175</ele>
        <time>2026-05-08T01:21:52.159Z</time>
      </trkpt>
      <trkpt lat="50.346870" lon="16.356247">
        <ele>1034.227678</ele>
        <time>2026-05-08T01:21:59.409Z</time>
      </trkpt>
      <trkpt lat="50.346934" lon="16.356000">
        <ele>1035.198402</ele>
        <time>2026-05-08T01:22:08.251Z</time>
      </trkpt>
      <trkpt lat="50.347001" lon="16.354885">
        <ele>1038.117990</ele>
        <time>2026-05-08T01:22:41.065Z</time>
      </trkpt>
      <trkpt lat="50.347053" lon="16.354467">
        <ele>1039.228199</ele>
        <time>2026-05-08T01:22:51.862Z</time>
      </trkpt>
      <trkpt lat="50.347148" lon="16.354262">
        <ele>1039.888671</ele>
        <time>2026-05-08T01:22:57.935Z</time>
      </trkpt>
      <trkpt lat="50.347228" lon="16.354197">
        <ele>1040.256806</ele>
        <time>2026-05-08T01:23:01.230Z</time>
      </trkpt>
      <trkpt lat="50.347408" lon="16.354302">
        <ele>1041.041440</ele>
        <time>2026-05-08T01:23:08.163Z</time>
      </trkpt>
      <trkpt lat="50.347494" lon="16.354446">
        <ele>1041.555593</ele>
        <time>2026-05-08T01:23:12.593Z</time>
      </trkpt>
      <trkpt lat="50.347578" lon="16.354687">
        <ele>1042.179396</ele>
        <time>2026-05-08T01:23:18.651Z</time>
      </trkpt>
      <trkpt lat="50.348781" lon="16.357225">
        <ele>1046.698931</ele>
        <time>2026-05-08T01:24:30.468Z</time>
      </trkpt>
      <trkpt lat="50.349892" lon="16.359600">
        <ele>1053.511724</ele>
        <time>2026-05-08T01:25:52.274Z</time>
      </trkpt>
      <trkpt lat="50.350029" lon="16.359821">
        <ele>1054.081457</ele>
        <time>2026-05-08T01:26:00.660Z</time>
      </trkpt>
      <trkpt lat="50.350114" lon="16.359882">
        <ele>1054.352366</ele>
        <time>2026-05-08T01:26:04.548Z</time>
      </trkpt>
      <trkpt lat="50.353477" lon="16.360000">
        <ele>1060.586097</ele>
        <time>2026-05-08T01:28:07.623Z</time>
      </trkpt>
      <trkpt lat="50.353742" lon="16.360206">
        <ele>1059.974322</ele>
        <time>2026-05-08T01:28:15.832Z</time>
      </trkpt>
      <trkpt lat="50.354000" lon="16.360518">
        <ele>1059.300365</ele>
        <time>2026-05-08T01:28:23.822Z</time>
      </trkpt>
      <trkpt lat="50.354170" lon="16.360780">
        <ele>1058.807271</ele>
        <time>2026-05-08T01:28:29.257Z</time>
      </trkpt>
      <trkpt lat="50.354241" lon="16.360889">
        <ele>1058.601723</ele>
        <time>2026-05-08T01:28:31.570Z</time>
      </trkpt>
      <trkpt lat="50.354326" lon="16.361244">
        <ele>1058.101377</ele>
        <time>2026-05-08T01:28:37.071Z</time>
      </trkpt>
      <trkpt lat="50.354464" lon="16.362388">
        <ele>1053.741776</ele>
        <time>2026-05-08T01:28:52.925Z</time>
      </trkpt>
      <trkpt lat="50.354350" lon="16.362188">
        <ele>1052.502894</ele>
        <time>2026-05-08T01:29:04.859Z</time>
      </trkpt>
      <trkpt lat="50.354464" lon="16.362388">
        <ele>1051.264012</ele>
        <time>2026-05-08T01:29:08.327Z</time>
      </trkpt>
      <trkpt lat="50.354480" lon="16.362763">
        <ele>1049.527841</ele>
        <time>2026-05-08T01:29:13.129Z</time>
      </trkpt>
      <trkpt lat="50.354404" lon="16.362991">
        <ele>1048.339526</ele>
        <time>2026-05-08T01:29:15.189Z</time>
      </trkpt>
      <trkpt lat="50.354318" lon="16.363130">
        <ele>1047.445100</ele>
        <time>2026-05-08T01:29:16.749Z</time>
      </trkpt>
      <trkpt lat="50.354081" lon="16.363415">
        <ele>1045.282305</ele>
        <time>2026-05-08T01:29:20.551Z</time>
      </trkpt>
      <trkpt lat="50.353886" lon="16.363546">
        <ele>1043.791422</ele>
        <time>2026-05-08T01:29:23.207Z</time>
      </trkpt>
      <trkpt lat="50.353679" lon="16.363627">
        <ele>1042.322119</ele>
        <time>2026-05-08T01:29:25.890Z</time>
      </trkpt>
      <trkpt lat="50.352630" lon="16.363898">
        <ele>1035.000501</ele>
        <time>2026-05-08T01:29:39.659Z</time>
      </trkpt>
      <trkpt lat="50.352087" lon="16.364115">
        <ele>1031.279841</ele>
        <time>2026-05-08T01:29:47.207Z</time>
      </trkpt>
      <trkpt lat="50.351351" lon="16.364808">
        <ele>1026.082814</ele>
        <time>2026-05-08T01:29:58.804Z</time>
      </trkpt>
      <trkpt lat="50.350719" lon="16.365555">
        <ele>1021.261974</ele>
        <time>2026-05-08T01:30:09.182Z</time>
      </trkpt>
      <trkpt lat="50.350082" lon="16.366403">
        <ele>1014.802942</ele>
        <time>2026-05-08T01:30:19.867Z</time>
      </trkpt>
      <trkpt lat="50.349405" lon="16.367420">
        <ele>1007.555675</ele>
        <time>2026-05-08T01:30:31.752Z</time>
      </trkpt>
      <trkpt lat="50.348844" lon="16.368488">
        <ele>1000.326363</ele>
        <time>2026-05-08T01:30:42.776Z</time>
      </trkpt>
      <trkpt lat="50.348785" lon="16.368592">
        <ele>999.598758</ele>
        <time>2026-05-08T01:30:43.888Z</time>
      </trkpt>
      <trkpt lat="50.348520" lon="16.369058">
        <ele>996.335064</ele>
        <time>2026-05-08T01:30:48.900Z</time>
      </trkpt>
      <trkpt lat="50.347999" lon="16.370138">
        <ele>989.339770</ele>
        <time>2026-05-08T01:31:00.032Z</time>
      </trkpt>
      <trkpt lat="50.347848" lon="16.370372">
        <ele>987.641286</ele>
        <time>2026-05-08T01:31:02.725Z</time>
      </trkpt>
      <trkpt lat="50.347669" lon="16.370573">
        <ele>985.880035</ele>
        <time>2026-05-08T01:31:05.541Z</time>
      </trkpt>
      <trkpt lat="50.347394" lon="16.370714">
        <ele>983.565837</ele>
        <time>2026-05-08T01:31:09.230Z</time>
      </trkpt>
      <trkpt lat="50.347339" lon="16.370780">
        <ele>983.011784</ele>
        <time>2026-05-08T01:31:10.114Z</time>
      </trkpt>
      <trkpt lat="50.347319" lon="16.370919">
        <ele>982.284545</ele>
        <time>2026-05-08T01:31:11.262Z</time>
      </trkpt>
      <trkpt lat="50.347374" lon="16.371293">
        <ele>980.325689</ele>
        <time>2026-05-08T01:31:14.358Z</time>
      </trkpt>
      <trkpt lat="50.347480" lon="16.372812">
        <ele>971.302239</ele>
        <time>2026-05-08T01:31:26.441Z</time>
      </trkpt>
      <trkpt lat="50.347472" lon="16.373292">
        <ele>968.338407</ele>
        <time>2026-05-08T01:31:30.218Z</time>
      </trkpt>
      <trkpt lat="50.347308" lon="16.374331">
        <ele>961.731839</ele>
        <time>2026-05-08T01:31:38.542Z</time>
      </trkpt>
      <trkpt lat="50.347302" lon="16.374627">
        <ele>960.047068</ele>
        <time>2026-05-08T01:31:40.845Z</time>
      </trkpt>
      <trkpt lat="50.347434" lon="16.375515">
        <ele>955.170486</ele>
        <time>2026-05-08T01:31:48.000Z</time>
      </trkpt>
      <trkpt lat="50.347455" lon="16.375679">
        <ele>954.275856</ele>
        <time>2026-05-08T01:31:49.334Z</time>
      </trkpt>
      <trkpt lat="50.347426" lon="16.375836">
        <ele>953.401679</ele>
        <time>2026-05-08T01:31:50.640Z</time>
      </trkpt>
      <trkpt lat="50.347388" lon="16.376041">
        <ele>952.259926</ele>
        <time>2026-05-08T01:31:52.359Z</time>
      </trkpt>
      <trkpt lat="50.347198" lon="16.376621">
        <ele>948.772945</ele>
        <time>2026-05-08T01:31:57.739Z</time>
      </trkpt>
      <trkpt lat="50.347063" lon="16.376921">
        <ele>946.809571</ele>
        <time>2026-05-08T01:32:00.841Z</time>
      </trkpt>
      <trkpt lat="50.346955" lon="16.377273">
        <ele>944.770812</ele>
        <time>2026-05-08T01:32:04.122Z</time>
      </trkpt>
      <trkpt lat="50.346870" lon="16.378101">
        <ele>940.476067</ele>
        <time>2026-05-08T01:32:11.056Z</time>
      </trkpt>
      <trkpt lat="50.346890" lon="16.378218">
        <ele>939.855780</ele>
        <time>2026-05-08T01:32:12.035Z</time>
      </trkpt>
      <trkpt lat="50.346939" lon="16.378510">
        <ele>938.309595</ele>
        <time>2026-05-08T01:32:14.456Z</time>
      </trkpt>
      <trkpt lat="50.347055" lon="16.378825">
        <ele>936.447136</ele>
        <time>2026-05-08T01:32:17.357Z</time>
      </trkpt>
      <trkpt lat="50.347259" lon="16.379126">
        <ele>934.198561</ele>
        <time>2026-05-08T01:32:20.846Z</time>
      </trkpt>
      <trkpt lat="50.347446" lon="16.379542">
        <ele>931.592730</ele>
        <time>2026-05-08T01:32:24.870Z</time>
      </trkpt>
      <trkpt lat="50.347506" lon="16.379747">
        <ele>930.560035</ele>
        <time>2026-05-08T01:32:26.628Z</time>
      </trkpt>
      <trkpt lat="50.347538" lon="16.380062">
        <ele>929.120583</ele>
        <time>2026-05-08T01:32:29.146Z</time>
      </trkpt>
      <trkpt lat="50.347475" lon="16.380704">
        <ele>926.189270</ele>
        <time>2026-05-08T01:32:34.442Z</time>
      </trkpt>
      <trkpt lat="50.347456" lon="16.381084">
        <ele>924.469125</ele>
        <time>2026-05-08T01:32:38.334Z</time>
      </trkpt>
      <trkpt lat="50.347478" lon="16.381314">
        <ele>923.419570</ele>
        <time>2026-05-08T01:32:40.320Z</time>
      </trkpt>
      <trkpt lat="50.347183" lon="16.381757">
        <ele>920.530066</ele>
        <time>2026-05-08T01:32:45.213Z</time>
      </trkpt>
      <trkpt lat="50.346642" lon="16.382451">
        <ele>915.872253</ele>
        <time>2026-05-08T01:32:53.334Z</time>
      </trkpt>
      <trkpt lat="50.346427" lon="16.382672">
        <ele>914.218680</ele>
        <time>2026-05-08T01:32:56.324Z</time>
      </trkpt>
      <trkpt lat="50.346350" lon="16.382742">
        <ele>913.646201</ele>
        <time>2026-05-08T01:32:57.347Z</time>
      </trkpt>
      <trkpt lat="50.346086" lon="16.382917">
        <ele>911.802775</ele>
        <time>2026-05-08T01:33:00.643Z</time>
      </trkpt>
      <trkpt lat="50.345891" lon="16.383003">
        <ele>910.500020</ele>
        <time>2026-05-08T01:33:02.962Z</time>
      </trkpt>
      <trkpt lat="50.345405" lon="16.383108">
        <ele>907.345009</ele>
        <time>2026-05-08T01:33:08.611Z</time>
      </trkpt>
      <trkpt lat="50.345159" lon="16.383117">
        <ele>906.161694</ele>
        <time>2026-05-08T01:33:11.482Z</time>
      </trkpt>
      <trkpt lat="50.344943" lon="16.383098">
        <ele>905.162097</ele>
        <time>2026-05-08T01:33:14.033Z</time>
      </trkpt>
      <trkpt lat="50.344668" lon="16.383012">
        <ele>903.866406</ele>
        <time>2026-05-08T01:33:17.441Z</time>
      </trkpt>
      <trkpt lat="50.344358" lon="16.382806">
        <ele>902.310581</ele>
        <time>2026-05-08T01:33:21.626Z</time>
      </trkpt>
      <trkpt lat="50.344042" lon="16.382503">
        <ele>900.598837</ele>
        <time>2026-05-08T01:33:26.433Z</time>
      </trkpt>
      <trkpt lat="50.343742" lon="16.382133">
        <ele>898.835488</ele>
        <time>2026-05-08T01:33:31.321Z</time>
      </trkpt>
      <trkpt lat="50.343659" lon="16.382023">
        <ele>898.342682</ele>
        <time>2026-05-08T01:33:32.690Z</time>
      </trkpt>
      <trkpt lat="50.343569" lon="16.381908">
        <ele>897.816219</ele>
        <time>2026-05-08T01:33:34.176Z</time>
      </trkpt>
      <trkpt lat="50.343519" lon="16.381849">
        <ele>897.532467</ele>
        <time>2026-05-08T01:33:34.965Z</time>
      </trkpt>
      <trkpt lat="50.343348" lon="16.381669">
        <ele>896.598582</ele>
        <time>2026-05-08T01:33:37.540Z</time>
      </trkpt>
      <trkpt lat="50.343318" lon="16.381643">
        <ele>896.443164</ele>
        <time>2026-05-08T01:33:37.958Z</time>
      </trkpt>
      <trkpt lat="50.343116" lon="16.381522">
        <ele>895.462790</ele>
        <time>2026-05-08T01:33:40.639Z</time>
      </trkpt>
      <trkpt lat="50.342995" lon="16.381502">
        <ele>894.911208</ele>
        <time>2026-05-08T01:33:42.128Z</time>
      </trkpt>
      <trkpt lat="50.342709" lon="16.381545">
        <ele>893.608707</ele>
        <time>2026-05-08T01:33:45.618Z</time>
      </trkpt>
      <trkpt lat="50.342504" lon="16.381642">
        <ele>892.637916</ele>
        <time>2026-05-08T01:33:48.210Z</time>
      </trkpt>
      <trkpt lat="50.342277" lon="16.381779">
        <ele>891.535143</ele>
        <time>2026-05-08T01:33:51.063Z</time>
      </trkpt>
      <trkpt lat="50.341037" lon="16.382510">
        <ele>886.558136</ele>
        <time>2026-05-08T01:34:07.193Z</time>
      </trkpt>
      <trkpt lat="50.340424" lon="16.382834">
        <ele>884.207212</ele>
        <time>2026-05-08T01:34:16.387Z</time>
      </trkpt>
      <trkpt lat="50.340039" lon="16.383027">
        <ele>883.277083</ele>
        <time>2026-05-08T01:34:22.623Z</time>
      </trkpt>
      <trkpt lat="50.339761" lon="16.383164">
        <ele>882.613937</ele>
        <time>2026-05-08T01:34:27.604Z</time>
      </trkpt>
      <trkpt lat="50.339641" lon="16.383223">
        <ele>882.327746</ele>
        <time>2026-05-08T01:34:29.672Z</time>
      </trkpt>
      <trkpt lat="50.339300" lon="16.383396">
        <ele>881.512131</ele>
        <time>2026-05-08T01:34:34.842Z</time>
      </trkpt>
      <trkpt lat="50.339067" lon="16.383538">
        <ele>880.943238</ele>
        <time>2026-05-08T01:34:38.150Z</time>
      </trkpt>
      <trkpt lat="50.338771" lon="16.383834">
        <ele>880.144188</ele>
        <time>2026-05-08T01:34:42.524Z</time>
      </trkpt>
      <trkpt lat="50.338731" lon="16.383878">
        <ele>879.990109</ele>
        <time>2026-05-08T01:34:43.121Z</time>
      </trkpt>
      <trkpt lat="50.338385" lon="16.384317">
        <ele>878.170048</ele>
        <time>2026-05-08T01:34:48.460Z</time>
      </trkpt>
      <trkpt lat="50.338325" lon="16.384392">
        <ele>877.856272</ele>
        <time>2026-05-08T01:34:49.373Z</time>
      </trkpt>
      <trkpt lat="50.338006" lon="16.384833">
        <ele>876.117144</ele>
        <time>2026-05-08T01:34:54.408Z</time>
      </trkpt>
      <trkpt lat="50.337291" lon="16.386024">
        <ele>873.136543</ele>
        <time>2026-05-08T01:35:07.566Z</time>
      </trkpt>
      <trkpt lat="50.336708" lon="16.387006">
        <ele>874.731866</ele>
        <time>2026-05-08T01:35:28.654Z</time>
      </trkpt>
      <trkpt lat="50.336680" lon="16.387054">
        <ele>874.809218</ele>
        <time>2026-05-08T01:35:29.981Z</time>
      </trkpt>
      <trkpt lat="50.336409" lon="16.387510">
        <ele>875.550378</ele>
        <time>2026-05-08T01:35:43.211Z</time>
      </trkpt>
      <trkpt lat="50.336054" lon="16.388108">
        <ele>875.989079</ele>
        <time>2026-05-08T01:36:00.003Z</time>
      </trkpt>
      <trkpt lat="50.335741" lon="16.388610">
        <ele>875.803245</ele>
        <time>2026-05-08T01:36:12.064Z</time>
      </trkpt>
      <trkpt lat="50.335579" lon="16.388800">
        <ele>875.719288</ele>
        <time>2026-05-08T01:36:16.128Z</time>
      </trkpt>
      <trkpt lat="50.335321" lon="16.388919">
        <ele>875.607707</ele>
        <time>2026-05-08T01:36:20.302Z</time>
      </trkpt>
      <trkpt lat="50.334853" lon="16.389007">
        <ele>875.412151</ele>
        <time>2026-05-08T01:36:26.347Z</time>
      </trkpt>
      <trkpt lat="50.332880" lon="16.389376">
        <ele>865.242196</ele>
        <time>2026-05-08T01:36:49.488Z</time>
      </trkpt>
      <trkpt lat="50.332504" lon="16.389441">
        <ele>864.589098</ele>
        <time>2026-05-08T01:36:54.384Z</time>
      </trkpt>
      <trkpt lat="50.332208" lon="16.389494">
        <ele>864.074732</ele>
        <time>2026-05-08T01:36:58.617Z</time>
      </trkpt>
      <trkpt lat="50.331800" lon="16.389586">
        <ele>863.363067</ele>
        <time>2026-05-08T01:37:05.163Z</time>
      </trkpt>
      <trkpt lat="50.331235" lon="16.389818">
        <ele>862.354650</ele>
        <time>2026-05-08T01:37:14.900Z</time>
      </trkpt>
      <trkpt lat="50.331124" lon="16.389891">
        <ele>862.151248</ele>
        <time>2026-05-08T01:37:17.154Z</time>
      </trkpt>
      <trkpt lat="50.330460" lon="16.390575">
        <ele>861.200276</ele>
        <time>2026-05-08T01:37:31.492Z</time>
      </trkpt>
      <trkpt lat="50.330268" lon="16.390792">
        <ele>860.916965</ele>
        <time>2026-05-08T01:37:35.163Z</time>
      </trkpt>
      <trkpt lat="50.329913" lon="16.391279">
        <ele>860.352288</ele>
        <time>2026-05-08T01:37:41.723Z</time>
      </trkpt>
      <trkpt lat="50.329774" lon="16.391506">
        <ele>860.112005</ele>
        <time>2026-05-08T01:37:44.469Z</time>
      </trkpt>
      <trkpt lat="50.329684" lon="16.391688">
        <ele>859.779603</ele>
        <time>2026-05-08T01:37:46.472Z</time>
      </trkpt>
      <trkpt lat="50.329598" lon="16.391869">
        <ele>859.236619</ele>
        <time>2026-05-08T01:37:48.417Z</time>
      </trkpt>
      <trkpt lat="50.329506" lon="16.392110">
        <ele>858.560864</ele>
        <time>2026-05-08T01:37:50.787Z</time>
      </trkpt>
      <trkpt lat="50.329420" lon="16.392351">
        <ele>857.896433</ele>
        <time>2026-05-08T01:37:53.029Z</time>
      </trkpt>
      <trkpt lat="50.329407" lon="16.392395">
        <ele>857.779756</ele>
        <time>2026-05-08T01:37:53.409Z</time>
      </trkpt>
      <trkpt lat="50.329070" lon="16.393675">
        <ele>854.447721</ele>
        <time>2026-05-08T01:38:04.166Z</time>
      </trkpt>
      <trkpt lat="50.328983" lon="16.394025">
        <ele>853.543836</ele>
        <time>2026-05-08T01:38:07.163Z</time>
      </trkpt>
      <trkpt lat="50.328937" lon="16.394209">
        <ele>853.060010</ele>
        <time>2026-05-08T01:38:08.816Z</time>
      </trkpt>
      <trkpt lat="50.328785" lon="16.394540">
        <ele>852.028045</ele>
        <time>2026-05-08T01:38:12.349Z</time>
      </trkpt>
      <trkpt lat="50.328280" lon="16.395228">
        <ele>849.374635</ele>
        <time>2026-05-08T01:38:21.249Z</time>
      </trkpt>
      <trkpt lat="50.328135" lon="16.395499">
        <ele>848.479695</ele>
        <time>2026-05-08T01:38:24.125Z</time>
      </trkpt>
      <trkpt lat="50.328016" lon="16.395823">
        <ele>847.533630</ele>
        <time>2026-05-08T01:38:27.093Z</time>
      </trkpt>
      <trkpt lat="50.327931" lon="16.396138">
        <ele>846.668078</ele>
        <time>2026-05-08T01:38:29.738Z</time>
      </trkpt>
      <trkpt lat="50.327383" lon="16.398191">
        <ele>839.007231</ele>
        <time>2026-05-08T01:38:46.265Z</time>
      </trkpt>
      <trkpt lat="50.327286" lon="16.398614">
        <ele>837.413665</ele>
        <time>2026-05-08T01:38:49.724Z</time>
      </trkpt>
      <trkpt lat="50.327251" lon="16.398984">
        <ele>836.086370</ele>
        <time>2026-05-08T01:38:52.674Z</time>
      </trkpt>
      <trkpt lat="50.327243" lon="16.399545">
        <ele>833.988958</ele>
        <time>2026-05-08T01:38:57.205Z</time>
      </trkpt>
      <trkpt lat="50.327273" lon="16.399955">
        <ele>832.446440</ele>
        <time>2026-05-08T01:39:00.644Z</time>
      </trkpt>
      <trkpt lat="50.327424" lon="16.400841">
        <ele>829.018805</ele>
        <time>2026-05-08T01:39:07.898Z</time>
      </trkpt>
      <trkpt lat="50.327547" lon="16.401309">
        <ele>827.127098</ele>
        <time>2026-05-08T01:39:11.562Z</time>
      </trkpt>
      <trkpt lat="50.327762" lon="16.401692">
        <ele>824.814784</ele>
        <time>2026-05-08T01:39:15.143Z</time>
      </trkpt>
      <trkpt lat="50.327988" lon="16.402024">
        <ele>820.936117</ele>
        <time>2026-05-08T01:39:18.487Z</time>
      </trkpt>
      <trkpt lat="50.328127" lon="16.402170">
        <ele>818.841063</ele>
        <time>2026-05-08T01:39:20.273Z</time>
      </trkpt>
      <trkpt lat="50.328392" lon="16.402358">
        <ele>815.199292</ele>
        <time>2026-05-08T01:39:23.343Z</time>
      </trkpt>
      <trkpt lat="50.328668" lon="16.402501">
        <ele>811.560091</ele>
        <time>2026-05-08T01:39:26.381Z</time>
      </trkpt>
      <trkpt lat="50.329592" lon="16.402803">
        <ele>800.808550</ele>
        <time>2026-05-08T01:39:36.198Z</time>
      </trkpt>
      <trkpt lat="50.329800" lon="16.402917">
        <ele>798.935279</ele>
        <time>2026-05-08T01:39:38.552Z</time>
      </trkpt>
      <trkpt lat="50.329991" lon="16.403088">
        <ele>797.065154</ele>
        <time>2026-05-08T01:39:40.924Z</time>
      </trkpt>
      <trkpt lat="50.330109" lon="16.403241">
        <ele>795.763017</ele>
        <time>2026-05-08T01:39:42.602Z</time>
      </trkpt>
      <trkpt lat="50.330289" lon="16.403617">
        <ele>793.212605</ele>
        <time>2026-05-08T01:39:45.988Z</time>
      </trkpt>
      <trkpt lat="50.330402" lon="16.404101">
        <ele>790.415985</ele>
        <time>2026-05-08T01:39:49.867Z</time>
      </trkpt>
      <trkpt lat="50.330449" lon="16.405082">
        <ele>788.021618</ele>
        <time>2026-05-08T01:39:57.980Z</time>
      </trkpt>
      <trkpt lat="50.330451" lon="16.405649">
        <ele>788.307585</ele>
        <time>2026-05-08T01:40:04.305Z</time>
      </trkpt>
      <trkpt lat="50.330422" lon="16.405952">
        <ele>788.462108</ele>
        <time>2026-05-08T01:40:08.676Z</time>
      </trkpt>
      <trkpt lat="50.330299" lon="16.406556">
        <ele>788.781856</ele>
        <time>2026-05-08T01:40:18.847Z</time>
      </trkpt>
      <trkpt lat="50.330185" lon="16.406879">
        <ele>788.968000</ele>
        <time>2026-05-08T01:40:25.282Z</time>
      </trkpt>
      <trkpt lat="50.329995" lon="16.407289">
        <ele>789.334624</ele>
        <time>2026-05-08T01:40:34.633Z</time>
      </trkpt>
      <trkpt lat="50.329763" lon="16.407701">
        <ele>790.597696</ele>
        <time>2026-05-08T01:40:45.736Z</time>
      </trkpt>
      <trkpt lat="50.328578" lon="16.409319">
        <ele>795.948940</ele>
        <time>2026-05-08T01:41:33.050Z</time>
      </trkpt>
      <trkpt lat="50.326460" lon="16.411062">
        <ele>797.785033</ele>
        <time>2026-05-08T01:42:25.312Z</time>
      </trkpt>
      <trkpt lat="50.326143" lon="16.411261">
        <ele>797.355933</ele>
        <time>2026-05-08T01:42:30.498Z</time>
      </trkpt>
      <trkpt lat="50.325727" lon="16.411471">
        <ele>796.806764</ele>
        <time>2026-05-08T01:42:36.507Z</time>
      </trkpt>
      <trkpt lat="50.325418" lon="16.411682">
        <ele>795.855995</ele>
        <time>2026-05-08T01:42:40.693Z</time>
      </trkpt>
      <trkpt lat="50.325272" lon="16.411836">
        <ele>794.388182</ele>
        <time>2026-05-08T01:42:42.776Z</time>
      </trkpt>
      <trkpt lat="50.325144" lon="16.411999">
        <ele>793.012544</ele>
        <time>2026-05-08T01:42:44.685Z</time>
      </trkpt>
      <trkpt lat="50.324994" lon="16.412270">
        <ele>791.103040</ele>
        <time>2026-05-08T01:42:47.271Z</time>
      </trkpt>
      <trkpt lat="50.324889" lon="16.412523">
        <ele>789.496516</ele>
        <time>2026-05-08T01:42:49.409Z</time>
      </trkpt>
      <trkpt lat="50.324765" lon="16.412954">
        <ele>786.979689</ele>
        <time>2026-05-08T01:42:52.701Z</time>
      </trkpt>
      <trkpt lat="50.324702" lon="16.413300">
        <ele>785.064166</ele>
        <time>2026-05-08T01:42:55.182Z</time>
      </trkpt>
      <trkpt lat="50.324667" lon="16.413683">
        <ele>783.004325</ele>
        <time>2026-05-08T01:42:57.844Z</time>
      </trkpt>
      <trkpt lat="50.324664" lon="16.414804">
        <ele>777.052469</ele>
        <time>2026-05-08T01:43:05.567Z</time>
      </trkpt>
      <trkpt lat="50.324734" lon="16.417192">
        <ele>765.232685</ele>
        <time>2026-05-08T01:43:22.872Z</time>
      </trkpt>
      <trkpt lat="50.324768" lon="16.418029">
        <ele>762.554546</ele>
        <time>2026-05-08T01:43:29.256Z</time>
      </trkpt>
      <trkpt lat="50.325359" lon="16.424240">
        <ele>743.266221</ele>
        <time>2026-05-08T01:44:18.404Z</time>
      </trkpt>
      <trkpt lat="50.325421" lon="16.425064">
        <ele>740.951887</ele>
        <time>2026-05-08T01:44:24.988Z</time>
      </trkpt>
      <trkpt lat="50.325465" lon="16.429431">
        <ele>731.262800</ele>
        <time>2026-05-08T01:45:00.501Z</time>
      </trkpt>
      <trkpt lat="50.325457" lon="16.429895">
        <ele>730.390368</ele>
        <time>2026-05-08T01:45:04.524Z</time>
      </trkpt>
      <trkpt lat="50.325375" lon="16.430576">
        <ele>729.087822</ele>
        <time>2026-05-08T01:45:10.659Z</time>
      </trkpt>
      <trkpt lat="50.325282" lon="16.430884">
        <ele>728.564562</ele>
        <time>2026-05-08T01:45:13.760Z</time>
      </trkpt>
      <trkpt lat="50.325172" lon="16.431132">
        <ele>728.259931</ele>
        <time>2026-05-08T01:45:16.551Z</time>
      </trkpt>
      <trkpt lat="50.324980" lon="16.431427">
        <ele>727.834958</ele>
        <time>2026-05-08T01:45:20.528Z</time>
      </trkpt>
      <trkpt lat="50.324132" lon="16.432325">
        <ele>726.217529</ele>
        <time>2026-05-08T01:45:35.609Z</time>
      </trkpt>
      <trkpt lat="50.323965" lon="16.432550">
        <ele>725.869459</ele>
        <time>2026-05-08T01:45:38.859Z</time>
      </trkpt>
      <trkpt lat="50.322509" lon="16.435092">
        <ele>722.468079</ele>
        <time>2026-05-08T01:46:10.645Z</time>
      </trkpt>
      <trkpt lat="50.322345" lon="16.435445">
        <ele>722.026323</ele>
        <time>2026-05-08T01:46:14.618Z</time>
      </trkpt>
      <trkpt lat="50.322244" lon="16.435791">
        <ele>721.641351</ele>
        <time>2026-05-08T01:46:18.077Z</time>
      </trkpt>
      <trkpt lat="50.322097" lon="16.436656">
        <ele>720.735586</ele>
        <time>2026-05-08T01:46:26.152Z</time>
      </trkpt>
      <trkpt lat="50.321959" lon="16.438092">
        <ele>720.465448</ele>
        <time>2026-05-08T01:46:40.425Z</time>
      </trkpt>
      <trkpt lat="50.321901" lon="16.438452">
        <ele>720.566564</ele>
        <time>2026-05-08T01:46:45.316Z</time>
      </trkpt>
      <trkpt lat="50.321846" lon="16.438725">
        <ele>720.644527</ele>
        <time>2026-05-08T01:46:49.289Z</time>
      </trkpt>
      <trkpt lat="50.321753" lon="16.438983">
        <ele>720.725216</ele>
        <time>2026-05-08T01:46:53.474Z</time>
      </trkpt>
      <trkpt lat="50.321607" lon="16.439290">
        <ele>720.829470</ele>
        <time>2026-05-08T01:46:58.830Z</time>
      </trkpt>
      <trkpt lat="50.321532" lon="16.439414">
        <ele>720.875987</ele>
        <time>2026-05-08T01:47:01.270Z</time>
      </trkpt>
      <trkpt lat="50.321207" lon="16.439723">
        <ele>721.115515</ele>
        <time>2026-05-08T01:47:09.557Z</time>
      </trkpt>
      <trkpt lat="50.320837" lon="16.439864">
        <ele>721.487945</ele>
        <time>2026-05-08T01:47:18.696Z</time>
      </trkpt>
      <trkpt lat="50.320314" lon="16.439991">
        <ele>722.005568</ele>
        <time>2026-05-08T01:47:29.523Z</time>
      </trkpt>
      <trkpt lat="50.318672" lon="16.440692">
        <ele>722.511833</ele>
        <time>2026-05-08T01:48:03.107Z</time>
      </trkpt>
      <trkpt lat="50.317995" lon="16.440993">
        <ele>722.345316</ele>
        <time>2026-05-08T01:48:14.837Z</time>
      </trkpt>
      <trkpt lat="50.317677" lon="16.441226">
        <ele>721.605482</ele>
        <time>2026-05-08T01:48:19.759Z</time>
      </trkpt>
      <trkpt lat="50.317403" lon="16.441555">
        <ele>720.442806</ele>
        <time>2026-05-08T01:48:24.305Z</time>
      </trkpt>
      <trkpt lat="50.317073" lon="16.442147">
        <ele>718.753034</ele>
        <time>2026-05-08T01:48:30.613Z</time>
      </trkpt>
      <trkpt lat="50.316518" lon="16.443170">
        <ele>715.949295</ele>
        <time>2026-05-08T01:48:41.238Z</time>
      </trkpt>
      <trkpt lat="50.316401" lon="16.443380">
        <ele>715.477677</ele>
        <time>2026-05-08T01:48:43.499Z</time>
      </trkpt>
      <trkpt lat="50.316177" lon="16.443694">
        <ele>714.680978</ele>
        <time>2026-05-08T01:48:47.407Z</time>
      </trkpt>
      <trkpt lat="50.315136" lon="16.444882">
        <ele>711.359847</ele>
        <time>2026-05-08T01:49:05.362Z</time>
      </trkpt>
      <trkpt lat="50.315096" lon="16.444928">
        <ele>711.283342</ele>
        <time>2026-05-08T01:49:06.091Z</time>
      </trkpt>
      <trkpt lat="50.314121" lon="16.446036">
        <ele>709.426200</ele>
        <time>2026-05-08T01:49:23.893Z</time>
      </trkpt>
      <trkpt lat="50.314071" lon="16.446092">
        <ele>709.331433</ele>
        <time>2026-05-08T01:49:24.794Z</time>
      </trkpt>
      <trkpt lat="50.313243" lon="16.447030">
        <ele>708.242692</ele>
        <time>2026-05-08T01:49:39.767Z</time>
      </trkpt>
      <trkpt lat="50.312943" lon="16.447366">
        <ele>707.962488</ele>
        <time>2026-05-08T01:49:45.328Z</time>
      </trkpt>
      <trkpt lat="50.312260" lon="16.448135">
        <ele>707.374852</ele>
        <time>2026-05-08T01:49:59.666Z</time>
      </trkpt>
      <trkpt lat="50.311778" lon="16.448675">
        <ele>707.824721</ele>
        <time>2026-05-08T01:50:11.858Z</time>
      </trkpt>
      <trkpt lat="50.311605" lon="16.448829">
        <ele>707.975776</ele>
        <time>2026-05-08T01:50:16.170Z</time>
      </trkpt>
      <trkpt lat="50.311139" lon="16.449107">
        <ele>708.354303</ele>
        <time>2026-05-08T01:50:27.167Z</time>
      </trkpt>
      <trkpt lat="50.310238" lon="16.449600">
        <ele>708.425030</ele>
        <time>2026-05-08T01:50:46.020Z</time>
      </trkpt>
      <trkpt lat="50.309470" lon="16.449979">
        <ele>707.939505</ele>
        <time>2026-05-08T01:50:59.211Z</time>
      </trkpt>
      <trkpt lat="50.308874" lon="16.450244">
        <ele>707.320651</ele>
        <time>2026-05-08T01:51:08.213Z</time>
      </trkpt>
      <trkpt lat="50.308495" lon="16.450395">
        <ele>706.181087</ele>
        <time>2026-05-08T01:51:13.491Z</time>
      </trkpt>
      <trkpt lat="50.308188" lon="16.450468">
        <ele>705.276259</ele>
        <time>2026-05-08T01:51:17.553Z</time>
      </trkpt>
      <trkpt lat="50.308012" lon="16.450491">
        <ele>704.761627</ele>
        <time>2026-05-08T01:51:19.804Z</time>
      </trkpt>
      <trkpt lat="50.307179" lon="16.450383">
        <ele>702.377344</ele>
        <time>2026-05-08T01:51:30.497Z</time>
      </trkpt>
      <trkpt lat="50.306871" lon="16.450446">
        <ele>702.211663</ele>
        <time>2026-05-08T01:51:34.534Z</time>
      </trkpt>
      <trkpt lat="50.306077" lon="16.450667">
        <ele>701.781509</ele>
        <time>2026-05-08T01:51:46.225Z</time>
      </trkpt>
      <trkpt lat="50.305945" lon="16.450738">
        <ele>701.707062</ele>
        <time>2026-05-08T01:51:48.871Z</time>
      </trkpt>
      <trkpt lat="50.305761" lon="16.450911">
        <ele>701.592581</ele>
        <time>2026-05-08T01:51:53.558Z</time>
      </trkpt>
      <trkpt lat="50.305495" lon="16.451280">
        <ele>701.666157</ele>
        <time>2026-05-08T01:52:02.733Z</time>
      </trkpt>
      <trkpt lat="50.305614" lon="16.451513">
        <ele>702.576132</ele>
        <time>2026-05-08T01:52:08.365Z</time>
      </trkpt>
      <trkpt lat="50.305832" lon="16.452238">
        <ele>705.020320</ele>
        <time>2026-05-08T01:52:25.468Z</time>
      </trkpt>
      <trkpt lat="50.305896" lon="16.452550">
        <ele>706.019848</ele>
        <time>2026-05-08T01:52:32.951Z</time>
      </trkpt>
      <trkpt lat="50.305912" lon="16.452870">
        <ele>706.998886</ele>
        <time>2026-05-08T01:52:40.568Z</time>
      </trkpt>
      <trkpt lat="50.305996" lon="16.453383">
        <ele>708.614221</ele>
        <time>2026-05-08T01:52:53.175Z</time>
      </trkpt>
      <trkpt lat="50.306130" lon="16.453830">
        <ele>710.098381</ele>
        <time>2026-05-08T01:53:04.461Z</time>
      </trkpt>
      <trkpt lat="50.306108" lon="16.453899">
        <ele>710.282532</ele>
        <time>2026-05-08T01:53:06.738Z</time>
      </trkpt>
      <trkpt lat="50.306081" lon="16.454314">
        <ele>711.278616</ele>
        <time>2026-05-08T01:53:18.913Z</time>
      </trkpt>
      <trkpt lat="50.306102" lon="16.454484">
        <ele>711.692073</ele>
        <time>2026-05-08T01:53:23.795Z</time>
      </trkpt>
      <trkpt lat="50.306133" lon="16.454736">
        <ele>712.304869</ele>
        <time>2026-05-08T01:53:30.783Z</time>
      </trkpt>
      <trkpt lat="50.306140" lon="16.455089">
        <ele>713.148185</ele>
        <time>2026-05-08T01:53:40.130Z</time>
      </trkpt>
      <trkpt lat="50.305969" lon="16.455906">
        <ele>715.201140</ele>
        <time>2026-05-08T01:54:01.868Z</time>
      </trkpt>
      <trkpt lat="50.305940" lon="16.456135">
        <ele>715.758603</ele>
        <time>2026-05-08T01:54:07.698Z</time>
      </trkpt>
      <trkpt lat="50.305854" lon="16.457046">
        <ele>717.348999</ele>
        <time>2026-05-08T01:54:30.099Z</time>
      </trkpt>
      <trkpt lat="50.305833" lon="16.457697">
        <ele>718.125117</ele>
        <time>2026-05-08T01:54:45.411Z</time>
      </trkpt>
      <trkpt lat="50.305787" lon="16.458433">
        <ele>719.005642</ele>
        <time>2026-05-08T01:55:02.939Z</time>
      </trkpt>
      <trkpt lat="50.305674" lon="16.458846">
        <ele>719.540616</ele>
        <time>2026-05-08T01:55:13.326Z</time>
      </trkpt>
      <trkpt lat="50.305579" lon="16.459116">
        <ele>719.907655</ele>
        <time>2026-05-08T01:55:19.937Z</time>
      </trkpt>
      <trkpt lat="50.305527" lon="16.459259">
        <ele>720.087486</ele>
        <time>2026-05-08T01:55:23.277Z</time>
      </trkpt>
      <trkpt lat="50.305533" lon="16.459622">
        <ele>719.485998</ele>
        <time>2026-05-08T01:55:28.739Z</time>
      </trkpt>
      <trkpt lat="50.305537" lon="16.459682">
        <ele>719.386072</ele>
        <time>2026-05-08T01:55:29.596Z</time>
      </trkpt>
      <trkpt lat="50.305597" lon="16.460305">
        <ele>718.342446</ele>
        <time>2026-05-08T01:55:40.257Z</time>
      </trkpt>
      <trkpt lat="50.305190" lon="16.461122">
        <ele>716.626162</ele>
        <time>2026-05-08T01:55:55.955Z</time>
      </trkpt>
      <trkpt lat="50.305167" lon="16.461169">
        <ele>716.528084</ele>
        <time>2026-05-08T01:55:56.802Z</time>
      </trkpt>
      <trkpt lat="50.305091" lon="16.461380">
        <ele>716.126826</ele>
        <time>2026-05-08T01:56:00.222Z</time>
      </trkpt>
      <trkpt lat="50.305001" lon="16.461470">
        <ele>715.849866</ele>
        <time>2026-05-08T01:56:02.542Z</time>
      </trkpt>
      <trkpt lat="50.304432" lon="16.461591">
        <ele>713.944872</ele>
        <time>2026-05-08T01:56:14.877Z</time>
      </trkpt>
      <trkpt lat="50.304284" lon="16.461594">
        <ele>713.412058</ele>
        <time>2026-05-08T01:56:18.078Z</time>
      </trkpt>
      <trkpt lat="50.304067" lon="16.461547">
        <ele>712.623463</ele>
        <time>2026-05-08T01:56:22.907Z</time>
      </trkpt>
      <trkpt lat="50.303947" lon="16.461562">
        <ele>712.190113</ele>
        <time>2026-05-08T01:56:25.631Z</time>
      </trkpt>
      <trkpt lat="50.303812" lon="16.461673">
        <ele>711.641201</ele>
        <time>2026-05-08T01:56:29.191Z</time>
      </trkpt>
      <trkpt lat="50.303613" lon="16.461937">
        <ele>710.702253</ele>
        <time>2026-05-08T01:56:35.507Z</time>
      </trkpt>
      <trkpt lat="50.303346" lon="16.462205">
        <ele>709.560541</ele>
        <time>2026-05-08T01:56:43.509Z</time>
      </trkpt>
      <trkpt lat="50.303266" lon="16.462357">
        <ele>709.107686</ele>
        <time>2026-05-08T01:56:46.775Z</time>
      </trkpt>
      <trkpt lat="50.303140" lon="16.462819">
        <ele>708.773029</ele>
        <time>2026-05-08T01:56:55.240Z</time>
      </trkpt>
      <trkpt lat="50.303071" lon="16.462978">
        <ele>708.691938</ele>
        <time>2026-05-08T01:56:58.566Z</time>
      </trkpt>
      <trkpt lat="50.302566" lon="16.463333">
        <ele>708.326332</ele>
        <time>2026-05-08T01:57:13.978Z</time>
      </trkpt>
      <trkpt lat="50.302170" lon="16.463664">
        <ele>708.029852</ele>
        <time>2026-05-08T01:57:26.964Z</time>
      </trkpt>
      <trkpt lat="50.301875" lon="16.464156">
        <ele>707.795480</ele>
        <time>2026-05-08T01:57:38.750Z</time>
      </trkpt>
      <trkpt lat="50.300131" lon="16.468386">
        <ele>711.021429</ele>
        <time>2026-05-08T01:59:23.720Z</time>
      </trkpt>
      <trkpt lat="50.299681" lon="16.469362">
        <ele>712.392812</ele>
        <time>2026-05-08T01:59:53.088Z</time>
      </trkpt>
      <trkpt lat="50.299530" lon="16.469839">
        <ele>713.116307</ele>
        <time>2026-05-08T02:00:06.198Z</time>
      </trkpt>
      <trkpt lat="50.299396" lon="16.470374">
        <ele>713.897285</ele>
        <time>2026-05-08T02:00:20.065Z</time>
      </trkpt>
      <trkpt lat="50.299172" lon="16.471584">
        <ele>715.516325</ele>
        <time>2026-05-08T02:00:47.905Z</time>
      </trkpt>
      <trkpt lat="50.299121" lon="16.471990">
        <ele>715.899712</ele>
        <time>2026-05-08T02:00:56.592Z</time>
      </trkpt>
      <trkpt lat="50.299136" lon="16.472841">
        <ele>716.688514</ele>
        <time>2026-05-08T02:01:14.602Z</time>
      </trkpt>
      <trkpt lat="50.299191" lon="16.473630">
        <ele>717.423908</ele>
        <time>2026-05-08T02:01:31.937Z</time>
      </trkpt>
      <trkpt lat="50.299201" lon="16.474994">
        <ele>718.958056</ele>
        <time>2026-05-08T02:02:03.149Z</time>
      </trkpt>
      <trkpt lat="50.299065" lon="16.477644">
        <ele>722.364226</ele>
        <time>2026-05-08T02:03:04.580Z</time>
      </trkpt>
      <trkpt lat="50.299024" lon="16.481963">
        <ele>728.153434</ele>
        <time>2026-05-08T02:04:45.425Z</time>
      </trkpt>
      <trkpt lat="50.299065" lon="16.482506">
        <ele>728.875986</ele>
        <time>2026-05-08T02:04:57.851Z</time>
      </trkpt>
      <trkpt lat="50.299137" lon="16.482941">
        <ele>729.647792</ele>
        <time>2026-05-08T02:05:08.063Z</time>
      </trkpt>
      <trkpt lat="50.299242" lon="16.483455">
        <ele>730.635950</ele>
        <time>2026-05-08T02:05:20.139Z</time>
      </trkpt>
      <trkpt lat="50.299460" lon="16.484273">
        <ele>732.258944</ele>
        <time>2026-05-08T02:05:41.276Z</time>
      </trkpt>
      <trkpt lat="50.299121" lon="16.484417">
        <ele>733.265863</ele>
        <time>2026-05-08T02:05:55.337Z</time>
      </trkpt>
      <trkpt lat="50.299188" lon="16.484813">
        <ele>734.015996</ele>
        <time>2026-05-08T02:06:03.201Z</time>
      </trkpt>
      <trkpt lat="50.299236" lon="16.487608">
        <ele>743.585322</ele>
        <time>2026-05-08T02:07:05.724Z</time>
      </trkpt>
      <trkpt lat="50.298611" lon="16.487626">
        <ele>747.853235</ele>
        <time>2026-05-08T02:07:31.917Z</time>
      </trkpt>
      <trkpt lat="50.297620" lon="16.487655">
        <ele>754.779208</ele>
        <time>2026-05-08T02:08:14.801Z</time>
      </trkpt>
      <trkpt lat="50.296752" lon="16.487641">
        <ele>759.053743</ele>
        <time>2026-05-08T02:08:47.684Z</time>
      </trkpt>
      <trkpt lat="50.295122" lon="16.487821">
        <ele>764.427697</ele>
        <time>2026-05-08T02:09:33.546Z</time>
      </trkpt>
      <trkpt lat="50.294016" lon="16.488084">
        <ele>765.752988</ele>
        <time>2026-05-08T02:09:55.760Z</time>
      </trkpt>
      <trkpt lat="50.293135" lon="16.488230">
        <ele>767.584373</ele>
        <time>2026-05-08T02:10:14.076Z</time>
      </trkpt>
      <trkpt lat="50.292878" lon="16.488271">
        <ele>768.195191</ele>
        <time>2026-05-08T02:10:20.892Z</time>
      </trkpt>
      <trkpt lat="50.292236" lon="16.488299">
        <ele>769.713773</ele>
        <time>2026-05-08T02:10:40.476Z</time>
      </trkpt>
      <trkpt lat="50.291714" lon="16.488394">
        <ele>771.103797</ele>
        <time>2026-05-08T02:10:58.431Z</time>
      </trkpt>
      <trkpt lat="50.291417" lon="16.488547">
        <ele>772.001999</ele>
        <time>2026-05-08T02:11:08.805Z</time>
      </trkpt>
      <trkpt lat="50.290921" lon="16.488916">
        <ele>773.579596</ele>
        <time>2026-05-08T02:11:25.658Z</time>
      </trkpt>
      <trkpt lat="50.290689" lon="16.489156">
        <ele>774.378462</ele>
        <time>2026-05-08T02:11:33.198Z</time>
      </trkpt>
      <trkpt lat="50.290478" lon="16.489373">
        <ele>775.103729</ele>
        <time>2026-05-08T02:11:39.421Z</time>
      </trkpt>
      <trkpt lat="50.290248" lon="16.489560">
        <ele>775.444304</ele>
        <time>2026-05-08T02:11:45.221Z</time>
      </trkpt>
      <trkpt lat="50.289694" lon="16.489879">
        <ele>775.473660</ele>
        <time>2026-05-08T02:11:56.950Z</time>
      </trkpt>
      <trkpt lat="50.289402" lon="16.490129">
        <ele>775.490212</ele>
        <time>2026-05-08T02:12:03.040Z</time>
      </trkpt>
      <trkpt lat="50.289097" lon="16.490475">
        <ele>775.508946</ele>
        <time>2026-05-08T02:12:09.816Z</time>
      </trkpt>
      <trkpt lat="50.288992" lon="16.490634">
        <ele>775.516211</ele>
        <time>2026-05-08T02:12:12.483Z</time>
      </trkpt>
      <trkpt lat="50.288897" lon="16.490816">
        <ele>775.523679</ele>
        <time>2026-05-08T02:12:15.340Z</time>
      </trkpt>
      <trkpt lat="50.288596" lon="16.491445">
        <ele>775.578017</ele>
        <time>2026-05-08T02:12:25.852Z</time>
      </trkpt>
      <trkpt lat="50.288366" lon="16.492014">
        <ele>775.627954</ele>
        <time>2026-05-08T02:12:34.966Z</time>
      </trkpt>
      <trkpt lat="50.288173" lon="16.492607">
        <ele>775.677312</ele>
        <time>2026-05-08T02:12:43.884Z</time>
      </trkpt>
      <trkpt lat="50.286996" lon="16.496326">
        <ele>774.929942</ele>
        <time>2026-05-08T02:13:34.397Z</time>
      </trkpt>
      <trkpt lat="50.286585" lon="16.497258">
        <ele>774.304558</ele>
        <time>2026-05-08T02:13:46.871Z</time>
      </trkpt>
      <trkpt lat="50.286016" lon="16.498454">
        <ele>773.605785</ele>
        <time>2026-05-08T02:14:03.066Z</time>
      </trkpt>
      <trkpt lat="50.285886" lon="16.498659">
        <ele>773.546278</ele>
        <time>2026-05-08T02:14:06.227Z</time>
      </trkpt>
      <trkpt lat="50.283826" lon="16.501174">
        <ele>772.177669</ele>
        <time>2026-05-08T02:14:57.830Z</time>
      </trkpt>
      <trkpt lat="50.283722" lon="16.501466">
        <ele>772.017320</ele>
        <time>2026-05-08T02:15:01.506Z</time>
      </trkpt>
      <trkpt lat="50.283706" lon="16.501706">
        <ele>771.901577</ele>
        <time>2026-05-08T02:15:04.076Z</time>
      </trkpt>
      <trkpt lat="50.283152" lon="16.505883">
        <ele>764.572304</ele>
        <time>2026-05-08T02:15:41.755Z</time>
      </trkpt>
      <trkpt lat="50.283121" lon="16.506090">
        <ele>764.183199</ele>
        <time>2026-05-08T02:15:43.759Z</time>
      </trkpt>
      <trkpt lat="50.282532" lon="16.508053">
        <ele>759.842806</ele>
        <time>2026-05-08T02:16:04.806Z</time>
      </trkpt>
      <trkpt lat="50.282360" lon="16.508074">
        <ele>759.205693</ele>
        <time>2026-05-08T02:16:07.109Z</time>
      </trkpt>
      <trkpt lat="50.282145" lon="16.508155">
        <ele>758.389031</ele>
        <time>2026-05-08T02:16:10.022Z</time>
      </trkpt>
      <trkpt lat="50.281699" lon="16.508395">
        <ele>756.647334</ele>
        <time>2026-05-08T02:16:16.033Z</time>
      </trkpt>
      <trkpt lat="50.280690" lon="16.509080">
        <ele>751.708710</ele>
        <time>2026-05-08T02:16:29.234Z</time>
      </trkpt>
      <trkpt lat="50.280070" lon="16.509462">
        <ele>748.297397</ele>
        <time>2026-05-08T02:16:37.155Z</time>
      </trkpt>
      <trkpt lat="50.279597" lon="16.509551">
        <ele>745.858388</ele>
        <time>2026-05-08T02:16:42.946Z</time>
      </trkpt>
      <trkpt lat="50.279510" lon="16.509568">
        <ele>745.452260</ele>
        <time>2026-05-08T02:16:44.025Z</time>
      </trkpt>
      <trkpt lat="50.278514" lon="16.509677">
        <ele>741.259510</ele>
        <time>2026-05-08T02:16:56.380Z</time>
      </trkpt>
      <trkpt lat="50.278196" lon="16.509710">
        <ele>739.921190</ele>
        <time>2026-05-08T02:17:00.360Z</time>
      </trkpt>
      <trkpt lat="50.277743" lon="16.509757">
        <ele>738.065816</ele>
        <time>2026-05-08T02:17:06.100Z</time>
      </trkpt>
      <trkpt lat="50.277240" lon="16.509900">
        <ele>737.299657</ele>
        <time>2026-05-08T02:17:12.571Z</time>
      </trkpt>
      <trkpt lat="50.276937" lon="16.509985">
        <ele>736.838328</ele>
        <time>2026-05-08T02:17:16.612Z</time>
      </trkpt>
      <trkpt lat="50.276854" lon="16.510006">
        <ele>736.712325</ele>
        <time>2026-05-08T02:17:17.786Z</time>
      </trkpt>
      <trkpt lat="50.276646" lon="16.510028">
        <ele>736.399895</ele>
        <time>2026-05-08T02:17:20.907Z</time>
      </trkpt>
      <trkpt lat="50.276519" lon="16.509952">
        <ele>736.196124</ele>
        <time>2026-05-08T02:17:23.131Z</time>
      </trkpt>
      <trkpt lat="50.276215" lon="16.509671">
        <ele>735.666981</ele>
        <time>2026-05-08T02:17:29.591Z</time>
      </trkpt>
      <trkpt lat="50.275996" lon="16.509584">
        <ele>735.626694</ele>
        <time>2026-05-08T02:17:34.463Z</time>
      </trkpt>
      <trkpt lat="50.276001" lon="16.509997">
        <ele>736.910476</ele>
        <time>2026-05-08T02:17:41.007Z</time>
      </trkpt>
      <trkpt lat="50.275981" lon="16.510083">
        <ele>737.194899</ele>
        <time>2026-05-08T02:17:42.555Z</time>
      </trkpt>
      <trkpt lat="50.275765" lon="16.511022">
        <ele>740.296482</ele>
        <time>2026-05-08T02:18:03.436Z</time>
      </trkpt>
      <trkpt lat="50.275738" lon="16.511411">
        <ele>741.512560</ele>
        <time>2026-05-08T02:18:13.328Z</time>
      </trkpt>
      <trkpt lat="50.275747" lon="16.511815">
        <ele>742.768910</ele>
        <time>2026-05-08T02:18:23.718Z</time>
      </trkpt>
      <trkpt lat="50.275653" lon="16.512716">
        <ele>746.028499</ele>
        <time>2026-05-08T02:18:47.665Z</time>
      </trkpt>
      <trkpt lat="50.275600" lon="16.513222">
        <ele>748.082773</ele>
        <time>2026-05-08T02:19:01.030Z</time>
      </trkpt>
      <trkpt lat="50.275573" lon="16.513875">
        <ele>750.704410</ele>
        <time>2026-05-08T02:19:17.092Z</time>
      </trkpt>
      <trkpt lat="50.275530" lon="16.514208">
        <ele>752.065496</ele>
        <time>2026-05-08T02:19:25.064Z</time>
      </trkpt>
      <trkpt lat="50.275456" lon="16.514450">
        <ele>753.140306</ele>
        <time>2026-05-08T02:19:31.196Z</time>
      </trkpt>
      <trkpt lat="50.274982" lon="16.515359">
        <ele>757.061006</ele>
        <time>2026-05-08T02:19:57.130Z</time>
      </trkpt>
      <trkpt lat="50.274614" lon="16.516532">
        <ele>760.609690</ele>
        <time>2026-05-08T02:20:25.538Z</time>
      </trkpt>
      <trkpt lat="50.274451" lon="16.517178">
        <ele>762.495852</ele>
        <time>2026-05-08T02:20:37.948Z</time>
      </trkpt>
      <trkpt lat="50.274351" lon="16.517576">
        <ele>763.435737</ele>
        <time>2026-05-08T02:20:44.705Z</time>
      </trkpt>
      <trkpt lat="50.274335" lon="16.517871">
        <ele>763.939682</ele>
        <time>2026-05-08T02:20:49.073Z</time>
      </trkpt>
      <trkpt lat="50.274374" lon="16.518206">
        <ele>764.519293</ele>
        <time>2026-05-08T02:20:53.844Z</time>
      </trkpt>
      <trkpt lat="50.274439" lon="16.518445">
        <ele>764.961413</ele>
        <time>2026-05-08T02:20:57.441Z</time>
      </trkpt>
      <trkpt lat="50.274534" lon="16.518580">
        <ele>765.303206</ele>
        <time>2026-05-08T02:21:00.151Z</time>
      </trkpt>
      <trkpt lat="50.274901" lon="16.518853">
        <ele>766.385487</ele>
        <time>2026-05-08T02:21:09.097Z</time>
      </trkpt>
      <trkpt lat="50.275101" lon="16.518954">
        <ele>766.945210</ele>
        <time>2026-05-08T02:21:14.380Z</time>
      </trkpt>
      <trkpt lat="50.275283" lon="16.519125">
        <ele>767.510613</ele>
        <time>2026-05-08T02:21:20.662Z</time>
      </trkpt>
      <trkpt lat="50.275398" lon="16.519401">
        <ele>768.388897</ele>
        <time>2026-05-08T02:21:27.914Z</time>
      </trkpt>
      <trkpt lat="50.275399" lon="16.519629">
        <ele>769.343995</ele>
        <time>2026-05-08T02:21:33.383Z</time>
      </trkpt>
      <trkpt lat="50.275401" lon="16.519854">
        <ele>770.286594</ele>
        <time>2026-05-08T02:21:38.965Z</time>
      </trkpt>
      <trkpt lat="50.275611" lon="16.521049">
        <ele>775.478137</ele>
        <time>2026-05-08T02:22:12.576Z</time>
      </trkpt>
      <trkpt lat="50.276080" lon="16.522755">
        <ele>782.442901</ele>
        <time>2026-05-08T02:22:59.119Z</time>
      </trkpt>
      <trkpt lat="50.276216" lon="16.523423">
        <ele>784.717736</ele>
        <time>2026-05-08T02:23:13.919Z</time>
      </trkpt>
      <trkpt lat="50.276347" lon="16.524306">
        <ele>787.659048</ele>
        <time>2026-05-08T02:23:31.949Z</time>
      </trkpt>
      <trkpt lat="50.276327" lon="16.524845">
        <ele>789.330491</ele>
        <time>2026-05-08T02:23:42.395Z</time>
      </trkpt>
      <trkpt lat="50.276235" lon="16.525695">
        <ele>791.773883</ele>
        <time>2026-05-08T02:23:59.504Z</time>
      </trkpt>
      <trkpt lat="50.276115" lon="16.526408">
        <ele>793.863585</ele>
        <time>2026-05-08T02:24:14.553Z</time>
      </trkpt>
      <trkpt lat="50.276082" lon="16.526483">
        <ele>794.121660</ele>
        <time>2026-05-08T02:24:16.431Z</time>
      </trkpt>
      <trkpt lat="50.275860" lon="16.526991">
        <ele>795.865878</ele>
        <time>2026-05-08T02:24:29.255Z</time>
      </trkpt>
      <trkpt lat="50.275451" lon="16.528180">
        <ele>800.185866</ele>
        <time>2026-05-08T02:24:58.362Z</time>
      </trkpt>
      <trkpt lat="50.275236" lon="16.528877">
        <ele>802.747063</ele>
        <time>2026-05-08T02:25:15.568Z</time>
      </trkpt>
      <trkpt lat="50.275044" lon="16.529793">
        <ele>805.937265</ele>
        <time>2026-05-08T02:25:37.199Z</time>
      </trkpt>
      <trkpt lat="50.275029" lon="16.530103">
        <ele>806.864496</ele>
        <time>2026-05-08T02:25:44.168Z</time>
      </trkpt>
      <trkpt lat="50.275025" lon="16.530183">
        <ele>807.100098</ele>
        <time>2026-05-08T02:25:45.962Z</time>
      </trkpt>
      <trkpt lat="50.275074" lon="16.530502">
        <ele>808.063368</ele>
        <time>2026-05-08T02:25:53.405Z</time>
      </trkpt>
      <trkpt lat="50.275204" lon="16.531495">
        <ele>811.039397</ele>
        <time>2026-05-08T02:26:16.339Z</time>
      </trkpt>
      <trkpt lat="50.275222" lon="16.531626">
        <ele>811.432806</ele>
        <time>2026-05-08T02:26:19.216Z</time>
      </trkpt>
      <trkpt lat="50.275355" lon="16.532447">
        <ele>813.919520</ele>
        <time>2026-05-08T02:26:36.044Z</time>
      </trkpt>
      <trkpt lat="50.275491" lon="16.533009">
        <ele>814.250962</ele>
        <time>2026-05-08T02:26:45.637Z</time>
      </trkpt>
      <trkpt lat="50.275626" lon="16.533564">
        <ele>814.151388</ele>
        <time>2026-05-08T02:26:53.468Z</time>
      </trkpt>
      <trkpt lat="50.276208" lon="16.535877">
        <ele>813.347410</ele>
        <time>2026-05-08T02:27:16.213Z</time>
      </trkpt>
      <trkpt lat="50.276261" lon="16.535722">
        <ele>813.224313</ele>
        <time>2026-05-08T02:27:18.376Z</time>
      </trkpt>
      <trkpt lat="50.276126" lon="16.535164">
        <ele>812.806516</ele>
        <time>2026-05-08T02:27:25.961Z</time>
      </trkpt>
      <trkpt lat="50.276096" lon="16.534759">
        <ele>812.521018</ele>
        <time>2026-05-08T02:27:31.525Z</time>
      </trkpt>
      <trkpt lat="50.276126" lon="16.535164">
        <ele>812.235520</ele>
        <time>2026-05-08T02:27:37.397Z</time>
      </trkpt>
      <trkpt lat="50.276261" lon="16.535722">
        <ele>811.903724</ele>
        <time>2026-05-08T02:27:46.676Z</time>
      </trkpt>
      <trkpt lat="50.276208" lon="16.535877">
        <ele>811.936340</ele>
        <time>2026-05-08T02:27:49.351Z</time>
      </trkpt>
      <trkpt lat="50.276225" lon="16.535944">
        <ele>811.949715</ele>
        <time>2026-05-08T02:27:50.072Z</time>
      </trkpt>
      <trkpt lat="50.276527" lon="16.537024">
        <ele>812.168438</ele>
        <time>2026-05-08T02:28:01.808Z</time>
      </trkpt>
      <trkpt lat="50.276688" lon="16.537228">
        <ele>812.228582</ele>
        <time>2026-05-08T02:28:05.686Z</time>
      </trkpt>
      <trkpt lat="50.276860" lon="16.537374">
        <ele>812.285391</ele>
        <time>2026-05-08T02:28:09.662Z</time>
      </trkpt>
      <trkpt lat="50.277048" lon="16.537488">
        <ele>812.343926</ele>
        <time>2026-05-08T02:28:13.931Z</time>
      </trkpt>
      <trkpt lat="50.277358" lon="16.537677">
        <ele>812.971103</ele>
        <time>2026-05-08T02:28:21.681Z</time>
      </trkpt>
      <trkpt lat="50.277114" lon="16.538308">
        <ele>815.333273</ele>
        <time>2026-05-08T02:28:33.953Z</time>
      </trkpt>
      <trkpt lat="50.277049" lon="16.538448">
        <ele>815.887516</ele>
        <time>2026-05-08T02:28:37.159Z</time>
      </trkpt>
      <trkpt lat="50.276964" lon="16.538546">
        <ele>816.416662</ele>
        <time>2026-05-08T02:28:40.511Z</time>
      </trkpt>
      <trkpt lat="50.276604" lon="16.538884">
        <ele>818.520749</ele>
        <time>2026-05-08T02:28:56.538Z</time>
      </trkpt>
      <trkpt lat="50.276163" lon="16.539376">
        <ele>821.235176</ele>
        <time>2026-05-08T02:29:20.011Z</time>
      </trkpt>
      <trkpt lat="50.276159" lon="16.539381">
        <ele>821.260834</ele>
        <time>2026-05-08T02:29:20.214Z</time>
      </trkpt>
      <trkpt lat="50.276149" lon="16.539390">
        <ele>821.318650</ele>
        <time>2026-05-08T02:29:20.710Z</time>
      </trkpt>
      <trkpt lat="50.276081" lon="16.539473">
        <ele>821.965407</ele>
        <time>2026-05-08T02:29:24.481Z</time>
      </trkpt>
      <trkpt lat="50.276060" lon="16.539499">
        <ele>822.187215</ele>
        <time>2026-05-08T02:29:25.680Z</time>
      </trkpt>
      <trkpt lat="50.274951" lon="16.540298">
        <ele>832.300018</ele>
        <time>2026-05-08T02:30:23.320Z</time>
      </trkpt>
      <trkpt lat="50.274422" lon="16.540682">
        <ele>836.934019</ele>
        <time>2026-05-08T02:30:49.448Z</time>
      </trkpt>
      <trkpt lat="50.273846" lon="16.541132">
        <ele>840.974532</ele>
        <time>2026-05-08T02:31:15.178Z</time>
      </trkpt>
      <trkpt lat="50.273714" lon="16.541230">
        <ele>841.891486</ele>
        <time>2026-05-08T02:31:20.645Z</time>
      </trkpt>
      <trkpt lat="50.273670" lon="16.541259">
        <ele>842.191127</ele>
        <time>2026-05-08T02:31:22.382Z</time>
      </trkpt>
      <trkpt lat="50.273454" lon="16.541403">
        <ele>843.664654</ele>
        <time>2026-05-08T02:31:30.860Z</time>
      </trkpt>
      <trkpt lat="50.273359" lon="16.541478">
        <ele>844.332466</ele>
        <time>2026-05-08T02:31:34.611Z</time>
      </trkpt>
      <trkpt lat="50.273286" lon="16.541567">
        <ele>844.913274</ele>
        <time>2026-05-08T02:31:37.865Z</time>
      </trkpt>
      <trkpt lat="50.273197" lon="16.541663">
        <ele>845.591703</ele>
        <time>2026-05-08T02:31:41.666Z</time>
      </trkpt>
      <trkpt lat="50.273123" lon="16.542276">
        <ele>848.149555</ele>
        <time>2026-05-08T02:31:55.960Z</time>
      </trkpt>
      <trkpt lat="50.273120" lon="16.542553">
        <ele>849.387950</ele>
        <time>2026-05-08T02:32:02.502Z</time>
      </trkpt>
      <trkpt lat="50.273202" lon="16.542985">
        <ele>851.402394</ele>
        <time>2026-05-08T02:32:13.597Z</time>
      </trkpt>
      <trkpt lat="50.273203" lon="16.543529">
        <ele>853.834133</ele>
        <time>2026-05-08T02:32:27.533Z</time>
      </trkpt>
      <trkpt lat="50.273232" lon="16.543833">
        <ele>855.208094</ele>
        <time>2026-05-08T02:32:35.653Z</time>
      </trkpt>
      <trkpt lat="50.273229" lon="16.545758">
        <ele>863.983401</ele>
        <time>2026-05-08T02:33:30.417Z</time>
      </trkpt>
      <trkpt lat="50.273416" lon="16.547234">
        <ele>871.025752</ele>
        <time>2026-05-08T02:34:12.717Z</time>
      </trkpt>
      <trkpt lat="50.273584" lon="16.548462">
        <ele>874.283518</ele>
        <time>2026-05-08T02:34:41.833Z</time>
      </trkpt>
      <trkpt lat="50.273683" lon="16.549479">
        <ele>875.539088</ele>
        <time>2026-05-08T02:34:58.361Z</time>
      </trkpt>
      <trkpt lat="50.273601" lon="16.552080">
        <ele>875.099483</ele>
        <time>2026-05-08T02:35:24.090Z</time>
      </trkpt>
      <trkpt lat="50.273555" lon="16.552267">
        <ele>874.884004</ele>
        <time>2026-05-08T02:35:25.924Z</time>
      </trkpt>
      <trkpt lat="50.273260" lon="16.552871">
        <ele>874.066518</ele>
        <time>2026-05-08T02:35:32.947Z</time>
      </trkpt>
      <trkpt lat="50.273217" lon="16.553198">
        <ele>873.792558</ele>
        <time>2026-05-08T02:35:36.052Z</time>
      </trkpt>
      <trkpt lat="50.273162" lon="16.553395">
        <ele>873.887828</ele>
        <time>2026-05-08T02:35:38.088Z</time>
      </trkpt>
      <trkpt lat="50.272791" lon="16.553840">
        <ele>874.211969</ele>
        <time>2026-05-08T02:35:45.344Z</time>
      </trkpt>
      <trkpt lat="50.272529" lon="16.554433">
        <ele>874.531447</ele>
        <time>2026-05-08T02:35:54.462Z</time>
      </trkpt>
      <trkpt lat="50.272250" lon="16.554828">
        <ele>874.792346</ele>
        <time>2026-05-08T02:36:03.752Z</time>
      </trkpt>
      <trkpt lat="50.272177" lon="16.554896">
        <ele>874.851255</ele>
        <time>2026-05-08T02:36:06.027Z</time>
      </trkpt>
      <trkpt lat="50.272201" lon="16.555212">
        <ele>874.992283</ele>
        <time>2026-05-08T02:36:14.085Z</time>
      </trkpt>
      <trkpt lat="50.272650" lon="16.557375">
        <ele>882.422970</ele>
        <time>2026-05-08T02:37:20.189Z</time>
      </trkpt>
      <trkpt lat="50.272663" lon="16.557546">
        <ele>882.996784</ele>
        <time>2026-05-08T02:37:25.583Z</time>
      </trkpt>
      <trkpt lat="50.272654" lon="16.557663">
        <ele>883.389458</ele>
        <time>2026-05-08T02:37:29.350Z</time>
      </trkpt>
      <trkpt lat="50.272583" lon="16.557782">
        <ele>883.931908</ele>
        <time>2026-05-08T02:37:34.645Z</time>
      </trkpt>
      <trkpt lat="50.272359" lon="16.558004">
        <ele>886.039957</ele>
        <time>2026-05-08T02:37:48.573Z</time>
      </trkpt>
      <trkpt lat="50.271776" lon="16.558314">
        <ele>891.776329</ele>
        <time>2026-05-08T02:38:23.391Z</time>
      </trkpt>
      <trkpt lat="50.270733" lon="16.558806">
        <ele>901.964026</ele>
        <time>2026-05-08T02:39:33.211Z</time>
      </trkpt>
      <trkpt lat="50.270018" lon="16.558917">
        <ele>908.993766</ele>
        <time>2026-05-08T02:40:19.885Z</time>
      </trkpt>
      <trkpt lat="50.269576" lon="16.559059">
        <ele>913.408418</ele>
        <time>2026-05-08T02:40:47.555Z</time>
      </trkpt>
      <trkpt lat="50.269288" lon="16.559199">
        <ele>916.359020</ele>
        <time>2026-05-08T02:41:05.314Z</time>
      </trkpt>
      <trkpt lat="50.268518" lon="16.559803">
        <ele>923.404023</ele>
        <time>2026-05-08T02:41:52.696Z</time>
      </trkpt>
      <trkpt lat="50.268125" lon="16.560274">
        <ele>927.139115</ele>
        <time>2026-05-08T02:42:18.577Z</time>
      </trkpt>
      <trkpt lat="50.267381" lon="16.561063">
        <ele>934.105469</ele>
        <time>2026-05-08T02:43:05.567Z</time>
      </trkpt>
      <trkpt lat="50.267224" lon="16.561245">
        <ele>935.749746</ele>
        <time>2026-05-08T02:43:16.593Z</time>
      </trkpt>
      <trkpt lat="50.267136" lon="16.561321">
        <ele>936.595583</ele>
        <time>2026-05-08T02:43:22.431Z</time>
      </trkpt>
      <trkpt lat="50.266800" lon="16.561593">
        <ele>939.779033</ele>
        <time>2026-05-08T02:43:44.467Z</time>
      </trkpt>
      <trkpt lat="50.266483" lon="16.561935">
        <ele>943.019304</ele>
        <time>2026-05-08T02:44:07.405Z</time>
      </trkpt>
      <trkpt lat="50.266216" lon="16.562142">
        <ele>945.526797</ele>
        <time>2026-05-08T02:44:24.986Z</time>
      </trkpt>
      <trkpt lat="50.265857" lon="16.562416">
        <ele>948.264997</ele>
        <time>2026-05-08T02:44:47.966Z</time>
      </trkpt>
      <trkpt lat="50.265540" lon="16.562646">
        <ele>949.930302</ele>
        <time>2026-05-08T02:45:06.816Z</time>
      </trkpt>
      <trkpt lat="50.265167" lon="16.562879">
        <ele>951.844390</ele>
        <time>2026-05-08T02:45:25.577Z</time>
      </trkpt>
      <trkpt lat="50.264382" lon="16.563220">
        <ele>955.727029</ele>
        <time>2026-05-08T02:45:56.623Z</time>
      </trkpt>
      <trkpt lat="50.264179" lon="16.563319">
        <ele>956.450500</ele>
        <time>2026-05-08T02:46:03.931Z</time>
      </trkpt>
      <trkpt lat="50.264045" lon="16.563341">
        <ele>956.833100</ele>
        <time>2026-05-08T02:46:08.527Z</time>
      </trkpt>
      <trkpt lat="50.263905" lon="16.563301">
        <ele>957.237224</ele>
        <time>2026-05-08T02:46:13.435Z</time>
      </trkpt>
      <trkpt lat="50.263704" lon="16.563209">
        <ele>957.831920</ele>
        <time>2026-05-08T02:46:20.734Z</time>
      </trkpt>
      <trkpt lat="50.263438" lon="16.562989">
        <ele>958.686334</ele>
        <time>2026-05-08T02:46:31.709Z</time>
      </trkpt>
      <trkpt lat="50.263238" lon="16.562826">
        <ele>959.326716</ele>
        <time>2026-05-08T02:46:40.418Z</time>
      </trkpt>
      <trkpt lat="50.262919" lon="16.562561">
        <ele>960.352364</ele>
        <time>2026-05-08T02:46:55.311Z</time>
      </trkpt>
      <trkpt lat="50.262729" lon="16.562444">
        <ele>960.932192</ele>
        <time>2026-05-08T02:47:04.230Z</time>
      </trkpt>
      <trkpt lat="50.262499" lon="16.562324">
        <ele>961.672920</ele>
        <time>2026-05-08T02:47:15.101Z</time>
      </trkpt>
      <trkpt lat="50.262230" lon="16.562172">
        <ele>962.571668</ele>
        <time>2026-05-08T02:47:27.764Z</time>
      </trkpt>
      <trkpt lat="50.262050" lon="16.562108">
        <ele>963.151716</ele>
        <time>2026-05-08T02:47:35.828Z</time>
      </trkpt>
      <trkpt lat="50.261871" lon="16.562118">
        <ele>963.714554</ele>
        <time>2026-05-08T02:47:43.489Z</time>
      </trkpt>
      <trkpt lat="50.261527" lon="16.562242">
        <ele>964.823849</ele>
        <time>2026-05-08T02:47:58.339Z</time>
      </trkpt>
      <trkpt lat="50.260731" lon="16.562635">
        <ele>966.629780</ele>
        <time>2026-05-08T02:48:27.487Z</time>
      </trkpt>
      <trkpt lat="50.260486" lon="16.562756">
        <ele>966.444113</ele>
        <time>2026-05-08T02:48:35.437Z</time>
      </trkpt>
      <trkpt lat="50.260172" lon="16.563000">
        <ele>966.190741</ele>
        <time>2026-05-08T02:48:45.259Z</time>
      </trkpt>
      <trkpt lat="50.259987" lon="16.563175">
        <ele>966.034503</ele>
        <time>2026-05-08T02:48:50.836Z</time>
      </trkpt>
      <trkpt lat="50.259620" lon="16.563571">
        <ele>965.712306</ele>
        <time>2026-05-08T02:49:01.799Z</time>
      </trkpt>
      <trkpt lat="50.259588" lon="16.563605">
        <ele>965.684351</ele>
        <time>2026-05-08T02:49:02.758Z</time>
      </trkpt>
      <trkpt lat="50.259383" lon="16.563818">
        <ele>965.506500</ele>
        <time>2026-05-08T02:49:09.012Z</time>
      </trkpt>
      <trkpt lat="50.259110" lon="16.564070">
        <ele>964.994079</ele>
        <time>2026-05-08T02:49:17.449Z</time>
      </trkpt>
      <trkpt lat="50.258880" lon="16.564248">
        <ele>964.552714</ele>
        <time>2026-05-08T02:49:24.297Z</time>
      </trkpt>
      <trkpt lat="50.258670" lon="16.564432">
        <ele>964.138712</ele>
        <time>2026-05-08T02:49:30.477Z</time>
      </trkpt>
      <trkpt lat="50.258409" lon="16.564708">
        <ele>963.596836</ele>
        <time>2026-05-08T02:49:38.378Z</time>
      </trkpt>
      <trkpt lat="50.258180" lon="16.565064">
        <ele>963.041515</ele>
        <time>2026-05-08T02:49:46.697Z</time>
      </trkpt>
      <trkpt lat="50.257983" lon="16.565359">
        <ele>962.572434</ele>
        <time>2026-05-08T02:49:53.927Z</time>
      </trkpt>
      <trkpt lat="50.257582" lon="16.565781">
        <ele>961.659820</ele>
        <time>2026-05-08T02:50:06.384Z</time>
      </trkpt>
      <trkpt lat="50.257380" lon="16.565934">
        <ele>961.225343</ele>
        <time>2026-05-08T02:50:11.639Z</time>
      </trkpt>
      <trkpt lat="50.257167" lon="16.566037">
        <ele>960.793752</ele>
        <time>2026-05-08T02:50:16.888Z</time>
      </trkpt>
      <trkpt lat="50.256976" lon="16.566092">
        <ele>960.417792</ele>
        <time>2026-05-08T02:50:21.540Z</time>
      </trkpt>
      <trkpt lat="50.256848" lon="16.566128">
        <ele>960.166030</ele>
        <time>2026-05-08T02:50:24.739Z</time>
      </trkpt>
      <trkpt lat="50.256590" lon="16.566203">
        <ele>959.658030</ele>
        <time>2026-05-08T02:50:31.307Z</time>
      </trkpt>
      <trkpt lat="50.256404" lon="16.566232">
        <ele>959.296179</ele>
        <time>2026-05-08T02:50:36.073Z</time>
      </trkpt>
      <trkpt lat="50.256240" lon="16.566224">
        <ele>958.978546</ele>
        <time>2026-05-08T02:50:40.415Z</time>
      </trkpt>
      <trkpt lat="50.256063" lon="16.566178">
        <ele>959.148068</ele>
        <time>2026-05-08T02:50:45.306Z</time>
      </trkpt>
      <trkpt lat="50.255910" lon="16.566077">
        <ele>959.428553</ele>
        <time>2026-05-08T02:50:50.024Z</time>
      </trkpt>
      <trkpt lat="50.255189" lon="16.565299">
        <ele>960.907989</ele>
        <time>2026-05-08T02:51:20.296Z</time>
      </trkpt>
      <trkpt lat="50.255094" lon="16.565216">
        <ele>961.091778</ele>
        <time>2026-05-08T02:51:24.706Z</time>
      </trkpt>
      <trkpt lat="50.254913" lon="16.565185">
        <ele>961.399308</ele>
        <time>2026-05-08T02:51:32.262Z</time>
      </trkpt>
      <trkpt lat="50.252561" lon="16.564797">
        <ele>966.809534</ele>
        <time>2026-05-08T02:53:11.799Z</time>
      </trkpt>
      <trkpt lat="50.252468" lon="16.564794">
        <ele>966.389182</ele>
        <time>2026-05-08T02:53:14.334Z</time>
      </trkpt>
      <trkpt lat="50.252422" lon="16.564790">
        <ele>966.180989</ele>
        <time>2026-05-08T02:53:15.545Z</time>
      </trkpt>
      <trkpt lat="50.252361" lon="16.564784">
        <ele>965.904789</ele>
        <time>2026-05-08T02:53:17.158Z</time>
      </trkpt>
      <trkpt lat="50.249633" lon="16.565281">
        <ele>949.590676</ele>
        <time>2026-05-08T02:54:13.897Z</time>
      </trkpt>
      <trkpt lat="50.249595" lon="16.565287">
        <ele>949.310937</ele>
        <time>2026-05-08T02:54:14.657Z</time>
      </trkpt>
      <trkpt lat="50.247323" lon="16.565680">
        <ele>933.959506</ele>
        <time>2026-05-08T02:55:01.573Z</time>
      </trkpt>
      <trkpt lat="50.247130" lon="16.565771">
        <ele>933.730810</ele>
        <time>2026-05-08T02:55:06.479Z</time>
      </trkpt>
      <trkpt lat="50.247028" lon="16.565819">
        <ele>933.609964</ele>
        <time>2026-05-08T02:55:09.191Z</time>
      </trkpt>
      <trkpt lat="50.246575" lon="16.566222">
        <ele>933.018687</ele>
        <time>2026-05-08T02:55:24.019Z</time>
      </trkpt>
      <trkpt lat="50.246362" lon="16.566452">
        <ele>932.725023</ele>
        <time>2026-05-08T02:55:32.595Z</time>
      </trkpt>
      <trkpt lat="50.246123" lon="16.567010">
        <ele>932.237776</ele>
        <time>2026-05-08T02:55:47.930Z</time>
      </trkpt>
      <trkpt lat="50.245457" lon="16.568372">
        <ele>929.834043</ele>
        <time>2026-05-08T02:56:19.555Z</time>
      </trkpt>
      <trkpt lat="50.243754" lon="16.571154">
        <ele>917.942231</ele>
        <time>2026-05-08T02:57:13.672Z</time>
      </trkpt>
      <trkpt lat="50.243600" lon="16.571331">
        <ele>916.765625</ele>
        <time>2026-05-08T02:57:17.437Z</time>
      </trkpt>
      <trkpt lat="50.243393" lon="16.571475">
        <ele>914.083848</ele>
        <time>2026-05-08T02:57:21.821Z</time>
      </trkpt>
      <trkpt lat="50.243019" lon="16.571584">
        <ele>909.481877</ele>
        <time>2026-05-08T02:57:29.052Z</time>
      </trkpt>
      <trkpt lat="50.242563" lon="16.571578">
        <ele>903.965717</ele>
        <time>2026-05-08T02:57:37.593Z</time>
      </trkpt>
      <trkpt lat="50.242328" lon="16.571530">
        <ele>901.098909</ele>
        <time>2026-05-08T02:57:42.029Z</time>
      </trkpt>
      <trkpt lat="50.242129" lon="16.571446">
        <ele>898.605550</ele>
        <time>2026-05-08T02:57:45.892Z</time>
      </trkpt>
      <trkpt lat="50.241848" lon="16.571157">
        <ele>894.535490</ele>
        <time>2026-05-08T02:57:52.231Z</time>
      </trkpt>
      <trkpt lat="50.241153" lon="16.570132">
        <ele>882.934115</ele>
        <time>2026-05-08T02:58:10.534Z</time>
      </trkpt>
      <trkpt lat="50.241049" lon="16.570025">
        <ele>881.422352</ele>
        <time>2026-05-08T02:58:12.946Z</time>
      </trkpt>
      <trkpt lat="50.240545" lon="16.569657">
        <ele>874.667775</ele>
        <time>2026-05-08T02:58:23.579Z</time>
      </trkpt>
      <trkpt lat="50.240127" lon="16.569480">
        <ele>868.755408</ele>
        <time>2026-05-08T02:58:31.730Z</time>
      </trkpt>
      <trkpt lat="50.239745" lon="16.569455">
        <ele>863.291823</ele>
        <time>2026-05-08T02:58:38.854Z</time>
      </trkpt>
      <trkpt lat="50.239326" lon="16.569510">
        <ele>857.283222</ele>
        <time>2026-05-08T02:58:46.625Z</time>
      </trkpt>
      <trkpt lat="50.238956" lon="16.569612">
        <ele>851.914341</ele>
        <time>2026-05-08T02:58:53.555Z</time>
      </trkpt>
      <trkpt lat="50.238333" lon="16.569910">
        <ele>842.971797</ele>
        <time>2026-05-08T02:59:05.615Z</time>
      </trkpt>
      <trkpt lat="50.238041" lon="16.569971">
        <ele>839.084355</ele>
        <time>2026-05-08T02:59:11.105Z</time>
      </trkpt>
      <trkpt lat="50.237825" lon="16.569950">
        <ele>836.228539</ele>
        <time>2026-05-08T02:59:15.167Z</time>
      </trkpt>
      <trkpt lat="50.236993" lon="16.569763">
        <ele>825.136695</ele>
        <time>2026-05-08T02:59:31.147Z</time>
      </trkpt>
      <trkpt lat="50.236424" lon="16.569820">
        <ele>817.886904</ele>
        <time>2026-05-08T02:59:42.046Z</time>
      </trkpt>
      <trkpt lat="50.236038" lon="16.569858">
        <ele>813.014168</ele>
        <time>2026-05-08T02:59:49.373Z</time>
      </trkpt>
      <trkpt lat="50.235511" lon="16.569719">
        <ele>806.280820</ele>
        <time>2026-05-08T02:59:59.414Z</time>
      </trkpt>
      <trkpt lat="50.235087" lon="16.569499">
        <ele>800.697182</ele>
        <time>2026-05-08T03:00:07.823Z</time>
      </trkpt>
      <trkpt lat="50.234753" lon="16.569191">
        <ele>796.425750</ele>
        <time>2026-05-08T03:00:15.167Z</time>
      </trkpt>
      <trkpt lat="50.232891" lon="16.567678">
        <ele>772.931314</ele>
        <time>2026-05-08T03:00:56.067Z</time>
      </trkpt>
      <trkpt lat="50.232117" lon="16.566822">
        <ele>761.985802</ele>
        <time>2026-05-08T03:02:02.286Z</time>
      </trkpt>
      <trkpt lat="50.231922" lon="16.566651">
        <ele>758.819716</ele>
        <time>2026-05-08T03:02:17.990Z</time>
      </trkpt>
      <trkpt lat="50.231831" lon="16.566610">
        <ele>757.103467</ele>
        <time>2026-05-08T03:02:24.622Z</time>
      </trkpt>
      <trkpt lat="50.231633" lon="16.566731">
        <ele>753.250835</ele>
        <time>2026-05-08T03:02:39.500Z</time>
      </trkpt>
      <trkpt lat="50.231412" lon="16.566946">
        <ele>748.533609</ele>
        <time>2026-05-08T03:02:57.830Z</time>
      </trkpt>
      <trkpt lat="50.231127" lon="16.567153">
        <ele>742.838522</ele>
        <time>2026-05-08T03:03:20.048Z</time>
      </trkpt>
      <trkpt lat="50.230731" lon="16.567372">
        <ele>735.226270</ele>
        <time>2026-05-08T03:03:49.784Z</time>
      </trkpt>
      <trkpt lat="50.230280" lon="16.567860">
        <ele>726.212463</ele>
        <time>2026-05-08T03:04:28.552Z</time>
      </trkpt>
      <trkpt lat="50.230277" lon="16.567862">
        <ele>726.174832</ele>
        <time>2026-05-08T03:04:28.752Z</time>
      </trkpt>
      <trkpt lat="50.229826" lon="16.568177">
        <ele>720.475323</ele>
        <time>2026-05-08T03:05:03.434Z</time>
      </trkpt>
      <trkpt lat="50.228795" lon="16.567575">
        <ele>707.776677</ele>
        <time>2026-05-08T03:05:15.611Z</time>
      </trkpt>
      <trkpt lat="50.228464" lon="16.567348">
        <ele>706.101249</ele>
        <time>2026-05-08T03:05:20.243Z</time>
      </trkpt>
      <trkpt lat="50.228000" lon="16.567085">
        <ele>704.493645</ele>
        <time>2026-05-08T03:05:26.756Z</time>
      </trkpt>
      <trkpt lat="50.227675" lon="16.567027">
        <ele>703.428197</ele>
        <time>2026-05-08T03:05:31.306Z</time>
      </trkpt>
      <trkpt lat="50.227409" lon="16.567071">
        <ele>702.556959</ele>
        <time>2026-05-08T03:05:35.168Z</time>
      </trkpt>
      <trkpt lat="50.227167" lon="16.567170">
        <ele>701.742182</ele>
        <time>2026-05-08T03:05:38.692Z</time>
      </trkpt>
      <trkpt lat="50.226614" lon="16.567574">
        <ele>699.737938</ele>
        <time>2026-05-08T03:05:46.868Z</time>
      </trkpt>
      <trkpt lat="50.226498" lon="16.567665">
        <ele>699.310587</ele>
        <time>2026-05-08T03:05:48.567Z</time>
      </trkpt>
      <trkpt lat="50.225836" lon="16.568179">
        <ele>696.876749</ele>
        <time>2026-05-08T03:05:58.006Z</time>
      </trkpt>
      <trkpt lat="50.225395" lon="16.568394">
        <ele>695.355699</ele>
        <time>2026-05-08T03:06:03.745Z</time>
      </trkpt>
      <trkpt lat="50.223327" lon="16.568658">
        <ele>689.687040</ele>
        <time>2026-05-08T03:06:31.124Z</time>
      </trkpt>
      <trkpt lat="50.223091" lon="16.568732">
        <ele>689.516837</ele>
        <time>2026-05-08T03:06:34.649Z</time>
      </trkpt>
      <trkpt lat="50.222911" lon="16.568827">
        <ele>689.382496</ele>
        <time>2026-05-08T03:06:37.535Z</time>
      </trkpt>
      <trkpt lat="50.222780" lon="16.568915">
        <ele>689.281671</ele>
        <time>2026-05-08T03:06:39.780Z</time>
      </trkpt>
      <trkpt lat="50.222597" lon="16.569091">
        <ele>689.129734</ele>
        <time>2026-05-08T03:06:43.309Z</time>
      </trkpt>
      <trkpt lat="50.222329" lon="16.569473">
        <ele>688.873257</ele>
        <time>2026-05-08T03:06:49.919Z</time>
      </trkpt>
      <trkpt lat="50.222144" lon="16.569884">
        <ele>688.645908</ele>
        <time>2026-05-08T03:06:56.310Z</time>
      </trkpt>
      <trkpt lat="50.222017" lon="16.570386">
        <ele>688.936812</ele>
        <time>2026-05-08T03:07:03.540Z</time>
      </trkpt>
      <trkpt lat="50.222010" lon="16.570412">
        <ele>688.958664</ele>
        <time>2026-05-08T03:07:03.922Z</time>
      </trkpt>
      <trkpt lat="50.221977" lon="16.570733">
        <ele>689.210530</ele>
        <time>2026-05-08T03:07:08.528Z</time>
      </trkpt>
      <trkpt lat="50.221977" lon="16.571188">
        <ele>689.563015</ele>
        <time>2026-05-08T03:07:15.108Z</time>
      </trkpt>
      <trkpt lat="50.222022" lon="16.571676">
        <ele>689.944972</ele>
        <time>2026-05-08T03:07:22.346Z</time>
      </trkpt>
      <trkpt lat="50.222525" lon="16.573869">
        <ele>691.593667</ele>
        <time>2026-05-08T03:07:54.521Z</time>
      </trkpt>
      <trkpt lat="50.222707" lon="16.574757">
        <ele>692.200151</ele>
        <time>2026-05-08T03:08:06.218Z</time>
      </trkpt>
      <trkpt lat="50.222929" lon="16.578453">
        <ele>695.503040</ele>
        <time>2026-05-08T03:08:57.669Z</time>
      </trkpt>
      <trkpt lat="50.223019" lon="16.579923">
        <ele>697.960013</ele>
        <time>2026-05-08T03:09:25.188Z</time>
      </trkpt>
      <trkpt lat="50.223127" lon="16.580335">
        <ele>698.700805</ele>
        <time>2026-05-08T03:09:33.099Z</time>
      </trkpt>
      <trkpt lat="50.223290" lon="16.580620">
        <ele>699.336829</ele>
        <time>2026-05-08T03:09:39.238Z</time>
      </trkpt>
      <trkpt lat="50.223488" lon="16.580821">
        <ele>699.951570</ele>
        <time>2026-05-08T03:09:44.465Z</time>
      </trkpt>
      <trkpt lat="50.224555" lon="16.581539">
        <ele>702.982508</ele>
        <time>2026-05-08T03:10:09.913Z</time>
      </trkpt>
      <trkpt lat="50.224737" lon="16.581792">
        <ele>703.617992</ele>
        <time>2026-05-08T03:10:17.032Z</time>
      </trkpt>
      <trkpt lat="50.224830" lon="16.582022">
        <ele>704.072167</ele>
        <time>2026-05-08T03:10:22.553Z</time>
      </trkpt>
      <trkpt lat="50.224893" lon="16.582379">
        <ele>705.158748</ele>
        <time>2026-05-08T03:10:30.668Z</time>
      </trkpt>
      <trkpt lat="50.224863" lon="16.583011">
        <ele>707.987076</ele>
        <time>2026-05-08T03:10:46.382Z</time>
      </trkpt>
      <trkpt lat="50.224749" lon="16.583949">
        <ele>712.248179</ele>
        <time>2026-05-08T03:11:12.980Z</time>
      </trkpt>
      <trkpt lat="50.224568" lon="16.584565">
        <ele>715.273439</ele>
        <time>2026-05-08T03:11:31.894Z</time>
      </trkpt>
      <trkpt lat="50.224258" lon="16.585057">
        <ele>717.929686</ele>
        <time>2026-05-08T03:11:50.225Z</time>
      </trkpt>
      <trkpt lat="50.223869" lon="16.585394">
        <ele>720.087597</ele>
        <time>2026-05-08T03:12:07.650Z</time>
      </trkpt>
      <trkpt lat="50.222568" lon="16.585787">
        <ele>725.569461</ele>
        <time>2026-05-08T03:12:48.253Z</time>
      </trkpt>
      <trkpt lat="50.222124" lon="16.586036">
        <ele>725.253916</ele>
        <time>2026-05-08T03:12:57.563Z</time>
      </trkpt>
      <trkpt lat="50.221641" lon="16.586486">
        <ele>724.877774</ele>
        <time>2026-05-08T03:13:06.014Z</time>
      </trkpt>
      <trkpt lat="50.220684" lon="16.587483">
        <ele>722.967029</ele>
        <time>2026-05-08T03:13:20.890Z</time>
      </trkpt>
      <trkpt lat="50.220336" lon="16.588080">
        <ele>721.562633</ele>
        <time>2026-05-08T03:13:27.571Z</time>
      </trkpt>
      <trkpt lat="50.220083" lon="16.588515">
        <ele>720.540364</ele>
        <time>2026-05-08T03:13:32.589Z</time>
      </trkpt>
      <trkpt lat="50.218969" lon="16.590663">
        <ele>718.315781</ele>
        <time>2026-05-08T03:13:59.240Z</time>
      </trkpt>
      <trkpt lat="50.218790" lon="16.590956">
        <ele>718.082775</ele>
        <time>2026-05-08T03:14:03.898Z</time>
      </trkpt>
      <trkpt lat="50.218598" lon="16.591248">
        <ele>718.081878</ele>
        <time>2026-05-08T03:14:08.906Z</time>
      </trkpt>
      <trkpt lat="50.217246" lon="16.592728">
        <ele>719.257555</ele>
        <time>2026-05-08T03:14:42.905Z</time>
      </trkpt>
      <trkpt lat="50.215602" lon="16.594491">
        <ele>721.596054</ele>
        <time>2026-05-08T03:15:25.148Z</time>
      </trkpt>
      <trkpt lat="50.213837" lon="16.596460">
        <ele>725.704994</ele>
        <time>2026-05-08T03:16:15.965Z</time>
      </trkpt>
      <trkpt lat="50.213291" lon="16.596956">
        <ele>727.342653</ele>
        <time>2026-05-08T03:16:32.837Z</time>
      </trkpt>
      <trkpt lat="50.212733" lon="16.597286">
        <ele>728.889735</ele>
        <time>2026-05-08T03:16:50.157Z</time>
      </trkpt>
      <trkpt lat="50.211260" lon="16.597759">
        <ele>732.457764</ele>
        <time>2026-05-08T03:17:30.964Z</time>
      </trkpt>
      <trkpt lat="50.210970" lon="16.597786">
        <ele>733.146883</ele>
        <time>2026-05-08T03:17:36.739Z</time>
      </trkpt>
      <trkpt lat="50.210394" lon="16.597682">
        <ele>733.215887</ele>
        <time>2026-05-08T03:17:46.699Z</time>
      </trkpt>
      <trkpt lat="50.210133" lon="16.597571">
        <ele>733.238796</ele>
        <time>2026-05-08T03:17:50.945Z</time>
      </trkpt>
      <trkpt lat="50.209745" lon="16.597329">
        <ele>733.274179</ele>
        <time>2026-05-08T03:17:57.581Z</time>
      </trkpt>
      <trkpt lat="50.207618" lon="16.595165">
        <ele>734.828193</ele>
        <time>2026-05-08T03:18:48.128Z</time>
      </trkpt>
      <trkpt lat="50.207274" lon="16.594809">
        <ele>735.270044</ele>
        <time>2026-05-08T03:18:57.668Z</time>
      </trkpt>
      <trkpt lat="50.207309" lon="16.594438">
        <ele>735.527063</ele>
        <time>2026-05-08T03:19:06.289Z</time>
      </trkpt>
      <trkpt lat="50.208087" lon="16.593713">
        <ele>736.497118</ele>
        <time>2026-05-08T03:19:37.026Z</time>
      </trkpt>
      <trkpt lat="50.208455" lon="16.593298">
        <ele>735.517486</ele>
        <time>2026-05-08T03:19:50.254Z</time>
      </trkpt>
      <trkpt lat="50.208997" lon="16.592837">
        <ele>733.993346</ele>
        <time>2026-05-08T03:20:05.518Z</time>
      </trkpt>
      <trkpt lat="50.209396" lon="16.592421">
        <ele>732.808638</ele>
        <time>2026-05-08T03:20:16.419Z</time>
      </trkpt>
      <trkpt lat="50.209891" lon="16.591713">
        <ele>730.166842</ele>
        <time>2026-05-08T03:20:31.331Z</time>
      </trkpt>
      <trkpt lat="50.210134" lon="16.591075">
        <ele>727.772527</ele>
        <time>2026-05-08T03:20:41.836Z</time>
      </trkpt>
      <trkpt lat="50.210387" lon="16.590309">
        <ele>724.992659</ele>
        <time>2026-05-08T03:20:53.892Z</time>
      </trkpt>
      <trkpt lat="50.210572" lon="16.589621">
        <ele>722.620103</ele>
        <time>2026-05-08T03:21:04.198Z</time>
      </trkpt>
      <trkpt lat="50.211069" lon="16.588234">
        <ele>717.883751</ele>
        <time>2026-05-08T03:21:26.030Z</time>
      </trkpt>
      <trkpt lat="50.211357" lon="16.587627">
        <ele>715.632334</ele>
        <time>2026-05-08T03:21:37.030Z</time>
      </trkpt>
      <trkpt lat="50.211513" lon="16.587360">
        <ele>714.598448</ele>
        <time>2026-05-08T03:21:42.585Z</time>
      </trkpt>
      <trkpt lat="50.212218" lon="16.585797">
        <ele>711.261221</ele>
        <time>2026-05-08T03:22:14.655Z</time>
      </trkpt>
      <trkpt lat="50.212476" lon="16.585050">
        <ele>709.779815</ele>
        <time>2026-05-08T03:22:27.454Z</time>
      </trkpt>
      <trkpt lat="50.212710" lon="16.584470">
        <ele>706.385912</ele>
        <time>2026-05-08T03:22:36.809Z</time>
      </trkpt>
      <trkpt lat="50.212843" lon="16.584191">
        <ele>704.639855</ele>
        <time>2026-05-08T03:22:41.343Z</time>
      </trkpt>
      <trkpt lat="50.213216" lon="16.583748">
        <ele>700.965528</ele>
        <time>2026-05-08T03:22:50.629Z</time>
      </trkpt>
      <trkpt lat="50.213658" lon="16.582960">
        <ele>695.706568</ele>
        <time>2026-05-08T03:23:03.729Z</time>
      </trkpt>
      <trkpt lat="50.214145" lon="16.581757">
        <ele>695.648461</ele>
        <time>2026-05-08T03:23:22.502Z</time>
      </trkpt>
    </trkseg>
  </trk>
</gpx>