<?xml version='1.0' encoding='UTF-8'?>
<gpx version="1.1" creator="https://www.komoot.de" xmlns="http://www.topografix.com/GPX/1/1" xmlns:xsi="http://www.w3.org/2001/XMLSchema-instance" xsi:schemaLocation="http://www.topografix.com/GPX/1/1 http://www.topografix.com/GPX/1/1/gpx.xsd">
  <metadata>
    <name>CAMP SB - Kraliky ŚREDNIA</name>
    <author>
      <link href="https://www.komoot.de">
        <text>komoot</text>
        <type>text/html</type>
      </link>
    </author>
  </metadata>
  <wpt lat="50.190102" lon="16.583872">
    <name>Schronisko Pod Czernem</name>
    <sym>Picnic Area</sym>
  </wpt>
  <wpt lat="50.158558" lon="16.611200">
    <name>Widok na Masyw Śnieżnika</name>
    <sym>Flag, Blue</sym>
  </wpt>
  <wpt lat="50.147652" lon="16.783231">
    <name>Schronisko Muzeum Bioróżnorodności</name>
    <sym>Picnic Area</sym>
  </wpt>
  <wpt lat="50.172028" lon="16.773152">
    <name>Szlak na granicę czesko-polską</name>
    <sym>Flag, Blue</sym>
  </wpt>
  <wpt lat="50.173421" lon="16.774256">
    <name>Trasa Ostoja Niebieska</name>
    <sym>Flag, Blue</sym>
  </wpt>
  <wpt lat="50.209190" lon="16.785770">
    <name>Dobrej jakości droga szutrowa w Śnieżnickim Parku Krajobrazowym</name>
    <sym>Flag, Blue</sym>
  </wpt>
  <trk>
    <name>CAMP SB - Kraliky ŚREDNIA</name>
    <trkseg>
      <trkpt lat="50.214151" lon="16.581744">
        <ele>695.473487</ele>
        <time>2026-05-10T20:38:28.710Z</time>
      </trkpt>
      <trkpt lat="50.213658" lon="16.582960">
        <ele>695.646113</ele>
        <time>2026-05-10T20:39:04.662Z</time>
      </trkpt>
      <trkpt lat="50.213216" lon="16.583748">
        <ele>700.943330</ele>
        <time>2026-05-10T20:39:36.137Z</time>
      </trkpt>
      <trkpt lat="50.212843" lon="16.584191">
        <ele>704.644385</ele>
        <time>2026-05-10T20:39:56.780Z</time>
      </trkpt>
      <trkpt lat="50.212710" lon="16.584470">
        <ele>706.403144</ele>
        <time>2026-05-10T20:40:05.817Z</time>
      </trkpt>
      <trkpt lat="50.212476" lon="16.585050">
        <ele>709.747269</ele>
        <time>2026-05-10T20:40:21.293Z</time>
      </trkpt>
      <trkpt lat="50.212218" lon="16.585797">
        <ele>711.238425</ele>
        <time>2026-05-10T20:40:36.407Z</time>
      </trkpt>
      <trkpt lat="50.211513" lon="16.587360">
        <ele>714.597618</ele>
        <time>2026-05-10T20:41:04.411Z</time>
      </trkpt>
      <trkpt lat="50.211357" lon="16.587627">
        <ele>715.654508</ele>
        <time>2026-05-10T20:41:10.567Z</time>
      </trkpt>
      <trkpt lat="50.211069" lon="16.588234">
        <ele>717.895106</ele>
        <time>2026-05-10T20:41:25.092Z</time>
      </trkpt>
      <trkpt lat="50.210572" lon="16.589621">
        <ele>722.608698</ele>
        <time>2026-05-10T20:42:00.357Z</time>
      </trkpt>
      <trkpt lat="50.210387" lon="16.590309">
        <ele>724.988851</ele>
        <time>2026-05-10T20:42:16.701Z</time>
      </trkpt>
      <trkpt lat="50.210134" lon="16.591075">
        <ele>727.773816</ele>
        <time>2026-05-10T20:42:34.880Z</time>
      </trkpt>
      <trkpt lat="50.209891" lon="16.591713">
        <ele>730.172522</ele>
        <time>2026-05-10T20:42:50.169Z</time>
      </trkpt>
      <trkpt lat="50.209396" lon="16.592421">
        <ele>732.856471</ele>
        <time>2026-05-10T20:43:11.439Z</time>
      </trkpt>
      <trkpt lat="50.208997" lon="16.592837">
        <ele>734.161506</ele>
        <time>2026-05-10T20:43:25.876Z</time>
      </trkpt>
      <trkpt lat="50.208455" lon="16.593298">
        <ele>735.840449</ele>
        <time>2026-05-10T20:43:41.512Z</time>
      </trkpt>
      <trkpt lat="50.208087" lon="16.593713">
        <ele>737.012671</ele>
        <time>2026-05-10T20:43:50.715Z</time>
      </trkpt>
      <trkpt lat="50.207309" lon="16.594438">
        <ele>738.434891</ele>
        <time>2026-05-10T20:44:08.788Z</time>
      </trkpt>
      <trkpt lat="50.207309" lon="16.594042">
        <ele>738.832805</ele>
        <time>2026-05-10T20:44:14.343Z</time>
      </trkpt>
      <trkpt lat="50.207266" lon="16.593498">
        <ele>739.383586</ele>
        <time>2026-05-10T20:44:22.826Z</time>
      </trkpt>
      <trkpt lat="50.206867" lon="16.591420">
        <ele>746.480899</ele>
        <time>2026-05-10T20:45:06.582Z</time>
      </trkpt>
      <trkpt lat="50.206851" lon="16.591308">
        <ele>746.909082</ele>
        <time>2026-05-10T20:45:09.253Z</time>
      </trkpt>
      <trkpt lat="50.206614" lon="16.590376">
        <ele>750.971642</ele>
        <time>2026-05-10T20:45:34.694Z</time>
      </trkpt>
      <trkpt lat="50.205723" lon="16.587357">
        <ele>772.964547</ele>
        <time>2026-05-10T20:47:18.203Z</time>
      </trkpt>
      <trkpt lat="50.205438" lon="16.586422">
        <ele>779.787110</ele>
        <time>2026-05-10T20:47:50.872Z</time>
      </trkpt>
      <trkpt lat="50.205414" lon="16.586201">
        <ele>781.263852</ele>
        <time>2026-05-10T20:47:57.817Z</time>
      </trkpt>
      <trkpt lat="50.205385" lon="16.584758">
        <ele>790.028398</ele>
        <time>2026-05-10T20:48:40.889Z</time>
      </trkpt>
      <trkpt lat="50.205215" lon="16.584135">
        <ele>793.514888</ele>
        <time>2026-05-10T20:48:59.411Z</time>
      </trkpt>
      <trkpt lat="50.205067" lon="16.583607">
        <ele>796.482255</ele>
        <time>2026-05-10T20:49:14.688Z</time>
      </trkpt>
      <trkpt lat="50.204780" lon="16.583208">
        <ele>799.572210</ele>
        <time>2026-05-10T20:49:30.215Z</time>
      </trkpt>
      <trkpt lat="50.203063" lon="16.582446">
        <ele>811.923190</ele>
        <time>2026-05-10T20:50:38.042Z</time>
      </trkpt>
      <trkpt lat="50.202552" lon="16.582435">
        <ele>815.342186</ele>
        <time>2026-05-10T20:50:57.820Z</time>
      </trkpt>
      <trkpt lat="50.201734" lon="16.582245">
        <ele>820.852312</ele>
        <time>2026-05-10T20:51:29.963Z</time>
      </trkpt>
      <trkpt lat="50.201440" lon="16.582080">
        <ele>822.933755</ele>
        <time>2026-05-10T20:51:42.408Z</time>
      </trkpt>
      <trkpt lat="50.200461" lon="16.581416">
        <ele>825.809093</ele>
        <time>2026-05-10T20:52:18.454Z</time>
      </trkpt>
      <trkpt lat="50.200295" lon="16.581210">
        <ele>825.785051</ele>
        <time>2026-05-10T20:52:23.076Z</time>
      </trkpt>
      <trkpt lat="50.200221" lon="16.581043">
        <ele>825.770306</ele>
        <time>2026-05-10T20:52:25.438Z</time>
      </trkpt>
      <trkpt lat="50.200046" lon="16.580344">
        <ele>825.715820</ele>
        <time>2026-05-10T20:52:32.887Z</time>
      </trkpt>
      <trkpt lat="50.199900" lon="16.580000">
        <ele>825.685856</ele>
        <time>2026-05-10T20:52:36.639Z</time>
      </trkpt>
      <trkpt lat="50.199840" lon="16.579734">
        <ele>825.237394</ele>
        <time>2026-05-10T20:52:39.128Z</time>
      </trkpt>
      <trkpt lat="50.199730" lon="16.578735">
        <ele>822.198005</ele>
        <time>2026-05-10T20:52:48.025Z</time>
      </trkpt>
      <trkpt lat="50.198576" lon="16.579846">
        <ele>817.091742</ele>
        <time>2026-05-10T20:53:08.535Z</time>
      </trkpt>
      <trkpt lat="50.198203" lon="16.580241">
        <ele>816.852258</ele>
        <time>2026-05-10T20:53:16.128Z</time>
      </trkpt>
      <trkpt lat="50.198018" lon="16.580360">
        <ele>816.745932</ele>
        <time>2026-05-10T20:53:19.674Z</time>
      </trkpt>
      <trkpt lat="50.197966" lon="16.580384">
        <ele>816.717116</ele>
        <time>2026-05-10T20:53:20.668Z</time>
      </trkpt>
      <trkpt lat="50.197418" lon="16.580382">
        <ele>816.425882</ele>
        <time>2026-05-10T20:53:31.459Z</time>
      </trkpt>
      <trkpt lat="50.196583" lon="16.580318">
        <ele>819.928710</ele>
        <time>2026-05-10T20:53:54.122Z</time>
      </trkpt>
      <trkpt lat="50.195745" lon="16.580637">
        <ele>825.243809</ele>
        <time>2026-05-10T20:54:28.415Z</time>
      </trkpt>
      <trkpt lat="50.194939" lon="16.581099">
        <ele>831.078022</ele>
        <time>2026-05-10T20:55:05.738Z</time>
      </trkpt>
      <trkpt lat="50.194829" lon="16.581185">
        <ele>831.966604</ele>
        <time>2026-05-10T20:55:10.779Z</time>
      </trkpt>
      <trkpt lat="50.194553" lon="16.581505">
        <ele>834.449545</ele>
        <time>2026-05-10T20:55:24.433Z</time>
      </trkpt>
      <trkpt lat="50.194470" lon="16.581669">
        <ele>835.416338</ele>
        <time>2026-05-10T20:55:29.460Z</time>
      </trkpt>
      <trkpt lat="50.194441" lon="16.581785">
        <ele>835.992236</ele>
        <time>2026-05-10T20:55:32.404Z</time>
      </trkpt>
      <trkpt lat="50.194358" lon="16.582311">
        <ele>838.497544</ele>
        <time>2026-05-10T20:55:44.764Z</time>
      </trkpt>
      <trkpt lat="50.194240" lon="16.582553">
        <ele>839.904336</ele>
        <time>2026-05-10T20:55:51.379Z</time>
      </trkpt>
      <trkpt lat="50.194018" lon="16.582718">
        <ele>841.235770</ele>
        <time>2026-05-10T20:55:59.497Z</time>
      </trkpt>
      <trkpt lat="50.193780" lon="16.582832">
        <ele>842.423204</ele>
        <time>2026-05-10T20:56:07.622Z</time>
      </trkpt>
      <trkpt lat="50.193230" lon="16.582930">
        <ele>845.063713</ele>
        <time>2026-05-10T20:56:25.915Z</time>
      </trkpt>
      <trkpt lat="50.192111" lon="16.583161">
        <ele>849.896738</ele>
        <time>2026-05-10T20:57:00.858Z</time>
      </trkpt>
      <trkpt lat="50.191536" lon="16.583314">
        <ele>851.654636</ele>
        <time>2026-05-10T20:57:15.647Z</time>
      </trkpt>
      <trkpt lat="50.190415" lon="16.583696">
        <ele>856.033660</ele>
        <time>2026-05-10T20:57:44.616Z</time>
      </trkpt>
      <trkpt lat="50.190102" lon="16.583836">
        <ele>858.235148</ele>
        <time>2026-05-10T20:57:55.387Z</time>
      </trkpt>
      <trkpt lat="50.189716" lon="16.582710">
        <ele>863.764540</ele>
        <time>2026-05-10T20:58:28.481Z</time>
      </trkpt>
      <trkpt lat="50.189426" lon="16.581295">
        <ele>868.909893</ele>
        <time>2026-05-10T20:59:11.167Z</time>
      </trkpt>
      <trkpt lat="50.189327" lon="16.580940">
        <ele>869.997361</ele>
        <time>2026-05-10T20:59:20.598Z</time>
      </trkpt>
      <trkpt lat="50.189199" lon="16.580613">
        <ele>871.073762</ele>
        <time>2026-05-10T20:59:28.923Z</time>
      </trkpt>
      <trkpt lat="50.189047" lon="16.579842">
        <ele>873.339412</ele>
        <time>2026-05-10T20:59:42.125Z</time>
      </trkpt>
      <trkpt lat="50.189199" lon="16.580613">
        <ele>872.414442</ele>
        <time>2026-05-10T20:59:50.436Z</time>
      </trkpt>
      <trkpt lat="50.189327" lon="16.580940">
        <ele>870.584201</ele>
        <time>2026-05-10T20:59:53.933Z</time>
      </trkpt>
      <trkpt lat="50.189426" lon="16.581295">
        <ele>868.735142</ele>
        <time>2026-05-10T20:59:57.317Z</time>
      </trkpt>
      <trkpt lat="50.189716" lon="16.582710">
        <ele>861.640383</ele>
        <time>2026-05-10T21:00:09.623Z</time>
      </trkpt>
      <trkpt lat="50.190102" lon="16.583836">
        <ele>852.020185</ele>
        <time>2026-05-10T21:00:19.886Z</time>
      </trkpt>
      <trkpt lat="50.189933" lon="16.584043">
        <ele>849.386708</ele>
        <time>2026-05-10T21:00:21.445Z</time>
      </trkpt>
      <trkpt lat="50.189849" lon="16.584204">
        <ele>847.756218</ele>
        <time>2026-05-10T21:00:22.409Z</time>
      </trkpt>
      <trkpt lat="50.189479" lon="16.585186">
        <ele>838.807553</ele>
        <time>2026-05-10T21:00:27.667Z</time>
      </trkpt>
      <trkpt lat="50.189211" lon="16.585702">
        <ele>833.468056</ele>
        <time>2026-05-10T21:00:30.726Z</time>
      </trkpt>
      <trkpt lat="50.189081" lon="16.585868">
        <ele>831.360437</ele>
        <time>2026-05-10T21:00:31.935Z</time>
      </trkpt>
      <trkpt lat="50.188968" lon="16.585938">
        <ele>829.834623</ele>
        <time>2026-05-10T21:00:32.813Z</time>
      </trkpt>
      <trkpt lat="50.188663" lon="16.585933">
        <ele>826.006176</ele>
        <time>2026-05-10T21:00:35.020Z</time>
      </trkpt>
      <trkpt lat="50.188437" lon="16.585835">
        <ele>823.062218</ele>
        <time>2026-05-10T21:00:36.722Z</time>
      </trkpt>
      <trkpt lat="50.187958" lon="16.585478">
        <ele>816.400551</ele>
        <time>2026-05-10T21:00:40.601Z</time>
      </trkpt>
      <trkpt lat="50.186337" lon="16.583826">
        <ele>794.076220</ele>
        <time>2026-05-10T21:00:54.770Z</time>
      </trkpt>
      <trkpt lat="50.186017" lon="16.583449">
        <ele>789.641737</ele>
        <time>2026-05-10T21:00:57.713Z</time>
      </trkpt>
      <trkpt lat="50.185766" lon="16.583078">
        <ele>785.818464</ele>
        <time>2026-05-10T21:01:00.252Z</time>
      </trkpt>
      <trkpt lat="50.185426" lon="16.582454">
        <ele>780.014413</ele>
        <time>2026-05-10T21:01:04.116Z</time>
      </trkpt>
      <trkpt lat="50.185146" lon="16.581845">
        <ele>774.862838</ele>
        <time>2026-05-10T21:01:07.672Z</time>
      </trkpt>
      <trkpt lat="50.184945" lon="16.581172">
        <ele>770.467581</ele>
        <time>2026-05-10T21:01:11.220Z</time>
      </trkpt>
      <trkpt lat="50.184859" lon="16.581049">
        <ele>769.389665</ele>
        <time>2026-05-10T21:01:12.092Z</time>
      </trkpt>
      <trkpt lat="50.184817" lon="16.581060">
        <ele>768.996020</ele>
        <time>2026-05-10T21:01:12.412Z</time>
      </trkpt>
      <trkpt lat="50.184720" lon="16.581252">
        <ele>767.548505</ele>
        <time>2026-05-10T21:01:13.580Z</time>
      </trkpt>
      <trkpt lat="50.184497" lon="16.581805">
        <ele>763.680461</ele>
        <time>2026-05-10T21:01:16.724Z</time>
      </trkpt>
      <trkpt lat="50.183781" lon="16.582996">
        <ele>755.974266</ele>
        <time>2026-05-10T21:01:24.858Z</time>
      </trkpt>
      <trkpt lat="50.183349" lon="16.584618">
        <ele>749.629926</ele>
        <time>2026-05-10T21:01:34.273Z</time>
      </trkpt>
      <trkpt lat="50.183192" lon="16.585081">
        <ele>748.145471</ele>
        <time>2026-05-10T21:01:37.219Z</time>
      </trkpt>
      <trkpt lat="50.183071" lon="16.585334">
        <ele>747.404239</ele>
        <time>2026-05-10T21:01:38.981Z</time>
      </trkpt>
      <trkpt lat="50.183011" lon="16.585292">
        <ele>747.163209</ele>
        <time>2026-05-10T21:01:39.965Z</time>
      </trkpt>
      <trkpt lat="50.181850" lon="16.585668">
        <ele>742.816712</ele>
        <time>2026-05-10T21:01:50.333Z</time>
      </trkpt>
      <trkpt lat="50.180231" lon="16.586512">
        <ele>738.663704</ele>
        <time>2026-05-10T21:02:06.425Z</time>
      </trkpt>
      <trkpt lat="50.179550" lon="16.587065">
        <ele>737.052599</ele>
        <time>2026-05-10T21:02:14.110Z</time>
      </trkpt>
      <trkpt lat="50.178944" lon="16.587679">
        <ele>735.606130</ele>
        <time>2026-05-10T21:02:21.178Z</time>
      </trkpt>
      <trkpt lat="50.178197" lon="16.588696">
        <ele>733.078105</ele>
        <time>2026-05-10T21:02:30.491Z</time>
      </trkpt>
      <trkpt lat="50.177381" lon="16.589728">
        <ele>729.712781</ele>
        <time>2026-05-10T21:02:39.926Z</time>
      </trkpt>
      <trkpt lat="50.176701" lon="16.590520">
        <ele>726.559686</ele>
        <time>2026-05-10T21:02:47.223Z</time>
      </trkpt>
      <trkpt lat="50.176409" lon="16.590927">
        <ele>724.997190</ele>
        <time>2026-05-10T21:02:50.524Z</time>
      </trkpt>
      <trkpt lat="50.176022" lon="16.591858">
        <ele>722.159623</ele>
        <time>2026-05-10T21:02:56.636Z</time>
      </trkpt>
      <trkpt lat="50.175677" lon="16.592555">
        <ele>720.563303</ele>
        <time>2026-05-10T21:03:01.759Z</time>
      </trkpt>
      <trkpt lat="50.175333" lon="16.592993">
        <ele>719.485176</ele>
        <time>2026-05-10T21:03:05.983Z</time>
      </trkpt>
      <trkpt lat="50.174713" lon="16.593483">
        <ele>717.797333</ele>
        <time>2026-05-10T21:03:12.834Z</time>
      </trkpt>
      <trkpt lat="50.171678" lon="16.596109">
        <ele>708.465772</ele>
        <time>2026-05-10T21:03:45.362Z</time>
      </trkpt>
      <trkpt lat="50.171559" lon="16.596171">
        <ele>708.081706</ele>
        <time>2026-05-10T21:03:46.421Z</time>
      </trkpt>
      <trkpt lat="50.171257" lon="16.596139">
        <ele>707.044381</ele>
        <time>2026-05-10T21:03:48.967Z</time>
      </trkpt>
      <trkpt lat="50.170688" lon="16.595860">
        <ele>704.126286</ele>
        <time>2026-05-10T21:03:53.930Z</time>
      </trkpt>
      <trkpt lat="50.170584" lon="16.595845">
        <ele>703.615264</ele>
        <time>2026-05-10T21:03:54.793Z</time>
      </trkpt>
      <trkpt lat="50.170470" lon="16.595879">
        <ele>703.047394</ele>
        <time>2026-05-10T21:03:55.758Z</time>
      </trkpt>
      <trkpt lat="50.170334" lon="16.596023">
        <ele>702.243376</ele>
        <time>2026-05-10T21:03:57.131Z</time>
      </trkpt>
      <trkpt lat="50.170075" lon="16.596402">
        <ele>700.506521</ele>
        <time>2026-05-10T21:04:00.096Z</time>
      </trkpt>
      <trkpt lat="50.169618" lon="16.597284">
        <ele>696.589194</ele>
        <time>2026-05-10T21:04:06.209Z</time>
      </trkpt>
      <trkpt lat="50.168669" lon="16.599719">
        <ele>684.701014</ele>
        <time>2026-05-10T21:04:20.881Z</time>
      </trkpt>
      <trkpt lat="50.168341" lon="16.600406">
        <ele>679.968944</ele>
        <time>2026-05-10T21:04:25.044Z</time>
      </trkpt>
      <trkpt lat="50.168221" lon="16.600594">
        <ele>678.503181</ele>
        <time>2026-05-10T21:04:26.321Z</time>
      </trkpt>
      <trkpt lat="50.168043" lon="16.600773">
        <ele>676.677643</ele>
        <time>2026-05-10T21:04:27.909Z</time>
      </trkpt>
      <trkpt lat="50.167363" lon="16.601155">
        <ele>670.309438</ele>
        <time>2026-05-10T21:04:33.325Z</time>
      </trkpt>
      <trkpt lat="50.166094" lon="16.600764">
        <ele>658.296492</ele>
        <time>2026-05-10T21:04:43.136Z</time>
      </trkpt>
      <trkpt lat="50.165491" lon="16.600420">
        <ele>652.535946</ele>
        <time>2026-05-10T21:04:47.955Z</time>
      </trkpt>
      <trkpt lat="50.165256" lon="16.600339">
        <ele>650.442486</ele>
        <time>2026-05-10T21:04:49.749Z</time>
      </trkpt>
      <trkpt lat="50.165055" lon="16.600487">
        <ele>648.509288</ele>
        <time>2026-05-10T21:04:51.414Z</time>
      </trkpt>
      <trkpt lat="50.164596" lon="16.600972">
        <ele>643.687872</ele>
        <time>2026-05-10T21:04:55.602Z</time>
      </trkpt>
      <trkpt lat="50.164424" lon="16.601163">
        <ele>641.851739</ele>
        <time>2026-05-10T21:04:57.224Z</time>
      </trkpt>
      <trkpt lat="50.164324" lon="16.601342">
        <ele>640.528255</ele>
        <time>2026-05-10T21:04:58.409Z</time>
      </trkpt>
      <trkpt lat="50.164186" lon="16.601791">
        <ele>639.184545</ele>
        <time>2026-05-10T21:05:00.989Z</time>
      </trkpt>
      <trkpt lat="50.164158" lon="16.602262">
        <ele>638.327153</ele>
        <time>2026-05-10T21:05:03.556Z</time>
      </trkpt>
      <trkpt lat="50.164102" lon="16.602607">
        <ele>637.682050</ele>
        <time>2026-05-10T21:05:05.568Z</time>
      </trkpt>
      <trkpt lat="50.163987" lon="16.602851">
        <ele>637.132973</ele>
        <time>2026-05-10T21:05:07.352Z</time>
      </trkpt>
      <trkpt lat="50.163872" lon="16.603029">
        <ele>636.674737</ele>
        <time>2026-05-10T21:05:08.909Z</time>
      </trkpt>
      <trkpt lat="50.163443" lon="16.603622">
        <ele>635.053368</ele>
        <time>2026-05-10T21:05:15.051Z</time>
      </trkpt>
      <trkpt lat="50.163244" lon="16.604063">
        <ele>635.651839</ele>
        <time>2026-05-10T21:05:19.680Z</time>
      </trkpt>
      <trkpt lat="50.162664" lon="16.604928">
        <ele>638.423462</ele>
        <time>2026-05-10T21:05:40.823Z</time>
      </trkpt>
      <trkpt lat="50.162498" lon="16.605124">
        <ele>639.142623</ele>
        <time>2026-05-10T21:05:47.499Z</time>
      </trkpt>
      <trkpt lat="50.162338" lon="16.605248">
        <ele>639.759843</ele>
        <time>2026-05-10T21:05:53.552Z</time>
      </trkpt>
      <trkpt lat="50.161959" lon="16.605408">
        <ele>641.186022</ele>
        <time>2026-05-10T21:06:07.598Z</time>
      </trkpt>
      <trkpt lat="50.161584" lon="16.605661">
        <ele>643.441290</ele>
        <time>2026-05-10T21:06:22.938Z</time>
      </trkpt>
      <trkpt lat="50.161068" lon="16.605950">
        <ele>646.467674</ele>
        <time>2026-05-10T21:06:43.133Z</time>
      </trkpt>
      <trkpt lat="50.160843" lon="16.606125">
        <ele>647.855437</ele>
        <time>2026-05-10T21:06:51.803Z</time>
      </trkpt>
      <trkpt lat="50.160590" lon="16.606416">
        <ele>649.590341</ele>
        <time>2026-05-10T21:07:02.031Z</time>
      </trkpt>
      <trkpt lat="50.160427" lon="16.606551">
        <ele>650.609001</ele>
        <time>2026-05-10T21:07:07.668Z</time>
      </trkpt>
      <trkpt lat="50.160005" lon="16.607853">
        <ele>653.628687</ele>
        <time>2026-05-10T21:07:33.034Z</time>
      </trkpt>
      <trkpt lat="50.159499" lon="16.609129">
        <ele>656.561797</ele>
        <time>2026-05-10T21:07:58.353Z</time>
      </trkpt>
      <trkpt lat="50.159210" lon="16.609662">
        <ele>657.635672</ele>
        <time>2026-05-10T21:08:10.605Z</time>
      </trkpt>
      <trkpt lat="50.158938" lon="16.610011">
        <ele>658.480903</ele>
        <time>2026-05-10T21:08:20.103Z</time>
      </trkpt>
      <trkpt lat="50.158781" lon="16.610352">
        <ele>659.126712</ele>
        <time>2026-05-10T21:08:27.262Z</time>
      </trkpt>
      <trkpt lat="50.158560" lon="16.611201">
        <ele>660.536074</ele>
        <time>2026-05-10T21:08:42.261Z</time>
      </trkpt>
      <trkpt lat="50.158183" lon="16.612651">
        <ele>660.469525</ele>
        <time>2026-05-10T21:09:02.438Z</time>
      </trkpt>
      <trkpt lat="50.158154" lon="16.612937">
        <ele>660.404505</ele>
        <time>2026-05-10T21:09:05.778Z</time>
      </trkpt>
      <trkpt lat="50.158173" lon="16.613573">
        <ele>660.261538</ele>
        <time>2026-05-10T21:09:12.898Z</time>
      </trkpt>
      <trkpt lat="50.158125" lon="16.614120">
        <ele>660.020047</ele>
        <time>2026-05-10T21:09:18.845Z</time>
      </trkpt>
      <trkpt lat="50.158087" lon="16.615009">
        <ele>658.408101</ele>
        <time>2026-05-10T21:09:28.007Z</time>
      </trkpt>
      <trkpt lat="50.158090" lon="16.615246">
        <ele>657.979239</ele>
        <time>2026-05-10T21:09:30.397Z</time>
      </trkpt>
      <trkpt lat="50.158059" lon="16.615633">
        <ele>657.273630</ele>
        <time>2026-05-10T21:09:34.314Z</time>
      </trkpt>
      <trkpt lat="50.157829" lon="16.616993">
        <ele>654.754960</ele>
        <time>2026-05-10T21:09:48.144Z</time>
      </trkpt>
      <trkpt lat="50.157785" lon="16.617366">
        <ele>654.120550</ele>
        <time>2026-05-10T21:09:51.830Z</time>
      </trkpt>
      <trkpt lat="50.157802" lon="16.617819">
        <ele>653.361512</ele>
        <time>2026-05-10T21:09:56.232Z</time>
      </trkpt>
      <trkpt lat="50.157742" lon="16.618270">
        <ele>652.591025</ele>
        <time>2026-05-10T21:10:00.738Z</time>
      </trkpt>
      <trkpt lat="50.157276" lon="16.619759">
        <ele>650.605316</ele>
        <time>2026-05-10T21:10:18.135Z</time>
      </trkpt>
      <trkpt lat="50.156729" lon="16.621965">
        <ele>652.204314</ele>
        <time>2026-05-10T21:10:52.260Z</time>
      </trkpt>
      <trkpt lat="50.156482" lon="16.622703">
        <ele>654.437347</ele>
        <time>2026-05-10T21:11:08.150Z</time>
      </trkpt>
      <trkpt lat="50.156346" lon="16.623265">
        <ele>656.226516</ele>
        <time>2026-05-10T21:11:20.621Z</time>
      </trkpt>
      <trkpt lat="50.156152" lon="16.624231">
        <ele>659.241508</ele>
        <time>2026-05-10T21:11:42.903Z</time>
      </trkpt>
      <trkpt lat="50.156019" lon="16.624700">
        <ele>660.738150</ele>
        <time>2026-05-10T21:11:54.369Z</time>
      </trkpt>
      <trkpt lat="50.155413" lon="16.626402">
        <ele>665.175481</ele>
        <time>2026-05-10T21:12:34.094Z</time>
      </trkpt>
      <trkpt lat="50.155073" lon="16.627175">
        <ele>666.926576</ele>
        <time>2026-05-10T21:12:47.746Z</time>
      </trkpt>
      <trkpt lat="50.154427" lon="16.626692">
        <ele>665.928904</ele>
        <time>2026-05-10T21:13:00.183Z</time>
      </trkpt>
      <trkpt lat="50.153556" lon="16.625833">
        <ele>664.516419</ele>
        <time>2026-05-10T21:13:16.537Z</time>
      </trkpt>
      <trkpt lat="50.153442" lon="16.625809">
        <ele>664.456438</ele>
        <time>2026-05-10T21:13:18.434Z</time>
      </trkpt>
      <trkpt lat="50.153290" lon="16.625833">
        <ele>664.376777</ele>
        <time>2026-05-10T21:13:21.007Z</time>
      </trkpt>
      <trkpt lat="50.152875" lon="16.626009">
        <ele>664.152538</ele>
        <time>2026-05-10T21:13:28.569Z</time>
      </trkpt>
      <trkpt lat="50.152506" lon="16.625965">
        <ele>663.959571</ele>
        <time>2026-05-10T21:13:35.520Z</time>
      </trkpt>
      <trkpt lat="50.152031" lon="16.625859">
        <ele>663.709375</ele>
        <time>2026-05-10T21:13:45.308Z</time>
      </trkpt>
      <trkpt lat="50.151836" lon="16.625724">
        <ele>663.598142</ele>
        <time>2026-05-10T21:13:49.502Z</time>
      </trkpt>
      <trkpt lat="50.151415" lon="16.625878">
        <ele>664.306118</ele>
        <time>2026-05-10T21:13:58.239Z</time>
      </trkpt>
      <trkpt lat="50.150962" lon="16.625856">
        <ele>665.075283</ele>
        <time>2026-05-10T21:14:08.571Z</time>
      </trkpt>
      <trkpt lat="50.150998" lon="16.625422">
        <ele>665.551176</ele>
        <time>2026-05-10T21:14:12.960Z</time>
      </trkpt>
      <trkpt lat="50.150962" lon="16.625856">
        <ele>666.027069</ele>
        <time>2026-05-10T21:14:17.603Z</time>
      </trkpt>
      <trkpt lat="50.150949" lon="16.626034">
        <ele>666.221889</ele>
        <time>2026-05-10T21:14:19.543Z</time>
      </trkpt>
      <trkpt lat="50.151030" lon="16.627052">
        <ele>667.724629</ele>
        <time>2026-05-10T21:14:31.520Z</time>
      </trkpt>
      <trkpt lat="50.151107" lon="16.628856">
        <ele>670.789517</ele>
        <time>2026-05-10T21:14:53.042Z</time>
      </trkpt>
      <trkpt lat="50.151064" lon="16.629084">
        <ele>671.192413</ele>
        <time>2026-05-10T21:14:55.338Z</time>
      </trkpt>
      <trkpt lat="50.150311" lon="16.631429">
        <ele>673.407135</ele>
        <time>2026-05-10T21:15:17.707Z</time>
      </trkpt>
      <trkpt lat="50.150092" lon="16.631837">
        <ele>673.537471</ele>
        <time>2026-05-10T21:15:22.278Z</time>
      </trkpt>
      <trkpt lat="50.149773" lon="16.632135">
        <ele>673.234696</ele>
        <time>2026-05-10T21:15:26.867Z</time>
      </trkpt>
      <trkpt lat="50.149312" lon="16.632461">
        <ele>672.822520</ele>
        <time>2026-05-10T21:15:32.343Z</time>
      </trkpt>
      <trkpt lat="50.148474" lon="16.633457">
        <ele>670.893110</ele>
        <time>2026-05-10T21:15:40.768Z</time>
      </trkpt>
      <trkpt lat="50.148168" lon="16.633765">
        <ele>669.183676</ele>
        <time>2026-05-10T21:15:43.300Z</time>
      </trkpt>
      <trkpt lat="50.147835" lon="16.634222">
        <ele>667.101855</ele>
        <time>2026-05-10T21:15:46.326Z</time>
      </trkpt>
      <trkpt lat="50.147753" lon="16.634509">
        <ele>666.156531</ele>
        <time>2026-05-10T21:15:47.694Z</time>
      </trkpt>
      <trkpt lat="50.147603" lon="16.634891">
        <ele>664.808751</ele>
        <time>2026-05-10T21:15:49.658Z</time>
      </trkpt>
      <trkpt lat="50.147276" lon="16.635475">
        <ele>662.747340</ele>
        <time>2026-05-10T21:15:53.142Z</time>
      </trkpt>
      <trkpt lat="50.146596" lon="16.636314">
        <ele>659.548256</ele>
        <time>2026-05-10T21:15:59.759Z</time>
      </trkpt>
      <trkpt lat="50.146355" lon="16.636557">
        <ele>658.489368</ele>
        <time>2026-05-10T21:16:02.016Z</time>
      </trkpt>
      <trkpt lat="50.146121" lon="16.636793">
        <ele>657.461160</ele>
        <time>2026-05-10T21:16:04.150Z</time>
      </trkpt>
      <trkpt lat="50.145759" lon="16.637245">
        <ele>654.773077</ele>
        <time>2026-05-10T21:16:07.484Z</time>
      </trkpt>
      <trkpt lat="50.145377" lon="16.637662">
        <ele>651.814541</ele>
        <time>2026-05-10T21:16:10.662Z</time>
      </trkpt>
      <trkpt lat="50.145230" lon="16.637689">
        <ele>650.875215</ele>
        <time>2026-05-10T21:16:11.644Z</time>
      </trkpt>
      <trkpt lat="50.145095" lon="16.637608">
        <ele>649.957333</ele>
        <time>2026-05-10T21:16:12.604Z</time>
      </trkpt>
      <trkpt lat="50.144963" lon="16.637421">
        <ele>648.825913</ele>
        <time>2026-05-10T21:16:13.777Z</time>
      </trkpt>
      <trkpt lat="50.144851" lon="16.637142">
        <ele>647.487005</ele>
        <time>2026-05-10T21:16:15.152Z</time>
      </trkpt>
      <trkpt lat="50.144792" lon="16.636567">
        <ele>644.990995</ele>
        <time>2026-05-10T21:16:17.568Z</time>
      </trkpt>
      <trkpt lat="50.144817" lon="16.636185">
        <ele>643.082306</ele>
        <time>2026-05-10T21:16:19.144Z</time>
      </trkpt>
      <trkpt lat="50.144970" lon="16.635597">
        <ele>639.927790</ele>
        <time>2026-05-10T21:16:21.749Z</time>
      </trkpt>
      <trkpt lat="50.144956" lon="16.635321">
        <ele>638.551586</ele>
        <time>2026-05-10T21:16:22.906Z</time>
      </trkpt>
      <trkpt lat="50.144685" lon="16.634603">
        <ele>634.409609</ele>
        <time>2026-05-10T21:16:26.422Z</time>
      </trkpt>
      <trkpt lat="50.144578" lon="16.634521">
        <ele>633.484980</ele>
        <time>2026-05-10T21:16:27.212Z</time>
      </trkpt>
      <trkpt lat="50.144451" lon="16.634586">
        <ele>632.448277</ele>
        <time>2026-05-10T21:16:28.097Z</time>
      </trkpt>
      <trkpt lat="50.144359" lon="16.635090">
        <ele>629.984198</ele>
        <time>2026-05-10T21:16:30.321Z</time>
      </trkpt>
      <trkpt lat="50.144230" lon="16.635744">
        <ele>626.835053</ele>
        <time>2026-05-10T21:16:33.253Z</time>
      </trkpt>
      <trkpt lat="50.143862" lon="16.636995">
        <ele>620.500181</ele>
        <time>2026-05-10T21:16:39.150Z</time>
      </trkpt>
      <trkpt lat="50.143529" lon="16.637701">
        <ele>615.772043</ele>
        <time>2026-05-10T21:16:42.764Z</time>
      </trkpt>
      <trkpt lat="50.143094" lon="16.638882">
        <ele>607.660029</ele>
        <time>2026-05-10T21:16:48.260Z</time>
      </trkpt>
      <trkpt lat="50.142894" lon="16.639133">
        <ele>605.275003</ele>
        <time>2026-05-10T21:16:49.872Z</time>
      </trkpt>
      <trkpt lat="50.142642" lon="16.639289">
        <ele>602.755747</ele>
        <time>2026-05-10T21:16:51.583Z</time>
      </trkpt>
      <trkpt lat="50.142512" lon="16.639448">
        <ele>601.520991</ele>
        <time>2026-05-10T21:16:52.636Z</time>
      </trkpt>
      <trkpt lat="50.142466" lon="16.639623">
        <ele>600.773889</ele>
        <time>2026-05-10T21:16:53.415Z</time>
      </trkpt>
      <trkpt lat="50.142524" lon="16.639872">
        <ele>599.727434</ele>
        <time>2026-05-10T21:16:54.516Z</time>
      </trkpt>
      <trkpt lat="50.142537" lon="16.640107">
        <ele>598.795773</ele>
        <time>2026-05-10T21:16:55.506Z</time>
      </trkpt>
      <trkpt lat="50.142477" lon="16.640412">
        <ele>597.535597</ele>
        <time>2026-05-10T21:16:56.864Z</time>
      </trkpt>
      <trkpt lat="50.142494" lon="16.640680">
        <ele>596.471869</ele>
        <time>2026-05-10T21:16:58.037Z</time>
      </trkpt>
      <trkpt lat="50.142720" lon="16.641145">
        <ele>594.166780</ele>
        <time>2026-05-10T21:17:00.665Z</time>
      </trkpt>
      <trkpt lat="50.143003" lon="16.641449">
        <ele>592.049259</ele>
        <time>2026-05-10T21:17:03.191Z</time>
      </trkpt>
      <trkpt lat="50.143555" lon="16.641736">
        <ele>588.176870</ele>
        <time>2026-05-10T21:17:07.503Z</time>
      </trkpt>
      <trkpt lat="50.144126" lon="16.642104">
        <ele>583.943916</ele>
        <time>2026-05-10T21:17:11.709Z</time>
      </trkpt>
      <trkpt lat="50.144409" lon="16.642349">
        <ele>581.726416</ele>
        <time>2026-05-10T21:17:13.801Z</time>
      </trkpt>
      <trkpt lat="50.144681" lon="16.643941">
        <ele>572.415996</ele>
        <time>2026-05-10T21:17:20.438Z</time>
      </trkpt>
      <trkpt lat="50.144763" lon="16.644552">
        <ele>568.323745</ele>
        <time>2026-05-10T21:17:22.943Z</time>
      </trkpt>
      <trkpt lat="50.144761" lon="16.644660">
        <ele>567.615464</ele>
        <time>2026-05-10T21:17:23.379Z</time>
      </trkpt>
      <trkpt lat="50.144754" lon="16.645062">
        <ele>564.979213</ele>
        <time>2026-05-10T21:17:25.000Z</time>
      </trkpt>
      <trkpt lat="50.144606" lon="16.646036">
        <ele>558.105385</ele>
        <time>2026-05-10T21:17:29.020Z</time>
      </trkpt>
      <trkpt lat="50.144575" lon="16.646416">
        <ele>555.179246</ele>
        <time>2026-05-10T21:17:30.560Z</time>
      </trkpt>
      <trkpt lat="50.144628" lon="16.646562">
        <ele>553.897494</ele>
        <time>2026-05-10T21:17:31.231Z</time>
      </trkpt>
      <trkpt lat="50.144688" lon="16.646629">
        <ele>553.018055</ele>
        <time>2026-05-10T21:17:31.690Z</time>
      </trkpt>
      <trkpt lat="50.144906" lon="16.646717">
        <ele>550.334036</ele>
        <time>2026-05-10T21:17:33.085Z</time>
      </trkpt>
      <trkpt lat="50.145115" lon="16.646740">
        <ele>547.836645</ele>
        <time>2026-05-10T21:17:34.371Z</time>
      </trkpt>
      <trkpt lat="50.145191" lon="16.646840">
        <ele>546.651686</ele>
        <time>2026-05-10T21:17:34.982Z</time>
      </trkpt>
      <trkpt lat="50.145195" lon="16.647003">
        <ele>545.405677</ele>
        <time>2026-05-10T21:17:35.617Z</time>
      </trkpt>
      <trkpt lat="50.145168" lon="16.647088">
        <ele>544.681009</ele>
        <time>2026-05-10T21:17:35.990Z</time>
      </trkpt>
      <trkpt lat="50.145061" lon="16.647305">
        <ele>542.589542</ele>
        <time>2026-05-10T21:17:37.059Z</time>
      </trkpt>
      <trkpt lat="50.144830" lon="16.647601">
        <ele>539.026715</ele>
        <time>2026-05-10T21:17:38.872Z</time>
      </trkpt>
      <trkpt lat="50.144788" lon="16.647853">
        <ele>536.766096</ele>
        <time>2026-05-10T21:17:39.882Z</time>
      </trkpt>
      <trkpt lat="50.144791" lon="16.648243">
        <ele>533.343886</ele>
        <time>2026-05-10T21:17:41.400Z</time>
      </trkpt>
      <trkpt lat="50.144888" lon="16.649671">
        <ele>520.744058</ele>
        <time>2026-05-10T21:17:46.982Z</time>
      </trkpt>
      <trkpt lat="50.144905" lon="16.650880">
        <ele>510.070662</ele>
        <time>2026-05-10T21:17:51.670Z</time>
      </trkpt>
      <trkpt lat="50.144853" lon="16.651412">
        <ele>505.276568</ele>
        <time>2026-05-10T21:17:53.750Z</time>
      </trkpt>
      <trkpt lat="50.144537" lon="16.653605">
        <ele>487.155395</ele>
        <time>2026-05-10T21:18:02.450Z</time>
      </trkpt>
      <trkpt lat="50.144457" lon="16.653829">
        <ele>485.962279</ele>
        <time>2026-05-10T21:18:03.473Z</time>
      </trkpt>
      <trkpt lat="50.144369" lon="16.653972">
        <ele>485.039861</ele>
        <time>2026-05-10T21:18:04.276Z</time>
      </trkpt>
      <trkpt lat="50.144222" lon="16.654121">
        <ele>483.767225</ele>
        <time>2026-05-10T21:18:05.404Z</time>
      </trkpt>
      <trkpt lat="50.143971" lon="16.654120">
        <ele>481.944924</ele>
        <time>2026-05-10T21:18:07.052Z</time>
      </trkpt>
      <trkpt lat="50.143107" lon="16.653947">
        <ele>476.127728</ele>
        <time>2026-05-10T21:18:13.498Z</time>
      </trkpt>
      <trkpt lat="50.142278" lon="16.653931">
        <ele>475.591681</ele>
        <time>2026-05-10T21:18:22.391Z</time>
      </trkpt>
      <trkpt lat="50.141826" lon="16.653788">
        <ele>475.293485</ele>
        <time>2026-05-10T21:18:27.529Z</time>
      </trkpt>
      <trkpt lat="50.141574" lon="16.653477">
        <ele>475.085745</ele>
        <time>2026-05-10T21:18:30.756Z</time>
      </trkpt>
      <trkpt lat="50.141478" lon="16.653450">
        <ele>475.022674</ele>
        <time>2026-05-10T21:18:31.714Z</time>
      </trkpt>
      <trkpt lat="50.141398" lon="16.653454">
        <ele>474.768479</ele>
        <time>2026-05-10T21:18:32.487Z</time>
      </trkpt>
      <trkpt lat="50.141180" lon="16.653547">
        <ele>473.941135</ele>
        <time>2026-05-10T21:18:34.459Z</time>
      </trkpt>
      <trkpt lat="50.140880" lon="16.653745">
        <ele>472.748688</ele>
        <time>2026-05-10T21:18:37.035Z</time>
      </trkpt>
      <trkpt lat="50.140479" lon="16.654076">
        <ele>471.087946</ele>
        <time>2026-05-10T21:18:40.399Z</time>
      </trkpt>
      <trkpt lat="50.140423" lon="16.654178">
        <ele>470.772829</ele>
        <time>2026-05-10T21:18:41.013Z</time>
      </trkpt>
      <trkpt lat="50.140405" lon="16.654269">
        <ele>470.549385</ele>
        <time>2026-05-10T21:18:41.441Z</time>
      </trkpt>
      <trkpt lat="50.140524" lon="16.654615">
        <ele>469.628087</ele>
        <time>2026-05-10T21:18:43.187Z</time>
      </trkpt>
      <trkpt lat="50.140620" lon="16.655031">
        <ele>468.590715</ele>
        <time>2026-05-10T21:18:45.116Z</time>
      </trkpt>
      <trkpt lat="50.140658" lon="16.655077">
        <ele>468.403579</ele>
        <time>2026-05-10T21:18:45.437Z</time>
      </trkpt>
      <trkpt lat="50.140915" lon="16.655200">
        <ele>466.704731</ele>
        <time>2026-05-10T21:18:47.235Z</time>
      </trkpt>
      <trkpt lat="50.140993" lon="16.655280">
        <ele>466.114836</ele>
        <time>2026-05-10T21:18:47.855Z</time>
      </trkpt>
      <trkpt lat="50.141105" lon="16.655529">
        <ele>464.882724</ele>
        <time>2026-05-10T21:18:49.140Z</time>
      </trkpt>
      <trkpt lat="50.141106" lon="16.655533">
        <ele>464.865334</ele>
        <time>2026-05-10T21:18:49.158Z</time>
      </trkpt>
      <trkpt lat="50.141252" lon="16.655980">
        <ele>462.833306</ele>
        <time>2026-05-10T21:18:51.303Z</time>
      </trkpt>
      <trkpt lat="50.141580" lon="16.656923">
        <ele>458.487681</ele>
        <time>2026-05-10T21:18:55.943Z</time>
      </trkpt>
      <trkpt lat="50.141907" lon="16.658051">
        <ele>453.949844</ele>
        <time>2026-05-10T21:19:01.369Z</time>
      </trkpt>
      <trkpt lat="50.142102" lon="16.658771">
        <ele>451.204209</ele>
        <time>2026-05-10T21:19:04.839Z</time>
      </trkpt>
      <trkpt lat="50.142257" lon="16.659358">
        <ele>448.974160</ele>
        <time>2026-05-10T21:19:07.650Z</time>
      </trkpt>
      <trkpt lat="50.142594" lon="16.660603">
        <ele>445.103738</ele>
        <time>2026-05-10T21:19:13.679Z</time>
      </trkpt>
      <trkpt lat="50.142769" lon="16.661214">
        <ele>443.445114</ele>
        <time>2026-05-10T21:19:16.725Z</time>
      </trkpt>
      <trkpt lat="50.142892" lon="16.661543">
        <ele>442.501136</ele>
        <time>2026-05-10T21:19:18.517Z</time>
      </trkpt>
      <trkpt lat="50.143075" lon="16.661880">
        <ele>441.406429</ele>
        <time>2026-05-10T21:19:20.684Z</time>
      </trkpt>
      <trkpt lat="50.143258" lon="16.662146">
        <ele>440.439260</ele>
        <time>2026-05-10T21:19:22.682Z</time>
      </trkpt>
      <trkpt lat="50.143470" lon="16.662420">
        <ele>440.253225</ele>
        <time>2026-05-10T21:19:24.948Z</time>
      </trkpt>
      <trkpt lat="50.143984" lon="16.662943">
        <ele>440.263824</ele>
        <time>2026-05-10T21:19:30.555Z</time>
      </trkpt>
      <trkpt lat="50.144440" lon="16.663348">
        <ele>440.272887</ele>
        <time>2026-05-10T21:19:36.876Z</time>
      </trkpt>
      <trkpt lat="50.144422" lon="16.663581">
        <ele>440.275485</ele>
        <time>2026-05-10T21:19:39.350Z</time>
      </trkpt>
      <trkpt lat="50.144683" lon="16.663638">
        <ele>440.280038</ele>
        <time>2026-05-10T21:19:44.040Z</time>
      </trkpt>
      <trkpt lat="50.144770" lon="16.663732">
        <ele>440.476779</ele>
        <time>2026-05-10T21:19:46.038Z</time>
      </trkpt>
      <trkpt lat="50.144874" lon="16.663845">
        <ele>440.767533</ele>
        <time>2026-05-10T21:19:48.454Z</time>
      </trkpt>
      <trkpt lat="50.145195" lon="16.664219">
        <ele>441.686651</ele>
        <time>2026-05-10T21:19:56.530Z</time>
      </trkpt>
      <trkpt lat="50.145343" lon="16.664414">
        <ele>442.131062</ele>
        <time>2026-05-10T21:20:00.602Z</time>
      </trkpt>
      <trkpt lat="50.145593" lon="16.664840">
        <ele>442.980355</ele>
        <time>2026-05-10T21:20:08.610Z</time>
      </trkpt>
      <trkpt lat="50.145622" lon="16.664889">
        <ele>443.078422</ele>
        <time>2026-05-10T21:20:09.543Z</time>
      </trkpt>
      <trkpt lat="50.145647" lon="16.664932">
        <ele>443.163786</ele>
        <time>2026-05-10T21:20:10.325Z</time>
      </trkpt>
      <trkpt lat="50.146078" lon="16.665484">
        <ele>444.413218</ele>
        <time>2026-05-10T21:20:21.245Z</time>
      </trkpt>
      <trkpt lat="50.146121" lon="16.665552">
        <ele>444.437325</ele>
        <time>2026-05-10T21:20:22.342Z</time>
      </trkpt>
      <trkpt lat="50.146228" lon="16.665769">
        <ele>444.506419</ele>
        <time>2026-05-10T21:20:25.527Z</time>
      </trkpt>
      <trkpt lat="50.146399" lon="16.666008">
        <ele>444.596815</ele>
        <time>2026-05-10T21:20:29.278Z</time>
      </trkpt>
      <trkpt lat="50.146585" lon="16.666201">
        <ele>444.684773</ele>
        <time>2026-05-10T21:20:32.503Z</time>
      </trkpt>
      <trkpt lat="50.146819" lon="16.666387">
        <ele>444.788182</ele>
        <time>2026-05-10T21:20:35.906Z</time>
      </trkpt>
      <trkpt lat="50.147172" lon="16.666667">
        <ele>444.944113</ele>
        <time>2026-05-10T21:20:40.974Z</time>
      </trkpt>
      <trkpt lat="50.147211" lon="16.666695">
        <ele>444.961018</ele>
        <time>2026-05-10T21:20:41.504Z</time>
      </trkpt>
      <trkpt lat="50.147374" lon="16.666818">
        <ele>445.032315</ele>
        <time>2026-05-10T21:20:43.706Z</time>
      </trkpt>
      <trkpt lat="50.147546" lon="16.666943">
        <ele>445.107030</ele>
        <time>2026-05-10T21:20:46.002Z</time>
      </trkpt>
      <trkpt lat="50.147747" lon="16.667059">
        <ele>445.382308</ele>
        <time>2026-05-10T21:20:48.699Z</time>
      </trkpt>
      <trkpt lat="50.147666" lon="16.667261">
        <ele>445.593245</ele>
        <time>2026-05-10T21:20:50.332Z</time>
      </trkpt>
      <trkpt lat="50.147610" lon="16.667403">
        <ele>445.740842</ele>
        <time>2026-05-10T21:20:51.561Z</time>
      </trkpt>
      <trkpt lat="50.147290" lon="16.668061">
        <ele>446.472061</ele>
        <time>2026-05-10T21:20:58.649Z</time>
      </trkpt>
      <trkpt lat="50.146977" lon="16.668808">
        <ele>447.262137</ele>
        <time>2026-05-10T21:21:08.592Z</time>
      </trkpt>
      <trkpt lat="50.146829" lon="16.669262">
        <ele>447.682285</ele>
        <time>2026-05-10T21:21:14.362Z</time>
      </trkpt>
      <trkpt lat="50.146686" lon="16.669895">
        <ele>448.114842</ele>
        <time>2026-05-10T21:21:21.595Z</time>
      </trkpt>
      <trkpt lat="50.146671" lon="16.670924">
        <ele>448.778176</ele>
        <time>2026-05-10T21:21:30.694Z</time>
      </trkpt>
      <trkpt lat="50.146657" lon="16.671334">
        <ele>449.042785</ele>
        <time>2026-05-10T21:21:33.367Z</time>
      </trkpt>
      <trkpt lat="50.146627" lon="16.672220">
        <ele>449.294731</ele>
        <time>2026-05-10T21:21:38.553Z</time>
      </trkpt>
      <trkpt lat="50.146361" lon="16.674860">
        <ele>448.455004</ele>
        <time>2026-05-10T21:21:54.350Z</time>
      </trkpt>
      <trkpt lat="50.146298" lon="16.675413">
        <ele>448.604701</ele>
        <time>2026-05-10T21:21:58.532Z</time>
      </trkpt>
      <trkpt lat="50.146148" lon="16.676843">
        <ele>448.990899</ele>
        <time>2026-05-10T21:22:10.108Z</time>
      </trkpt>
      <trkpt lat="50.146016" lon="16.678064">
        <ele>449.457046</ele>
        <time>2026-05-10T21:22:19.098Z</time>
      </trkpt>
      <trkpt lat="50.145980" lon="16.678383">
        <ele>449.613680</ele>
        <time>2026-05-10T21:22:21.282Z</time>
      </trkpt>
      <trkpt lat="50.145856" lon="16.679590">
        <ele>450.204810</ele>
        <time>2026-05-10T21:22:30.157Z</time>
      </trkpt>
      <trkpt lat="50.145852" lon="16.679650">
        <ele>450.233981</ele>
        <time>2026-05-10T21:22:30.666Z</time>
      </trkpt>
      <trkpt lat="50.145789" lon="16.680533">
        <ele>451.038058</ele>
        <time>2026-05-10T21:22:38.700Z</time>
      </trkpt>
      <trkpt lat="50.145725" lon="16.683217">
        <ele>455.503718</ele>
        <time>2026-05-10T21:23:10.000Z</time>
      </trkpt>
      <trkpt lat="50.145682" lon="16.685690">
        <ele>459.375669</ele>
        <time>2026-05-10T21:23:38.115Z</time>
      </trkpt>
      <trkpt lat="50.145423" lon="16.687788">
        <ele>460.002151</ele>
        <time>2026-05-10T21:23:53.638Z</time>
      </trkpt>
      <trkpt lat="50.145295" lon="16.689554">
        <ele>460.519941</ele>
        <time>2026-05-10T21:24:04.342Z</time>
      </trkpt>
      <trkpt lat="50.144802" lon="16.690615">
        <ele>460.995800</ele>
        <time>2026-05-10T21:24:14.197Z</time>
      </trkpt>
      <trkpt lat="50.143608" lon="16.694266">
        <ele>465.974689</ele>
        <time>2026-05-10T21:24:56.884Z</time>
      </trkpt>
      <trkpt lat="50.143315" lon="16.695014">
        <ele>467.084955</ele>
        <time>2026-05-10T21:25:05.478Z</time>
      </trkpt>
      <trkpt lat="50.142771" lon="16.696036">
        <ele>468.784775</ele>
        <time>2026-05-10T21:25:18.239Z</time>
      </trkpt>
      <trkpt lat="50.142138" lon="16.697009">
        <ele>470.686687</ele>
        <time>2026-05-10T21:25:32.305Z</time>
      </trkpt>
      <trkpt lat="50.141305" lon="16.698294">
        <ele>473.175872</ele>
        <time>2026-05-10T21:25:52.016Z</time>
      </trkpt>
      <trkpt lat="50.140782" lon="16.699086">
        <ele>474.699906</ele>
        <time>2026-05-10T21:26:03.702Z</time>
      </trkpt>
      <trkpt lat="50.140471" lon="16.699606">
        <ele>475.653112</ele>
        <time>2026-05-10T21:26:10.726Z</time>
      </trkpt>
      <trkpt lat="50.139655" lon="16.701117">
        <ele>477.814228</ele>
        <time>2026-05-10T21:26:29.569Z</time>
      </trkpt>
      <trkpt lat="50.139323" lon="16.701770">
        <ele>478.675932</ele>
        <time>2026-05-10T21:26:37.158Z</time>
      </trkpt>
      <trkpt lat="50.139249" lon="16.701992">
        <ele>478.934626</ele>
        <time>2026-05-10T21:26:39.409Z</time>
      </trkpt>
      <trkpt lat="50.139161" lon="16.702463">
        <ele>479.605703</ele>
        <time>2026-05-10T21:26:43.864Z</time>
      </trkpt>
      <trkpt lat="50.139061" lon="16.703413">
        <ele>481.042472</ele>
        <time>2026-05-10T21:26:52.871Z</time>
      </trkpt>
      <trkpt lat="50.139091" lon="16.703703">
        <ele>481.480867</ele>
        <time>2026-05-10T21:26:55.756Z</time>
      </trkpt>
      <trkpt lat="50.139393" lon="16.704816">
        <ele>483.327113</ele>
        <time>2026-05-10T21:27:09.448Z</time>
      </trkpt>
      <trkpt lat="50.139511" lon="16.705757">
        <ele>487.279834</ele>
        <time>2026-05-10T21:27:23.145Z</time>
      </trkpt>
      <trkpt lat="50.139538" lon="16.706461">
        <ele>490.187184</ele>
        <time>2026-05-10T21:27:35.550Z</time>
      </trkpt>
      <trkpt lat="50.139533" lon="16.706732">
        <ele>491.304813</ele>
        <time>2026-05-10T21:27:40.861Z</time>
      </trkpt>
      <trkpt lat="50.139496" lon="16.706983">
        <ele>492.366547</ele>
        <time>2026-05-10T21:27:46.194Z</time>
      </trkpt>
      <trkpt lat="50.139299" lon="16.707510">
        <ele>494.905391</ele>
        <time>2026-05-10T21:27:59.847Z</time>
      </trkpt>
      <trkpt lat="50.138320" lon="16.709531">
        <ele>510.113778</ele>
        <time>2026-05-10T21:28:59.928Z</time>
      </trkpt>
      <trkpt lat="50.137310" lon="16.710656">
        <ele>521.017050</ele>
        <time>2026-05-10T21:29:39.765Z</time>
      </trkpt>
      <trkpt lat="50.136726" lon="16.710811">
        <ele>526.168369</ele>
        <time>2026-05-10T21:30:00.473Z</time>
      </trkpt>
      <trkpt lat="50.136529" lon="16.710929">
        <ele>527.838468</ele>
        <time>2026-05-10T21:30:08.240Z</time>
      </trkpt>
      <trkpt lat="50.136327" lon="16.711160">
        <ele>529.492863</ele>
        <time>2026-05-10T21:30:17.346Z</time>
      </trkpt>
      <trkpt lat="50.135989" lon="16.711737">
        <ele>532.802430</ele>
        <time>2026-05-10T21:30:34.412Z</time>
      </trkpt>
      <trkpt lat="50.135699" lon="16.712097">
        <ele>535.250482</ele>
        <time>2026-05-10T21:30:45.576Z</time>
      </trkpt>
      <trkpt lat="50.134123" lon="16.713813">
        <ele>541.648164</ele>
        <time>2026-05-10T21:31:20.196Z</time>
      </trkpt>
      <trkpt lat="50.133224" lon="16.714716">
        <ele>541.339896</ele>
        <time>2026-05-10T21:31:29.989Z</time>
      </trkpt>
      <trkpt lat="50.132981" lon="16.714900">
        <ele>540.801312</ele>
        <time>2026-05-10T21:31:32.167Z</time>
      </trkpt>
      <trkpt lat="50.132690" lon="16.715042">
        <ele>540.193354</ele>
        <time>2026-05-10T21:31:34.597Z</time>
      </trkpt>
      <trkpt lat="50.131538" lon="16.715527">
        <ele>536.666635</ele>
        <time>2026-05-10T21:31:43.596Z</time>
      </trkpt>
      <trkpt lat="50.128984" lon="16.716084">
        <ele>526.975832</ele>
        <time>2026-05-10T21:32:02.012Z</time>
      </trkpt>
      <trkpt lat="50.128727" lon="16.716183">
        <ele>526.046537</ele>
        <time>2026-05-10T21:32:04.131Z</time>
      </trkpt>
      <trkpt lat="50.128640" lon="16.716272">
        <ele>525.681308</ele>
        <time>2026-05-10T21:32:05.012Z</time>
      </trkpt>
      <trkpt lat="50.128573" lon="16.716379">
        <ele>525.401406</ele>
        <time>2026-05-10T21:32:05.832Z</time>
      </trkpt>
      <trkpt lat="50.128445" lon="16.716756">
        <ele>525.909770</ele>
        <time>2026-05-10T21:32:08.394Z</time>
      </trkpt>
      <trkpt lat="50.128419" lon="16.717001">
        <ele>526.205695</ele>
        <time>2026-05-10T21:32:10.108Z</time>
      </trkpt>
      <trkpt lat="50.128411" lon="16.717509">
        <ele>526.811230</ele>
        <time>2026-05-10T21:32:14.670Z</time>
      </trkpt>
      <trkpt lat="50.128300" lon="16.718056">
        <ele>527.494934</ele>
        <time>2026-05-10T21:32:21.275Z</time>
      </trkpt>
      <trkpt lat="50.128193" lon="16.718690">
        <ele>528.276178</ele>
        <time>2026-05-10T21:32:30.037Z</time>
      </trkpt>
      <trkpt lat="50.128150" lon="16.719389">
        <ele>529.390373</ele>
        <time>2026-05-10T21:32:39.614Z</time>
      </trkpt>
      <trkpt lat="50.128199" lon="16.720166">
        <ele>530.986261</ele>
        <time>2026-05-10T21:32:49.696Z</time>
      </trkpt>
      <trkpt lat="50.128271" lon="16.720666">
        <ele>532.033748</ele>
        <time>2026-05-10T21:32:56.006Z</time>
      </trkpt>
      <trkpt lat="50.128325" lon="16.720819">
        <ele>532.390750</ele>
        <time>2026-05-10T21:32:58.057Z</time>
      </trkpt>
      <trkpt lat="50.128671" lon="16.721481">
        <ele>534.136627</ele>
        <time>2026-05-10T21:33:07.440Z</time>
      </trkpt>
      <trkpt lat="50.128811" lon="16.721859">
        <ele>534.825360</ele>
        <time>2026-05-10T21:33:12.016Z</time>
      </trkpt>
      <trkpt lat="50.128896" lon="16.722194">
        <ele>535.298235</ele>
        <time>2026-05-10T21:33:15.855Z</time>
      </trkpt>
      <trkpt lat="50.128937" lon="16.722530">
        <ele>535.747153</ele>
        <time>2026-05-10T21:33:19.557Z</time>
      </trkpt>
      <trkpt lat="50.129010" lon="16.723680">
        <ele>537.263909</ele>
        <time>2026-05-10T21:33:31.704Z</time>
      </trkpt>
      <trkpt lat="50.129070" lon="16.724057">
        <ele>537.773741</ele>
        <time>2026-05-10T21:33:35.440Z</time>
      </trkpt>
      <trkpt lat="50.129154" lon="16.724343">
        <ele>538.157799</ele>
        <time>2026-05-10T21:33:38.301Z</time>
      </trkpt>
      <trkpt lat="50.129340" lon="16.724731">
        <ele>538.377353</ele>
        <time>2026-05-10T21:33:42.292Z</time>
      </trkpt>
      <trkpt lat="50.129491" lon="16.724964">
        <ele>538.527495</ele>
        <time>2026-05-10T21:33:44.781Z</time>
      </trkpt>
      <trkpt lat="50.129930" lon="16.725455">
        <ele>538.909350</ele>
        <time>2026-05-10T21:33:50.635Z</time>
      </trkpt>
      <trkpt lat="50.130042" lon="16.725621">
        <ele>539.018561</ele>
        <time>2026-05-10T21:33:52.267Z</time>
      </trkpt>
      <trkpt lat="50.130369" lon="16.726267">
        <ele>539.391563</ele>
        <time>2026-05-10T21:33:58.491Z</time>
      </trkpt>
      <trkpt lat="50.130584" lon="16.726851">
        <ele>540.186559</ele>
        <time>2026-05-10T21:34:04.095Z</time>
      </trkpt>
      <trkpt lat="50.130638" lon="16.727070">
        <ele>540.477129</ele>
        <time>2026-05-10T21:34:06.314Z</time>
      </trkpt>
      <trkpt lat="50.130634" lon="16.727453">
        <ele>540.951481</ele>
        <time>2026-05-10T21:34:10.239Z</time>
      </trkpt>
      <trkpt lat="50.130563" lon="16.727670">
        <ele>541.253182</ele>
        <time>2026-05-10T21:34:12.917Z</time>
      </trkpt>
      <trkpt lat="50.130466" lon="16.727773">
        <ele>541.479858</ele>
        <time>2026-05-10T21:34:14.948Z</time>
      </trkpt>
      <trkpt lat="50.130383" lon="16.727846">
        <ele>541.663924</ele>
        <time>2026-05-10T21:34:16.654Z</time>
      </trkpt>
      <trkpt lat="50.130216" lon="16.728044">
        <ele>542.069137</ele>
        <time>2026-05-10T21:34:20.253Z</time>
      </trkpt>
      <trkpt lat="50.130044" lon="16.728370">
        <ele>542.591995</ele>
        <time>2026-05-10T21:34:24.849Z</time>
      </trkpt>
      <trkpt lat="50.129802" lon="16.728944">
        <ele>543.413712</ele>
        <time>2026-05-10T21:34:32.230Z</time>
      </trkpt>
      <trkpt lat="50.129303" lon="16.731109">
        <ele>546.113415</ele>
        <time>2026-05-10T21:34:54.300Z</time>
      </trkpt>
      <trkpt lat="50.129289" lon="16.731297">
        <ele>546.322336</ele>
        <time>2026-05-10T21:34:55.913Z</time>
      </trkpt>
      <trkpt lat="50.129317" lon="16.731682">
        <ele>546.738244</ele>
        <time>2026-05-10T21:34:59.248Z</time>
      </trkpt>
      <trkpt lat="50.129420" lon="16.732039">
        <ele>547.158467</ele>
        <time>2026-05-10T21:35:02.662Z</time>
      </trkpt>
      <trkpt lat="50.129968" lon="16.733741">
        <ele>549.209805</ele>
        <time>2026-05-10T21:35:20.565Z</time>
      </trkpt>
      <trkpt lat="50.130093" lon="16.734061">
        <ele>549.887544</ele>
        <time>2026-05-10T21:35:24.597Z</time>
      </trkpt>
      <trkpt lat="50.130493" lon="16.734704">
        <ele>551.508032</ele>
        <time>2026-05-10T21:35:34.884Z</time>
      </trkpt>
      <trkpt lat="50.130603" lon="16.734814">
        <ele>551.876669</ele>
        <time>2026-05-10T21:35:37.337Z</time>
      </trkpt>
      <trkpt lat="50.130910" lon="16.735020">
        <ele>552.819547</ele>
        <time>2026-05-10T21:35:43.828Z</time>
      </trkpt>
      <trkpt lat="50.132405" lon="16.735888">
        <ele>556.623935</ele>
        <time>2026-05-10T21:36:13.511Z</time>
      </trkpt>
      <trkpt lat="50.132487" lon="16.735917">
        <ele>556.807059</ele>
        <time>2026-05-10T21:36:14.727Z</time>
      </trkpt>
      <trkpt lat="50.132599" lon="16.735901">
        <ele>557.052011</ele>
        <time>2026-05-10T21:36:16.275Z</time>
      </trkpt>
      <trkpt lat="50.132695" lon="16.735864">
        <ele>557.267382</ele>
        <time>2026-05-10T21:36:17.615Z</time>
      </trkpt>
      <trkpt lat="50.132809" lon="16.735792">
        <ele>557.535246</ele>
        <time>2026-05-10T21:36:19.162Z</time>
      </trkpt>
      <trkpt lat="50.132967" lon="16.735707">
        <ele>557.899250</ele>
        <time>2026-05-10T21:36:21.199Z</time>
      </trkpt>
      <trkpt lat="50.133078" lon="16.735708">
        <ele>558.141008</ele>
        <time>2026-05-10T21:36:22.524Z</time>
      </trkpt>
      <trkpt lat="50.133833" lon="16.736239">
        <ele>558.789051</ele>
        <time>2026-05-10T21:36:31.744Z</time>
      </trkpt>
      <trkpt lat="50.134928" lon="16.736729">
        <ele>559.802487</ele>
        <time>2026-05-10T21:36:45.963Z</time>
      </trkpt>
      <trkpt lat="50.135658" lon="16.737006">
        <ele>561.180425</ele>
        <time>2026-05-10T21:36:56.985Z</time>
      </trkpt>
      <trkpt lat="50.137250" lon="16.737387">
        <ele>566.037711</ele>
        <time>2026-05-10T21:37:23.385Z</time>
      </trkpt>
      <trkpt lat="50.137471" lon="16.737504">
        <ele>567.089658</ele>
        <time>2026-05-10T21:37:28.348Z</time>
      </trkpt>
      <trkpt lat="50.138367" lon="16.738313">
        <ele>572.115905</ele>
        <time>2026-05-10T21:37:56.427Z</time>
      </trkpt>
      <trkpt lat="50.138572" lon="16.738535">
        <ele>573.734653</ele>
        <time>2026-05-10T21:38:04.704Z</time>
      </trkpt>
      <trkpt lat="50.139354" lon="16.739597">
        <ele>580.459880</ele>
        <time>2026-05-10T21:38:36.050Z</time>
      </trkpt>
      <trkpt lat="50.139484" lon="16.739824">
        <ele>581.725526</ele>
        <time>2026-05-10T21:38:40.936Z</time>
      </trkpt>
      <trkpt lat="50.139740" lon="16.740272">
        <ele>583.262329</ele>
        <time>2026-05-10T21:38:49.194Z</time>
      </trkpt>
      <trkpt lat="50.139903" lon="16.740482">
        <ele>583.820740</ele>
        <time>2026-05-10T21:38:53.154Z</time>
      </trkpt>
      <trkpt lat="50.140915" lon="16.741233">
        <ele>586.781069</ele>
        <time>2026-05-10T21:39:09.369Z</time>
      </trkpt>
      <trkpt lat="50.141323" lon="16.741641">
        <ele>588.418809</ele>
        <time>2026-05-10T21:39:17.375Z</time>
      </trkpt>
      <trkpt lat="50.142181" lon="16.742949">
        <ele>593.192450</ele>
        <time>2026-05-10T21:39:41.759Z</time>
      </trkpt>
      <trkpt lat="50.142438" lon="16.743186">
        <ele>594.380467</ele>
        <time>2026-05-10T21:39:49.491Z</time>
      </trkpt>
      <trkpt lat="50.142631" lon="16.743282">
        <ele>595.540443</ele>
        <time>2026-05-10T21:39:55.037Z</time>
      </trkpt>
      <trkpt lat="50.142629" lon="16.743494">
        <ele>596.365249</ele>
        <time>2026-05-10T21:39:59.154Z</time>
      </trkpt>
      <trkpt lat="50.142632" lon="16.743633">
        <ele>596.906290</ele>
        <time>2026-05-10T21:40:01.768Z</time>
      </trkpt>
      <trkpt lat="50.142698" lon="16.745404">
        <ele>603.807419</ele>
        <time>2026-05-10T21:40:36.179Z</time>
      </trkpt>
      <trkpt lat="50.142805" lon="16.745992">
        <ele>605.894737</ele>
        <time>2026-05-10T21:40:46.459Z</time>
      </trkpt>
      <trkpt lat="50.142817" lon="16.746350">
        <ele>606.752235</ele>
        <time>2026-05-10T21:40:51.747Z</time>
      </trkpt>
      <trkpt lat="50.142714" lon="16.747982">
        <ele>610.674825</ele>
        <time>2026-05-10T21:41:12.527Z</time>
      </trkpt>
      <trkpt lat="50.142671" lon="16.748205">
        <ele>611.231857</ele>
        <time>2026-05-10T21:41:15.639Z</time>
      </trkpt>
      <trkpt lat="50.142564" lon="16.748533">
        <ele>612.112222</ele>
        <time>2026-05-10T21:41:20.647Z</time>
      </trkpt>
      <trkpt lat="50.142393" lon="16.748862">
        <ele>613.658529</ele>
        <time>2026-05-10T21:41:26.702Z</time>
      </trkpt>
      <trkpt lat="50.142325" lon="16.749042">
        <ele>614.429800</ele>
        <time>2026-05-10T21:41:29.861Z</time>
      </trkpt>
      <trkpt lat="50.142310" lon="16.749171">
        <ele>614.913748</ele>
        <time>2026-05-10T21:41:32.004Z</time>
      </trkpt>
      <trkpt lat="50.142323" lon="16.749322">
        <ele>615.476136</ele>
        <time>2026-05-10T21:41:34.473Z</time>
      </trkpt>
      <trkpt lat="50.142624" lon="16.750015">
        <ele>618.566305</ele>
        <time>2026-05-10T21:41:49.708Z</time>
      </trkpt>
      <trkpt lat="50.142721" lon="16.750599">
        <ele>620.793210</ele>
        <time>2026-05-10T21:42:01.511Z</time>
      </trkpt>
      <trkpt lat="50.142811" lon="16.750950">
        <ele>622.188683</ele>
        <time>2026-05-10T21:42:08.854Z</time>
      </trkpt>
      <trkpt lat="50.142901" lon="16.751449">
        <ele>624.577381</ele>
        <time>2026-05-10T21:42:19.259Z</time>
      </trkpt>
      <trkpt lat="50.142964" lon="16.752053">
        <ele>627.507743</ele>
        <time>2026-05-10T21:42:32.505Z</time>
      </trkpt>
      <trkpt lat="50.142970" lon="16.752475">
        <ele>629.529021</ele>
        <time>2026-05-10T21:42:41.475Z</time>
      </trkpt>
      <trkpt lat="50.142975" lon="16.752658">
        <ele>630.406127</ele>
        <time>2026-05-10T21:42:45.240Z</time>
      </trkpt>
      <trkpt lat="50.143014" lon="16.752909">
        <ele>631.642881</ele>
        <time>2026-05-10T21:42:50.445Z</time>
      </trkpt>
      <trkpt lat="50.143221" lon="16.753401">
        <ele>634.461192</ele>
        <time>2026-05-10T21:43:02.170Z</time>
      </trkpt>
      <trkpt lat="50.143274" lon="16.753601">
        <ele>635.497550</ele>
        <time>2026-05-10T21:43:06.571Z</time>
      </trkpt>
      <trkpt lat="50.143310" lon="16.753813">
        <ele>636.504333</ele>
        <time>2026-05-10T21:43:11.113Z</time>
      </trkpt>
      <trkpt lat="50.143347" lon="16.754443">
        <ele>639.316240</ele>
        <time>2026-05-10T21:43:24.456Z</time>
      </trkpt>
      <trkpt lat="50.143282" lon="16.755021">
        <ele>641.924542</ele>
        <time>2026-05-10T21:43:36.998Z</time>
      </trkpt>
      <trkpt lat="50.143272" lon="16.755598">
        <ele>644.490085</ele>
        <time>2026-05-10T21:43:48.490Z</time>
      </trkpt>
      <trkpt lat="50.143250" lon="16.756292">
        <ele>647.578496</ele>
        <time>2026-05-10T21:44:01.515Z</time>
      </trkpt>
      <trkpt lat="50.143194" lon="16.756530">
        <ele>648.612505</ele>
        <time>2026-05-10T21:44:06.000Z</time>
      </trkpt>
      <trkpt lat="50.143131" lon="16.756573">
        <ele>648.935587</ele>
        <time>2026-05-10T21:44:08.128Z</time>
      </trkpt>
      <trkpt lat="50.142651" lon="16.756708">
        <ele>651.227190</ele>
        <time>2026-05-10T21:44:22.483Z</time>
      </trkpt>
      <trkpt lat="50.142407" lon="16.756848">
        <ele>652.448665</ele>
        <time>2026-05-10T21:44:29.401Z</time>
      </trkpt>
      <trkpt lat="50.142254" lon="16.756994">
        <ele>653.291304</ele>
        <time>2026-05-10T21:44:33.964Z</time>
      </trkpt>
      <trkpt lat="50.142009" lon="16.757301">
        <ele>654.767669</ele>
        <time>2026-05-10T21:44:41.722Z</time>
      </trkpt>
      <trkpt lat="50.141905" lon="16.757469">
        <ele>655.471005</ele>
        <time>2026-05-10T21:44:46.100Z</time>
      </trkpt>
      <trkpt lat="50.141362" lon="16.757760">
        <ele>659.204373</ele>
        <time>2026-05-10T21:45:04.778Z</time>
      </trkpt>
      <trkpt lat="50.141229" lon="16.757891">
        <ele>660.532043</ele>
        <time>2026-05-10T21:45:10.483Z</time>
      </trkpt>
      <trkpt lat="50.141064" lon="16.758118">
        <ele>662.388947</ele>
        <time>2026-05-10T21:45:18.845Z</time>
      </trkpt>
      <trkpt lat="50.140536" lon="16.758969">
        <ele>668.796856</ele>
        <time>2026-05-10T21:45:51.383Z</time>
      </trkpt>
      <trkpt lat="50.140467" lon="16.759117">
        <ele>669.786986</ele>
        <time>2026-05-10T21:45:57.042Z</time>
      </trkpt>
      <trkpt lat="50.140313" lon="16.759536">
        <ele>672.602790</ele>
        <time>2026-05-10T21:46:12.764Z</time>
      </trkpt>
      <trkpt lat="50.140202" lon="16.760432">
        <ele>680.407571</ele>
        <time>2026-05-10T21:46:45.054Z</time>
      </trkpt>
      <trkpt lat="50.139971" lon="16.761557">
        <ele>690.510763</ele>
        <time>2026-05-10T21:47:29.614Z</time>
      </trkpt>
      <trkpt lat="50.139853" lon="16.762008">
        <ele>694.676941</ele>
        <time>2026-05-10T21:47:47.586Z</time>
      </trkpt>
      <trkpt lat="50.139643" lon="16.762448">
        <ele>698.191311</ele>
        <time>2026-05-10T21:48:07.114Z</time>
      </trkpt>
      <trkpt lat="50.139496" lon="16.762676">
        <ele>699.975157</ele>
        <time>2026-05-10T21:48:18.014Z</time>
      </trkpt>
      <trkpt lat="50.139407" lon="16.762749">
        <ele>700.840497</ele>
        <time>2026-05-10T21:48:23.134Z</time>
      </trkpt>
      <trkpt lat="50.138536" lon="16.763250">
        <ele>708.829654</ele>
        <time>2026-05-10T21:49:02.574Z</time>
      </trkpt>
      <trkpt lat="50.137937" lon="16.763923">
        <ele>711.196830</ele>
        <time>2026-05-10T21:49:21.779Z</time>
      </trkpt>
      <trkpt lat="50.137730" lon="16.764160">
        <ele>710.993987</ele>
        <time>2026-05-10T21:49:26.466Z</time>
      </trkpt>
      <trkpt lat="50.137599" lon="16.764399">
        <ele>710.834749</ele>
        <time>2026-05-10T21:49:29.885Z</time>
      </trkpt>
      <trkpt lat="50.137413" lon="16.764947">
        <ele>710.520756</ele>
        <time>2026-05-10T21:49:36.228Z</time>
      </trkpt>
      <trkpt lat="50.137366" lon="16.765239">
        <ele>710.368307</ele>
        <time>2026-05-10T21:49:39.210Z</time>
      </trkpt>
      <trkpt lat="50.137343" lon="16.765610">
        <ele>710.179569</ele>
        <time>2026-05-10T21:49:42.843Z</time>
      </trkpt>
      <trkpt lat="50.137410" lon="16.766728">
        <ele>706.794236</ele>
        <time>2026-05-10T21:49:53.814Z</time>
      </trkpt>
      <trkpt lat="50.137463" lon="16.767195">
        <ele>705.201122</ele>
        <time>2026-05-10T21:49:58.264Z</time>
      </trkpt>
      <trkpt lat="50.137458" lon="16.767770">
        <ele>703.269447</ele>
        <time>2026-05-10T21:50:03.438Z</time>
      </trkpt>
      <trkpt lat="50.137419" lon="16.767904">
        <ele>702.775092</ele>
        <time>2026-05-10T21:50:04.733Z</time>
      </trkpt>
      <trkpt lat="50.137335" lon="16.768011">
        <ele>702.206767</ele>
        <time>2026-05-10T21:50:06.206Z</time>
      </trkpt>
      <trkpt lat="50.136994" lon="16.768087">
        <ele>700.393966</ele>
        <time>2026-05-10T21:50:10.856Z</time>
      </trkpt>
      <trkpt lat="50.136633" lon="16.767926">
        <ele>698.373936</ele>
        <time>2026-05-10T21:50:15.919Z</time>
      </trkpt>
      <trkpt lat="50.136396" lon="16.767891">
        <ele>697.093141</ele>
        <time>2026-05-10T21:50:19.162Z</time>
      </trkpt>
      <trkpt lat="50.136108" lon="16.767919">
        <ele>695.540651</ele>
        <time>2026-05-10T21:50:23.172Z</time>
      </trkpt>
      <trkpt lat="50.135726" lon="16.768017">
        <ele>693.457833</ele>
        <time>2026-05-10T21:50:28.764Z</time>
      </trkpt>
      <trkpt lat="50.135603" lon="16.768083">
        <ele>692.758028</ele>
        <time>2026-05-10T21:50:29.900Z</time>
      </trkpt>
      <trkpt lat="50.135387" lon="16.768133">
        <ele>691.583193</ele>
        <time>2026-05-10T21:50:31.870Z</time>
      </trkpt>
      <trkpt lat="50.135339" lon="16.768151">
        <ele>691.317590</ele>
        <time>2026-05-10T21:50:32.332Z</time>
      </trkpt>
      <trkpt lat="50.134758" lon="16.768370">
        <ele>690.109099</ele>
        <time>2026-05-10T21:50:38.194Z</time>
      </trkpt>
      <trkpt lat="50.133980" lon="16.768731">
        <ele>688.758875</ele>
        <time>2026-05-10T21:50:46.088Z</time>
      </trkpt>
      <trkpt lat="50.133499" lon="16.768658">
        <ele>688.062244</ele>
        <time>2026-05-10T21:50:51.137Z</time>
      </trkpt>
      <trkpt lat="50.133231" lon="16.768686">
        <ele>688.407174</ele>
        <time>2026-05-10T21:50:54.313Z</time>
      </trkpt>
      <trkpt lat="50.132945" lon="16.768802">
        <ele>688.786659</ele>
        <time>2026-05-10T21:50:58.449Z</time>
      </trkpt>
      <trkpt lat="50.132064" lon="16.769313">
        <ele>689.993687</ele>
        <time>2026-05-10T21:51:15.964Z</time>
      </trkpt>
      <trkpt lat="50.131016" lon="16.769829">
        <ele>688.478791</ele>
        <time>2026-05-10T21:51:33.047Z</time>
      </trkpt>
      <trkpt lat="50.130832" lon="16.770004">
        <ele>688.005495</ele>
        <time>2026-05-10T21:51:35.062Z</time>
      </trkpt>
      <trkpt lat="50.130523" lon="16.770506">
        <ele>687.025666</ele>
        <time>2026-05-10T21:51:38.845Z</time>
      </trkpt>
      <trkpt lat="50.130198" lon="16.771131">
        <ele>684.639443</ele>
        <time>2026-05-10T21:51:42.881Z</time>
      </trkpt>
      <trkpt lat="50.130074" lon="16.771286">
        <ele>683.383809</ele>
        <time>2026-05-10T21:51:44.085Z</time>
      </trkpt>
      <trkpt lat="50.129755" lon="16.771477">
        <ele>680.683734</ele>
        <time>2026-05-10T21:51:46.669Z</time>
      </trkpt>
      <trkpt lat="50.129327" lon="16.771647">
        <ele>677.193720</ele>
        <time>2026-05-10T21:51:50.033Z</time>
      </trkpt>
      <trkpt lat="50.128942" lon="16.771939">
        <ele>673.810875</ele>
        <time>2026-05-10T21:51:53.339Z</time>
      </trkpt>
      <trkpt lat="50.128137" lon="16.772322">
        <ele>667.839312</ele>
        <time>2026-05-10T21:52:00.007Z</time>
      </trkpt>
      <trkpt lat="50.127377" lon="16.772636">
        <ele>662.469963</ele>
        <time>2026-05-10T21:52:06.276Z</time>
      </trkpt>
      <trkpt lat="50.126683" lon="16.773023">
        <ele>657.599401</ele>
        <time>2026-05-10T21:52:12.087Z</time>
      </trkpt>
      <trkpt lat="50.125463" lon="16.773873">
        <ele>649.082654</ele>
        <time>2026-05-10T21:52:22.743Z</time>
      </trkpt>
      <trkpt lat="50.125262" lon="16.773957">
        <ele>647.902778</ele>
        <time>2026-05-10T21:52:24.476Z</time>
      </trkpt>
      <trkpt lat="50.125118" lon="16.773945">
        <ele>647.188428</ele>
        <time>2026-05-10T21:52:25.686Z</time>
      </trkpt>
      <trkpt lat="50.124974" lon="16.773845">
        <ele>646.407592</ele>
        <time>2026-05-10T21:52:27.005Z</time>
      </trkpt>
      <trkpt lat="50.124921" lon="16.773751">
        <ele>646.010033</ele>
        <time>2026-05-10T21:52:27.676Z</time>
      </trkpt>
      <trkpt lat="50.124786" lon="16.773620">
        <ele>645.222431</ele>
        <time>2026-05-10T21:52:29.015Z</time>
      </trkpt>
      <trkpt lat="50.124540" lon="16.773555">
        <ele>643.986459</ele>
        <time>2026-05-10T21:52:31.126Z</time>
      </trkpt>
      <trkpt lat="50.124446" lon="16.773575">
        <ele>643.516499</ele>
        <time>2026-05-10T21:52:31.930Z</time>
      </trkpt>
      <trkpt lat="50.124295" lon="16.773832">
        <ele>642.409376</ele>
        <time>2026-05-10T21:52:33.841Z</time>
      </trkpt>
      <trkpt lat="50.124245" lon="16.773927">
        <ele>642.019018</ele>
        <time>2026-05-10T21:52:34.512Z</time>
      </trkpt>
      <trkpt lat="50.124175" lon="16.774059">
        <ele>641.474968</ele>
        <time>2026-05-10T21:52:35.449Z</time>
      </trkpt>
      <trkpt lat="50.123363" lon="16.773525">
        <ele>637.006886</ele>
        <time>2026-05-10T21:52:41.583Z</time>
      </trkpt>
      <trkpt lat="50.122965" lon="16.773351">
        <ele>634.871444</ele>
        <time>2026-05-10T21:52:44.424Z</time>
      </trkpt>
      <trkpt lat="50.121749" lon="16.772969">
        <ele>628.765063</ele>
        <time>2026-05-10T21:52:53.080Z</time>
      </trkpt>
      <trkpt lat="50.121409" lon="16.772805">
        <ele>627.244051</ele>
        <time>2026-05-10T21:52:55.604Z</time>
      </trkpt>
      <trkpt lat="50.119449" lon="16.771664">
        <ele>618.951096</ele>
        <time>2026-05-10T21:53:10.902Z</time>
      </trkpt>
      <trkpt lat="50.119217" lon="16.771526">
        <ele>618.052863</ele>
        <time>2026-05-10T21:53:12.754Z</time>
      </trkpt>
      <trkpt lat="50.117969" lon="16.770750">
        <ele>614.145940</ele>
        <time>2026-05-10T21:53:22.895Z</time>
      </trkpt>
      <trkpt lat="50.116914" lon="16.770233">
        <ele>611.658010</ele>
        <time>2026-05-10T21:53:31.878Z</time>
      </trkpt>
      <trkpt lat="50.116837" lon="16.770186">
        <ele>611.612305</ele>
        <time>2026-05-10T21:53:32.611Z</time>
      </trkpt>
      <trkpt lat="50.116661" lon="16.770893">
        <ele>611.343502</ele>
        <time>2026-05-10T21:53:38.080Z</time>
      </trkpt>
      <trkpt lat="50.116317" lon="16.772468">
        <ele>610.753778</ele>
        <time>2026-05-10T21:53:50.520Z</time>
      </trkpt>
      <trkpt lat="50.116061" lon="16.773748">
        <ele>610.362115</ele>
        <time>2026-05-10T21:54:00.132Z</time>
      </trkpt>
      <trkpt lat="50.115805" lon="16.775490">
        <ele>609.894424</ele>
        <time>2026-05-10T21:54:12.849Z</time>
      </trkpt>
      <trkpt lat="50.115714" lon="16.775972">
        <ele>609.857041</ele>
        <time>2026-05-10T21:54:16.541Z</time>
      </trkpt>
      <trkpt lat="50.115445" lon="16.777405">
        <ele>609.745949</ele>
        <time>2026-05-10T21:54:27.560Z</time>
      </trkpt>
      <trkpt lat="50.114493" lon="16.780964">
        <ele>610.780743</ele>
        <time>2026-05-10T21:54:59.835Z</time>
      </trkpt>
      <trkpt lat="50.114270" lon="16.781699">
        <ele>611.429297</ele>
        <time>2026-05-10T21:55:07.067Z</time>
      </trkpt>
      <trkpt lat="50.113997" lon="16.782929">
        <ele>612.467471</ele>
        <time>2026-05-10T21:55:20.359Z</time>
      </trkpt>
      <trkpt lat="50.113599" lon="16.784275">
        <ele>614.788254</ele>
        <time>2026-05-10T21:55:38.126Z</time>
      </trkpt>
      <trkpt lat="50.113445" lon="16.784895">
        <ele>615.928715</ele>
        <time>2026-05-10T21:55:46.642Z</time>
      </trkpt>
      <trkpt lat="50.113218" lon="16.786050">
        <ele>618.003897</ele>
        <time>2026-05-10T21:56:02.081Z</time>
      </trkpt>
      <trkpt lat="50.113598" lon="16.786279">
        <ele>619.099908</ele>
        <time>2026-05-10T21:56:12.934Z</time>
      </trkpt>
      <trkpt lat="50.114222" lon="16.786551">
        <ele>620.843029</ele>
        <time>2026-05-10T21:56:29.858Z</time>
      </trkpt>
      <trkpt lat="50.114921" lon="16.786807">
        <ele>622.788148</ele>
        <time>2026-05-10T21:56:48.484Z</time>
      </trkpt>
      <trkpt lat="50.115276" lon="16.786892">
        <ele>623.782294</ele>
        <time>2026-05-10T21:56:57.954Z</time>
      </trkpt>
      <trkpt lat="50.115883" lon="16.786969">
        <ele>625.468004</ele>
        <time>2026-05-10T21:57:14.377Z</time>
      </trkpt>
      <trkpt lat="50.116462" lon="16.787231">
        <ele>627.136765</ele>
        <time>2026-05-10T21:57:30.705Z</time>
      </trkpt>
      <trkpt lat="50.117160" lon="16.787749">
        <ele>628.566786</ele>
        <time>2026-05-10T21:57:50.238Z</time>
      </trkpt>
      <trkpt lat="50.117833" lon="16.788321">
        <ele>629.930924</ele>
        <time>2026-05-10T21:58:07.561Z</time>
      </trkpt>
      <trkpt lat="50.118716" lon="16.788759">
        <ele>631.755895</ele>
        <time>2026-05-10T21:58:28.386Z</time>
      </trkpt>
      <trkpt lat="50.119624" lon="16.789376">
        <ele>633.803000</ele>
        <time>2026-05-10T21:58:53.644Z</time>
      </trkpt>
      <trkpt lat="50.120052" lon="16.789813">
        <ele>634.399941</ele>
        <time>2026-05-10T21:59:07.963Z</time>
      </trkpt>
      <trkpt lat="50.120885" lon="16.790559">
        <ele>634.985305</ele>
        <time>2026-05-10T21:59:30.417Z</time>
      </trkpt>
      <trkpt lat="50.120223" lon="16.792095">
        <ele>631.691803</ele>
        <time>2026-05-10T21:59:45.876Z</time>
      </trkpt>
      <trkpt lat="50.120053" lon="16.792608">
        <ele>629.679216</ele>
        <time>2026-05-10T21:59:50.019Z</time>
      </trkpt>
      <trkpt lat="50.119842" lon="16.793426">
        <ele>626.606251</ele>
        <time>2026-05-10T21:59:56.206Z</time>
      </trkpt>
      <trkpt lat="50.119665" lon="16.793714">
        <ele>625.052944</ele>
        <time>2026-05-10T21:59:58.967Z</time>
      </trkpt>
      <trkpt lat="50.119517" lon="16.793894">
        <ele>623.498206</ele>
        <time>2026-05-10T22:00:00.980Z</time>
      </trkpt>
      <trkpt lat="50.119051" lon="16.794239">
        <ele>619.225036</ele>
        <time>2026-05-10T22:00:06.477Z</time>
      </trkpt>
      <trkpt lat="50.118664" lon="16.794755">
        <ele>615.007264</ele>
        <time>2026-05-10T22:00:11.897Z</time>
      </trkpt>
      <trkpt lat="50.118661" lon="16.794760">
        <ele>614.970891</ele>
        <time>2026-05-10T22:00:11.948Z</time>
      </trkpt>
      <trkpt lat="50.118500" lon="16.795065">
        <ele>612.872473</ele>
        <time>2026-05-10T22:00:14.657Z</time>
      </trkpt>
      <trkpt lat="50.118388" lon="16.795373">
        <ele>610.991706</ele>
        <time>2026-05-10T22:00:17.098Z</time>
      </trkpt>
      <trkpt lat="50.118245" lon="16.795988">
        <ele>608.681451</ele>
        <time>2026-05-10T22:00:21.646Z</time>
      </trkpt>
      <trkpt lat="50.118220" lon="16.796655">
        <ele>606.461406</ele>
        <time>2026-05-10T22:00:26.397Z</time>
      </trkpt>
      <trkpt lat="50.117831" lon="16.796766">
        <ele>604.412141</ele>
        <time>2026-05-10T22:00:29.148Z</time>
      </trkpt>
      <trkpt lat="50.117730" lon="16.796853">
        <ele>603.814231</ele>
        <time>2026-05-10T22:00:29.978Z</time>
      </trkpt>
      <trkpt lat="50.118026" lon="16.797013">
        <ele>602.190835</ele>
        <time>2026-05-10T22:00:32.331Z</time>
      </trkpt>
      <trkpt lat="50.118239" lon="16.797211">
        <ele>601.328838</ele>
        <time>2026-05-10T22:00:34.351Z</time>
      </trkpt>
      <trkpt lat="50.119055" lon="16.798068">
        <ele>601.614326</ele>
        <time>2026-05-10T22:00:44.686Z</time>
      </trkpt>
      <trkpt lat="50.119531" lon="16.798670">
        <ele>601.792169</ele>
        <time>2026-05-10T22:00:53.565Z</time>
      </trkpt>
      <trkpt lat="50.119674" lon="16.798844">
        <ele>601.990984</ele>
        <time>2026-05-10T22:00:56.268Z</time>
      </trkpt>
      <trkpt lat="50.119800" lon="16.798990">
        <ele>602.441677</ele>
        <time>2026-05-10T22:00:58.630Z</time>
      </trkpt>
      <trkpt lat="50.120010" lon="16.799149">
        <ele>603.111929</ele>
        <time>2026-05-10T22:01:02.238Z</time>
      </trkpt>
      <trkpt lat="50.120256" lon="16.799238">
        <ele>603.837002</ele>
        <time>2026-05-10T22:01:06.344Z</time>
      </trkpt>
      <trkpt lat="50.120852" lon="16.799343">
        <ele>605.559130</ele>
        <time>2026-05-10T22:01:17.054Z</time>
      </trkpt>
      <trkpt lat="50.120846" lon="16.799480">
        <ele>605.811926</ele>
        <time>2026-05-10T22:01:18.870Z</time>
      </trkpt>
      <trkpt lat="50.120858" lon="16.799741">
        <ele>606.293644</ele>
        <time>2026-05-10T22:01:22.458Z</time>
      </trkpt>
      <trkpt lat="50.120988" lon="16.801056">
        <ele>610.654367</ele>
        <time>2026-05-10T22:01:43.167Z</time>
      </trkpt>
      <trkpt lat="50.120972" lon="16.801312">
        <ele>611.644908</ele>
        <time>2026-05-10T22:01:47.670Z</time>
      </trkpt>
      <trkpt lat="50.120994" lon="16.801686">
        <ele>613.091249</ele>
        <time>2026-05-10T22:01:54.467Z</time>
      </trkpt>
      <trkpt lat="50.121000" lon="16.803651">
        <ele>621.663283</ele>
        <time>2026-05-10T22:02:34.357Z</time>
      </trkpt>
      <trkpt lat="50.121034" lon="16.804415">
        <ele>625.647549</ele>
        <time>2026-05-10T22:02:51.960Z</time>
      </trkpt>
      <trkpt lat="50.121141" lon="16.804955">
        <ele>628.587987</ele>
        <time>2026-05-10T22:03:05.322Z</time>
      </trkpt>
      <trkpt lat="50.121441" lon="16.806142">
        <ele>634.173214</ele>
        <time>2026-05-10T22:03:33.083Z</time>
      </trkpt>
      <trkpt lat="50.121632" lon="16.806799">
        <ele>636.533092</ele>
        <time>2026-05-10T22:03:45.932Z</time>
      </trkpt>
      <trkpt lat="50.121808" lon="16.807217">
        <ele>638.168999</ele>
        <time>2026-05-10T22:03:53.568Z</time>
      </trkpt>
      <trkpt lat="50.121964" lon="16.807423">
        <ele>639.211905</ele>
        <time>2026-05-10T22:03:57.883Z</time>
      </trkpt>
      <trkpt lat="50.123364" lon="16.808688">
        <ele>646.099116</ele>
        <time>2026-05-10T22:04:29.742Z</time>
      </trkpt>
      <trkpt lat="50.123554" lon="16.808961">
        <ele>647.111569</ele>
        <time>2026-05-10T22:04:36.051Z</time>
      </trkpt>
      <trkpt lat="50.123657" lon="16.809153">
        <ele>647.740622</ele>
        <time>2026-05-10T22:04:40.168Z</time>
      </trkpt>
      <trkpt lat="50.124408" lon="16.811029">
        <ele>656.151030</ele>
        <time>2026-05-10T22:05:21.649Z</time>
      </trkpt>
      <trkpt lat="50.125513" lon="16.813883">
        <ele>669.749673</ele>
        <time>2026-05-10T22:06:25.018Z</time>
      </trkpt>
      <trkpt lat="50.125774" lon="16.814491">
        <ele>672.499033</ele>
        <time>2026-05-10T22:06:38.163Z</time>
      </trkpt>
      <trkpt lat="50.125968" lon="16.814818">
        <ele>673.978912</ele>
        <time>2026-05-10T22:06:45.810Z</time>
      </trkpt>
      <trkpt lat="50.126267" lon="16.815121">
        <ele>675.826281</ele>
        <time>2026-05-10T22:06:54.999Z</time>
      </trkpt>
      <trkpt lat="50.127536" lon="16.815958">
        <ele>683.409306</ele>
        <time>2026-05-10T22:07:28.927Z</time>
      </trkpt>
      <trkpt lat="50.128404" lon="16.816553">
        <ele>689.313034</ele>
        <time>2026-05-10T22:07:54.992Z</time>
      </trkpt>
      <trkpt lat="50.129485" lon="16.817228">
        <ele>699.521528</ele>
        <time>2026-05-10T22:08:35.640Z</time>
      </trkpt>
      <trkpt lat="50.129831" lon="16.817596">
        <ele>703.805312</ele>
        <time>2026-05-10T22:08:53.144Z</time>
      </trkpt>
      <trkpt lat="50.130121" lon="16.818034">
        <ele>707.934472</ele>
        <time>2026-05-10T22:09:10.853Z</time>
      </trkpt>
      <trkpt lat="50.130493" lon="16.818433">
        <ele>712.531005</ele>
        <time>2026-05-10T22:09:31.501Z</time>
      </trkpt>
      <trkpt lat="50.130828" lon="16.818865">
        <ele>716.933479</ele>
        <time>2026-05-10T22:09:51.086Z</time>
      </trkpt>
      <trkpt lat="50.131209" lon="16.819259">
        <ele>721.563539</ele>
        <time>2026-05-10T22:10:09.492Z</time>
      </trkpt>
      <trkpt lat="50.131757" lon="16.819969">
        <ele>728.697518</ele>
        <time>2026-05-10T22:10:34.792Z</time>
      </trkpt>
      <trkpt lat="50.131833" lon="16.820107">
        <ele>729.397416</ele>
        <time>2026-05-10T22:10:38.544Z</time>
      </trkpt>
      <trkpt lat="50.131911" lon="16.820347">
        <ele>730.432568</ele>
        <time>2026-05-10T22:10:43.851Z</time>
      </trkpt>
      <trkpt lat="50.132107" lon="16.820753">
        <ele>732.387806</ele>
        <time>2026-05-10T22:10:53.077Z</time>
      </trkpt>
      <trkpt lat="50.132237" lon="16.820964">
        <ele>733.513646</ele>
        <time>2026-05-10T22:10:58.128Z</time>
      </trkpt>
      <trkpt lat="50.132636" lon="16.821432">
        <ele>736.509462</ele>
        <time>2026-05-10T22:11:10.885Z</time>
      </trkpt>
      <trkpt lat="50.132959" lon="16.821730">
        <ele>738.761481</ele>
        <time>2026-05-10T22:11:19.993Z</time>
      </trkpt>
      <trkpt lat="50.133700" lon="16.822626">
        <ele>744.918881</ele>
        <time>2026-05-10T22:11:45.953Z</time>
      </trkpt>
      <trkpt lat="50.134321" lon="16.823481">
        <ele>750.415867</ele>
        <time>2026-05-10T22:12:13.249Z</time>
      </trkpt>
      <trkpt lat="50.135330" lon="16.825083">
        <ele>759.102521</ele>
        <time>2026-05-10T22:12:57.848Z</time>
      </trkpt>
      <trkpt lat="50.135203" lon="16.825103">
        <ele>759.864779</ele>
        <time>2026-05-10T22:13:01.470Z</time>
      </trkpt>
      <trkpt lat="50.135048" lon="16.825057">
        <ele>760.806989</ele>
        <time>2026-05-10T22:13:05.806Z</time>
      </trkpt>
      <trkpt lat="50.134474" lon="16.824465">
        <ele>764.962281</ele>
        <time>2026-05-10T22:13:24.846Z</time>
      </trkpt>
      <trkpt lat="50.134265" lon="16.824276">
        <ele>766.428165</ele>
        <time>2026-05-10T22:13:32.204Z</time>
      </trkpt>
      <trkpt lat="50.133986" lon="16.824090">
        <ele>768.269257</ele>
        <time>2026-05-10T22:13:42.084Z</time>
      </trkpt>
      <trkpt lat="50.133503" lon="16.823896">
        <ele>771.295716</ele>
        <time>2026-05-10T22:14:01.736Z</time>
      </trkpt>
      <trkpt lat="50.132828" lon="16.823713">
        <ele>776.394709</ele>
        <time>2026-05-10T22:14:33.186Z</time>
      </trkpt>
      <trkpt lat="50.132647" lon="16.823632">
        <ele>777.969926</ele>
        <time>2026-05-10T22:14:41.728Z</time>
      </trkpt>
      <trkpt lat="50.132157" lon="16.823366">
        <ele>782.310092</ele>
        <time>2026-05-10T22:15:03.972Z</time>
      </trkpt>
      <trkpt lat="50.131544" lon="16.822891">
        <ele>788.029564</ele>
        <time>2026-05-10T22:15:31.003Z</time>
      </trkpt>
      <trkpt lat="50.131422" lon="16.822836">
        <ele>788.806372</ele>
        <time>2026-05-10T22:15:35.786Z</time>
      </trkpt>
      <trkpt lat="50.131140" lon="16.822834">
        <ele>790.531376</ele>
        <time>2026-05-10T22:15:46.111Z</time>
      </trkpt>
      <trkpt lat="50.131030" lon="16.822889">
        <ele>791.237961</ele>
        <time>2026-05-10T22:15:50.215Z</time>
      </trkpt>
      <trkpt lat="50.130932" lon="16.822946">
        <ele>791.877736</ele>
        <time>2026-05-10T22:15:53.985Z</time>
      </trkpt>
      <trkpt lat="50.130799" lon="16.823082">
        <ele>792.850498</ele>
        <time>2026-05-10T22:15:59.636Z</time>
      </trkpt>
      <trkpt lat="50.130702" lon="16.823237">
        <ele>793.699889</ele>
        <time>2026-05-10T22:16:04.604Z</time>
      </trkpt>
      <trkpt lat="50.130226" lon="16.824214">
        <ele>798.511832</ele>
        <time>2026-05-10T22:16:32.449Z</time>
      </trkpt>
      <trkpt lat="50.130067" lon="16.824437">
        <ele>799.482792</ele>
        <time>2026-05-10T22:16:39.413Z</time>
      </trkpt>
      <trkpt lat="50.129910" lon="16.824574">
        <ele>800.122685</ele>
        <time>2026-05-10T22:16:44.916Z</time>
      </trkpt>
      <trkpt lat="50.129722" lon="16.824656">
        <ele>800.817059</ele>
        <time>2026-05-10T22:16:50.872Z</time>
      </trkpt>
      <trkpt lat="50.129418" lon="16.824687">
        <ele>801.900711</ele>
        <time>2026-05-10T22:17:00.291Z</time>
      </trkpt>
      <trkpt lat="50.128364" lon="16.824719">
        <ele>805.489782</ele>
        <time>2026-05-10T22:17:28.573Z</time>
      </trkpt>
      <trkpt lat="50.127688" lon="16.824805">
        <ele>806.273153</ele>
        <time>2026-05-10T22:17:43.808Z</time>
      </trkpt>
      <trkpt lat="50.127331" lon="16.825270">
        <ele>806.810338</ele>
        <time>2026-05-10T22:17:53.495Z</time>
      </trkpt>
      <trkpt lat="50.126949" lon="16.826281">
        <ele>807.545209</ele>
        <time>2026-05-10T22:18:09.501Z</time>
      </trkpt>
      <trkpt lat="50.125614" lon="16.830271">
        <ele>807.940976</ele>
        <time>2026-05-10T22:19:06.319Z</time>
      </trkpt>
      <trkpt lat="50.125460" lon="16.830676">
        <ele>807.903421</ele>
        <time>2026-05-10T22:19:11.419Z</time>
      </trkpt>
      <trkpt lat="50.125377" lon="16.830971">
        <ele>807.877728</ele>
        <time>2026-05-10T22:19:14.999Z</time>
      </trkpt>
      <trkpt lat="50.125326" lon="16.831365">
        <ele>808.296416</ele>
        <time>2026-05-10T22:19:19.616Z</time>
      </trkpt>
      <trkpt lat="50.125306" lon="16.832301">
        <ele>809.462116</ele>
        <time>2026-05-10T22:19:31.616Z</time>
      </trkpt>
      <trkpt lat="50.125363" lon="16.833128">
        <ele>810.497428</ele>
        <time>2026-05-10T22:19:45.959Z</time>
      </trkpt>
      <trkpt lat="50.125451" lon="16.833778">
        <ele>811.324334</ele>
        <time>2026-05-10T22:19:59.196Z</time>
      </trkpt>
      <trkpt lat="50.125736" lon="16.834748">
        <ele>814.117967</ele>
        <time>2026-05-10T22:20:21.164Z</time>
      </trkpt>
      <trkpt lat="50.125949" lon="16.835173">
        <ele>815.553671</ele>
        <time>2026-05-10T22:20:31.886Z</time>
      </trkpt>
      <trkpt lat="50.126145" lon="16.835643">
        <ele>817.045878</ele>
        <time>2026-05-10T22:20:42.630Z</time>
      </trkpt>
      <trkpt lat="50.126339" lon="16.836001">
        <ele>818.293426</ele>
        <time>2026-05-10T22:20:51.377Z</time>
      </trkpt>
      <trkpt lat="50.127004" lon="16.836904">
        <ele>821.089649</ele>
        <time>2026-05-10T22:21:16.139Z</time>
      </trkpt>
      <trkpt lat="50.127608" lon="16.837724">
        <ele>823.493895</ele>
        <time>2026-05-10T22:21:37.729Z</time>
      </trkpt>
      <trkpt lat="50.127906" lon="16.838086">
        <ele>824.363301</ele>
        <time>2026-05-10T22:21:47.535Z</time>
      </trkpt>
      <trkpt lat="50.128398" lon="16.838500">
        <ele>824.919455</ele>
        <time>2026-05-10T22:22:00.960Z</time>
      </trkpt>
      <trkpt lat="50.128673" lon="16.838786">
        <ele>825.248276</ele>
        <time>2026-05-10T22:22:08.036Z</time>
      </trkpt>
      <trkpt lat="50.129000" lon="16.839214">
        <ele>825.672949</ele>
        <time>2026-05-10T22:22:16.629Z</time>
      </trkpt>
      <trkpt lat="50.129365" lon="16.839752">
        <ele>825.802108</ele>
        <time>2026-05-10T22:22:26.089Z</time>
      </trkpt>
      <trkpt lat="50.129567" lon="16.839978">
        <ele>825.442621</ele>
        <time>2026-05-10T22:22:30.560Z</time>
      </trkpt>
      <trkpt lat="50.130140" lon="16.840845">
        <ele>824.288211</ele>
        <time>2026-05-10T22:22:44.293Z</time>
      </trkpt>
      <trkpt lat="50.130769" lon="16.841651">
        <ele>822.950722</ele>
        <time>2026-05-10T22:22:57.366Z</time>
      </trkpt>
      <trkpt lat="50.131293" lon="16.842506">
        <ele>821.285976</ele>
        <time>2026-05-10T22:23:09.210Z</time>
      </trkpt>
      <trkpt lat="50.131539" lon="16.842828">
        <ele>820.580960</ele>
        <time>2026-05-10T22:23:14.368Z</time>
      </trkpt>
      <trkpt lat="50.131859" lon="16.843134">
        <ele>819.756929</ele>
        <time>2026-05-10T22:23:20.616Z</time>
      </trkpt>
      <trkpt lat="50.132146" lon="16.843511">
        <ele>819.529999</ele>
        <time>2026-05-10T22:23:27.291Z</time>
      </trkpt>
      <trkpt lat="50.133197" lon="16.845125">
        <ele>819.880987</ele>
        <time>2026-05-10T22:23:57.273Z</time>
      </trkpt>
      <trkpt lat="50.133522" lon="16.845701">
        <ele>821.487107</ele>
        <time>2026-05-10T22:24:08.224Z</time>
      </trkpt>
      <trkpt lat="50.133623" lon="16.845969">
        <ele>822.252564</ele>
        <time>2026-05-10T22:24:13.029Z</time>
      </trkpt>
      <trkpt lat="50.133710" lon="16.846128">
        <ele>822.767282</ele>
        <time>2026-05-10T22:24:16.517Z</time>
      </trkpt>
      <trkpt lat="50.133857" lon="16.846286">
        <ele>823.452966</ele>
        <time>2026-05-10T22:24:21.445Z</time>
      </trkpt>
      <trkpt lat="50.133930" lon="16.846253">
        <ele>823.744903</ele>
        <time>2026-05-10T22:24:23.157Z</time>
      </trkpt>
      <trkpt lat="50.133995" lon="16.846287">
        <ele>824.008237</ele>
        <time>2026-05-10T22:24:24.642Z</time>
      </trkpt>
      <trkpt lat="50.134214" lon="16.846609">
        <ele>825.164168</ele>
        <time>2026-05-10T22:24:31.965Z</time>
      </trkpt>
      <trkpt lat="50.134408" lon="16.846810">
        <ele>826.058711</ele>
        <time>2026-05-10T22:24:38.353Z</time>
      </trkpt>
      <trkpt lat="50.135108" lon="16.847333">
        <ele>832.802982</ele>
        <time>2026-05-10T22:25:04.409Z</time>
      </trkpt>
      <trkpt lat="50.135884" lon="16.847855">
        <ele>841.522969</ele>
        <time>2026-05-10T22:25:39.612Z</time>
      </trkpt>
      <trkpt lat="50.136098" lon="16.848006">
        <ele>843.946535</ele>
        <time>2026-05-10T22:25:50.432Z</time>
      </trkpt>
      <trkpt lat="50.136232" lon="16.848060">
        <ele>845.376749</ele>
        <time>2026-05-10T22:25:56.980Z</time>
      </trkpt>
      <trkpt lat="50.136734" lon="16.848081">
        <ele>852.299689</ele>
        <time>2026-05-10T22:26:22.002Z</time>
      </trkpt>
      <trkpt lat="50.136863" lon="16.848041">
        <ele>854.112835</ele>
        <time>2026-05-10T22:26:28.740Z</time>
      </trkpt>
      <trkpt lat="50.137659" lon="16.847510">
        <ele>866.047282</ele>
        <time>2026-05-10T22:27:12.759Z</time>
      </trkpt>
      <trkpt lat="50.137988" lon="16.847348">
        <ele>870.536070</ele>
        <time>2026-05-10T22:27:30.596Z</time>
      </trkpt>
      <trkpt lat="50.138579" lon="16.847210">
        <ele>875.330479</ele>
        <time>2026-05-10T22:27:59.160Z</time>
      </trkpt>
      <trkpt lat="50.139299" lon="16.846890">
        <ele>881.336843</ele>
        <time>2026-05-10T22:28:21.241Z</time>
      </trkpt>
      <trkpt lat="50.139269" lon="16.847193">
        <ele>882.913392</ele>
        <time>2026-05-10T22:28:26.893Z</time>
      </trkpt>
      <trkpt lat="50.139212" lon="16.847390">
        <ele>884.024836</ele>
        <time>2026-05-10T22:28:30.655Z</time>
      </trkpt>
      <trkpt lat="50.138778" lon="16.848021">
        <ele>886.179681</ele>
        <time>2026-05-10T22:28:44.228Z</time>
      </trkpt>
      <trkpt lat="50.138313" lon="16.849023">
        <ele>888.586407</ele>
        <time>2026-05-10T22:29:03.221Z</time>
      </trkpt>
      <trkpt lat="50.137977" lon="16.849592">
        <ele>890.087671</ele>
        <time>2026-05-10T22:29:20.472Z</time>
      </trkpt>
      <trkpt lat="50.137714" lon="16.849969">
        <ele>891.057853</ele>
        <time>2026-05-10T22:29:32.259Z</time>
      </trkpt>
      <trkpt lat="50.137558" lon="16.850336">
        <ele>891.824583</ele>
        <time>2026-05-10T22:29:40.513Z</time>
      </trkpt>
      <trkpt lat="50.137321" lon="16.850527">
        <ele>892.549197</ele>
        <time>2026-05-10T22:29:47.548Z</time>
      </trkpt>
      <trkpt lat="50.137073" lon="16.850615">
        <ele>893.240080</ele>
        <time>2026-05-10T22:29:53.743Z</time>
      </trkpt>
      <trkpt lat="50.136871" lon="16.850600">
        <ele>893.789424</ele>
        <time>2026-05-10T22:29:58.249Z</time>
      </trkpt>
      <trkpt lat="50.136685" lon="16.850481">
        <ele>894.335516</ele>
        <time>2026-05-10T22:30:02.376Z</time>
      </trkpt>
      <trkpt lat="50.136432" lon="16.850434">
        <ele>895.007056</ele>
        <time>2026-05-10T22:30:07.188Z</time>
      </trkpt>
      <trkpt lat="50.135264" lon="16.850496">
        <ele>897.435658</ele>
        <time>2026-05-10T22:30:35.395Z</time>
      </trkpt>
      <trkpt lat="50.135031" lon="16.850579">
        <ele>897.932312</ele>
        <time>2026-05-10T22:30:42.752Z</time>
      </trkpt>
      <trkpt lat="50.134323" lon="16.851385">
        <ele>899.491428</ele>
        <time>2026-05-10T22:31:05.695Z</time>
      </trkpt>
      <trkpt lat="50.133853" lon="16.851649">
        <ele>900.276482</ele>
        <time>2026-05-10T22:31:16.300Z</time>
      </trkpt>
      <trkpt lat="50.133635" lon="16.851830">
        <ele>900.664582</ele>
        <time>2026-05-10T22:31:21.208Z</time>
      </trkpt>
      <trkpt lat="50.133547" lon="16.852062">
        <ele>900.936146</ele>
        <time>2026-05-10T22:31:24.562Z</time>
      </trkpt>
      <trkpt lat="50.133542" lon="16.852528">
        <ele>901.405649</ele>
        <time>2026-05-10T22:31:30.244Z</time>
      </trkpt>
      <trkpt lat="50.133656" lon="16.853985">
        <ele>905.209172</ele>
        <time>2026-05-10T22:31:56.288Z</time>
      </trkpt>
      <trkpt lat="50.133847" lon="16.854972">
        <ele>907.997752</ele>
        <time>2026-05-10T22:32:19.859Z</time>
      </trkpt>
      <trkpt lat="50.133894" lon="16.855562">
        <ele>909.582732</ele>
        <time>2026-05-10T22:32:33.203Z</time>
      </trkpt>
      <trkpt lat="50.134008" lon="16.856244">
        <ele>911.403050</ele>
        <time>2026-05-10T22:32:48.303Z</time>
      </trkpt>
      <trkpt lat="50.134049" lon="16.857495">
        <ele>914.638241</ele>
        <time>2026-05-10T22:33:11.462Z</time>
      </trkpt>
      <trkpt lat="50.134189" lon="16.859278">
        <ele>918.850340</ele>
        <time>2026-05-10T22:33:41.613Z</time>
      </trkpt>
      <trkpt lat="50.134287" lon="16.860446">
        <ele>921.449979</ele>
        <time>2026-05-10T22:34:02.161Z</time>
      </trkpt>
      <trkpt lat="50.134411" lon="16.861330">
        <ele>924.502499</ele>
        <time>2026-05-10T22:34:20.632Z</time>
      </trkpt>
      <trkpt lat="50.134623" lon="16.862038">
        <ele>928.220106</ele>
        <time>2026-05-10T22:34:40.190Z</time>
      </trkpt>
      <trkpt lat="50.134757" lon="16.862333">
        <ele>929.940190</ele>
        <time>2026-05-10T22:34:50.379Z</time>
      </trkpt>
      <trkpt lat="50.135346" lon="16.863108">
        <ele>935.658888</ele>
        <time>2026-05-10T22:35:24.479Z</time>
      </trkpt>
      <trkpt lat="50.135506" lon="16.863423">
        <ele>937.060940</ele>
        <time>2026-05-10T22:35:34.222Z</time>
      </trkpt>
      <trkpt lat="50.135509" lon="16.863433">
        <ele>937.097594</ele>
        <time>2026-05-10T22:35:34.461Z</time>
      </trkpt>
      <trkpt lat="50.135610" lon="16.863821">
        <ele>938.487852</ele>
        <time>2026-05-10T22:35:44.038Z</time>
      </trkpt>
      <trkpt lat="50.135630" lon="16.864130">
        <ele>939.518889</ele>
        <time>2026-05-10T22:35:50.608Z</time>
      </trkpt>
      <trkpt lat="50.135605" lon="16.864292">
        <ele>940.072066</ele>
        <time>2026-05-10T22:35:54.086Z</time>
      </trkpt>
      <trkpt lat="50.135527" lon="16.864447">
        <ele>940.726275</ele>
        <time>2026-05-10T22:35:57.992Z</time>
      </trkpt>
      <trkpt lat="50.135413" lon="16.864540">
        <ele>941.392568</ele>
        <time>2026-05-10T22:36:01.749Z</time>
      </trkpt>
      <trkpt lat="50.135181" lon="16.864555">
        <ele>942.595204</ele>
        <time>2026-05-10T22:36:08.363Z</time>
      </trkpt>
      <trkpt lat="50.134333" lon="16.864834">
        <ele>947.240842</ele>
        <time>2026-05-10T22:36:33.209Z</time>
      </trkpt>
      <trkpt lat="50.133511" lon="16.865429">
        <ele>952.325014</ele>
        <time>2026-05-10T22:37:05.640Z</time>
      </trkpt>
      <trkpt lat="50.132989" lon="16.865568">
        <ele>955.299739</ele>
        <time>2026-05-10T22:37:25.026Z</time>
      </trkpt>
      <trkpt lat="50.132271" lon="16.865879">
        <ele>962.148146</ele>
        <time>2026-05-10T22:37:52.335Z</time>
      </trkpt>
      <trkpt lat="50.132054" lon="16.866008">
        <ele>964.282377</ele>
        <time>2026-05-10T22:38:02.080Z</time>
      </trkpt>
      <trkpt lat="50.131782" lon="16.866309">
        <ele>967.347277</ele>
        <time>2026-05-10T22:38:18.188Z</time>
      </trkpt>
      <trkpt lat="50.131610" lon="16.866399">
        <ele>969.014595</ele>
        <time>2026-05-10T22:38:27.690Z</time>
      </trkpt>
      <trkpt lat="50.131228" lon="16.866366">
        <ele>972.533144</ele>
        <time>2026-05-10T22:38:48.513Z</time>
      </trkpt>
      <trkpt lat="50.130778" lon="16.866481">
        <ele>976.738168</ele>
        <time>2026-05-10T22:39:12.793Z</time>
      </trkpt>
      <trkpt lat="50.130579" lon="16.866586">
        <ele>978.675390</ele>
        <time>2026-05-10T22:39:23.115Z</time>
      </trkpt>
      <trkpt lat="50.130436" lon="16.866566">
        <ele>979.999365</ele>
        <time>2026-05-10T22:39:29.861Z</time>
      </trkpt>
      <trkpt lat="50.130364" lon="16.866504">
        <ele>980.757760</ele>
        <time>2026-05-10T22:39:33.647Z</time>
      </trkpt>
      <trkpt lat="50.130167" lon="16.865889">
        <ele>984.821912</ele>
        <time>2026-05-10T22:39:52.105Z</time>
      </trkpt>
      <trkpt lat="50.129857" lon="16.865269">
        <ele>988.994038</ele>
        <time>2026-05-10T22:40:08.775Z</time>
      </trkpt>
      <trkpt lat="50.129283" lon="16.864752">
        <ele>992.368853</ele>
        <time>2026-05-10T22:40:28.092Z</time>
      </trkpt>
      <trkpt lat="50.128973" lon="16.864566">
        <ele>994.060004</ele>
        <time>2026-05-10T22:40:38.042Z</time>
      </trkpt>
      <trkpt lat="50.128493" lon="16.864007">
        <ele>997.109989</ele>
        <time>2026-05-10T22:40:58.074Z</time>
      </trkpt>
      <trkpt lat="50.128172" lon="16.863346">
        <ele>1001.107908</ele>
        <time>2026-05-10T22:41:18.919Z</time>
      </trkpt>
      <trkpt lat="50.128074" lon="16.863299">
        <ele>1001.929319</ele>
        <time>2026-05-10T22:41:23.045Z</time>
      </trkpt>
      <trkpt lat="50.127997" lon="16.863315">
        <ele>1002.551664</ele>
        <time>2026-05-10T22:41:26.226Z</time>
      </trkpt>
      <trkpt lat="50.128053" lon="16.863592">
        <ele>1004.043417</ele>
        <time>2026-05-10T22:41:32.504Z</time>
      </trkpt>
      <trkpt lat="50.128188" lon="16.864019">
        <ele>1006.488706</ele>
        <time>2026-05-10T22:41:42.796Z</time>
      </trkpt>
      <trkpt lat="50.128634" lon="16.865124">
        <ele>1013.180426</ele>
        <time>2026-05-10T22:42:12.938Z</time>
      </trkpt>
      <trkpt lat="50.128771" lon="16.865370">
        <ele>1014.833824</ele>
        <time>2026-05-10T22:42:20.935Z</time>
      </trkpt>
      <trkpt lat="50.129178" lon="16.865943">
        <ele>1019.173124</ele>
        <time>2026-05-10T22:42:41.063Z</time>
      </trkpt>
      <trkpt lat="50.129319" lon="16.866264">
        <ele>1021.147488</ele>
        <time>2026-05-10T22:42:49.487Z</time>
      </trkpt>
      <trkpt lat="50.129546" lon="16.866969">
        <ele>1025.150397</ele>
        <time>2026-05-10T22:43:05.266Z</time>
      </trkpt>
      <trkpt lat="50.129993" lon="16.868002">
        <ele>1028.846340</ele>
        <time>2026-05-10T22:43:25.847Z</time>
      </trkpt>
      <trkpt lat="50.130082" lon="16.868078">
        <ele>1029.248437</ele>
        <time>2026-05-10T22:43:27.921Z</time>
      </trkpt>
      <trkpt lat="50.130379" lon="16.868143">
        <ele>1030.436980</ele>
        <time>2026-05-10T22:43:33.445Z</time>
      </trkpt>
      <trkpt lat="50.131126" lon="16.868506">
        <ele>1033.552684</ele>
        <time>2026-05-10T22:43:47.846Z</time>
      </trkpt>
      <trkpt lat="50.131633" lon="16.868689">
        <ele>1035.771211</ele>
        <time>2026-05-10T22:44:00.978Z</time>
      </trkpt>
      <trkpt lat="50.131921" lon="16.868917">
        <ele>1037.148054</ele>
        <time>2026-05-10T22:44:12.937Z</time>
      </trkpt>
      <trkpt lat="50.132248" lon="16.869048">
        <ele>1038.587342</ele>
        <time>2026-05-10T22:44:25.540Z</time>
      </trkpt>
      <trkpt lat="50.132328" lon="16.869168">
        <ele>1039.060477</ele>
        <time>2026-05-10T22:44:29.298Z</time>
      </trkpt>
      <trkpt lat="50.132373" lon="16.869440">
        <ele>1039.828145</ele>
        <time>2026-05-10T22:44:35.061Z</time>
      </trkpt>
      <trkpt lat="50.132338" lon="16.869726">
        <ele>1040.623829</ele>
        <time>2026-05-10T22:44:40.436Z</time>
      </trkpt>
      <trkpt lat="50.132059" lon="16.870226">
        <ele>1039.647495</ele>
        <time>2026-05-10T22:44:50.015Z</time>
      </trkpt>
      <trkpt lat="50.132726" lon="16.870913">
        <ele>1036.403341</ele>
        <time>2026-05-10T22:45:01.777Z</time>
      </trkpt>
      <trkpt lat="50.133565" lon="16.871703">
        <ele>1031.788734</ele>
        <time>2026-05-10T22:45:14.828Z</time>
      </trkpt>
      <trkpt lat="50.133941" lon="16.872213">
        <ele>1028.760837</ele>
        <time>2026-05-10T22:45:21.762Z</time>
      </trkpt>
      <trkpt lat="50.134742" lon="16.873542">
        <ele>1021.430589</ele>
        <time>2026-05-10T22:45:38.688Z</time>
      </trkpt>
      <trkpt lat="50.135421" lon="16.874398">
        <ele>1015.064847</ele>
        <time>2026-05-10T22:45:50.724Z</time>
      </trkpt>
      <trkpt lat="50.135601" lon="16.874790">
        <ele>1012.811014</ele>
        <time>2026-05-10T22:45:54.818Z</time>
      </trkpt>
      <trkpt lat="50.136015" lon="16.875347">
        <ele>1008.663422</ele>
        <time>2026-05-10T22:46:01.960Z</time>
      </trkpt>
      <trkpt lat="50.136354" lon="16.875944">
        <ele>1004.216533</ele>
        <time>2026-05-10T22:46:08.612Z</time>
      </trkpt>
      <trkpt lat="50.136826" lon="16.876485">
        <ele>999.121919</ele>
        <time>2026-05-10T22:46:16.314Z</time>
      </trkpt>
      <trkpt lat="50.137538" lon="16.877134">
        <ele>992.585809</ele>
        <time>2026-05-10T22:46:27.307Z</time>
      </trkpt>
      <trkpt lat="50.138020" lon="16.877834">
        <ele>988.623632</ele>
        <time>2026-05-10T22:46:36.169Z</time>
      </trkpt>
      <trkpt lat="50.138285" lon="16.878159">
        <ele>986.595488</ele>
        <time>2026-05-10T22:46:40.896Z</time>
      </trkpt>
      <trkpt lat="50.138538" lon="16.878598">
        <ele>984.318725</ele>
        <time>2026-05-10T22:46:46.470Z</time>
      </trkpt>
      <trkpt lat="50.138544" lon="16.878716">
        <ele>983.862230</ele>
        <time>2026-05-10T22:46:47.607Z</time>
      </trkpt>
      <trkpt lat="50.138861" lon="16.878519">
        <ele>982.775810</ele>
        <time>2026-05-10T22:46:53.081Z</time>
      </trkpt>
      <trkpt lat="50.139031" lon="16.878284">
        <ele>982.364316</ele>
        <time>2026-05-10T22:46:56.855Z</time>
      </trkpt>
      <trkpt lat="50.139217" lon="16.877913">
        <ele>981.817368</ele>
        <time>2026-05-10T22:47:02.038Z</time>
      </trkpt>
      <trkpt lat="50.139381" lon="16.877563">
        <ele>981.313920</ele>
        <time>2026-05-10T22:47:07.120Z</time>
      </trkpt>
      <trkpt lat="50.140036" lon="16.876460">
        <ele>979.214044</ele>
        <time>2026-05-10T22:47:23.930Z</time>
      </trkpt>
      <trkpt lat="50.141361" lon="16.873866">
        <ele>969.709532</ele>
        <time>2026-05-10T22:47:55.670Z</time>
      </trkpt>
      <trkpt lat="50.141605" lon="16.873506">
        <ele>967.289929</ele>
        <time>2026-05-10T22:48:00.258Z</time>
      </trkpt>
      <trkpt lat="50.142259" lon="16.872892">
        <ele>961.790454</ele>
        <time>2026-05-10T22:48:10.474Z</time>
      </trkpt>
      <trkpt lat="50.142564" lon="16.872519">
        <ele>957.744494</ele>
        <time>2026-05-10T22:48:15.407Z</time>
      </trkpt>
      <trkpt lat="50.142875" lon="16.872034">
        <ele>952.036830</ele>
        <time>2026-05-10T22:48:20.853Z</time>
      </trkpt>
      <trkpt lat="50.143010" lon="16.871682">
        <ele>948.624190</ele>
        <time>2026-05-10T22:48:24.066Z</time>
      </trkpt>
      <trkpt lat="50.143111" lon="16.871567">
        <ele>947.001175</ele>
        <time>2026-05-10T22:48:25.591Z</time>
      </trkpt>
      <trkpt lat="50.143176" lon="16.871576">
        <ele>946.154101</ele>
        <time>2026-05-10T22:48:26.393Z</time>
      </trkpt>
      <trkpt lat="50.143262" lon="16.871662">
        <ele>944.828164</ele>
        <time>2026-05-10T22:48:27.629Z</time>
      </trkpt>
      <trkpt lat="50.143377" lon="16.871933">
        <ele>942.124263</ele>
        <time>2026-05-10T22:48:30.170Z</time>
      </trkpt>
      <trkpt lat="50.143543" lon="16.872054">
        <ele>939.745915</ele>
        <time>2026-05-10T22:48:32.386Z</time>
      </trkpt>
      <trkpt lat="50.143784" lon="16.872164">
        <ele>936.699194</ele>
        <time>2026-05-10T22:48:35.427Z</time>
      </trkpt>
      <trkpt lat="50.144649" lon="16.872255">
        <ele>928.734308</ele>
        <time>2026-05-10T22:48:46.350Z</time>
      </trkpt>
      <trkpt lat="50.145010" lon="16.872169">
        <ele>925.379336</ele>
        <time>2026-05-10T22:48:51.362Z</time>
      </trkpt>
      <trkpt lat="50.145377" lon="16.871893">
        <ele>921.636529</ele>
        <time>2026-05-10T22:48:57.129Z</time>
      </trkpt>
      <trkpt lat="50.145693" lon="16.871722">
        <ele>919.609706</ele>
        <time>2026-05-10T22:49:01.978Z</time>
      </trkpt>
      <trkpt lat="50.146427" lon="16.871491">
        <ele>916.114356</ele>
        <time>2026-05-10T22:49:13.166Z</time>
      </trkpt>
      <trkpt lat="50.146819" lon="16.871456">
        <ele>914.281481</ele>
        <time>2026-05-10T22:49:18.913Z</time>
      </trkpt>
      <trkpt lat="50.147040" lon="16.871391">
        <ele>913.231674</ele>
        <time>2026-05-10T22:49:22.164Z</time>
      </trkpt>
      <trkpt lat="50.147281" lon="16.871255">
        <ele>912.009470</ele>
        <time>2026-05-10T22:49:25.856Z</time>
      </trkpt>
      <trkpt lat="50.147552" lon="16.871039">
        <ele>910.446671</ele>
        <time>2026-05-10T22:49:30.272Z</time>
      </trkpt>
      <trkpt lat="50.147637" lon="16.871009">
        <ele>909.999113</ele>
        <time>2026-05-10T22:49:31.550Z</time>
      </trkpt>
      <trkpt lat="50.147728" lon="16.871024">
        <ele>909.529167</ele>
        <time>2026-05-10T22:49:32.879Z</time>
      </trkpt>
      <trkpt lat="50.147823" lon="16.871089">
        <ele>908.996442</ele>
        <time>2026-05-10T22:49:34.403Z</time>
      </trkpt>
      <trkpt lat="50.147911" lon="16.871588">
        <ele>907.293188</ele>
        <time>2026-05-10T22:49:39.275Z</time>
      </trkpt>
      <trkpt lat="50.147956" lon="16.871696">
        <ele>906.869233</ele>
        <time>2026-05-10T22:49:40.458Z</time>
      </trkpt>
      <trkpt lat="50.148023" lon="16.871755">
        <ele>906.474139</ele>
        <time>2026-05-10T22:49:41.562Z</time>
      </trkpt>
      <trkpt lat="50.148599" lon="16.871875">
        <ele>903.489745</ele>
        <time>2026-05-10T22:49:49.768Z</time>
      </trkpt>
      <trkpt lat="50.148733" lon="16.871953">
        <ele>902.783954</ele>
        <time>2026-05-10T22:49:51.784Z</time>
      </trkpt>
      <trkpt lat="50.148920" lon="16.872178">
        <ele>901.686762</ele>
        <time>2026-05-10T22:49:55.125Z</time>
      </trkpt>
      <trkpt lat="50.148944" lon="16.872390">
        <ele>901.045755</ele>
        <time>2026-05-10T22:49:57.065Z</time>
      </trkpt>
      <trkpt lat="50.148893" lon="16.872466">
        <ele>900.718088</ele>
        <time>2026-05-10T22:49:58.046Z</time>
      </trkpt>
      <trkpt lat="50.148607" lon="16.872483">
        <ele>899.388199</ele>
        <time>2026-05-10T22:50:02.074Z</time>
      </trkpt>
      <trkpt lat="50.148461" lon="16.872546">
        <ele>898.684339</ele>
        <time>2026-05-10T22:50:04.204Z</time>
      </trkpt>
      <trkpt lat="50.148381" lon="16.872687">
        <ele>898.123589</ele>
        <time>2026-05-10T22:50:05.910Z</time>
      </trkpt>
      <trkpt lat="50.148306" lon="16.873134">
        <ele>896.747757</ele>
        <time>2026-05-10T22:50:10.143Z</time>
      </trkpt>
      <trkpt lat="50.148200" lon="16.873330">
        <ele>895.984092</ele>
        <time>2026-05-10T22:50:12.596Z</time>
      </trkpt>
      <trkpt lat="50.147974" lon="16.873566">
        <ele>894.720539</ele>
        <time>2026-05-10T22:50:16.877Z</time>
      </trkpt>
      <trkpt lat="50.147632" lon="16.874068">
        <ele>896.168468</ele>
        <time>2026-05-10T22:50:25.326Z</time>
      </trkpt>
      <trkpt lat="50.147301" lon="16.874757">
        <ele>897.912522</ele>
        <time>2026-05-10T22:50:39.196Z</time>
      </trkpt>
      <trkpt lat="50.147115" lon="16.875581">
        <ele>899.681919</ele>
        <time>2026-05-10T22:50:59.330Z</time>
      </trkpt>
      <trkpt lat="50.147030" lon="16.876219">
        <ele>901.549497</ele>
        <time>2026-05-10T22:51:17.021Z</time>
      </trkpt>
      <trkpt lat="50.147060" lon="16.876917">
        <ele>904.222467</ele>
        <time>2026-05-10T22:51:35.128Z</time>
      </trkpt>
      <trkpt lat="50.147221" lon="16.877650">
        <ele>907.183122</ele>
        <time>2026-05-10T22:51:52.521Z</time>
      </trkpt>
      <trkpt lat="50.147210" lon="16.877781">
        <ele>907.687935</ele>
        <time>2026-05-10T22:51:55.205Z</time>
      </trkpt>
      <trkpt lat="50.147130" lon="16.877932">
        <ele>908.436535</ele>
        <time>2026-05-10T22:51:58.972Z</time>
      </trkpt>
      <trkpt lat="50.146336" lon="16.878695">
        <ele>915.687786</ele>
        <time>2026-05-10T22:52:27.001Z</time>
      </trkpt>
      <trkpt lat="50.146160" lon="16.878916">
        <ele>917.823561</ele>
        <time>2026-05-10T22:52:35.067Z</time>
      </trkpt>
      <trkpt lat="50.146130" lon="16.879082">
        <ele>918.868519</ele>
        <time>2026-05-10T22:52:39.395Z</time>
      </trkpt>
      <trkpt lat="50.146462" lon="16.878846">
        <ele>922.317668</ele>
        <time>2026-05-10T22:52:53.677Z</time>
      </trkpt>
      <trkpt lat="50.146889" lon="16.878655">
        <ele>926.517227</ele>
        <time>2026-05-10T22:53:15.397Z</time>
      </trkpt>
      <trkpt lat="50.147396" lon="16.878369">
        <ele>932.665126</ele>
        <time>2026-05-10T22:53:46.624Z</time>
      </trkpt>
      <trkpt lat="50.147994" lon="16.878143">
        <ele>940.228545</ele>
        <time>2026-05-10T22:54:17.855Z</time>
      </trkpt>
      <trkpt lat="50.148074" lon="16.878002">
        <ele>941.712012</ele>
        <time>2026-05-10T22:54:23.139Z</time>
      </trkpt>
      <trkpt lat="50.148059" lon="16.877178">
        <ele>948.205371</ele>
        <time>2026-05-10T22:54:43.290Z</time>
      </trkpt>
      <trkpt lat="50.148190" lon="16.876173">
        <ele>955.731825</ele>
        <time>2026-05-10T22:55:04.920Z</time>
      </trkpt>
      <trkpt lat="50.148316" lon="16.875696">
        <ele>959.425671</ele>
        <time>2026-05-10T22:55:16.810Z</time>
      </trkpt>
      <trkpt lat="50.148476" lon="16.875339">
        <ele>962.544705</ele>
        <time>2026-05-10T22:55:28.133Z</time>
      </trkpt>
      <trkpt lat="50.148738" lon="16.875103">
        <ele>965.924580</ele>
        <time>2026-05-10T22:55:41.860Z</time>
      </trkpt>
      <trkpt lat="50.148944" lon="16.874983">
        <ele>968.381269</ele>
        <time>2026-05-10T22:55:52.860Z</time>
      </trkpt>
      <trkpt lat="50.149391" lon="16.874812">
        <ele>974.899515</ele>
        <time>2026-05-10T22:56:18.265Z</time>
      </trkpt>
      <trkpt lat="50.150174" lon="16.874596">
        <ele>987.598356</ele>
        <time>2026-05-10T22:57:05.592Z</time>
      </trkpt>
      <trkpt lat="50.150176" lon="16.874596">
        <ele>987.630297</ele>
        <time>2026-05-10T22:57:05.678Z</time>
      </trkpt>
      <trkpt lat="50.150878" lon="16.874465">
        <ele>998.921518</ele>
        <time>2026-05-10T22:57:45.518Z</time>
      </trkpt>
      <trkpt lat="50.151222" lon="16.874280">
        <ele>1003.379700</ele>
        <time>2026-05-10T22:58:04.085Z</time>
      </trkpt>
      <trkpt lat="50.151961" lon="16.873789">
        <ele>1013.156576</ele>
        <time>2026-05-10T22:58:38.993Z</time>
      </trkpt>
      <trkpt lat="50.152602" lon="16.872574">
        <ele>1025.528504</ele>
        <time>2026-05-10T22:59:26.923Z</time>
      </trkpt>
      <trkpt lat="50.152938" lon="16.871856">
        <ele>1032.612004</ele>
        <time>2026-05-10T22:59:56.946Z</time>
      </trkpt>
      <trkpt lat="50.153465" lon="16.870951">
        <ele>1042.354845</ele>
        <time>2026-05-10T23:00:41.487Z</time>
      </trkpt>
      <trkpt lat="50.153744" lon="16.870595">
        <ele>1046.884756</ele>
        <time>2026-05-10T23:01:01.035Z</time>
      </trkpt>
      <trkpt lat="50.154148" lon="16.869907">
        <ele>1054.422711</ele>
        <time>2026-05-10T23:01:32.842Z</time>
      </trkpt>
      <trkpt lat="50.154225" lon="16.869706">
        <ele>1056.314294</ele>
        <time>2026-05-10T23:01:40.626Z</time>
      </trkpt>
      <trkpt lat="50.155300" lon="16.868109">
        <ele>1076.250595</ele>
        <time>2026-05-10T23:02:58.869Z</time>
      </trkpt>
      <trkpt lat="50.155476" lon="16.867959">
        <ele>1079.121394</ele>
        <time>2026-05-10T23:03:10.780Z</time>
      </trkpt>
      <trkpt lat="50.155714" lon="16.867633">
        <ele>1083.654642</ele>
        <time>2026-05-10T23:03:29.960Z</time>
      </trkpt>
      <trkpt lat="50.155915" lon="16.867478">
        <ele>1086.864220</ele>
        <time>2026-05-10T23:03:43.827Z</time>
      </trkpt>
      <trkpt lat="50.156101" lon="16.867380">
        <ele>1089.674629</ele>
        <time>2026-05-10T23:03:56.107Z</time>
      </trkpt>
      <trkpt lat="50.156401" lon="16.867297">
        <ele>1094.402142</ele>
        <time>2026-05-10T23:04:15.442Z</time>
      </trkpt>
      <trkpt lat="50.157254" lon="16.867173">
        <ele>1108.608568</ele>
        <time>2026-05-10T23:05:11.807Z</time>
      </trkpt>
      <trkpt lat="50.157662" lon="16.866966">
        <ele>1115.722847</ele>
        <time>2026-05-10T23:05:40.071Z</time>
      </trkpt>
      <trkpt lat="50.158040" lon="16.866853">
        <ele>1121.960146</ele>
        <time>2026-05-10T23:06:04.648Z</time>
      </trkpt>
      <trkpt lat="50.158407" lon="16.866785">
        <ele>1126.478909</ele>
        <time>2026-05-10T23:06:27.734Z</time>
      </trkpt>
      <trkpt lat="50.158712" lon="16.866775">
        <ele>1130.208924</ele>
        <time>2026-05-10T23:06:46.220Z</time>
      </trkpt>
      <trkpt lat="50.159001" lon="16.866822">
        <ele>1133.761615</ele>
        <time>2026-05-10T23:07:03.365Z</time>
      </trkpt>
      <trkpt lat="50.159327" lon="16.867028">
        <ele>1138.061812</ele>
        <time>2026-05-10T23:07:21.668Z</time>
      </trkpt>
      <trkpt lat="50.159544" lon="16.867101">
        <ele>1140.775961</ele>
        <time>2026-05-10T23:07:31.411Z</time>
      </trkpt>
      <trkpt lat="50.159683" lon="16.867090">
        <ele>1142.477677</ele>
        <time>2026-05-10T23:07:36.830Z</time>
      </trkpt>
      <trkpt lat="50.159931" lon="16.866894">
        <ele>1143.701706</ele>
        <time>2026-05-10T23:07:46.084Z</time>
      </trkpt>
      <trkpt lat="50.160159" lon="16.866196">
        <ele>1144.114195</ele>
        <time>2026-05-10T23:07:58.361Z</time>
      </trkpt>
      <trkpt lat="50.160360" lon="16.865834">
        <ele>1144.366397</ele>
        <time>2026-05-10T23:08:03.817Z</time>
      </trkpt>
      <trkpt lat="50.160546" lon="16.865302">
        <ele>1144.685473</ele>
        <time>2026-05-10T23:08:09.924Z</time>
      </trkpt>
      <trkpt lat="50.161022" lon="16.864294">
        <ele>1145.478100</ele>
        <time>2026-05-10T23:08:23.341Z</time>
      </trkpt>
      <trkpt lat="50.161472" lon="16.863457">
        <ele>1146.291881</ele>
        <time>2026-05-10T23:08:38.938Z</time>
      </trkpt>
      <trkpt lat="50.161886" lon="16.862901">
        <ele>1146.926778</ele>
        <time>2026-05-10T23:08:53.823Z</time>
      </trkpt>
      <trkpt lat="50.162323" lon="16.862206">
        <ele>1148.683224</ele>
        <time>2026-05-10T23:09:10.981Z</time>
      </trkpt>
      <trkpt lat="50.162333" lon="16.862056">
        <ele>1149.010828</ele>
        <time>2026-05-10T23:09:13.665Z</time>
      </trkpt>
      <trkpt lat="50.162273" lon="16.861938">
        <ele>1149.338089</ele>
        <time>2026-05-10T23:09:16.351Z</time>
      </trkpt>
      <trkpt lat="50.162199" lon="16.861907">
        <ele>1149.597899</ele>
        <time>2026-05-10T23:09:18.474Z</time>
      </trkpt>
      <trkpt lat="50.161585" lon="16.862268">
        <ele>1151.822732</ele>
        <time>2026-05-10T23:09:37.326Z</time>
      </trkpt>
      <trkpt lat="50.159813" lon="16.862392">
        <ele>1156.381928</ele>
        <time>2026-05-10T23:10:28.586Z</time>
      </trkpt>
      <trkpt lat="50.159559" lon="16.862382">
        <ele>1156.972306</ele>
        <time>2026-05-10T23:10:34.041Z</time>
      </trkpt>
      <trkpt lat="50.159493" lon="16.862394">
        <ele>1157.126699</ele>
        <time>2026-05-10T23:10:35.313Z</time>
      </trkpt>
      <trkpt lat="50.158510" lon="16.862573">
        <ele>1154.789619</ele>
        <time>2026-05-10T23:10:51.103Z</time>
      </trkpt>
      <trkpt lat="50.158164" lon="16.862594">
        <ele>1153.759928</ele>
        <time>2026-05-10T23:10:56.114Z</time>
      </trkpt>
      <trkpt lat="50.157745" lon="16.862500">
        <ele>1152.501127</ele>
        <time>2026-05-10T23:11:02.312Z</time>
      </trkpt>
      <trkpt lat="50.157068" lon="16.862237">
        <ele>1151.870427</ele>
        <time>2026-05-10T23:11:13.051Z</time>
      </trkpt>
      <trkpt lat="50.156013" lon="16.861131">
        <ele>1151.511323</ele>
        <time>2026-05-10T23:11:40.352Z</time>
      </trkpt>
      <trkpt lat="50.155528" lon="16.860836">
        <ele>1152.832440</ele>
        <time>2026-05-10T23:11:54.601Z</time>
      </trkpt>
      <trkpt lat="50.155347" lon="16.860831">
        <ele>1153.291897</ele>
        <time>2026-05-10T23:11:59.502Z</time>
      </trkpt>
      <trkpt lat="50.155228" lon="16.860929">
        <ele>1153.633388</ele>
        <time>2026-05-10T23:12:03.162Z</time>
      </trkpt>
      <trkpt lat="50.154608" lon="16.862030">
        <ele>1156.017016</ele>
        <time>2026-05-10T23:12:28.154Z</time>
      </trkpt>
      <trkpt lat="50.154256" lon="16.862387">
        <ele>1156.746906</ele>
        <time>2026-05-10T23:12:38.344Z</time>
      </trkpt>
      <trkpt lat="50.153563" lon="16.862888">
        <ele>1158.064045</ele>
        <time>2026-05-10T23:12:57.151Z</time>
      </trkpt>
      <trkpt lat="50.152731" lon="16.863364">
        <ele>1158.385612</ele>
        <time>2026-05-10T23:13:17.490Z</time>
      </trkpt>
      <trkpt lat="50.152442" lon="16.863462">
        <ele>1157.542610</ele>
        <time>2026-05-10T23:13:22.812Z</time>
      </trkpt>
      <trkpt lat="50.151904" lon="16.863524">
        <ele>1156.004890</ele>
        <time>2026-05-10T23:13:31.358Z</time>
      </trkpt>
      <trkpt lat="50.151238" lon="16.863736">
        <ele>1154.067400</ele>
        <time>2026-05-10T23:13:41.036Z</time>
      </trkpt>
      <trkpt lat="50.150938" lon="16.863782">
        <ele>1152.043741</ele>
        <time>2026-05-10T23:13:45.199Z</time>
      </trkpt>
      <trkpt lat="50.150700" lon="16.863767">
        <ele>1150.379406</ele>
        <time>2026-05-10T23:13:48.456Z</time>
      </trkpt>
      <trkpt lat="50.150535" lon="16.863664">
        <ele>1149.137690</ele>
        <time>2026-05-10T23:13:50.899Z</time>
      </trkpt>
      <trkpt lat="50.149883" lon="16.862402">
        <ele>1141.879506</ele>
        <time>2026-05-10T23:14:05.024Z</time>
      </trkpt>
      <trkpt lat="50.149739" lon="16.862309">
        <ele>1140.630742</ele>
        <time>2026-05-10T23:14:07.128Z</time>
      </trkpt>
      <trkpt lat="50.149651" lon="16.862335">
        <ele>1139.851572</ele>
        <time>2026-05-10T23:14:08.322Z</time>
      </trkpt>
      <trkpt lat="50.149552" lon="16.862423">
        <ele>1138.860393</ele>
        <time>2026-05-10T23:14:09.824Z</time>
      </trkpt>
      <trkpt lat="50.149165" lon="16.862976">
        <ele>1134.295455</ele>
        <time>2026-05-10T23:14:16.728Z</time>
      </trkpt>
      <trkpt lat="50.148984" lon="16.863178">
        <ele>1132.359594</ele>
        <time>2026-05-10T23:14:19.626Z</time>
      </trkpt>
      <trkpt lat="50.148736" lon="16.863565">
        <ele>1129.308480</ele>
        <time>2026-05-10T23:14:24.193Z</time>
      </trkpt>
      <trkpt lat="50.148317" lon="16.863922">
        <ele>1125.107941</ele>
        <time>2026-05-10T23:14:30.429Z</time>
      </trkpt>
      <trkpt lat="50.147888" lon="16.864372">
        <ele>1120.277382</ele>
        <time>2026-05-10T23:14:37.292Z</time>
      </trkpt>
      <trkpt lat="50.147242" lon="16.864976">
        <ele>1113.239803</ele>
        <time>2026-05-10T23:14:47.317Z</time>
      </trkpt>
      <trkpt lat="50.146637" lon="16.865752">
        <ele>1105.413881</ele>
        <time>2026-05-10T23:14:57.194Z</time>
      </trkpt>
      <trkpt lat="50.146436" lon="16.866217">
        <ele>1101.498916</ele>
        <time>2026-05-10T23:15:01.631Z</time>
      </trkpt>
      <trkpt lat="50.146074" lon="16.867178">
        <ele>1093.718250</ele>
        <time>2026-05-10T23:15:10.538Z</time>
      </trkpt>
      <trkpt lat="50.145888" lon="16.867447">
        <ele>1090.956075</ele>
        <time>2026-05-10T23:15:13.796Z</time>
      </trkpt>
      <trkpt lat="50.145722" lon="16.867566">
        <ele>1089.345841</ele>
        <time>2026-05-10T23:15:16.203Z</time>
      </trkpt>
      <trkpt lat="50.145516" lon="16.867561">
        <ele>1089.083711</ele>
        <time>2026-05-10T23:15:19.036Z</time>
      </trkpt>
      <trkpt lat="50.145288" lon="16.867504">
        <ele>1088.789921</ele>
        <time>2026-05-10T23:15:22.390Z</time>
      </trkpt>
      <trkpt lat="50.144467" lon="16.867044">
        <ele>1087.680046</ele>
        <time>2026-05-10T23:15:39.551Z</time>
      </trkpt>
      <trkpt lat="50.143464" lon="16.866413">
        <ele>1088.223879</ele>
        <time>2026-05-10T23:16:09.799Z</time>
      </trkpt>
      <trkpt lat="50.142833" lon="16.866305">
        <ele>1089.345975</ele>
        <time>2026-05-10T23:16:25.751Z</time>
      </trkpt>
      <trkpt lat="50.142027" lon="16.866584">
        <ele>1090.112223</ele>
        <time>2026-05-10T23:16:41.497Z</time>
      </trkpt>
      <trkpt lat="50.141670" lon="16.866858">
        <ele>1089.875102</ele>
        <time>2026-05-10T23:16:48.422Z</time>
      </trkpt>
      <trkpt lat="50.141438" lon="16.867199">
        <ele>1089.685140</ele>
        <time>2026-05-10T23:16:53.979Z</time>
      </trkpt>
      <trkpt lat="50.141205" lon="16.867628">
        <ele>1089.470344</ele>
        <time>2026-05-10T23:17:00.332Z</time>
      </trkpt>
      <trkpt lat="50.140755" lon="16.868703">
        <ele>1089.041850</ele>
        <time>2026-05-10T23:17:15.468Z</time>
      </trkpt>
      <trkpt lat="50.140352" lon="16.869339">
        <ele>1088.790255</ele>
        <time>2026-05-10T23:17:26.434Z</time>
      </trkpt>
      <trkpt lat="50.139768" lon="16.869918">
        <ele>1088.486547</ele>
        <time>2026-05-10T23:17:39.263Z</time>
      </trkpt>
      <trkpt lat="50.139132" lon="16.870378">
        <ele>1087.443965</ele>
        <time>2026-05-10T23:17:51.253Z</time>
      </trkpt>
      <trkpt lat="50.138967" lon="16.870450">
        <ele>1087.144715</ele>
        <time>2026-05-10T23:17:54.062Z</time>
      </trkpt>
      <trkpt lat="50.138817" lon="16.870450">
        <ele>1086.882724</ele>
        <time>2026-05-10T23:17:56.487Z</time>
      </trkpt>
      <trkpt lat="50.138627" lon="16.870195">
        <ele>1086.444983</ele>
        <time>2026-05-10T23:18:00.531Z</time>
      </trkpt>
      <trkpt lat="50.138844" lon="16.869064">
        <ele>1085.238967</ele>
        <time>2026-05-10T23:18:12.866Z</time>
      </trkpt>
      <trkpt lat="50.139016" lon="16.868142">
        <ele>1084.937656</ele>
        <time>2026-05-10T23:18:23.465Z</time>
      </trkpt>
      <trkpt lat="50.139058" lon="16.867707">
        <ele>1084.799622</ele>
        <time>2026-05-10T23:18:28.564Z</time>
      </trkpt>
      <trkpt lat="50.139114" lon="16.866773">
        <ele>1084.505273</ele>
        <time>2026-05-10T23:18:39.744Z</time>
      </trkpt>
      <trkpt lat="50.138902" lon="16.865093">
        <ele>1087.866902</ele>
        <time>2026-05-10T23:19:05.474Z</time>
      </trkpt>
      <trkpt lat="50.138944" lon="16.864064">
        <ele>1090.440380</ele>
        <time>2026-05-10T23:19:27.146Z</time>
      </trkpt>
      <trkpt lat="50.139014" lon="16.863329">
        <ele>1093.359903</ele>
        <time>2026-05-10T23:19:46.466Z</time>
      </trkpt>
      <trkpt lat="50.139042" lon="16.862214">
        <ele>1099.487367</ele>
        <time>2026-05-10T23:20:18.207Z</time>
      </trkpt>
      <trkpt lat="50.139088" lon="16.861645">
        <ele>1102.636655</ele>
        <time>2026-05-10T23:20:34.561Z</time>
      </trkpt>
      <trkpt lat="50.139156" lon="16.861299">
        <ele>1104.623948</ele>
        <time>2026-05-10T23:20:44.795Z</time>
      </trkpt>
      <trkpt lat="50.139342" lon="16.860880">
        <ele>1107.229260</ele>
        <time>2026-05-10T23:20:58.878Z</time>
      </trkpt>
      <trkpt lat="50.140174" lon="16.860146">
        <ele>1112.798385</ele>
        <time>2026-05-10T23:21:34.759Z</time>
      </trkpt>
      <trkpt lat="50.140830" lon="16.859226">
        <ele>1117.619993</ele>
        <time>2026-05-10T23:22:01.509Z</time>
      </trkpt>
      <trkpt lat="50.141146" lon="16.858239">
        <ele>1119.693007</ele>
        <time>2026-05-10T23:22:20.029Z</time>
      </trkpt>
      <trkpt lat="50.141936" lon="16.855975">
        <ele>1124.525884</ele>
        <time>2026-05-10T23:23:03.614Z</time>
      </trkpt>
      <trkpt lat="50.142071" lon="16.855670">
        <ele>1125.218581</ele>
        <time>2026-05-10T23:23:09.685Z</time>
      </trkpt>
      <trkpt lat="50.142676" lon="16.854616">
        <ele>1127.882356</ele>
        <time>2026-05-10T23:23:34.552Z</time>
      </trkpt>
      <trkpt lat="50.142960" lon="16.854342">
        <ele>1129.262624</ele>
        <time>2026-05-10T23:23:43.911Z</time>
      </trkpt>
      <trkpt lat="50.143223" lon="16.854151">
        <ele>1130.461781</ele>
        <time>2026-05-10T23:23:52.157Z</time>
      </trkpt>
      <trkpt lat="50.143456" lon="16.853897">
        <ele>1131.636712</ele>
        <time>2026-05-10T23:24:00.517Z</time>
      </trkpt>
      <trkpt lat="50.143813" lon="16.853282">
        <ele>1133.834948</ele>
        <time>2026-05-10T23:24:17.233Z</time>
      </trkpt>
      <trkpt lat="50.143983" lon="16.852848">
        <ele>1135.182435</ele>
        <time>2026-05-10T23:24:27.886Z</time>
      </trkpt>
      <trkpt lat="50.144083" lon="16.852454">
        <ele>1136.844206</ele>
        <time>2026-05-10T23:24:36.894Z</time>
      </trkpt>
      <trkpt lat="50.144269" lon="16.852020">
        <ele>1138.934757</ele>
        <time>2026-05-10T23:24:48.324Z</time>
      </trkpt>
      <trkpt lat="50.144527" lon="16.851554">
        <ele>1141.400536</ele>
        <time>2026-05-10T23:25:02.706Z</time>
      </trkpt>
      <trkpt lat="50.144822" lon="16.851151">
        <ele>1143.850240</ele>
        <time>2026-05-10T23:25:17.683Z</time>
      </trkpt>
      <trkpt lat="50.145344" lon="16.850717">
        <ele>1147.526492</ele>
        <time>2026-05-10T23:25:40.316Z</time>
      </trkpt>
      <trkpt lat="50.145551" lon="16.850634">
        <ele>1148.837497</ele>
        <time>2026-05-10T23:25:48.175Z</time>
      </trkpt>
      <trkpt lat="50.145752" lon="16.850629">
        <ele>1150.070606</ele>
        <time>2026-05-10T23:25:55.461Z</time>
      </trkpt>
      <trkpt lat="50.146083" lon="16.850691">
        <ele>1152.115566</ele>
        <time>2026-05-10T23:26:07.176Z</time>
      </trkpt>
      <trkpt lat="50.146362" lon="16.850820">
        <ele>1153.900522</ele>
        <time>2026-05-10T23:26:17.342Z</time>
      </trkpt>
      <trkpt lat="50.147065" lon="16.851389">
        <ele>1157.913794</ele>
        <time>2026-05-10T23:26:45.266Z</time>
      </trkpt>
      <trkpt lat="50.147541" lon="16.851823">
        <ele>1158.985502</ele>
        <time>2026-05-10T23:27:02.916Z</time>
      </trkpt>
      <trkpt lat="50.147789" lon="16.851978">
        <ele>1159.504841</ele>
        <time>2026-05-10T23:27:10.058Z</time>
      </trkpt>
      <trkpt lat="50.148104" lon="16.852082">
        <ele>1160.130753</ele>
        <time>2026-05-10T23:27:17.136Z</time>
      </trkpt>
      <trkpt lat="50.148528" lon="16.852154">
        <ele>1160.959871</ele>
        <time>2026-05-10T23:27:24.455Z</time>
      </trkpt>
      <trkpt lat="50.148823" lon="16.852138">
        <ele>1159.614722</ele>
        <time>2026-05-10T23:27:28.891Z</time>
      </trkpt>
      <trkpt lat="50.149066" lon="16.852076">
        <ele>1158.310423</ele>
        <time>2026-05-10T23:27:32.364Z</time>
      </trkpt>
      <trkpt lat="50.150068" lon="16.851363">
        <ele>1152.476952</ele>
        <time>2026-05-10T23:27:47.484Z</time>
      </trkpt>
      <trkpt lat="50.150880" lon="16.850453">
        <ele>1148.373376</ele>
        <time>2026-05-10T23:28:02.171Z</time>
      </trkpt>
      <trkpt lat="50.151454" lon="16.849632">
        <ele>1145.389711</ele>
        <time>2026-05-10T23:28:14.142Z</time>
      </trkpt>
      <trkpt lat="50.152125" lon="16.848505">
        <ele>1144.307229</ele>
        <time>2026-05-10T23:28:30.145Z</time>
      </trkpt>
      <trkpt lat="50.152446" lon="16.847642">
        <ele>1144.068398</ele>
        <time>2026-05-10T23:28:43.589Z</time>
      </trkpt>
      <trkpt lat="50.152580" lon="16.847455">
        <ele>1144.001253</ele>
        <time>2026-05-10T23:28:47.687Z</time>
      </trkpt>
      <trkpt lat="50.152867" lon="16.847179">
        <ele>1144.078468</ele>
        <time>2026-05-10T23:28:55.864Z</time>
      </trkpt>
      <trkpt lat="50.152872" lon="16.847019">
        <ele>1144.192494</ele>
        <time>2026-05-10T23:28:58.451Z</time>
      </trkpt>
      <trkpt lat="50.152845" lon="16.846936">
        <ele>1144.258754</ele>
        <time>2026-05-10T23:28:59.942Z</time>
      </trkpt>
      <trkpt lat="50.152821" lon="16.846864">
        <ele>1144.316525</ele>
        <time>2026-05-10T23:29:01.304Z</time>
      </trkpt>
      <trkpt lat="50.152646" lon="16.846762">
        <ele>1144.524054</ele>
        <time>2026-05-10T23:29:05.889Z</time>
      </trkpt>
      <trkpt lat="50.152328" lon="16.846660">
        <ele>1144.884714</ele>
        <time>2026-05-10T23:29:13.831Z</time>
      </trkpt>
      <trkpt lat="50.151832" lon="16.846263">
        <ele>1145.503977</ele>
        <time>2026-05-10T23:29:25.373Z</time>
      </trkpt>
      <trkpt lat="50.151318" lon="16.845920">
        <ele>1146.318241</ele>
        <time>2026-05-10T23:29:35.623Z</time>
      </trkpt>
      <trkpt lat="50.151007" lon="16.845659">
        <ele>1147.088806</ele>
        <time>2026-05-10T23:29:43.400Z</time>
      </trkpt>
      <trkpt lat="50.150731" lon="16.845329">
        <ele>1147.847533</ele>
        <time>2026-05-10T23:29:52.137Z</time>
      </trkpt>
      <trkpt lat="50.150740" lon="16.845210">
        <ele>1148.015084</ele>
        <time>2026-05-10T23:29:53.706Z</time>
      </trkpt>
      <trkpt lat="50.150673" lon="16.845053">
        <ele>1148.278846</ele>
        <time>2026-05-10T23:29:56.036Z</time>
      </trkpt>
      <trkpt lat="50.150349" lon="16.844704">
        <ele>1149.137938</ele>
        <time>2026-05-10T23:30:04.211Z</time>
      </trkpt>
      <trkpt lat="50.150216" lon="16.844514">
        <ele>1149.531408</ele>
        <time>2026-05-10T23:30:08.243Z</time>
      </trkpt>
      <trkpt lat="50.150058" lon="16.844144">
        <ele>1149.804091</ele>
        <time>2026-05-10T23:30:14.641Z</time>
      </trkpt>
      <trkpt lat="50.149656" lon="16.843068">
        <ele>1149.542944</ele>
        <time>2026-05-10T23:30:28.227Z</time>
      </trkpt>
      <trkpt lat="50.149485" lon="16.842484">
        <ele>1149.408319</ele>
        <time>2026-05-10T23:30:32.089Z</time>
      </trkpt>
      <trkpt lat="50.149472" lon="16.842376">
        <ele>1149.385279</ele>
        <time>2026-05-10T23:30:32.700Z</time>
      </trkpt>
      <trkpt lat="50.149463" lon="16.842305">
        <ele>1149.370104</ele>
        <time>2026-05-10T23:30:33.090Z</time>
      </trkpt>
      <trkpt lat="50.149498" lon="16.841920">
        <ele>1149.288573</ele>
        <time>2026-05-10T23:30:35.153Z</time>
      </trkpt>
      <trkpt lat="50.149552" lon="16.841773">
        <ele>1149.153158</ele>
        <time>2026-05-10T23:30:36.026Z</time>
      </trkpt>
      <trkpt lat="50.150334" lon="16.840501">
        <ele>1144.187551</ele>
        <time>2026-05-10T23:30:44.905Z</time>
      </trkpt>
      <trkpt lat="50.150597" lon="16.840240">
        <ele>1142.817408</ele>
        <time>2026-05-10T23:30:47.497Z</time>
      </trkpt>
      <trkpt lat="50.151601" lon="16.839415">
        <ele>1138.024204</ele>
        <time>2026-05-10T23:30:57.617Z</time>
      </trkpt>
      <trkpt lat="50.152122" lon="16.838902">
        <ele>1135.465838</ele>
        <time>2026-05-10T23:31:02.672Z</time>
      </trkpt>
      <trkpt lat="50.152167" lon="16.838809">
        <ele>1135.155724</ele>
        <time>2026-05-10T23:31:03.247Z</time>
      </trkpt>
      <trkpt lat="50.152187" lon="16.838702">
        <ele>1134.859124</ele>
        <time>2026-05-10T23:31:03.803Z</time>
      </trkpt>
      <trkpt lat="50.152165" lon="16.838082">
        <ele>1133.417302</ele>
        <time>2026-05-10T23:31:06.839Z</time>
      </trkpt>
      <trkpt lat="50.152079" lon="16.837336">
        <ele>1132.027133</ele>
        <time>2026-05-10T23:31:10.584Z</time>
      </trkpt>
      <trkpt lat="50.152045" lon="16.836795">
        <ele>1131.030149</ele>
        <time>2026-05-10T23:31:13.428Z</time>
      </trkpt>
      <trkpt lat="50.152117" lon="16.835627">
        <ele>1128.878086</ele>
        <time>2026-05-10T23:31:21.474Z</time>
      </trkpt>
      <trkpt lat="50.152206" lon="16.835196">
        <ele>1129.142464</ele>
        <time>2026-05-10T23:31:26.423Z</time>
      </trkpt>
      <trkpt lat="50.152252" lon="16.835047">
        <ele>1129.321622</ele>
        <time>2026-05-10T23:31:28.534Z</time>
      </trkpt>
      <trkpt lat="50.152364" lon="16.834820">
        <ele>1129.631965</ele>
        <time>2026-05-10T23:31:32.311Z</time>
      </trkpt>
      <trkpt lat="50.152499" lon="16.834651">
        <ele>1129.924538</ele>
        <time>2026-05-10T23:31:35.818Z</time>
      </trkpt>
      <trkpt lat="50.152704" lon="16.834513">
        <ele>1130.301967</ele>
        <time>2026-05-10T23:31:40.532Z</time>
      </trkpt>
      <trkpt lat="50.153902" lon="16.833956">
        <ele>1131.546777</ele>
        <time>2026-05-10T23:31:58.963Z</time>
      </trkpt>
      <trkpt lat="50.155113" lon="16.833051">
        <ele>1130.729791</ele>
        <time>2026-05-10T23:32:12.569Z</time>
      </trkpt>
      <trkpt lat="50.155761" lon="16.832681">
        <ele>1129.028005</ele>
        <time>2026-05-10T23:32:19.049Z</time>
      </trkpt>
      <trkpt lat="50.156197" lon="16.832324">
        <ele>1127.696697</ele>
        <time>2026-05-10T23:32:23.489Z</time>
      </trkpt>
      <trkpt lat="50.155282" lon="16.832667">
        <ele>1124.898899</ele>
        <time>2026-05-10T23:32:31.361Z</time>
      </trkpt>
      <trkpt lat="50.154120" lon="16.833421">
        <ele>1120.202921</ele>
        <time>2026-05-10T23:32:41.866Z</time>
      </trkpt>
      <trkpt lat="50.153754" lon="16.833582">
        <ele>1118.658133</ele>
        <time>2026-05-10T23:32:45.188Z</time>
      </trkpt>
      <trkpt lat="50.153428" lon="16.833675">
        <ele>1116.939698</ele>
        <time>2026-05-10T23:32:48.028Z</time>
      </trkpt>
      <trkpt lat="50.153081" lon="16.833746">
        <ele>1115.124979</ele>
        <time>2026-05-10T23:32:50.915Z</time>
      </trkpt>
      <trkpt lat="50.152761" lon="16.833762">
        <ele>1113.464812</ele>
        <time>2026-05-10T23:32:53.444Z</time>
      </trkpt>
      <trkpt lat="50.152250" lon="16.833686">
        <ele>1110.803087</ele>
        <time>2026-05-10T23:32:57.363Z</time>
      </trkpt>
      <trkpt lat="50.151943" lon="16.833569">
        <ele>1109.421887</ele>
        <time>2026-05-10T23:32:59.754Z</time>
      </trkpt>
      <trkpt lat="50.151536" lon="16.833562">
        <ele>1108.193771</ele>
        <time>2026-05-10T23:33:02.829Z</time>
      </trkpt>
      <trkpt lat="50.151431" lon="16.833186">
        <ele>1107.400788</ele>
        <time>2026-05-10T23:33:04.900Z</time>
      </trkpt>
      <trkpt lat="50.151272" lon="16.832894">
        <ele>1106.659930</ele>
        <time>2026-05-10T23:33:06.910Z</time>
      </trkpt>
      <trkpt lat="50.150998" lon="16.832402">
        <ele>1105.399643</ele>
        <time>2026-05-10T23:33:10.731Z</time>
      </trkpt>
      <trkpt lat="50.151272" lon="16.832894">
        <ele>1104.736130</ele>
        <time>2026-05-10T23:33:18.025Z</time>
      </trkpt>
      <trkpt lat="50.151431" lon="16.833186">
        <ele>1106.062963</ele>
        <time>2026-05-10T23:33:23.758Z</time>
      </trkpt>
      <trkpt lat="50.151536" lon="16.833562">
        <ele>1107.483149</ele>
        <time>2026-05-10T23:33:30.714Z</time>
      </trkpt>
      <trkpt lat="50.151943" lon="16.833569">
        <ele>1109.682632</ele>
        <time>2026-05-10T23:33:43.103Z</time>
      </trkpt>
      <trkpt lat="50.152250" lon="16.833686">
        <ele>1111.390348</ele>
        <time>2026-05-10T23:33:52.709Z</time>
      </trkpt>
      <trkpt lat="50.152761" lon="16.833762">
        <ele>1114.143446</ele>
        <time>2026-05-10T23:34:07.970Z</time>
      </trkpt>
      <trkpt lat="50.153081" lon="16.833746">
        <ele>1115.481087</ele>
        <time>2026-05-10T23:34:16.314Z</time>
      </trkpt>
      <trkpt lat="50.153428" lon="16.833675">
        <ele>1116.943253</ele>
        <time>2026-05-10T23:34:24.239Z</time>
      </trkpt>
      <trkpt lat="50.153754" lon="16.833582">
        <ele>1118.327842</ele>
        <time>2026-05-10T23:34:31.088Z</time>
      </trkpt>
      <trkpt lat="50.154120" lon="16.833421">
        <ele>1119.916560</ele>
        <time>2026-05-10T23:34:38.473Z</time>
      </trkpt>
      <trkpt lat="50.155282" lon="16.832667">
        <ele>1124.589844</ele>
        <time>2026-05-10T23:35:05.913Z</time>
      </trkpt>
      <trkpt lat="50.156197" lon="16.832324">
        <ele>1127.879894</ele>
        <time>2026-05-10T23:35:25.452Z</time>
      </trkpt>
      <trkpt lat="50.156313" lon="16.832357">
        <ele>1128.164026</ele>
        <time>2026-05-10T23:35:28.627Z</time>
      </trkpt>
      <trkpt lat="50.156403" lon="16.832495">
        <ele>1128.468045</ele>
        <time>2026-05-10T23:35:32.056Z</time>
      </trkpt>
      <trkpt lat="50.156459" lon="16.832748">
        <ele>1128.881302</ele>
        <time>2026-05-10T23:35:36.658Z</time>
      </trkpt>
      <trkpt lat="50.156491" lon="16.833043">
        <ele>1129.343230</ele>
        <time>2026-05-10T23:35:41.713Z</time>
      </trkpt>
      <trkpt lat="50.156504" lon="16.833407">
        <ele>1129.906077</ele>
        <time>2026-05-10T23:35:47.542Z</time>
      </trkpt>
      <trkpt lat="50.156487" lon="16.833642">
        <ele>1130.271196</ele>
        <time>2026-05-10T23:35:51.250Z</time>
      </trkpt>
      <trkpt lat="50.156382" lon="16.834308">
        <ele>1131.330099</ele>
        <time>2026-05-10T23:36:02.142Z</time>
      </trkpt>
      <trkpt lat="50.156418" lon="16.835665">
        <ele>1132.859687</ele>
        <time>2026-05-10T23:36:23.480Z</time>
      </trkpt>
      <trkpt lat="50.156808" lon="16.838114">
        <ele>1134.233627</ele>
        <time>2026-05-10T23:36:58.714Z</time>
      </trkpt>
      <trkpt lat="50.156921" lon="16.838965">
        <ele>1133.734516</ele>
        <time>2026-05-10T23:37:09.946Z</time>
      </trkpt>
      <trkpt lat="50.156957" lon="16.839537">
        <ele>1133.404438</ele>
        <time>2026-05-10T23:37:16.817Z</time>
      </trkpt>
      <trkpt lat="50.156911" lon="16.840424">
        <ele>1132.758611</ele>
        <time>2026-05-10T23:37:25.993Z</time>
      </trkpt>
      <trkpt lat="50.156917" lon="16.840748">
        <ele>1131.092136</ele>
        <time>2026-05-10T23:37:29.064Z</time>
      </trkpt>
      <trkpt lat="50.156988" lon="16.841273">
        <ele>1128.333482</ele>
        <time>2026-05-10T23:37:33.843Z</time>
      </trkpt>
      <trkpt lat="50.157106" lon="16.841619">
        <ele>1126.318275</ele>
        <time>2026-05-10T23:37:37.162Z</time>
      </trkpt>
      <trkpt lat="50.157210" lon="16.841771">
        <ele>1125.174948</ele>
        <time>2026-05-10T23:37:38.998Z</time>
      </trkpt>
      <trkpt lat="50.157602" lon="16.842139">
        <ele>1121.504147</ele>
        <time>2026-05-10T23:37:44.738Z</time>
      </trkpt>
      <trkpt lat="50.157783" lon="16.842216">
        <ele>1119.998702</ele>
        <time>2026-05-10T23:37:47.057Z</time>
      </trkpt>
      <trkpt lat="50.158320" lon="16.842257">
        <ele>1118.273272</ele>
        <time>2026-05-10T23:37:54.053Z</time>
      </trkpt>
      <trkpt lat="50.158899" lon="16.842512">
        <ele>1117.921365</ele>
        <time>2026-05-10T23:38:04.401Z</time>
      </trkpt>
      <trkpt lat="50.159559" lon="16.843097">
        <ele>1117.477398</ele>
        <time>2026-05-10T23:38:27.036Z</time>
      </trkpt>
      <trkpt lat="50.160065" lon="16.843474">
        <ele>1118.873608</ele>
        <time>2026-05-10T23:38:48.430Z</time>
      </trkpt>
      <trkpt lat="50.160202" lon="16.843528">
        <ele>1119.308616</ele>
        <time>2026-05-10T23:38:53.172Z</time>
      </trkpt>
      <trkpt lat="50.160341" lon="16.843496">
        <ele>1119.741171</ele>
        <time>2026-05-10T23:38:57.335Z</time>
      </trkpt>
      <trkpt lat="50.161448" lon="16.842268">
        <ele>1122.936724</ele>
        <time>2026-05-10T23:39:27.669Z</time>
      </trkpt>
      <trkpt lat="50.161804" lon="16.841922">
        <ele>1122.902689</ele>
        <time>2026-05-10T23:39:37.958Z</time>
      </trkpt>
      <trkpt lat="50.162267" lon="16.841535">
        <ele>1122.860065</ele>
        <time>2026-05-10T23:39:48.864Z</time>
      </trkpt>
      <trkpt lat="50.162388" lon="16.841353">
        <ele>1122.846428</ele>
        <time>2026-05-10T23:39:51.765Z</time>
      </trkpt>
      <trkpt lat="50.162419" lon="16.841227">
        <ele>1122.839411</ele>
        <time>2026-05-10T23:39:53.199Z</time>
      </trkpt>
      <trkpt lat="50.162426" lon="16.841018">
        <ele>1122.828530</ele>
        <time>2026-05-10T23:39:55.353Z</time>
      </trkpt>
      <trkpt lat="50.162355" lon="16.840166">
        <ele>1122.472217</ele>
        <time>2026-05-10T23:40:03.716Z</time>
      </trkpt>
      <trkpt lat="50.162397" lon="16.839745">
        <ele>1122.235665</ele>
        <time>2026-05-10T23:40:07.767Z</time>
      </trkpt>
      <trkpt lat="50.162480" lon="16.839193">
        <ele>1121.920873</ele>
        <time>2026-05-10T23:40:13.352Z</time>
      </trkpt>
      <trkpt lat="50.162545" lon="16.838993">
        <ele>1121.796363</ele>
        <time>2026-05-10T23:40:15.723Z</time>
      </trkpt>
      <trkpt lat="50.162638" lon="16.838805">
        <ele>1121.664491</ele>
        <time>2026-05-10T23:40:18.409Z</time>
      </trkpt>
      <trkpt lat="50.162914" lon="16.838455">
        <ele>1121.356314</ele>
        <time>2026-05-10T23:40:26.119Z</time>
      </trkpt>
      <trkpt lat="50.163641" lon="16.837677">
        <ele>1126.813612</ele>
        <time>2026-05-10T23:40:59.298Z</time>
      </trkpt>
      <trkpt lat="50.163963" lon="16.837492">
        <ele>1129.298785</ele>
        <time>2026-05-10T23:41:14.757Z</time>
      </trkpt>
      <trkpt lat="50.164346" lon="16.837465">
        <ele>1132.075664</ele>
        <time>2026-05-10T23:41:31.635Z</time>
      </trkpt>
      <trkpt lat="50.164682" lon="16.837579">
        <ele>1134.478489</ele>
        <time>2026-05-10T23:41:46.012Z</time>
      </trkpt>
      <trkpt lat="50.165324" lon="16.838111">
        <ele>1138.103475</ele>
        <time>2026-05-10T23:42:13.319Z</time>
      </trkpt>
      <trkpt lat="50.166243" lon="16.838681">
        <ele>1143.035302</ele>
        <time>2026-05-10T23:42:41.230Z</time>
      </trkpt>
      <trkpt lat="50.166499" lon="16.838904">
        <ele>1144.221622</ele>
        <time>2026-05-10T23:42:48.315Z</time>
      </trkpt>
      <trkpt lat="50.167207" lon="16.839632">
        <ele>1147.511208</ele>
        <time>2026-05-10T23:43:10.936Z</time>
      </trkpt>
      <trkpt lat="50.167409" lon="16.839964">
        <ele>1148.649317</ele>
        <time>2026-05-10T23:43:19.964Z</time>
      </trkpt>
      <trkpt lat="50.167557" lon="16.840434">
        <ele>1149.951021</ele>
        <time>2026-05-10T23:43:31.036Z</time>
      </trkpt>
      <trkpt lat="50.167630" lon="16.840772">
        <ele>1151.355785</ele>
        <time>2026-05-10T23:43:39.100Z</time>
      </trkpt>
      <trkpt lat="50.167699" lon="16.841488">
        <ele>1154.701343</ele>
        <time>2026-05-10T23:43:57.321Z</time>
      </trkpt>
      <trkpt lat="50.167700" lon="16.842048">
        <ele>1157.288868</ele>
        <time>2026-05-10T23:44:12.928Z</time>
      </trkpt>
      <trkpt lat="50.167665" lon="16.842377">
        <ele>1158.829857</ele>
        <time>2026-05-10T23:44:22.634Z</time>
      </trkpt>
      <trkpt lat="50.167559" lon="16.842890">
        <ele>1161.320487</ele>
        <time>2026-05-10T23:44:36.439Z</time>
      </trkpt>
      <trkpt lat="50.167486" lon="16.843095">
        <ele>1162.404238</ele>
        <time>2026-05-10T23:44:41.658Z</time>
      </trkpt>
      <trkpt lat="50.167180" lon="16.843677">
        <ele>1164.419626</ele>
        <time>2026-05-10T23:44:58.029Z</time>
      </trkpt>
      <trkpt lat="50.167107" lon="16.843875">
        <ele>1164.897509</ele>
        <time>2026-05-10T23:45:03.004Z</time>
      </trkpt>
      <trkpt lat="50.167108" lon="16.844074">
        <ele>1165.313790</ele>
        <time>2026-05-10T23:45:07.131Z</time>
      </trkpt>
      <trkpt lat="50.167166" lon="16.844242">
        <ele>1165.713005</ele>
        <time>2026-05-10T23:45:10.711Z</time>
      </trkpt>
      <trkpt lat="50.167609" lon="16.845320">
        <ele>1168.392120</ele>
        <time>2026-05-10T23:45:31.006Z</time>
      </trkpt>
      <trkpt lat="50.168005" lon="16.846060">
        <ele>1168.378088</ele>
        <time>2026-05-10T23:45:44.133Z</time>
      </trkpt>
      <trkpt lat="50.168523" lon="16.846791">
        <ele>1167.167131</ele>
        <time>2026-05-10T23:45:56.395Z</time>
      </trkpt>
      <trkpt lat="50.168682" lon="16.846944">
        <ele>1166.843214</ele>
        <time>2026-05-10T23:45:59.255Z</time>
      </trkpt>
      <trkpt lat="50.168912" lon="16.847043">
        <ele>1166.429453</ele>
        <time>2026-05-10T23:46:02.802Z</time>
      </trkpt>
      <trkpt lat="50.169919" lon="16.847046">
        <ele>1164.165561</ele>
        <time>2026-05-10T23:46:17.405Z</time>
      </trkpt>
      <trkpt lat="50.170419" lon="16.847011">
        <ele>1162.946696</ele>
        <time>2026-05-10T23:46:25.267Z</time>
      </trkpt>
      <trkpt lat="50.171097" lon="16.847162">
        <ele>1161.117773</ele>
        <time>2026-05-10T23:46:39.742Z</time>
      </trkpt>
      <trkpt lat="50.171623" lon="16.847344">
        <ele>1159.110968</ele>
        <time>2026-05-10T23:46:51.419Z</time>
      </trkpt>
      <trkpt lat="50.171811" lon="16.847354">
        <ele>1158.410291</ele>
        <time>2026-05-10T23:46:54.616Z</time>
      </trkpt>
      <trkpt lat="50.171979" lon="16.847309">
        <ele>1157.775375</ele>
        <time>2026-05-10T23:46:57.243Z</time>
      </trkpt>
      <trkpt lat="50.172167" lon="16.847188">
        <ele>1157.017939</ele>
        <time>2026-05-10T23:47:00.166Z</time>
      </trkpt>
      <trkpt lat="50.172521" lon="16.847035">
        <ele>1155.649756</ele>
        <time>2026-05-10T23:47:05.098Z</time>
      </trkpt>
      <trkpt lat="50.172688" lon="16.846733">
        <ele>1154.550219</ele>
        <time>2026-05-10T23:47:08.412Z</time>
      </trkpt>
      <trkpt lat="50.172814" lon="16.846578">
        <ele>1153.477030</ele>
        <time>2026-05-10T23:47:10.461Z</time>
      </trkpt>
      <trkpt lat="50.172877" lon="16.846462">
        <ele>1152.825326</ele>
        <time>2026-05-10T23:47:11.711Z</time>
      </trkpt>
      <trkpt lat="50.172895" lon="16.846348">
        <ele>1152.322216</ele>
        <time>2026-05-10T23:47:12.668Z</time>
      </trkpt>
      <trkpt lat="50.172868" lon="16.845637">
        <ele>1149.270259</ele>
        <time>2026-05-10T23:47:18.528Z</time>
      </trkpt>
      <trkpt lat="50.172904" lon="16.845095">
        <ele>1146.935355</ele>
        <time>2026-05-10T23:47:23.155Z</time>
      </trkpt>
      <trkpt lat="50.173048" lon="16.844311">
        <ele>1143.440541</ele>
        <time>2026-05-10T23:47:30.830Z</time>
      </trkpt>
      <trkpt lat="50.173181" lon="16.843942">
        <ele>1143.688955</ele>
        <time>2026-05-10T23:47:35.865Z</time>
      </trkpt>
      <trkpt lat="50.173396" lon="16.843477">
        <ele>1145.373865</ele>
        <time>2026-05-10T23:47:45.829Z</time>
      </trkpt>
      <trkpt lat="50.173567" lon="16.843260">
        <ele>1146.384659</ele>
        <time>2026-05-10T23:47:53.091Z</time>
      </trkpt>
      <trkpt lat="50.173881" lon="16.843054">
        <ele>1147.946988</ele>
        <time>2026-05-10T23:48:05.571Z</time>
      </trkpt>
      <trkpt lat="50.174351" lon="16.842829">
        <ele>1150.201983</ele>
        <time>2026-05-10T23:48:25.271Z</time>
      </trkpt>
      <trkpt lat="50.174472" lon="16.842795">
        <ele>1150.765938</ele>
        <time>2026-05-10T23:48:30.364Z</time>
      </trkpt>
      <trkpt lat="50.174739" lon="16.842814">
        <ele>1152.058766</ele>
        <time>2026-05-10T23:48:41.243Z</time>
      </trkpt>
      <trkpt lat="50.175360" lon="16.843099">
        <ele>1155.250334</ele>
        <time>2026-05-10T23:49:05.452Z</time>
      </trkpt>
      <trkpt lat="50.175813" lon="16.843397">
        <ele>1157.674138</ele>
        <time>2026-05-10T23:49:20.423Z</time>
      </trkpt>
      <trkpt lat="50.176397" lon="16.843896">
        <ele>1160.171312</ele>
        <time>2026-05-10T23:49:37.250Z</time>
      </trkpt>
      <trkpt lat="50.176985" lon="16.844215">
        <ele>1160.799322</ele>
        <time>2026-05-10T23:49:50.020Z</time>
      </trkpt>
      <trkpt lat="50.177303" lon="16.844449">
        <ele>1161.153987</ele>
        <time>2026-05-10T23:49:56.541Z</time>
      </trkpt>
      <trkpt lat="50.177748" lon="16.844942">
        <ele>1161.704459</ele>
        <time>2026-05-10T23:50:06.945Z</time>
      </trkpt>
      <trkpt lat="50.177851" lon="16.845096">
        <ele>1162.060323</ele>
        <time>2026-05-10T23:50:10.247Z</time>
      </trkpt>
      <trkpt lat="50.177930" lon="16.845324">
        <ele>1162.778959</ele>
        <time>2026-05-10T23:50:14.392Z</time>
      </trkpt>
      <trkpt lat="50.177934" lon="16.845408">
        <ele>1163.012464</ele>
        <time>2026-05-10T23:50:15.786Z</time>
      </trkpt>
      <trkpt lat="50.177942" lon="16.845558">
        <ele>1163.429728</ele>
        <time>2026-05-10T23:50:18.508Z</time>
      </trkpt>
      <trkpt lat="50.177920" lon="16.845676">
        <ele>1163.770424</ele>
        <time>2026-05-10T23:50:20.755Z</time>
      </trkpt>
      <trkpt lat="50.177848" lon="16.845830">
        <ele>1164.299001</ele>
        <time>2026-05-10T23:50:24.517Z</time>
      </trkpt>
      <trkpt lat="50.177359" lon="16.846423">
        <ele>1166.979136</ele>
        <time>2026-05-10T23:50:46.839Z</time>
      </trkpt>
      <trkpt lat="50.176853" lon="16.847360">
        <ele>1169.864932</ele>
        <time>2026-05-10T23:51:13.846Z</time>
      </trkpt>
      <trkpt lat="50.176541" lon="16.847735">
        <ele>1170.488130</ele>
        <time>2026-05-10T23:51:23.674Z</time>
      </trkpt>
      <trkpt lat="50.176536" lon="16.847835">
        <ele>1170.589806</ele>
        <time>2026-05-10T23:51:25.165Z</time>
      </trkpt>
      <trkpt lat="50.176766" lon="16.848357">
        <ele>1171.232082</ele>
        <time>2026-05-10T23:51:33.540Z</time>
      </trkpt>
      <trkpt lat="50.176822" lon="16.848559">
        <ele>1171.455205</ele>
        <time>2026-05-10T23:51:36.297Z</time>
      </trkpt>
      <trkpt lat="50.176837" lon="16.848947">
        <ele>1171.849226</ele>
        <time>2026-05-10T23:51:40.986Z</time>
      </trkpt>
      <trkpt lat="50.176818" lon="16.849067">
        <ele>1171.974528</ele>
        <time>2026-05-10T23:51:42.478Z</time>
      </trkpt>
      <trkpt lat="50.176763" lon="16.849208">
        <ele>1172.141881</ele>
        <time>2026-05-10T23:51:44.487Z</time>
      </trkpt>
      <trkpt lat="50.176461" lon="16.849572">
        <ele>1172.143397</ele>
        <time>2026-05-10T23:51:51.816Z</time>
      </trkpt>
      <trkpt lat="50.176241" lon="16.850068">
        <ele>1171.635266</ele>
        <time>2026-05-10T23:51:59.495Z</time>
      </trkpt>
      <trkpt lat="50.176156" lon="16.850698">
        <ele>1171.093036</ele>
        <time>2026-05-10T23:52:07.254Z</time>
      </trkpt>
      <trkpt lat="50.176153" lon="16.850974">
        <ele>1170.860556</ele>
        <time>2026-05-10T23:52:10.317Z</time>
      </trkpt>
      <trkpt lat="50.176204" lon="16.851428">
        <ele>1170.472362</ele>
        <time>2026-05-10T23:52:15.130Z</time>
      </trkpt>
      <trkpt lat="50.176174" lon="16.851643">
        <ele>1170.287042</ele>
        <time>2026-05-10T23:52:17.301Z</time>
      </trkpt>
      <trkpt lat="50.176029" lon="16.852088">
        <ele>1169.749149</ele>
        <time>2026-05-10T23:52:22.036Z</time>
      </trkpt>
      <trkpt lat="50.175861" lon="16.852448">
        <ele>1169.135802</ele>
        <time>2026-05-10T23:52:26.202Z</time>
      </trkpt>
      <trkpt lat="50.175598" lon="16.852904">
        <ele>1168.290817</ele>
        <time>2026-05-10T23:52:32.038Z</time>
      </trkpt>
      <trkpt lat="50.175384" lon="16.853180">
        <ele>1167.694047</ele>
        <time>2026-05-10T23:52:36.358Z</time>
      </trkpt>
      <trkpt lat="50.174587" lon="16.854075">
        <ele>1166.978843</ele>
        <time>2026-05-10T23:52:54.915Z</time>
      </trkpt>
      <trkpt lat="50.174276" lon="16.854369">
        <ele>1168.012358</ele>
        <time>2026-05-10T23:53:04.141Z</time>
      </trkpt>
      <trkpt lat="50.173812" lon="16.854954">
        <ele>1169.707736</ele>
        <time>2026-05-10T23:53:23.817Z</time>
      </trkpt>
      <trkpt lat="50.173387" lon="16.855258">
        <ele>1171.036661</ele>
        <time>2026-05-10T23:53:38.117Z</time>
      </trkpt>
      <trkpt lat="50.173028" lon="16.855294">
        <ele>1170.541208</ele>
        <time>2026-05-10T23:53:47.096Z</time>
      </trkpt>
      <trkpt lat="50.172948" lon="16.855339">
        <ele>1170.301297</ele>
        <time>2026-05-10T23:53:49.125Z</time>
      </trkpt>
      <trkpt lat="50.172931" lon="16.855426">
        <ele>1170.136933</ele>
        <time>2026-05-10T23:53:50.347Z</time>
      </trkpt>
      <trkpt lat="50.172997" lon="16.855659">
        <ele>1169.676559</ele>
        <time>2026-05-10T23:53:53.688Z</time>
      </trkpt>
      <trkpt lat="50.173269" lon="16.856439">
        <ele>1168.071718</ele>
        <time>2026-05-10T23:54:03.178Z</time>
      </trkpt>
      <trkpt lat="50.173443" lon="16.856715">
        <ele>1167.371908</ele>
        <time>2026-05-10T23:54:06.687Z</time>
      </trkpt>
      <trkpt lat="50.173657" lon="16.856840">
        <ele>1166.727267</ele>
        <time>2026-05-10T23:54:09.697Z</time>
      </trkpt>
      <trkpt lat="50.174784" lon="16.857220">
        <ele>1158.063865</ele>
        <time>2026-05-10T23:54:24.602Z</time>
      </trkpt>
      <trkpt lat="50.175206" lon="16.857458">
        <ele>1154.305993</ele>
        <time>2026-05-10T23:54:30.451Z</time>
      </trkpt>
      <trkpt lat="50.175679" lon="16.857311">
        <ele>1150.980504</ele>
        <time>2026-05-10T23:54:37.007Z</time>
      </trkpt>
      <trkpt lat="50.176410" lon="16.856949">
        <ele>1149.698185</ele>
        <time>2026-05-10T23:54:49.095Z</time>
      </trkpt>
      <trkpt lat="50.176576" lon="16.856928">
        <ele>1149.419704</ele>
        <time>2026-05-10T23:54:52.190Z</time>
      </trkpt>
      <trkpt lat="50.176693" lon="16.856988">
        <ele>1149.213785</ele>
        <time>2026-05-10T23:54:54.646Z</time>
      </trkpt>
      <trkpt lat="50.176821" lon="16.857153">
        <ele>1148.936243</ele>
        <time>2026-05-10T23:54:58.254Z</time>
      </trkpt>
      <trkpt lat="50.176981" lon="16.857586">
        <ele>1148.400914</ele>
        <time>2026-05-10T23:55:05.608Z</time>
      </trkpt>
      <trkpt lat="50.177135" lon="16.857891">
        <ele>1147.799657</ele>
        <time>2026-05-10T23:55:11.601Z</time>
      </trkpt>
      <trkpt lat="50.177573" lon="16.858416">
        <ele>1145.845508</ele>
        <time>2026-05-10T23:55:24.023Z</time>
      </trkpt>
      <trkpt lat="50.177729" lon="16.858646">
        <ele>1145.086201</ele>
        <time>2026-05-10T23:55:27.518Z</time>
      </trkpt>
      <trkpt lat="50.177801" lon="16.858786">
        <ele>1144.679248</ele>
        <time>2026-05-10T23:55:29.235Z</time>
      </trkpt>
      <trkpt lat="50.178047" lon="16.859492">
        <ele>1142.857627</ele>
        <time>2026-05-10T23:55:36.346Z</time>
      </trkpt>
      <trkpt lat="50.178108" lon="16.859543">
        <ele>1142.612747</ele>
        <time>2026-05-10T23:55:37.258Z</time>
      </trkpt>
      <trkpt lat="50.178179" lon="16.859538">
        <ele>1142.361217</ele>
        <time>2026-05-10T23:55:38.202Z</time>
      </trkpt>
      <trkpt lat="50.178315" lon="16.859420">
        <ele>1141.810594</ele>
        <time>2026-05-10T23:55:40.238Z</time>
      </trkpt>
      <trkpt lat="50.178709" lon="16.858835">
        <ele>1138.355181</ele>
        <time>2026-05-10T23:55:47.267Z</time>
      </trkpt>
      <trkpt lat="50.179132" lon="16.857904">
        <ele>1133.681863</ele>
        <time>2026-05-10T23:55:57.167Z</time>
      </trkpt>
      <trkpt lat="50.179306" lon="16.857670">
        <ele>1132.213848</ele>
        <time>2026-05-10T23:56:00.744Z</time>
      </trkpt>
      <trkpt lat="50.179512" lon="16.857545">
        <ele>1130.800982</ele>
        <time>2026-05-10T23:56:04.343Z</time>
      </trkpt>
      <trkpt lat="50.180072" lon="16.857404">
        <ele>1127.575431</ele>
        <time>2026-05-10T23:56:13.479Z</time>
      </trkpt>
      <trkpt lat="50.180300" lon="16.857293">
        <ele>1126.245232</ele>
        <time>2026-05-10T23:56:17.249Z</time>
      </trkpt>
      <trkpt lat="50.180436" lon="16.857163">
        <ele>1125.357093</ele>
        <time>2026-05-10T23:56:19.627Z</time>
      </trkpt>
      <trkpt lat="50.180582" lon="16.856959">
        <ele>1124.265899</ele>
        <time>2026-05-10T23:56:22.403Z</time>
      </trkpt>
      <trkpt lat="50.181307" lon="16.855818">
        <ele>1118.778556</ele>
        <time>2026-05-10T23:56:35.937Z</time>
      </trkpt>
      <trkpt lat="50.181502" lon="16.855575">
        <ele>1117.585697</ele>
        <time>2026-05-10T23:56:39.270Z</time>
      </trkpt>
      <trkpt lat="50.181777" lon="16.855396">
        <ele>1116.161150</ele>
        <time>2026-05-10T23:56:43.438Z</time>
      </trkpt>
      <trkpt lat="50.181881" lon="16.855370">
        <ele>1115.657548</ele>
        <time>2026-05-10T23:56:44.983Z</time>
      </trkpt>
      <trkpt lat="50.182129" lon="16.855395">
        <ele>1114.469281</ele>
        <time>2026-05-10T23:56:48.830Z</time>
      </trkpt>
      <trkpt lat="50.182466" lon="16.855546">
        <ele>1112.792919</ele>
        <time>2026-05-10T23:56:54.818Z</time>
      </trkpt>
      <trkpt lat="50.182601" lon="16.855648">
        <ele>1112.075844</ele>
        <time>2026-05-10T23:56:57.536Z</time>
      </trkpt>
      <trkpt lat="50.182803" lon="16.855878">
        <ele>1110.690718</ele>
        <time>2026-05-10T23:57:01.964Z</time>
      </trkpt>
      <trkpt lat="50.182972" lon="16.856217">
        <ele>1109.058565</ele>
        <time>2026-05-10T23:57:06.675Z</time>
      </trkpt>
      <trkpt lat="50.183127" lon="16.856778">
        <ele>1106.737385</ele>
        <time>2026-05-10T23:57:12.811Z</time>
      </trkpt>
      <trkpt lat="50.183227" lon="16.857005">
        <ele>1105.690638</ele>
        <time>2026-05-10T23:57:15.343Z</time>
      </trkpt>
      <trkpt lat="50.183818" lon="16.857672">
        <ele>1101.364557</ele>
        <time>2026-05-10T23:57:24.856Z</time>
      </trkpt>
      <trkpt lat="50.183941" lon="16.857747">
        <ele>1100.309496</ele>
        <time>2026-05-10T23:57:26.502Z</time>
      </trkpt>
      <trkpt lat="50.184215" lon="16.857811">
        <ele>1097.593776</ele>
        <time>2026-05-10T23:57:29.935Z</time>
      </trkpt>
      <trkpt lat="50.184797" lon="16.857779">
        <ele>1091.885270</ele>
        <time>2026-05-10T23:57:37.245Z</time>
      </trkpt>
      <trkpt lat="50.185091" lon="16.857828">
        <ele>1088.987013</ele>
        <time>2026-05-10T23:57:41.046Z</time>
      </trkpt>
      <trkpt lat="50.185237" lon="16.857886">
        <ele>1087.510295</ele>
        <time>2026-05-10T23:57:43.026Z</time>
      </trkpt>
      <trkpt lat="50.185409" lon="16.858002">
        <ele>1085.673802</ele>
        <time>2026-05-10T23:57:45.540Z</time>
      </trkpt>
      <trkpt lat="50.186498" lon="16.859207">
        <ele>1075.329181</ele>
        <time>2026-05-10T23:58:04.170Z</time>
      </trkpt>
      <trkpt lat="50.187041" lon="16.859715">
        <ele>1070.701089</ele>
        <time>2026-05-10T23:58:12.615Z</time>
      </trkpt>
      <trkpt lat="50.187203" lon="16.859827">
        <ele>1068.972209</ele>
        <time>2026-05-10T23:58:14.935Z</time>
      </trkpt>
      <trkpt lat="50.187462" lon="16.859968">
        <ele>1065.893134</ele>
        <time>2026-05-10T23:58:18.505Z</time>
      </trkpt>
      <trkpt lat="50.188195" lon="16.860271">
        <ele>1057.381227</ele>
        <time>2026-05-10T23:58:28.147Z</time>
      </trkpt>
      <trkpt lat="50.188528" lon="16.860505">
        <ele>1053.282075</ele>
        <time>2026-05-10T23:58:32.683Z</time>
      </trkpt>
      <trkpt lat="50.188609" lon="16.860527">
        <ele>1052.359131</ele>
        <time>2026-05-10T23:58:33.697Z</time>
      </trkpt>
      <trkpt lat="50.188727" lon="16.860398">
        <ele>1050.742223</ele>
        <time>2026-05-10T23:58:35.485Z</time>
      </trkpt>
      <trkpt lat="50.188927" lon="16.859642">
        <ele>1043.651334</ele>
        <time>2026-05-10T23:58:41.899Z</time>
      </trkpt>
      <trkpt lat="50.189063" lon="16.859085">
        <ele>1038.360890</ele>
        <time>2026-05-10T23:58:46.525Z</time>
      </trkpt>
      <trkpt lat="50.189226" lon="16.858588">
        <ele>1033.405188</ele>
        <time>2026-05-10T23:58:50.831Z</time>
      </trkpt>
      <trkpt lat="50.189265" lon="16.858322">
        <ele>1030.983432</ele>
        <time>2026-05-10T23:58:52.948Z</time>
      </trkpt>
      <trkpt lat="50.189189" lon="16.857459">
        <ele>1023.885985</ele>
        <time>2026-05-10T23:58:59.870Z</time>
      </trkpt>
      <trkpt lat="50.189163" lon="16.856564">
        <ele>1018.671664</ele>
        <time>2026-05-10T23:59:07.218Z</time>
      </trkpt>
      <trkpt lat="50.189190" lon="16.856273">
        <ele>1016.960332</ele>
        <time>2026-05-10T23:59:09.670Z</time>
      </trkpt>
      <trkpt lat="50.189247" lon="16.856091">
        <ele>1015.781143</ele>
        <time>2026-05-10T23:59:11.375Z</time>
      </trkpt>
      <trkpt lat="50.189330" lon="16.855983">
        <ele>1014.799130</ele>
        <time>2026-05-10T23:59:12.803Z</time>
      </trkpt>
      <trkpt lat="50.189551" lon="16.855926">
        <ele>1012.762981</ele>
        <time>2026-05-10T23:59:15.797Z</time>
      </trkpt>
      <trkpt lat="50.190604" lon="16.856276">
        <ele>1006.192251</ele>
        <time>2026-05-10T23:59:30.837Z</time>
      </trkpt>
      <trkpt lat="50.191057" lon="16.856356">
        <ele>1004.359157</ele>
        <time>2026-05-10T23:59:37.646Z</time>
      </trkpt>
      <trkpt lat="50.192041" lon="16.856158">
        <ele>999.845959</ele>
        <time>2026-05-10T23:59:54.359Z</time>
      </trkpt>
      <trkpt lat="50.192401" lon="16.856055">
        <ele>997.698509</ele>
        <time>2026-05-11T00:00:00.056Z</time>
      </trkpt>
      <trkpt lat="50.192498" lon="16.856002">
        <ele>997.095543</ele>
        <time>2026-05-11T00:00:01.576Z</time>
      </trkpt>
      <trkpt lat="50.192545" lon="16.855925">
        <ele>996.695901</ele>
        <time>2026-05-11T00:00:02.557Z</time>
      </trkpt>
      <trkpt lat="50.192539" lon="16.855714">
        <ele>995.902510</ele>
        <time>2026-05-11T00:00:03.670Z</time>
      </trkpt>
      <trkpt lat="50.192495" lon="16.855581">
        <ele>995.340141</ele>
        <time>2026-05-11T00:00:04.448Z</time>
      </trkpt>
      <trkpt lat="50.192394" lon="16.855485">
        <ele>994.646424</ele>
        <time>2026-05-11T00:00:05.381Z</time>
      </trkpt>
      <trkpt lat="50.191737" lon="16.855257">
        <ele>990.438920</ele>
        <time>2026-05-11T00:00:10.511Z</time>
      </trkpt>
      <trkpt lat="50.191430" lon="16.855116">
        <ele>986.691341</ele>
        <time>2026-05-11T00:00:12.845Z</time>
      </trkpt>
      <trkpt lat="50.190734" lon="16.854652">
        <ele>977.828859</ele>
        <time>2026-05-11T00:00:18.323Z</time>
      </trkpt>
      <trkpt lat="50.190238" lon="16.854384">
        <ele>971.682299</ele>
        <time>2026-05-11T00:00:22.142Z</time>
      </trkpt>
      <trkpt lat="50.189961" lon="16.854160">
        <ele>968.103747</ele>
        <time>2026-05-11T00:00:24.418Z</time>
      </trkpt>
      <trkpt lat="50.189809" lon="16.853964">
        <ele>965.887642</ele>
        <time>2026-05-11T00:00:25.857Z</time>
      </trkpt>
      <trkpt lat="50.189314" lon="16.853061">
        <ele>957.330454</ele>
        <time>2026-05-11T00:00:31.439Z</time>
      </trkpt>
      <trkpt lat="50.188826" lon="16.852302">
        <ele>949.593517</ele>
        <time>2026-05-11T00:00:36.536Z</time>
      </trkpt>
      <trkpt lat="50.188744" lon="16.852011">
        <ele>947.474019</ele>
        <time>2026-05-11T00:00:38.043Z</time>
      </trkpt>
      <trkpt lat="50.188736" lon="16.851873">
        <ele>946.550290</ele>
        <time>2026-05-11T00:00:38.699Z</time>
      </trkpt>
      <trkpt lat="50.189013" lon="16.849855">
        <ele>932.791795</ele>
        <time>2026-05-11T00:00:48.552Z</time>
      </trkpt>
      <trkpt lat="50.189050" lon="16.849446">
        <ele>929.901647</ele>
        <time>2026-05-11T00:00:50.515Z</time>
      </trkpt>
      <trkpt lat="50.189052" lon="16.848127">
        <ele>919.781526</ele>
        <time>2026-05-11T00:00:56.708Z</time>
      </trkpt>
      <trkpt lat="50.189025" lon="16.847624">
        <ele>915.908694</ele>
        <time>2026-05-11T00:00:59.058Z</time>
      </trkpt>
      <trkpt lat="50.189023" lon="16.847611">
        <ele>915.806111</ele>
        <time>2026-05-11T00:00:59.120Z</time>
      </trkpt>
      <trkpt lat="50.188917" lon="16.846875">
        <ele>910.018000</ele>
        <time>2026-05-11T00:01:02.598Z</time>
      </trkpt>
      <trkpt lat="50.188810" lon="16.846433">
        <ele>906.407822</ele>
        <time>2026-05-11T00:01:04.763Z</time>
      </trkpt>
      <trkpt lat="50.188659" lon="16.846056">
        <ele>903.013439</ele>
        <time>2026-05-11T00:01:06.810Z</time>
      </trkpt>
      <trkpt lat="50.188575" lon="16.845932">
        <ele>901.635484</ele>
        <time>2026-05-11T00:01:07.646Z</time>
      </trkpt>
      <trkpt lat="50.188439" lon="16.845819">
        <ele>899.798950</ele>
        <time>2026-05-11T00:01:08.764Z</time>
      </trkpt>
      <trkpt lat="50.188296" lon="16.845757">
        <ele>898.029649</ele>
        <time>2026-05-11T00:01:09.848Z</time>
      </trkpt>
      <trkpt lat="50.188039" lon="16.845708">
        <ele>894.942975</ele>
        <time>2026-05-11T00:01:11.742Z</time>
      </trkpt>
      <trkpt lat="50.187563" lon="16.845735">
        <ele>889.264409</ele>
        <time>2026-05-11T00:01:15.254Z</time>
      </trkpt>
      <trkpt lat="50.187405" lon="16.845688">
        <ele>887.536541</ele>
        <time>2026-05-11T00:01:16.444Z</time>
      </trkpt>
      <trkpt lat="50.186973" lon="16.845380">
        <ele>883.669445</ele>
        <time>2026-05-11T00:01:20.006Z</time>
      </trkpt>
      <trkpt lat="50.186443" lon="16.845230">
        <ele>879.283231</ele>
        <time>2026-05-11T00:01:24.150Z</time>
      </trkpt>
      <trkpt lat="50.186229" lon="16.845126">
        <ele>877.458156</ele>
        <time>2026-05-11T00:01:25.907Z</time>
      </trkpt>
      <trkpt lat="50.186040" lon="16.844967">
        <ele>875.709998</ele>
        <time>2026-05-11T00:01:27.615Z</time>
      </trkpt>
      <trkpt lat="50.185732" lon="16.844579">
        <ele>872.732031</ele>
        <time>2026-05-11T00:01:30.785Z</time>
      </trkpt>
      <trkpt lat="50.185493" lon="16.844292">
        <ele>871.016946</ele>
        <time>2026-05-11T00:01:33.223Z</time>
      </trkpt>
      <trkpt lat="50.185591" lon="16.843927">
        <ele>869.575244</ele>
        <time>2026-05-11T00:01:36.813Z</time>
      </trkpt>
      <trkpt lat="50.185450" lon="16.842907">
        <ele>865.774199</ele>
        <time>2026-05-11T00:01:46.436Z</time>
      </trkpt>
      <trkpt lat="50.185350" lon="16.842449">
        <ele>864.011560</ele>
        <time>2026-05-11T00:01:50.901Z</time>
      </trkpt>
      <trkpt lat="50.185302" lon="16.842018">
        <ele>862.305899</ele>
        <time>2026-05-11T00:01:54.823Z</time>
      </trkpt>
      <trkpt lat="50.185319" lon="16.841503">
        <ele>860.102535</ele>
        <time>2026-05-11T00:01:59.385Z</time>
      </trkpt>
      <trkpt lat="50.185247" lon="16.841044">
        <ele>858.083370</ele>
        <time>2026-05-11T00:02:03.526Z</time>
      </trkpt>
      <trkpt lat="50.185125" lon="16.840644">
        <ele>856.190298</ele>
        <time>2026-05-11T00:02:07.375Z</time>
      </trkpt>
      <trkpt lat="50.185071" lon="16.840487">
        <ele>855.428827</ele>
        <time>2026-05-11T00:02:08.131Z</time>
      </trkpt>
      <trkpt lat="50.184933" lon="16.840124">
        <ele>853.625056</ele>
        <time>2026-05-11T00:02:09.924Z</time>
      </trkpt>
      <trkpt lat="50.184810" lon="16.839207">
        <ele>849.596147</ele>
        <time>2026-05-11T00:02:13.941Z</time>
      </trkpt>
      <trkpt lat="50.184809" lon="16.839017">
        <ele>848.769796</ele>
        <time>2026-05-11T00:02:14.749Z</time>
      </trkpt>
      <trkpt lat="50.184783" lon="16.837679">
        <ele>842.948062</ele>
        <time>2026-05-11T00:02:20.431Z</time>
      </trkpt>
      <trkpt lat="50.184660" lon="16.836618">
        <ele>838.311194</ele>
        <time>2026-05-11T00:02:25.066Z</time>
      </trkpt>
      <trkpt lat="50.184634" lon="16.836502">
        <ele>837.824359</ele>
        <time>2026-05-11T00:02:25.595Z</time>
      </trkpt>
      <trkpt lat="50.184564" lon="16.836195">
        <ele>836.533471</ele>
        <time>2026-05-11T00:02:26.985Z</time>
      </trkpt>
      <trkpt lat="50.184298" lon="16.835374">
        <ele>832.888703</ele>
        <time>2026-05-11T00:02:30.911Z</time>
      </trkpt>
      <trkpt lat="50.184188" lon="16.835047">
        <ele>831.425513</ele>
        <time>2026-05-11T00:02:32.535Z</time>
      </trkpt>
      <trkpt lat="50.183884" lon="16.834326">
        <ele>828.005888</ele>
        <time>2026-05-11T00:02:36.336Z</time>
      </trkpt>
      <trkpt lat="50.183747" lon="16.834200">
        <ele>827.116021</ele>
        <time>2026-05-11T00:02:37.423Z</time>
      </trkpt>
      <trkpt lat="50.183299" lon="16.833951">
        <ele>824.569053</ele>
        <time>2026-05-11T00:02:40.677Z</time>
      </trkpt>
      <trkpt lat="50.183115" lon="16.833631">
        <ele>823.094006</ele>
        <time>2026-05-11T00:02:42.559Z</time>
      </trkpt>
      <trkpt lat="50.182871" lon="16.832950">
        <ele>820.417603</ele>
        <time>2026-05-11T00:02:46.012Z</time>
      </trkpt>
      <trkpt lat="50.182613" lon="16.832469">
        <ele>818.265608</ele>
        <time>2026-05-11T00:02:48.807Z</time>
      </trkpt>
      <trkpt lat="50.180390" lon="16.829649">
        <ele>805.674841</ele>
        <time>2026-05-11T00:03:09.475Z</time>
      </trkpt>
      <trkpt lat="50.180158" lon="16.829511">
        <ele>804.556435</ele>
        <time>2026-05-11T00:03:11.230Z</time>
      </trkpt>
      <trkpt lat="50.180025" lon="16.829491">
        <ele>803.954504</ele>
        <time>2026-05-11T00:03:12.170Z</time>
      </trkpt>
      <trkpt lat="50.179870" lon="16.829522">
        <ele>803.250531</ele>
        <time>2026-05-11T00:03:13.264Z</time>
      </trkpt>
      <trkpt lat="50.179767" lon="16.829542">
        <ele>802.782947</ele>
        <time>2026-05-11T00:03:13.994Z</time>
      </trkpt>
      <trkpt lat="50.179617" lon="16.829572">
        <ele>802.103633</ele>
        <time>2026-05-11T00:03:15.054Z</time>
      </trkpt>
      <trkpt lat="50.179249" lon="16.829565">
        <ele>800.472722</ele>
        <time>2026-05-11T00:03:17.621Z</time>
      </trkpt>
      <trkpt lat="50.178433" lon="16.829383">
        <ele>796.819922</ele>
        <time>2026-05-11T00:03:23.440Z</time>
      </trkpt>
      <trkpt lat="50.178138" lon="16.829231">
        <ele>795.443301</ele>
        <time>2026-05-11T00:03:25.679Z</time>
      </trkpt>
      <trkpt lat="50.177827" lon="16.828856">
        <ele>793.909922</ele>
        <time>2026-05-11T00:03:28.563Z</time>
      </trkpt>
      <trkpt lat="50.176400" lon="16.826832">
        <ele>788.474346</ele>
        <time>2026-05-11T00:03:43.741Z</time>
      </trkpt>
      <trkpt lat="50.176368" lon="16.826787">
        <ele>788.333634</ele>
        <time>2026-05-11T00:03:44.106Z</time>
      </trkpt>
      <trkpt lat="50.176004" lon="16.826343">
        <ele>786.824386</ele>
        <time>2026-05-11T00:03:47.672Z</time>
      </trkpt>
      <trkpt lat="50.175936" lon="16.826273">
        <ele>786.558256</ele>
        <time>2026-05-11T00:03:48.279Z</time>
      </trkpt>
      <trkpt lat="50.175486" lon="16.825972">
        <ele>784.958656</ele>
        <time>2026-05-11T00:03:52.017Z</time>
      </trkpt>
      <trkpt lat="50.175056" lon="16.825683">
        <ele>783.429008</ele>
        <time>2026-05-11T00:03:55.426Z</time>
      </trkpt>
      <trkpt lat="50.174552" lon="16.825177">
        <ele>781.291787</ele>
        <time>2026-05-11T00:03:59.584Z</time>
      </trkpt>
      <trkpt lat="50.173784" lon="16.824514">
        <ele>778.160956</ele>
        <time>2026-05-11T00:04:05.997Z</time>
      </trkpt>
      <trkpt lat="50.172917" lon="16.823573">
        <ele>775.827911</ele>
        <time>2026-05-11T00:04:15.142Z</time>
      </trkpt>
      <trkpt lat="50.172556" lon="16.823040">
        <ele>775.028106</ele>
        <time>2026-05-11T00:04:19.461Z</time>
      </trkpt>
      <trkpt lat="50.172496" lon="16.822946">
        <ele>774.891280</ele>
        <time>2026-05-11T00:04:20.184Z</time>
      </trkpt>
      <trkpt lat="50.172268" lon="16.822701">
        <ele>774.445730</ele>
        <time>2026-05-11T00:04:22.432Z</time>
      </trkpt>
      <trkpt lat="50.172124" lon="16.822628">
        <ele>774.202012</ele>
        <time>2026-05-11T00:04:23.689Z</time>
      </trkpt>
      <trkpt lat="50.172035" lon="16.822612">
        <ele>774.013266</ele>
        <time>2026-05-11T00:04:24.420Z</time>
      </trkpt>
      <trkpt lat="50.171498" lon="16.822666">
        <ele>772.429439</ele>
        <time>2026-05-11T00:04:28.960Z</time>
      </trkpt>
      <trkpt lat="50.171349" lon="16.822621">
        <ele>771.982758</ele>
        <time>2026-05-11T00:04:30.159Z</time>
      </trkpt>
      <trkpt lat="50.170759" lon="16.822102">
        <ele>769.989551</ele>
        <time>2026-05-11T00:04:35.350Z</time>
      </trkpt>
      <trkpt lat="50.170584" lon="16.822018">
        <ele>769.450680</ele>
        <time>2026-05-11T00:04:36.741Z</time>
      </trkpt>
      <trkpt lat="50.170503" lon="16.821996">
        <ele>769.208692</ele>
        <time>2026-05-11T00:04:37.344Z</time>
      </trkpt>
      <trkpt lat="50.170448" lon="16.821981">
        <ele>769.044360</ele>
        <time>2026-05-11T00:04:37.762Z</time>
      </trkpt>
      <trkpt lat="50.170112" lon="16.822054">
        <ele>766.713883</ele>
        <time>2026-05-11T00:04:40.169Z</time>
      </trkpt>
      <trkpt lat="50.169664" lon="16.822094">
        <ele>763.113504</ele>
        <time>2026-05-11T00:04:43.135Z</time>
      </trkpt>
      <trkpt lat="50.168738" lon="16.822268">
        <ele>755.630168</ele>
        <time>2026-05-11T00:04:49.005Z</time>
      </trkpt>
      <trkpt lat="50.167986" lon="16.822180">
        <ele>750.608381</ele>
        <time>2026-05-11T00:04:53.812Z</time>
      </trkpt>
      <trkpt lat="50.167675" lon="16.822110">
        <ele>748.626879</ele>
        <time>2026-05-11T00:04:55.906Z</time>
      </trkpt>
      <trkpt lat="50.167556" lon="16.822053">
        <ele>747.841915</ele>
        <time>2026-05-11T00:04:56.763Z</time>
      </trkpt>
      <trkpt lat="50.167375" lon="16.821901">
        <ele>746.545836</ele>
        <time>2026-05-11T00:04:58.199Z</time>
      </trkpt>
      <trkpt lat="50.167121" lon="16.821508">
        <ele>744.290663</ele>
        <time>2026-05-11T00:05:00.789Z</time>
      </trkpt>
      <trkpt lat="50.166926" lon="16.821124">
        <ele>742.749053</ele>
        <time>2026-05-11T00:05:03.168Z</time>
      </trkpt>
      <trkpt lat="50.166751" lon="16.820636">
        <ele>741.840308</ele>
        <time>2026-05-11T00:05:05.947Z</time>
      </trkpt>
      <trkpt lat="50.166647" lon="16.820426">
        <ele>741.408993</ele>
        <time>2026-05-11T00:05:07.289Z</time>
      </trkpt>
      <trkpt lat="50.166499" lon="16.820225">
        <ele>740.911384</ele>
        <time>2026-05-11T00:05:08.859Z</time>
      </trkpt>
      <trkpt lat="50.165278" lon="16.818852">
        <ele>737.083057</ele>
        <time>2026-05-11T00:05:20.935Z</time>
      </trkpt>
      <trkpt lat="50.164990" lon="16.818593">
        <ele>736.233137</ele>
        <time>2026-05-11T00:05:23.512Z</time>
      </trkpt>
      <trkpt lat="50.164539" lon="16.818253">
        <ele>734.952424</ele>
        <time>2026-05-11T00:05:27.320Z</time>
      </trkpt>
      <trkpt lat="50.164131" lon="16.817533">
        <ele>733.534353</ele>
        <time>2026-05-11T00:05:32.146Z</time>
      </trkpt>
      <trkpt lat="50.163987" lon="16.817357">
        <ele>733.211993</ele>
        <time>2026-05-11T00:05:33.638Z</time>
      </trkpt>
      <trkpt lat="50.163916" lon="16.817294">
        <ele>733.068043</ele>
        <time>2026-05-11T00:05:34.319Z</time>
      </trkpt>
      <trkpt lat="50.163854" lon="16.817238">
        <ele>732.941786</ele>
        <time>2026-05-11T00:05:34.915Z</time>
      </trkpt>
      <trkpt lat="50.162646" lon="16.816692">
        <ele>730.725077</ele>
        <time>2026-05-11T00:05:45.784Z</time>
      </trkpt>
      <trkpt lat="50.162363" lon="16.816630">
        <ele>729.783768</ele>
        <time>2026-05-11T00:05:48.137Z</time>
      </trkpt>
      <trkpt lat="50.161445" lon="16.816734">
        <ele>726.712655</ele>
        <time>2026-05-11T00:05:55.166Z</time>
      </trkpt>
      <trkpt lat="50.160558" lon="16.816921">
        <ele>723.353013</ele>
        <time>2026-05-11T00:06:01.479Z</time>
      </trkpt>
      <trkpt lat="50.160288" lon="16.816960">
        <ele>722.105085</ele>
        <time>2026-05-11T00:06:03.348Z</time>
      </trkpt>
      <trkpt lat="50.160097" lon="16.816903">
        <ele>721.210126</ele>
        <time>2026-05-11T00:06:04.693Z</time>
      </trkpt>
      <trkpt lat="50.159999" lon="16.816848">
        <ele>720.730835</ele>
        <time>2026-05-11T00:06:05.429Z</time>
      </trkpt>
      <trkpt lat="50.159631" lon="16.816470">
        <ele>718.703380</ele>
        <time>2026-05-11T00:06:08.570Z</time>
      </trkpt>
      <trkpt lat="50.159564" lon="16.816393">
        <ele>718.320464</ele>
        <time>2026-05-11T00:06:09.166Z</time>
      </trkpt>
      <trkpt lat="50.159144" lon="16.815723">
        <ele>715.899971</ele>
        <time>2026-05-11T00:06:13.477Z</time>
      </trkpt>
      <trkpt lat="50.158949" lon="16.815552">
        <ele>715.274331</ele>
        <time>2026-05-11T00:06:15.130Z</time>
      </trkpt>
      <trkpt lat="50.158548" lon="16.815289">
        <ele>714.057657</ele>
        <time>2026-05-11T00:06:18.593Z</time>
      </trkpt>
      <trkpt lat="50.158193" lon="16.815152">
        <ele>713.034751</ele>
        <time>2026-05-11T00:06:21.554Z</time>
      </trkpt>
      <trkpt lat="50.157814" lon="16.815008">
        <ele>711.943656</ele>
        <time>2026-05-11T00:06:24.685Z</time>
      </trkpt>
      <trkpt lat="50.157629" lon="16.814893">
        <ele>711.383595</ele>
        <time>2026-05-11T00:06:26.268Z</time>
      </trkpt>
      <trkpt lat="50.156926" lon="16.814178">
        <ele>708.533720</ele>
        <time>2026-05-11T00:06:32.789Z</time>
      </trkpt>
      <trkpt lat="50.155938" lon="16.813730">
        <ele>704.952729</ele>
        <time>2026-05-11T00:06:40.318Z</time>
      </trkpt>
      <trkpt lat="50.155450" lon="16.813433">
        <ele>702.564013</ele>
        <time>2026-05-11T00:06:43.947Z</time>
      </trkpt>
      <trkpt lat="50.155261" lon="16.813370">
        <ele>701.682647</ele>
        <time>2026-05-11T00:06:45.298Z</time>
      </trkpt>
      <trkpt lat="50.154840" lon="16.813335">
        <ele>699.759971</ele>
        <time>2026-05-11T00:06:48.238Z</time>
      </trkpt>
      <trkpt lat="50.154672" lon="16.813329">
        <ele>698.993612</ele>
        <time>2026-05-11T00:06:49.442Z</time>
      </trkpt>
      <trkpt lat="50.154649" lon="16.813326">
        <ele>698.888356</ele>
        <time>2026-05-11T00:06:49.609Z</time>
      </trkpt>
      <trkpt lat="50.154559" lon="16.813303">
        <ele>698.472449</ele>
        <time>2026-05-11T00:06:50.267Z</time>
      </trkpt>
      <trkpt lat="50.154426" lon="16.813257">
        <ele>697.851193</ele>
        <time>2026-05-11T00:06:51.250Z</time>
      </trkpt>
      <trkpt lat="50.154272" lon="16.813182">
        <ele>697.115484</ele>
        <time>2026-05-11T00:06:52.432Z</time>
      </trkpt>
      <trkpt lat="50.153959" lon="16.812977">
        <ele>696.057885</ele>
        <time>2026-05-11T00:06:54.927Z</time>
      </trkpt>
      <trkpt lat="50.153739" lon="16.812873">
        <ele>695.347402</ele>
        <time>2026-05-11T00:06:56.687Z</time>
      </trkpt>
      <trkpt lat="50.153654" lon="16.812844">
        <ele>695.078480</ele>
        <time>2026-05-11T00:06:57.360Z</time>
      </trkpt>
      <trkpt lat="50.153609" lon="16.812828">
        <ele>694.935830</ele>
        <time>2026-05-11T00:06:57.725Z</time>
      </trkpt>
      <trkpt lat="50.151620" lon="16.812080">
        <ele>688.498767</ele>
        <time>2026-05-11T00:07:13.531Z</time>
      </trkpt>
      <trkpt lat="50.151387" lon="16.811954">
        <ele>687.706953</ele>
        <time>2026-05-11T00:07:15.356Z</time>
      </trkpt>
      <trkpt lat="50.150853" lon="16.811554">
        <ele>685.804976</ele>
        <time>2026-05-11T00:07:19.721Z</time>
      </trkpt>
      <trkpt lat="50.150767" lon="16.811485">
        <ele>685.492805</ele>
        <time>2026-05-11T00:07:20.430Z</time>
      </trkpt>
      <trkpt lat="50.150285" lon="16.811095">
        <ele>683.738264</ele>
        <time>2026-05-11T00:07:24.428Z</time>
      </trkpt>
      <trkpt lat="50.150077" lon="16.810978">
        <ele>683.023760</ele>
        <time>2026-05-11T00:07:26.077Z</time>
      </trkpt>
      <trkpt lat="50.149332" lon="16.810792">
        <ele>680.585600</ele>
        <time>2026-05-11T00:07:31.881Z</time>
      </trkpt>
      <trkpt lat="50.148555" lon="16.810691">
        <ele>678.155857</ele>
        <time>2026-05-11T00:07:37.871Z</time>
      </trkpt>
      <trkpt lat="50.148371" lon="16.810630">
        <ele>677.577105</ele>
        <time>2026-05-11T00:07:39.314Z</time>
      </trkpt>
      <trkpt lat="50.148149" lon="16.810473">
        <ele>676.827206</ele>
        <time>2026-05-11T00:07:41.186Z</time>
      </trkpt>
      <trkpt lat="50.147809" lon="16.810072">
        <ele>675.515961</ele>
        <time>2026-05-11T00:07:44.396Z</time>
      </trkpt>
      <trkpt lat="50.147618" lon="16.809915">
        <ele>674.851767</ele>
        <time>2026-05-11T00:07:46.012Z</time>
      </trkpt>
      <trkpt lat="50.147477" lon="16.809844">
        <ele>674.396548</ele>
        <time>2026-05-11T00:07:47.111Z</time>
      </trkpt>
      <trkpt lat="50.146921" lon="16.809651">
        <ele>672.734414</ele>
        <time>2026-05-11T00:07:51.404Z</time>
      </trkpt>
      <trkpt lat="50.146307" lon="16.809353">
        <ele>670.858026</ele>
        <time>2026-05-11T00:07:56.446Z</time>
      </trkpt>
      <trkpt lat="50.145744" lon="16.809069">
        <ele>669.129031</ele>
        <time>2026-05-11T00:08:01.017Z</time>
      </trkpt>
      <trkpt lat="50.144670" lon="16.808433">
        <ele>665.491472</ele>
        <time>2026-05-11T00:08:09.731Z</time>
      </trkpt>
      <trkpt lat="50.142905" lon="16.807669">
        <ele>660.871597</ele>
        <time>2026-05-11T00:08:23.464Z</time>
      </trkpt>
      <trkpt lat="50.142491" lon="16.807436">
        <ele>659.913956</ele>
        <time>2026-05-11T00:08:27.049Z</time>
      </trkpt>
      <trkpt lat="50.142072" lon="16.807111">
        <ele>661.360235</ele>
        <time>2026-05-11T00:08:33.012Z</time>
      </trkpt>
      <trkpt lat="50.141766" lon="16.806867">
        <ele>663.428724</ele>
        <time>2026-05-11T00:08:39.885Z</time>
      </trkpt>
      <trkpt lat="50.141857" lon="16.806584">
        <ele>664.650167</ele>
        <time>2026-05-11T00:08:44.899Z</time>
      </trkpt>
      <trkpt lat="50.141959" lon="16.806375">
        <ele>665.663586</ele>
        <time>2026-05-11T00:08:49.582Z</time>
      </trkpt>
      <trkpt lat="50.142126" lon="16.806154">
        <ele>666.981661</ele>
        <time>2026-05-11T00:08:56.356Z</time>
      </trkpt>
      <trkpt lat="50.142401" lon="16.805893">
        <ele>668.919138</ele>
        <time>2026-05-11T00:09:07.483Z</time>
      </trkpt>
      <trkpt lat="50.142843" lon="16.805801">
        <ele>673.230206</ele>
        <time>2026-05-11T00:09:26.017Z</time>
      </trkpt>
      <trkpt lat="50.143477" lon="16.805546">
        <ele>682.398953</ele>
        <time>2026-05-11T00:09:56.012Z</time>
      </trkpt>
      <trkpt lat="50.143693" lon="16.805407">
        <ele>685.670957</ele>
        <time>2026-05-11T00:10:07.594Z</time>
      </trkpt>
      <trkpt lat="50.143992" lon="16.804997">
        <ele>691.245190</ele>
        <time>2026-05-11T00:10:28.606Z</time>
      </trkpt>
      <trkpt lat="50.144189" lon="16.804624">
        <ele>695.585104</ele>
        <time>2026-05-11T00:10:45.749Z</time>
      </trkpt>
      <trkpt lat="50.144304" lon="16.804406">
        <ele>698.410419</ele>
        <time>2026-05-11T00:10:55.958Z</time>
      </trkpt>
      <trkpt lat="50.144530" lon="16.803841">
        <ele>705.074774</ele>
        <time>2026-05-11T00:11:20.144Z</time>
      </trkpt>
      <trkpt lat="50.144642" lon="16.803436">
        <ele>709.488468</ele>
        <time>2026-05-11T00:11:35.946Z</time>
      </trkpt>
      <trkpt lat="50.144706" lon="16.803290">
        <ele>711.258430</ele>
        <time>2026-05-11T00:11:42.166Z</time>
      </trkpt>
      <trkpt lat="50.144857" lon="16.803052">
        <ele>714.609540</ele>
        <time>2026-05-11T00:11:53.725Z</time>
      </trkpt>
      <trkpt lat="50.145047" lon="16.802580">
        <ele>720.186830</ele>
        <time>2026-05-11T00:12:11.851Z</time>
      </trkpt>
      <trkpt lat="50.145274" lon="16.802331">
        <ele>724.396536</ele>
        <time>2026-05-11T00:12:24.965Z</time>
      </trkpt>
      <trkpt lat="50.145365" lon="16.802149">
        <ele>726.380822</ele>
        <time>2026-05-11T00:12:31.781Z</time>
      </trkpt>
      <trkpt lat="50.145391" lon="16.801932">
        <ele>728.278443</ele>
        <time>2026-05-11T00:12:38.203Z</time>
      </trkpt>
      <trkpt lat="50.145398" lon="16.801557">
        <ele>731.503250</ele>
        <time>2026-05-11T00:12:49.386Z</time>
      </trkpt>
      <trkpt lat="50.145454" lon="16.801453">
        <ele>732.670898</ele>
        <time>2026-05-11T00:12:53.351Z</time>
      </trkpt>
      <trkpt lat="50.145529" lon="16.801391">
        <ele>733.809347</ele>
        <time>2026-05-11T00:12:57.299Z</time>
      </trkpt>
      <trkpt lat="50.145741" lon="16.801337">
        <ele>736.690615</ele>
        <time>2026-05-11T00:13:07.001Z</time>
      </trkpt>
      <trkpt lat="50.145794" lon="16.801269">
        <ele>737.610966</ele>
        <time>2026-05-11T00:13:10.191Z</time>
      </trkpt>
      <trkpt lat="50.145821" lon="16.801086">
        <ele>739.225143</ele>
        <time>2026-05-11T00:13:15.578Z</time>
      </trkpt>
      <trkpt lat="50.145804" lon="16.800987">
        <ele>740.106146</ele>
        <time>2026-05-11T00:13:18.525Z</time>
      </trkpt>
      <trkpt lat="50.145635" lon="16.800676">
        <ele>743.611159</ele>
        <time>2026-05-11T00:13:30.513Z</time>
      </trkpt>
      <trkpt lat="50.145624" lon="16.800569">
        <ele>744.542669</ele>
        <time>2026-05-11T00:13:33.618Z</time>
      </trkpt>
      <trkpt lat="50.145669" lon="16.800451">
        <ele>745.722986</ele>
        <time>2026-05-11T00:13:37.793Z</time>
      </trkpt>
      <trkpt lat="50.145723" lon="16.800397">
        <ele>746.583275</ele>
        <time>2026-05-11T00:13:40.689Z</time>
      </trkpt>
      <trkpt lat="50.146122" lon="16.800289">
        <ele>751.907514</ele>
        <time>2026-05-11T00:14:00.535Z</time>
      </trkpt>
      <trkpt lat="50.146204" lon="16.800231">
        <ele>753.084480</ele>
        <time>2026-05-11T00:14:05.024Z</time>
      </trkpt>
      <trkpt lat="50.146258" lon="16.800145">
        <ele>754.093159</ele>
        <time>2026-05-11T00:14:08.823Z</time>
      </trkpt>
      <trkpt lat="50.146273" lon="16.800046">
        <ele>754.945404</ele>
        <time>2026-05-11T00:14:12.078Z</time>
      </trkpt>
      <trkpt lat="50.146195" lon="16.799531">
        <ele>759.378714</ele>
        <time>2026-05-11T00:14:29.150Z</time>
      </trkpt>
      <trkpt lat="50.146047" lon="16.798905">
        <ele>764.968606</ele>
        <time>2026-05-11T00:14:48.526Z</time>
      </trkpt>
      <trkpt lat="50.145859" lon="16.798510">
        <ele>769.090612</ele>
        <time>2026-05-11T00:15:01.337Z</time>
      </trkpt>
      <trkpt lat="50.145873" lon="16.798351">
        <ele>770.435170</ele>
        <time>2026-05-11T00:15:05.563Z</time>
      </trkpt>
      <trkpt lat="50.145945" lon="16.798261">
        <ele>771.591331</ele>
        <time>2026-05-11T00:15:09.380Z</time>
      </trkpt>
      <trkpt lat="50.146073" lon="16.798212">
        <ele>773.071080</ele>
        <time>2026-05-11T00:15:14.868Z</time>
      </trkpt>
      <trkpt lat="50.146286" lon="16.798273">
        <ele>775.502505</ele>
        <time>2026-05-11T00:15:23.994Z</time>
      </trkpt>
      <trkpt lat="50.146500" lon="16.798410">
        <ele>778.099552</ele>
        <time>2026-05-11T00:15:33.528Z</time>
      </trkpt>
      <trkpt lat="50.146776" lon="16.798588">
        <ele>781.452597</ele>
        <time>2026-05-11T00:15:45.550Z</time>
      </trkpt>
      <trkpt lat="50.146904" lon="16.798609">
        <ele>782.897654</ele>
        <time>2026-05-11T00:15:50.709Z</time>
      </trkpt>
      <trkpt lat="50.147053" lon="16.798670">
        <ele>784.627184</ele>
        <time>2026-05-11T00:15:56.818Z</time>
      </trkpt>
      <trkpt lat="50.147284" lon="16.798788">
        <ele>787.356187</ele>
        <time>2026-05-11T00:16:06.142Z</time>
      </trkpt>
      <trkpt lat="50.147358" lon="16.798777">
        <ele>788.190792</ele>
        <time>2026-05-11T00:16:08.946Z</time>
      </trkpt>
      <trkpt lat="50.147421" lon="16.798734">
        <ele>788.962832</ele>
        <time>2026-05-11T00:16:11.709Z</time>
      </trkpt>
      <trkpt lat="50.147473" lon="16.798603">
        <ele>790.071530</ele>
        <time>2026-05-11T00:16:15.624Z</time>
      </trkpt>
      <trkpt lat="50.147464" lon="16.798439">
        <ele>791.255799</ele>
        <time>2026-05-11T00:16:20.114Z</time>
      </trkpt>
      <trkpt lat="50.147287" lon="16.798066">
        <ele>794.315141</ele>
        <time>2026-05-11T00:16:33.203Z</time>
      </trkpt>
      <trkpt lat="50.147170" lon="16.797690">
        <ele>797.051920</ele>
        <time>2026-05-11T00:16:44.632Z</time>
      </trkpt>
      <trkpt lat="50.147124" lon="16.797546">
        <ele>798.105425</ele>
        <time>2026-05-11T00:16:48.742Z</time>
      </trkpt>
      <trkpt lat="50.146805" lon="16.796770">
        <ele>804.141938</ele>
        <time>2026-05-11T00:17:10.295Z</time>
      </trkpt>
      <trkpt lat="50.146699" lon="16.796583">
        <ele>805.776619</ele>
        <time>2026-05-11T00:17:15.625Z</time>
      </trkpt>
      <trkpt lat="50.146282" lon="16.796114">
        <ele>811.000744</ele>
        <time>2026-05-11T00:17:34.276Z</time>
      </trkpt>
      <trkpt lat="50.145798" lon="16.795785">
        <ele>816.266059</ele>
        <time>2026-05-11T00:17:52.810Z</time>
      </trkpt>
      <trkpt lat="50.145691" lon="16.795698">
        <ele>817.469409</ele>
        <time>2026-05-11T00:17:56.879Z</time>
      </trkpt>
      <trkpt lat="50.145642" lon="16.795606">
        <ele>818.233994</ele>
        <time>2026-05-11T00:17:59.642Z</time>
      </trkpt>
      <trkpt lat="50.145636" lon="16.795466">
        <ele>819.130795</ele>
        <time>2026-05-11T00:18:02.809Z</time>
      </trkpt>
      <trkpt lat="50.145676" lon="16.795379">
        <ele>819.815158</ele>
        <time>2026-05-11T00:18:05.385Z</time>
      </trkpt>
      <trkpt lat="50.145730" lon="16.795350">
        <ele>820.384733</ele>
        <time>2026-05-11T00:18:07.451Z</time>
      </trkpt>
      <trkpt lat="50.146290" lon="16.795394">
        <ele>825.977004</ele>
        <time>2026-05-11T00:18:30.058Z</time>
      </trkpt>
      <trkpt lat="50.146462" lon="16.795408">
        <ele>827.694789</ele>
        <time>2026-05-11T00:18:37.240Z</time>
      </trkpt>
      <trkpt lat="50.146817" lon="16.795368">
        <ele>830.924565</ele>
        <time>2026-05-11T00:18:51.298Z</time>
      </trkpt>
      <trkpt lat="50.146895" lon="16.795309">
        <ele>831.708772</ele>
        <time>2026-05-11T00:18:54.477Z</time>
      </trkpt>
      <trkpt lat="50.146954" lon="16.795204">
        <ele>832.518397</ele>
        <time>2026-05-11T00:18:57.742Z</time>
      </trkpt>
      <trkpt lat="50.146945" lon="16.794944">
        <ele>834.027965</ele>
        <time>2026-05-11T00:19:03.880Z</time>
      </trkpt>
      <trkpt lat="50.146894" lon="16.794861">
        <ele>834.694632</ele>
        <time>2026-05-11T00:19:06.603Z</time>
      </trkpt>
      <trkpt lat="50.144685" lon="16.792666">
        <ele>856.240510</ele>
        <time>2026-05-11T00:20:30.335Z</time>
      </trkpt>
      <trkpt lat="50.144454" lon="16.792290">
        <ele>858.567111</ele>
        <time>2026-05-11T00:20:39.841Z</time>
      </trkpt>
      <trkpt lat="50.144895" lon="16.792546">
        <ele>861.223109</ele>
        <time>2026-05-11T00:20:52.589Z</time>
      </trkpt>
      <trkpt lat="50.145620" lon="16.793080">
        <ele>865.748521</ele>
        <time>2026-05-11T00:21:12.547Z</time>
      </trkpt>
      <trkpt lat="50.146034" lon="16.793338">
        <ele>868.232661</ele>
        <time>2026-05-11T00:21:22.766Z</time>
      </trkpt>
      <trkpt lat="50.146589" lon="16.793544">
        <ele>870.954645</ele>
        <time>2026-05-11T00:21:35.501Z</time>
      </trkpt>
      <trkpt lat="50.147393" lon="16.793726">
        <ele>874.830969</ele>
        <time>2026-05-11T00:21:54.587Z</time>
      </trkpt>
      <trkpt lat="50.147770" lon="16.793938">
        <ele>876.741032</ele>
        <time>2026-05-11T00:22:04.048Z</time>
      </trkpt>
      <trkpt lat="50.147947" lon="16.794097">
        <ele>877.697164</ele>
        <time>2026-05-11T00:22:08.766Z</time>
      </trkpt>
      <trkpt lat="50.148138" lon="16.794322">
        <ele>878.817522</ele>
        <time>2026-05-11T00:22:14.214Z</time>
      </trkpt>
      <trkpt lat="50.148851" lon="16.795348">
        <ele>883.358026</ele>
        <time>2026-05-11T00:22:35.743Z</time>
      </trkpt>
      <trkpt lat="50.149246" lon="16.795699">
        <ele>885.507090</ele>
        <time>2026-05-11T00:22:46.402Z</time>
      </trkpt>
      <trkpt lat="50.150092" lon="16.796184">
        <ele>889.934512</ele>
        <time>2026-05-11T00:23:08.366Z</time>
      </trkpt>
      <trkpt lat="50.150639" lon="16.796448">
        <ele>892.747151</ele>
        <time>2026-05-11T00:23:21.743Z</time>
      </trkpt>
      <trkpt lat="50.151237" lon="16.796834">
        <ele>895.904622</ele>
        <time>2026-05-11T00:23:36.220Z</time>
      </trkpt>
      <trkpt lat="50.151824" lon="16.797267">
        <ele>899.060329</ele>
        <time>2026-05-11T00:23:50.831Z</time>
      </trkpt>
      <trkpt lat="50.151822" lon="16.797141">
        <ele>899.452857</ele>
        <time>2026-05-11T00:23:53.607Z</time>
      </trkpt>
      <trkpt lat="50.151773" lon="16.796985">
        <ele>899.993928</ele>
        <time>2026-05-11T00:23:57.317Z</time>
      </trkpt>
      <trkpt lat="50.151651" lon="16.796730">
        <ele>900.985040</ele>
        <time>2026-05-11T00:24:04.307Z</time>
      </trkpt>
      <trkpt lat="50.151102" lon="16.795874">
        <ele>904.762084</ele>
        <time>2026-05-11T00:24:31.829Z</time>
      </trkpt>
      <trkpt lat="50.150305" lon="16.794790">
        <ele>909.912987</ele>
        <time>2026-05-11T00:25:06.920Z</time>
      </trkpt>
      <trkpt lat="50.149350" lon="16.793410">
        <ele>915.735887</ele>
        <time>2026-05-11T00:25:48.061Z</time>
      </trkpt>
      <trkpt lat="50.149076" lon="16.793080">
        <ele>917.242105</ele>
        <time>2026-05-11T00:25:59.293Z</time>
      </trkpt>
      <trkpt lat="50.148702" lon="16.792540">
        <ele>919.331043</ele>
        <time>2026-05-11T00:26:16.044Z</time>
      </trkpt>
      <trkpt lat="50.148350" lon="16.792140">
        <ele>920.176172</ele>
        <time>2026-05-11T00:26:30.358Z</time>
      </trkpt>
      <trkpt lat="50.147518" lon="16.791500">
        <ele>921.976513</ele>
        <time>2026-05-11T00:26:55.121Z</time>
      </trkpt>
      <trkpt lat="50.147088" lon="16.791304">
        <ele>922.682267</ele>
        <time>2026-05-11T00:27:03.334Z</time>
      </trkpt>
      <trkpt lat="50.146693" lon="16.791052">
        <ele>922.445880</ele>
        <time>2026-05-11T00:27:10.429Z</time>
      </trkpt>
      <trkpt lat="50.146566" lon="16.791008">
        <ele>922.373816</ele>
        <time>2026-05-11T00:27:12.545Z</time>
      </trkpt>
      <trkpt lat="50.146221" lon="16.791051">
        <ele>922.182097</ele>
        <time>2026-05-11T00:27:18.307Z</time>
      </trkpt>
      <trkpt lat="50.146124" lon="16.791001">
        <ele>922.125509</ele>
        <time>2026-05-11T00:27:20.107Z</time>
      </trkpt>
      <trkpt lat="50.145776" lon="16.790519">
        <ele>921.867754</ele>
        <time>2026-05-11T00:27:29.476Z</time>
      </trkpt>
      <trkpt lat="50.145699" lon="16.790357">
        <ele>921.796154</ele>
        <time>2026-05-11T00:27:32.864Z</time>
      </trkpt>
      <trkpt lat="50.145660" lon="16.790202">
        <ele>921.737042</ele>
        <time>2026-05-11T00:27:35.814Z</time>
      </trkpt>
      <trkpt lat="50.145654" lon="16.790036">
        <ele>922.102102</ele>
        <time>2026-05-11T00:27:38.939Z</time>
      </trkpt>
      <trkpt lat="50.146065" lon="16.788846">
        <ele>926.221536</ele>
        <time>2026-05-11T00:28:01.607Z</time>
      </trkpt>
      <trkpt lat="50.146407" lon="16.787906">
        <ele>929.515454</ele>
        <time>2026-05-11T00:28:21.332Z</time>
      </trkpt>
      <trkpt lat="50.146694" lon="16.787264">
        <ele>930.842155</ele>
        <time>2026-05-11T00:28:32.257Z</time>
      </trkpt>
      <trkpt lat="50.146768" lon="16.787071">
        <ele>931.081181</ele>
        <time>2026-05-11T00:28:34.918Z</time>
      </trkpt>
      <trkpt lat="50.146935" lon="16.786672">
        <ele>931.587660</ele>
        <time>2026-05-11T00:28:40.180Z</time>
      </trkpt>
      <trkpt lat="50.147083" lon="16.786114">
        <ele>932.229471</ele>
        <time>2026-05-11T00:28:46.137Z</time>
      </trkpt>
      <trkpt lat="50.147357" lon="16.784658">
        <ele>932.706587</ele>
        <time>2026-05-11T00:28:56.813Z</time>
      </trkpt>
      <trkpt lat="50.147589" lon="16.783521">
        <ele>931.508921</ele>
        <time>2026-05-11T00:29:04.060Z</time>
      </trkpt>
      <trkpt lat="50.147618" lon="16.783387">
        <ele>931.366962</ele>
        <time>2026-05-11T00:29:05.659Z</time>
      </trkpt>
      <trkpt lat="50.147658" lon="16.783232">
        <ele>931.199247</ele>
        <time>2026-05-11T00:29:07.422Z</time>
      </trkpt>
      <trkpt lat="50.147676" lon="16.783190">
        <ele>931.148533</ele>
        <time>2026-05-11T00:29:07.960Z</time>
      </trkpt>
      <trkpt lat="50.147788" lon="16.782941">
        <ele>930.843190</ele>
        <time>2026-05-11T00:29:11.184Z</time>
      </trkpt>
      <trkpt lat="50.148040" lon="16.782379">
        <ele>929.697449</ele>
        <time>2026-05-11T00:29:18.416Z</time>
      </trkpt>
      <trkpt lat="50.148462" lon="16.781076">
        <ele>925.891044</ele>
        <time>2026-05-11T00:29:32.717Z</time>
      </trkpt>
      <trkpt lat="50.148697" lon="16.780513">
        <ele>924.139265</ele>
        <time>2026-05-11T00:29:38.949Z</time>
      </trkpt>
      <trkpt lat="50.148729" lon="16.780285">
        <ele>923.530740</ele>
        <time>2026-05-11T00:29:41.067Z</time>
      </trkpt>
      <trkpt lat="50.148725" lon="16.780014">
        <ele>922.668393</ele>
        <time>2026-05-11T00:29:43.499Z</time>
      </trkpt>
      <trkpt lat="50.148695" lon="16.779771">
        <ele>921.687335</ele>
        <time>2026-05-11T00:29:45.691Z</time>
      </trkpt>
      <trkpt lat="50.148487" lon="16.778631">
        <ele>916.988312</ele>
        <time>2026-05-11T00:29:56.042Z</time>
      </trkpt>
      <trkpt lat="50.148457" lon="16.778339">
        <ele>915.815926</ele>
        <time>2026-05-11T00:29:58.661Z</time>
      </trkpt>
      <trkpt lat="50.148421" lon="16.777359">
        <ele>911.944709</ele>
        <time>2026-05-11T00:30:07.542Z</time>
      </trkpt>
      <trkpt lat="50.148452" lon="16.777110">
        <ele>911.226247</ele>
        <time>2026-05-11T00:30:09.878Z</time>
      </trkpt>
      <trkpt lat="50.148571" lon="16.776926">
        <ele>910.485785</ele>
        <time>2026-05-11T00:30:12.296Z</time>
      </trkpt>
      <trkpt lat="50.148851" lon="16.776680">
        <ele>909.065489</ele>
        <time>2026-05-11T00:30:17.007Z</time>
      </trkpt>
      <trkpt lat="50.150092" lon="16.776098">
        <ele>903.365436</ele>
        <time>2026-05-11T00:30:36.460Z</time>
      </trkpt>
      <trkpt lat="50.150468" lon="16.775971">
        <ele>901.731496</ele>
        <time>2026-05-11T00:30:42.126Z</time>
      </trkpt>
      <trkpt lat="50.151036" lon="16.775908">
        <ele>899.312976</ele>
        <time>2026-05-11T00:30:50.452Z</time>
      </trkpt>
      <trkpt lat="50.151632" lon="16.775977">
        <ele>896.774663</ele>
        <time>2026-05-11T00:30:59.256Z</time>
      </trkpt>
      <trkpt lat="50.161099" lon="16.777521">
        <ele>863.574661</ele>
        <time>2026-05-11T00:33:25.794Z</time>
      </trkpt>
      <trkpt lat="50.161579" lon="16.777606">
        <ele>860.712293</ele>
        <time>2026-05-11T00:33:32.489Z</time>
      </trkpt>
      <trkpt lat="50.161762" lon="16.777671">
        <ele>859.600254</ele>
        <time>2026-05-11T00:33:35.074Z</time>
      </trkpt>
      <trkpt lat="50.161945" lon="16.777794">
        <ele>858.419686</ele>
        <time>2026-05-11T00:33:37.793Z</time>
      </trkpt>
      <trkpt lat="50.162278" lon="16.778186">
        <ele>855.948410</ele>
        <time>2026-05-11T00:33:43.441Z</time>
      </trkpt>
      <trkpt lat="50.162403" lon="16.778237">
        <ele>855.165075</ele>
        <time>2026-05-11T00:33:45.194Z</time>
      </trkpt>
      <trkpt lat="50.162486" lon="16.778186">
        <ele>854.608270</ele>
        <time>2026-05-11T00:33:46.393Z</time>
      </trkpt>
      <trkpt lat="50.162558" lon="16.778095">
        <ele>854.029977</ele>
        <time>2026-05-11T00:33:47.642Z</time>
      </trkpt>
      <trkpt lat="50.162635" lon="16.777695">
        <ele>852.359767</ele>
        <time>2026-05-11T00:33:51.262Z</time>
      </trkpt>
      <trkpt lat="50.162794" lon="16.776284">
        <ele>846.630727</ele>
        <time>2026-05-11T00:34:04.083Z</time>
      </trkpt>
      <trkpt lat="50.162833" lon="16.775737">
        <ele>844.429842</ele>
        <time>2026-05-11T00:34:09.134Z</time>
      </trkpt>
      <trkpt lat="50.162965" lon="16.775246">
        <ele>842.790544</ele>
        <time>2026-05-11T00:34:14.056Z</time>
      </trkpt>
      <trkpt lat="50.163269" lon="16.774490">
        <ele>840.101313</ele>
        <time>2026-05-11T00:34:22.414Z</time>
      </trkpt>
      <trkpt lat="50.163802" lon="16.773588">
        <ele>836.404198</ele>
        <time>2026-05-11T00:34:34.064Z</time>
      </trkpt>
      <trkpt lat="50.164438" lon="16.772762">
        <ele>833.345015</ele>
        <time>2026-05-11T00:34:46.055Z</time>
      </trkpt>
      <trkpt lat="50.164538" lon="16.772668">
        <ele>832.933759</ele>
        <time>2026-05-11T00:34:47.787Z</time>
      </trkpt>
      <trkpt lat="50.164778" lon="16.772513">
        <ele>832.018701</ele>
        <time>2026-05-11T00:34:51.678Z</time>
      </trkpt>
      <trkpt lat="50.165185" lon="16.772328">
        <ele>830.525235</ele>
        <time>2026-05-11T00:34:58.260Z</time>
      </trkpt>
      <trkpt lat="50.165312" lon="16.772297">
        <ele>830.072360</ele>
        <time>2026-05-11T00:35:00.302Z</time>
      </trkpt>
      <trkpt lat="50.165539" lon="16.772309">
        <ele>829.487003</ele>
        <time>2026-05-11T00:35:03.980Z</time>
      </trkpt>
      <trkpt lat="50.168173" lon="16.772864">
        <ele>829.371910</ele>
        <time>2026-05-11T00:35:57.176Z</time>
      </trkpt>
      <trkpt lat="50.169152" lon="16.772902">
        <ele>829.444040</ele>
        <time>2026-05-11T00:36:15.119Z</time>
      </trkpt>
      <trkpt lat="50.169523" lon="16.772875">
        <ele>829.641546</ele>
        <time>2026-05-11T00:36:22.153Z</time>
      </trkpt>
      <trkpt lat="50.170896" lon="16.773103">
        <ele>830.330122</ele>
        <time>2026-05-11T00:36:52.046Z</time>
      </trkpt>
      <trkpt lat="50.171565" lon="16.773108">
        <ele>830.137722</ele>
        <time>2026-05-11T00:37:05.539Z</time>
      </trkpt>
      <trkpt lat="50.172032" lon="16.773130">
        <ele>830.003357</ele>
        <time>2026-05-11T00:37:14.366Z</time>
      </trkpt>
      <trkpt lat="50.172840" lon="16.773692">
        <ele>829.419651</ele>
        <time>2026-05-11T00:37:29.227Z</time>
      </trkpt>
      <trkpt lat="50.172892" lon="16.773703">
        <ele>829.342370</ele>
        <time>2026-05-11T00:37:30.170Z</time>
      </trkpt>
      <trkpt lat="50.173074" lon="16.773830">
        <ele>829.048784</ele>
        <time>2026-05-11T00:37:32.180Z</time>
      </trkpt>
      <trkpt lat="50.173146" lon="16.773820">
        <ele>828.942330</ele>
        <time>2026-05-11T00:37:32.945Z</time>
      </trkpt>
      <trkpt lat="50.173197" lon="16.773926">
        <ele>828.817279</ele>
        <time>2026-05-11T00:37:33.813Z</time>
      </trkpt>
      <trkpt lat="50.173273" lon="16.774002">
        <ele>828.684364</ele>
        <time>2026-05-11T00:37:34.768Z</time>
      </trkpt>
      <trkpt lat="50.173344" lon="16.774121">
        <ele>828.530963</ele>
        <time>2026-05-11T00:37:35.822Z</time>
      </trkpt>
      <trkpt lat="50.173396" lon="16.774277">
        <ele>828.365084</ele>
        <time>2026-05-11T00:37:36.958Z</time>
      </trkpt>
      <trkpt lat="50.173421" lon="16.774353">
        <ele>828.284496</ele>
        <time>2026-05-11T00:37:37.521Z</time>
      </trkpt>
      <trkpt lat="50.173738" lon="16.774853">
        <ele>827.620895</ele>
        <time>2026-05-11T00:37:41.819Z</time>
      </trkpt>
      <trkpt lat="50.173852" lon="16.775205">
        <ele>827.248848</ele>
        <time>2026-05-11T00:37:44.183Z</time>
      </trkpt>
      <trkpt lat="50.173964" lon="16.775432">
        <ele>826.663627</ele>
        <time>2026-05-11T00:37:45.953Z</time>
      </trkpt>
      <trkpt lat="50.174048" lon="16.775476">
        <ele>826.329117</ele>
        <time>2026-05-11T00:37:46.774Z</time>
      </trkpt>
      <trkpt lat="50.174270" lon="16.775353">
        <ele>825.439760</ele>
        <time>2026-05-11T00:37:48.903Z</time>
      </trkpt>
      <trkpt lat="50.174398" lon="16.775191">
        <ele>824.817681</ele>
        <time>2026-05-11T00:37:50.322Z</time>
      </trkpt>
      <trkpt lat="50.174491" lon="16.774949">
        <ele>824.135264</ele>
        <time>2026-05-11T00:37:51.828Z</time>
      </trkpt>
      <trkpt lat="50.174641" lon="16.774811">
        <ele>823.477949</ele>
        <time>2026-05-11T00:37:53.247Z</time>
      </trkpt>
      <trkpt lat="50.174786" lon="16.774330">
        <ele>822.192497</ele>
        <time>2026-05-11T00:37:55.970Z</time>
      </trkpt>
      <trkpt lat="50.174830" lon="16.774246">
        <ele>821.930104</ele>
        <time>2026-05-11T00:37:56.527Z</time>
      </trkpt>
      <trkpt lat="50.174903" lon="16.774164">
        <ele>821.590586</ele>
        <time>2026-05-11T00:37:57.234Z</time>
      </trkpt>
      <trkpt lat="50.174993" lon="16.774140">
        <ele>821.245874</ele>
        <time>2026-05-11T00:37:57.951Z</time>
      </trkpt>
      <trkpt lat="50.175184" lon="16.773854">
        <ele>820.285459</ele>
        <time>2026-05-11T00:38:00.040Z</time>
      </trkpt>
      <trkpt lat="50.175230" lon="16.773729">
        <ele>820.031527</ele>
        <time>2026-05-11T00:38:00.787Z</time>
      </trkpt>
      <trkpt lat="50.175438" lon="16.773529">
        <ele>819.359704</ele>
        <time>2026-05-11T00:38:02.812Z</time>
      </trkpt>
      <trkpt lat="50.175564" lon="16.773457">
        <ele>818.990694</ele>
        <time>2026-05-11T00:38:03.954Z</time>
      </trkpt>
      <trkpt lat="50.175681" lon="16.773337">
        <ele>818.605703</ele>
        <time>2026-05-11T00:38:05.180Z</time>
      </trkpt>
      <trkpt lat="50.175853" lon="16.773249">
        <ele>818.107910</ele>
        <time>2026-05-11T00:38:06.797Z</time>
      </trkpt>
      <trkpt lat="50.175973" lon="16.773117">
        <ele>817.704206</ele>
        <time>2026-05-11T00:38:08.147Z</time>
      </trkpt>
      <trkpt lat="50.176167" lon="16.773073">
        <ele>817.165055</ele>
        <time>2026-05-11T00:38:10.010Z</time>
      </trkpt>
      <trkpt lat="50.176316" lon="16.772997">
        <ele>816.733956</ele>
        <time>2026-05-11T00:38:11.525Z</time>
      </trkpt>
      <trkpt lat="50.176498" lon="16.773077">
        <ele>816.213952</ele>
        <time>2026-05-11T00:38:13.363Z</time>
      </trkpt>
      <trkpt lat="50.177055" lon="16.772794">
        <ele>814.846870</ele>
        <time>2026-05-11T00:38:18.998Z</time>
      </trkpt>
      <trkpt lat="50.177493" lon="16.772738">
        <ele>813.989316</ele>
        <time>2026-05-11T00:38:23.137Z</time>
      </trkpt>
      <trkpt lat="50.178115" lon="16.772825">
        <ele>812.770713</ele>
        <time>2026-05-11T00:38:28.782Z</time>
      </trkpt>
      <trkpt lat="50.178327" lon="16.772730">
        <ele>812.340328</ele>
        <time>2026-05-11T00:38:30.786Z</time>
      </trkpt>
      <trkpt lat="50.178951" lon="16.772830">
        <ele>811.121087</ele>
        <time>2026-05-11T00:38:36.733Z</time>
      </trkpt>
      <trkpt lat="50.179184" lon="16.772742">
        <ele>810.656062</ele>
        <time>2026-05-11T00:38:39.046Z</time>
      </trkpt>
      <trkpt lat="50.179338" lon="16.772825">
        <ele>810.340027</ele>
        <time>2026-05-11T00:38:40.598Z</time>
      </trkpt>
      <trkpt lat="50.179553" lon="16.772849">
        <ele>809.921888</ele>
        <time>2026-05-11T00:38:42.609Z</time>
      </trkpt>
      <trkpt lat="50.179793" lon="16.772770">
        <ele>809.446085</ele>
        <time>2026-05-11T00:38:44.850Z</time>
      </trkpt>
      <trkpt lat="50.180008" lon="16.772894">
        <ele>809.001473</ele>
        <time>2026-05-11T00:38:46.915Z</time>
      </trkpt>
      <trkpt lat="50.180180" lon="16.772916">
        <ele>808.666696</ele>
        <time>2026-05-11T00:38:48.482Z</time>
      </trkpt>
      <trkpt lat="50.180248" lon="16.772988">
        <ele>808.507320</ele>
        <time>2026-05-11T00:38:49.230Z</time>
      </trkpt>
      <trkpt lat="50.180389" lon="16.773041">
        <ele>808.396219</ele>
        <time>2026-05-11T00:38:50.583Z</time>
      </trkpt>
      <trkpt lat="50.180456" lon="16.773129">
        <ele>808.359252</ele>
        <time>2026-05-11T00:38:51.408Z</time>
      </trkpt>
      <trkpt lat="50.180680" lon="16.773058">
        <ele>808.262741</ele>
        <time>2026-05-11T00:38:53.571Z</time>
      </trkpt>
      <trkpt lat="50.180979" lon="16.773050">
        <ele>808.136471</ele>
        <time>2026-05-11T00:38:56.480Z</time>
      </trkpt>
      <trkpt lat="50.181011" lon="16.773131">
        <ele>808.110737</ele>
        <time>2026-05-11T00:38:57.098Z</time>
      </trkpt>
      <trkpt lat="50.181147" lon="16.773183">
        <ele>808.051616</ele>
        <time>2026-05-11T00:38:58.513Z</time>
      </trkpt>
      <trkpt lat="50.181291" lon="16.773188">
        <ele>807.990798</ele>
        <time>2026-05-11T00:39:00.046Z</time>
      </trkpt>
      <trkpt lat="50.181350" lon="16.773247">
        <ele>807.961215</ele>
        <time>2026-05-11T00:39:00.810Z</time>
      </trkpt>
      <trkpt lat="50.181429" lon="16.773243">
        <ele>807.927840</ele>
        <time>2026-05-11T00:39:01.681Z</time>
      </trkpt>
      <trkpt lat="50.181653" lon="16.773652">
        <ele>807.782322</ele>
        <time>2026-05-11T00:39:06.015Z</time>
      </trkpt>
      <trkpt lat="50.182226" lon="16.773808">
        <ele>808.378772</ele>
        <time>2026-05-11T00:39:16.163Z</time>
      </trkpt>
      <trkpt lat="50.182342" lon="16.773924">
        <ele>808.652892</ele>
        <time>2026-05-11T00:39:18.632Z</time>
      </trkpt>
      <trkpt lat="50.182429" lon="16.774083">
        <ele>808.919407</ele>
        <time>2026-05-11T00:39:21.039Z</time>
      </trkpt>
      <trkpt lat="50.182442" lon="16.774181">
        <ele>809.046943</ele>
        <time>2026-05-11T00:39:22.257Z</time>
      </trkpt>
      <trkpt lat="50.182507" lon="16.774240">
        <ele>809.196560</ele>
        <time>2026-05-11T00:39:23.561Z</time>
      </trkpt>
      <trkpt lat="50.182629" lon="16.774582">
        <ele>809.695443</ele>
        <time>2026-05-11T00:39:28.076Z</time>
      </trkpt>
      <trkpt lat="50.182789" lon="16.774871">
        <ele>810.182285</ele>
        <time>2026-05-11T00:39:32.424Z</time>
      </trkpt>
      <trkpt lat="50.182850" lon="16.774939">
        <ele>810.331433</ele>
        <time>2026-05-11T00:39:33.768Z</time>
      </trkpt>
      <trkpt lat="50.182881" lon="16.775026">
        <ele>810.458308</ele>
        <time>2026-05-11T00:39:34.889Z</time>
      </trkpt>
      <trkpt lat="50.183096" lon="16.775099">
        <ele>810.896167</ele>
        <time>2026-05-11T00:39:38.822Z</time>
      </trkpt>
      <trkpt lat="50.183188" lon="16.775231">
        <ele>811.144793</ele>
        <time>2026-05-11T00:39:41.006Z</time>
      </trkpt>
      <trkpt lat="50.183258" lon="16.775774">
        <ele>810.833952</ele>
        <time>2026-05-11T00:39:46.795Z</time>
      </trkpt>
      <trkpt lat="50.183370" lon="16.775982">
        <ele>810.580551</ele>
        <time>2026-05-11T00:39:48.926Z</time>
      </trkpt>
      <trkpt lat="50.183385" lon="16.776254">
        <ele>810.325995</ele>
        <time>2026-05-11T00:39:50.765Z</time>
      </trkpt>
      <trkpt lat="50.183498" lon="16.776483">
        <ele>810.056426</ele>
        <time>2026-05-11T00:39:52.672Z</time>
      </trkpt>
      <trkpt lat="50.183625" lon="16.776877">
        <ele>809.645134</ele>
        <time>2026-05-11T00:39:55.316Z</time>
      </trkpt>
      <trkpt lat="50.183726" lon="16.776997">
        <ele>809.460339</ele>
        <time>2026-05-11T00:39:56.441Z</time>
      </trkpt>
      <trkpt lat="50.183805" lon="16.776963">
        <ele>809.341015</ele>
        <time>2026-05-11T00:39:57.164Z</time>
      </trkpt>
      <trkpt lat="50.183896" lon="16.776838">
        <ele>809.164542</ele>
        <time>2026-05-11T00:39:58.202Z</time>
      </trkpt>
      <trkpt lat="50.184012" lon="16.776466">
        <ele>808.778743</ele>
        <time>2026-05-11T00:40:00.415Z</time>
      </trkpt>
      <trkpt lat="50.184281" lon="16.775902">
        <ele>807.348358</ele>
        <time>2026-05-11T00:40:04.042Z</time>
      </trkpt>
      <trkpt lat="50.184328" lon="16.775644">
        <ele>806.726682</ele>
        <time>2026-05-11T00:40:05.423Z</time>
      </trkpt>
      <trkpt lat="50.184376" lon="16.775516">
        <ele>806.382897</ele>
        <time>2026-05-11T00:40:06.186Z</time>
      </trkpt>
      <trkpt lat="50.184321" lon="16.775151">
        <ele>805.513856</ele>
        <time>2026-05-11T00:40:08.144Z</time>
      </trkpt>
      <trkpt lat="50.184318" lon="16.774991">
        <ele>805.142877</ele>
        <time>2026-05-11T00:40:08.999Z</time>
      </trkpt>
      <trkpt lat="50.184345" lon="16.774805">
        <ele>804.700860</ele>
        <time>2026-05-11T00:40:10.035Z</time>
      </trkpt>
      <trkpt lat="50.184411" lon="16.774592">
        <ele>804.152444</ele>
        <time>2026-05-11T00:40:11.337Z</time>
      </trkpt>
      <trkpt lat="50.184399" lon="16.774432">
        <ele>803.779090</ele>
        <time>2026-05-11T00:40:12.225Z</time>
      </trkpt>
      <trkpt lat="50.184500" lon="16.773916">
        <ele>802.528572</ele>
        <time>2026-05-11T00:40:15.251Z</time>
      </trkpt>
      <trkpt lat="50.184475" lon="16.773601">
        <ele>802.143514</ele>
        <time>2026-05-11T00:40:17.092Z</time>
      </trkpt>
      <trkpt lat="50.184547" lon="16.773273">
        <ele>802.165230</ele>
        <time>2026-05-11T00:40:19.158Z</time>
      </trkpt>
      <trkpt lat="50.184598" lon="16.772834">
        <ele>802.193173</ele>
        <time>2026-05-11T00:40:21.966Z</time>
      </trkpt>
      <trkpt lat="50.184612" lon="16.772801">
        <ele>802.195652</ele>
        <time>2026-05-11T00:40:22.230Z</time>
      </trkpt>
      <trkpt lat="50.184657" lon="16.772698">
        <ele>802.203462</ele>
        <time>2026-05-11T00:40:23.071Z</time>
      </trkpt>
      <trkpt lat="50.184534" lon="16.772282">
        <ele>802.232159</ele>
        <time>2026-05-11T00:40:26.486Z</time>
      </trkpt>
      <trkpt lat="50.184493" lon="16.772022">
        <ele>802.248929</ele>
        <time>2026-05-11T00:40:28.779Z</time>
      </trkpt>
      <trkpt lat="50.184524" lon="16.771603">
        <ele>802.275345</ele>
        <time>2026-05-11T00:40:32.816Z</time>
      </trkpt>
      <trkpt lat="50.184588" lon="16.771527">
        <ele>802.283209</ele>
        <time>2026-05-11T00:40:34.098Z</time>
      </trkpt>
      <trkpt lat="50.184573" lon="16.771111">
        <ele>802.309304</ele>
        <time>2026-05-11T00:40:38.733Z</time>
      </trkpt>
      <trkpt lat="50.184590" lon="16.770996">
        <ele>802.540042</ele>
        <time>2026-05-11T00:40:40.179Z</time>
      </trkpt>
      <trkpt lat="50.184685" lon="16.770772">
        <ele>803.136702</ele>
        <time>2026-05-11T00:40:43.542Z</time>
      </trkpt>
      <trkpt lat="50.184877" lon="16.770466">
        <ele>804.088111</ele>
        <time>2026-05-11T00:40:49.227Z</time>
      </trkpt>
      <trkpt lat="50.184954" lon="16.770509">
        <ele>804.371719</ele>
        <time>2026-05-11T00:40:50.922Z</time>
      </trkpt>
      <trkpt lat="50.185079" lon="16.770695">
        <ele>804.970511</ele>
        <time>2026-05-11T00:40:54.452Z</time>
      </trkpt>
      <trkpt lat="50.185329" lon="16.770938">
        <ele>805.991765</ele>
        <time>2026-05-11T00:41:00.824Z</time>
      </trkpt>
      <trkpt lat="50.185399" lon="16.771103">
        <ele>806.431307</ele>
        <time>2026-05-11T00:41:03.687Z</time>
      </trkpt>
      <trkpt lat="50.185464" lon="16.771423">
        <ele>807.176826</ele>
        <time>2026-05-11T00:41:08.434Z</time>
      </trkpt>
      <trkpt lat="50.185433" lon="16.771643">
        <ele>807.677067</ele>
        <time>2026-05-11T00:41:11.624Z</time>
      </trkpt>
      <trkpt lat="50.185481" lon="16.771748">
        <ele>807.963567</ele>
        <time>2026-05-11T00:41:13.479Z</time>
      </trkpt>
      <trkpt lat="50.185535" lon="16.771776">
        <ele>808.160900</ele>
        <time>2026-05-11T00:41:14.702Z</time>
      </trkpt>
      <trkpt lat="50.185660" lon="16.771895">
        <ele>808.723532</ele>
        <time>2026-05-11T00:41:17.972Z</time>
      </trkpt>
      <trkpt lat="50.185678" lon="16.772061">
        <ele>809.267942</ele>
        <time>2026-05-11T00:41:20.435Z</time>
      </trkpt>
      <trkpt lat="50.185663" lon="16.772436">
        <ele>810.482883</ele>
        <time>2026-05-11T00:41:25.883Z</time>
      </trkpt>
      <trkpt lat="50.185720" lon="16.772673">
        <ele>811.301509</ele>
        <time>2026-05-11T00:41:29.610Z</time>
      </trkpt>
      <trkpt lat="50.185714" lon="16.772794">
        <ele>811.693938</ele>
        <time>2026-05-11T00:41:31.401Z</time>
      </trkpt>
      <trkpt lat="50.185746" lon="16.772890">
        <ele>812.043902</ele>
        <time>2026-05-11T00:41:33.046Z</time>
      </trkpt>
      <trkpt lat="50.185756" lon="16.773047">
        <ele>812.554073</ele>
        <time>2026-05-11T00:41:35.389Z</time>
      </trkpt>
      <trkpt lat="50.185699" lon="16.773117">
        <ele>812.920258</ele>
        <time>2026-05-11T00:41:37.134Z</time>
      </trkpt>
      <trkpt lat="50.185766" lon="16.773479">
        <ele>814.138718</ele>
        <time>2026-05-11T00:41:43.060Z</time>
      </trkpt>
      <trkpt lat="50.185896" lon="16.773739">
        <ele>815.205396</ele>
        <time>2026-05-11T00:41:48.740Z</time>
      </trkpt>
      <trkpt lat="50.185919" lon="16.773890">
        <ele>815.707283</ele>
        <time>2026-05-11T00:41:51.448Z</time>
      </trkpt>
      <trkpt lat="50.185916" lon="16.774449">
        <ele>817.514885</ele>
        <time>2026-05-11T00:42:01.344Z</time>
      </trkpt>
      <trkpt lat="50.185784" lon="16.774169">
        <ele>818.931173</ele>
        <time>2026-05-11T00:42:07.829Z</time>
      </trkpt>
      <trkpt lat="50.185759" lon="16.774323">
        <ele>819.593723</ele>
        <time>2026-05-11T00:42:10.875Z</time>
      </trkpt>
      <trkpt lat="50.185795" lon="16.774579">
        <ele>820.686771</ele>
        <time>2026-05-11T00:42:15.997Z</time>
      </trkpt>
      <trkpt lat="50.185840" lon="16.774726">
        <ele>821.366267</ele>
        <time>2026-05-11T00:42:19.277Z</time>
      </trkpt>
      <trkpt lat="50.185866" lon="16.775285">
        <ele>823.703618</ele>
        <time>2026-05-11T00:42:30.831Z</time>
      </trkpt>
      <trkpt lat="50.185866" lon="16.775465">
        <ele>824.454275</ele>
        <time>2026-05-11T00:42:34.592Z</time>
      </trkpt>
      <trkpt lat="50.185765" lon="16.776326">
        <ele>828.104682</ele>
        <time>2026-05-11T00:42:51.147Z</time>
      </trkpt>
      <trkpt lat="50.185783" lon="16.776545">
        <ele>829.025477</ele>
        <time>2026-05-11T00:42:54.921Z</time>
      </trkpt>
      <trkpt lat="50.185794" lon="16.776581">
        <ele>829.191827</ele>
        <time>2026-05-11T00:42:55.561Z</time>
      </trkpt>
      <trkpt lat="50.185962" lon="16.777102">
        <ele>829.356788</ele>
        <time>2026-05-11T00:43:04.931Z</time>
      </trkpt>
      <trkpt lat="50.185974" lon="16.777207">
        <ele>829.358874</ele>
        <time>2026-05-11T00:43:06.525Z</time>
      </trkpt>
      <trkpt lat="50.186272" lon="16.777770">
        <ele>829.373164</ele>
        <time>2026-05-11T00:43:16.056Z</time>
      </trkpt>
      <trkpt lat="50.186507" lon="16.778430">
        <ele>829.387938</ele>
        <time>2026-05-11T00:43:20.799Z</time>
      </trkpt>
      <trkpt lat="50.186752" lon="16.778995">
        <ele>829.325423</ele>
        <time>2026-05-11T00:43:24.399Z</time>
      </trkpt>
      <trkpt lat="50.186929" lon="16.779491">
        <ele>825.728082</ele>
        <time>2026-05-11T00:43:27.287Z</time>
      </trkpt>
      <trkpt lat="50.187006" lon="16.779488">
        <ele>824.965981</ele>
        <time>2026-05-11T00:43:27.888Z</time>
      </trkpt>
      <trkpt lat="50.187080" lon="16.779369">
        <ele>823.915060</ele>
        <time>2026-05-11T00:43:28.691Z</time>
      </trkpt>
      <trkpt lat="50.187125" lon="16.779455">
        <ele>823.211443</ele>
        <time>2026-05-11T00:43:29.650Z</time>
      </trkpt>
      <trkpt lat="50.187165" lon="16.779418">
        <ele>822.751464</ele>
        <time>2026-05-11T00:43:29.986Z</time>
      </trkpt>
      <trkpt lat="50.187212" lon="16.779138">
        <ele>820.917674</ele>
        <time>2026-05-11T00:43:31.302Z</time>
      </trkpt>
      <trkpt lat="50.187258" lon="16.779017">
        <ele>820.026183</ele>
        <time>2026-05-11T00:43:31.941Z</time>
      </trkpt>
      <trkpt lat="50.187427" lon="16.778715">
        <ele>817.485229</ele>
        <time>2026-05-11T00:43:33.719Z</time>
      </trkpt>
      <trkpt lat="50.187505" lon="16.778638">
        <ele>816.572231</ele>
        <time>2026-05-11T00:43:34.350Z</time>
      </trkpt>
      <trkpt lat="50.187577" lon="16.778118">
        <ele>813.201823</ele>
        <time>2026-05-11T00:43:36.699Z</time>
      </trkpt>
      <trkpt lat="50.187605" lon="16.777915">
        <ele>811.886294</ele>
        <time>2026-05-11T00:43:37.636Z</time>
      </trkpt>
      <trkpt lat="50.187656" lon="16.777806">
        <ele>811.221683</ele>
        <time>2026-05-11T00:43:38.247Z</time>
      </trkpt>
      <trkpt lat="50.187557" lon="16.777579">
        <ele>810.059978</ele>
        <time>2026-05-11T00:43:39.496Z</time>
      </trkpt>
      <trkpt lat="50.187712" lon="16.777223">
        <ele>808.239064</ele>
        <time>2026-05-11T00:43:41.476Z</time>
      </trkpt>
      <trkpt lat="50.187842" lon="16.776823">
        <ele>806.341731</ele>
        <time>2026-05-11T00:43:43.610Z</time>
      </trkpt>
      <trkpt lat="50.188019" lon="16.776462">
        <ele>804.418563</ele>
        <time>2026-05-11T00:43:45.878Z</time>
      </trkpt>
      <trkpt lat="50.188232" lon="16.776037">
        <ele>802.135766</ele>
        <time>2026-05-11T00:43:48.694Z</time>
      </trkpt>
      <trkpt lat="50.188501" lon="16.775353">
        <ele>799.661471</ele>
        <time>2026-05-11T00:43:53.356Z</time>
      </trkpt>
      <trkpt lat="50.188480" lon="16.774954">
        <ele>799.555654</ele>
        <time>2026-05-11T00:43:55.949Z</time>
      </trkpt>
      <trkpt lat="50.188561" lon="16.774578">
        <ele>799.450798</ele>
        <time>2026-05-11T00:43:58.727Z</time>
      </trkpt>
      <trkpt lat="50.188550" lon="16.774458">
        <ele>799.418757</ele>
        <time>2026-05-11T00:43:59.703Z</time>
      </trkpt>
      <trkpt lat="50.188451" lon="16.774085">
        <ele>799.312033</ele>
        <time>2026-05-11T00:44:03.166Z</time>
      </trkpt>
      <trkpt lat="50.188403" lon="16.773987">
        <ele>799.279420</ele>
        <time>2026-05-11T00:44:04.186Z</time>
      </trkpt>
      <trkpt lat="50.188416" lon="16.773842">
        <ele>799.240720</ele>
        <time>2026-05-11T00:44:05.392Z</time>
      </trkpt>
      <trkpt lat="50.188568" lon="16.773563">
        <ele>799.143893</ele>
        <time>2026-05-11T00:44:08.063Z</time>
      </trkpt>
      <trkpt lat="50.188722" lon="16.773552">
        <ele>799.080253</ele>
        <time>2026-05-11T00:44:09.857Z</time>
      </trkpt>
      <trkpt lat="50.188984" lon="16.773471">
        <ele>798.924192</ele>
        <time>2026-05-11T00:44:13.223Z</time>
      </trkpt>
      <trkpt lat="50.189216" lon="16.773323">
        <ele>798.362728</ele>
        <time>2026-05-11T00:44:16.496Z</time>
      </trkpt>
      <trkpt lat="50.189391" lon="16.773257">
        <ele>797.959384</ele>
        <time>2026-05-11T00:44:18.693Z</time>
      </trkpt>
      <trkpt lat="50.189570" lon="16.773280">
        <ele>797.556992</ele>
        <time>2026-05-11T00:44:20.691Z</time>
      </trkpt>
      <trkpt lat="50.189860" lon="16.773174">
        <ele>796.889713</ele>
        <time>2026-05-11T00:44:23.777Z</time>
      </trkpt>
      <trkpt lat="50.190019" lon="16.773072">
        <ele>796.504608</ele>
        <time>2026-05-11T00:44:25.348Z</time>
      </trkpt>
      <trkpt lat="50.190105" lon="16.773016">
        <ele>796.295858</ele>
        <time>2026-05-11T00:44:26.155Z</time>
      </trkpt>
      <trkpt lat="50.190318" lon="16.772769">
        <ele>795.701501</ele>
        <time>2026-05-11T00:44:28.312Z</time>
      </trkpt>
      <trkpt lat="50.190438" lon="16.772542">
        <ele>795.279240</ele>
        <time>2026-05-11T00:44:29.790Z</time>
      </trkpt>
      <trkpt lat="50.190580" lon="16.772345">
        <ele>794.794515</ele>
        <time>2026-05-11T00:44:31.267Z</time>
      </trkpt>
      <trkpt lat="50.190690" lon="16.772084">
        <ele>794.072379</ele>
        <time>2026-05-11T00:44:32.821Z</time>
      </trkpt>
      <trkpt lat="50.190981" lon="16.771752">
        <ele>792.771596</ele>
        <time>2026-05-11T00:44:35.637Z</time>
      </trkpt>
      <trkpt lat="50.191062" lon="16.771600">
        <ele>792.314562</ele>
        <time>2026-05-11T00:44:36.654Z</time>
      </trkpt>
      <trkpt lat="50.191161" lon="16.771479">
        <ele>791.860804</ele>
        <time>2026-05-11T00:44:37.680Z</time>
      </trkpt>
      <trkpt lat="50.191435" lon="16.771318">
        <ele>790.804091</ele>
        <time>2026-05-11T00:44:40.118Z</time>
      </trkpt>
      <trkpt lat="50.191547" lon="16.771289">
        <ele>790.394294</ele>
        <time>2026-05-11T00:44:41.087Z</time>
      </trkpt>
      <trkpt lat="50.191632" lon="16.771324">
        <ele>790.076991</ele>
        <time>2026-05-11T00:44:41.818Z</time>
      </trkpt>
      <trkpt lat="50.191737" lon="16.771424">
        <ele>789.633080</ele>
        <time>2026-05-11T00:44:42.862Z</time>
      </trkpt>
      <trkpt lat="50.191933" lon="16.771726">
        <ele>788.639288</ele>
        <time>2026-05-11T00:44:45.459Z</time>
      </trkpt>
      <trkpt lat="50.192112" lon="16.771898">
        <ele>789.148797</ele>
        <time>2026-05-11T00:44:47.746Z</time>
      </trkpt>
      <trkpt lat="50.192219" lon="16.771937">
        <ele>789.623159</ele>
        <time>2026-05-11T00:44:49.384Z</time>
      </trkpt>
      <trkpt lat="50.192275" lon="16.771956">
        <ele>789.870566</ele>
        <time>2026-05-11T00:44:50.396Z</time>
      </trkpt>
      <trkpt lat="50.192298" lon="16.772044">
        <ele>790.133286</ele>
        <time>2026-05-11T00:44:51.548Z</time>
      </trkpt>
      <trkpt lat="50.192340" lon="16.772091">
        <ele>790.356345</ele>
        <time>2026-05-11T00:44:52.473Z</time>
      </trkpt>
      <trkpt lat="50.192640" lon="16.772104">
        <ele>791.652034</ele>
        <time>2026-05-11T00:44:58.819Z</time>
      </trkpt>
      <trkpt lat="50.192785" lon="16.772212">
        <ele>792.345572</ele>
        <time>2026-05-11T00:45:02.789Z</time>
      </trkpt>
      <trkpt lat="50.192862" lon="16.772308">
        <ele>792.770916</ele>
        <time>2026-05-11T00:45:05.369Z</time>
      </trkpt>
      <trkpt lat="50.192907" lon="16.772365">
        <ele>793.021045</ele>
        <time>2026-05-11T00:45:06.879Z</time>
      </trkpt>
      <trkpt lat="50.192884" lon="16.772416">
        <ele>793.193470</ele>
        <time>2026-05-11T00:45:07.968Z</time>
      </trkpt>
      <trkpt lat="50.192834" lon="16.772434">
        <ele>793.414995</ele>
        <time>2026-05-11T00:45:09.316Z</time>
      </trkpt>
      <trkpt lat="50.192902" lon="16.772503">
        <ele>793.765079</ele>
        <time>2026-05-11T00:45:11.528Z</time>
      </trkpt>
      <trkpt lat="50.192961" lon="16.772621">
        <ele>794.178908</ele>
        <time>2026-05-11T00:45:14.142Z</time>
      </trkpt>
      <trkpt lat="50.192888" lon="16.772637">
        <ele>794.497159</ele>
        <time>2026-05-11T00:45:16.309Z</time>
      </trkpt>
      <trkpt lat="50.192993" lon="16.772795">
        <ele>795.126609</ele>
        <time>2026-05-11T00:45:20.744Z</time>
      </trkpt>
      <trkpt lat="50.192981" lon="16.772867">
        <ele>795.332247</ele>
        <time>2026-05-11T00:45:22.193Z</time>
      </trkpt>
      <trkpt lat="50.192923" lon="16.772956">
        <ele>795.683266</ele>
        <time>2026-05-11T00:45:24.852Z</time>
      </trkpt>
      <trkpt lat="50.192805" lon="16.772986">
        <ele>796.199411</ele>
        <time>2026-05-11T00:45:28.884Z</time>
      </trkpt>
      <trkpt lat="50.192710" lon="16.773052">
        <ele>796.890195</ele>
        <time>2026-05-11T00:45:32.652Z</time>
      </trkpt>
      <trkpt lat="50.192722" lon="16.773114">
        <ele>797.171152</ele>
        <time>2026-05-11T00:45:34.153Z</time>
      </trkpt>
      <trkpt lat="50.192798" lon="16.773145">
        <ele>797.703350</ele>
        <time>2026-05-11T00:45:37.007Z</time>
      </trkpt>
      <trkpt lat="50.192856" lon="16.773211">
        <ele>798.189547</ele>
        <time>2026-05-11T00:45:39.488Z</time>
      </trkpt>
      <trkpt lat="50.192786" lon="16.773253">
        <ele>798.697612</ele>
        <time>2026-05-11T00:45:42.228Z</time>
      </trkpt>
      <trkpt lat="50.192732" lon="16.773329">
        <ele>799.190094</ele>
        <time>2026-05-11T00:45:44.868Z</time>
      </trkpt>
      <trkpt lat="50.192799" lon="16.773380">
        <ele>799.695080</ele>
        <time>2026-05-11T00:45:47.728Z</time>
      </trkpt>
      <trkpt lat="50.192886" lon="16.773446">
        <ele>800.350384</ele>
        <time>2026-05-11T00:45:51.231Z</time>
      </trkpt>
      <trkpt lat="50.193117" lon="16.773555">
        <ele>801.985357</ele>
        <time>2026-05-11T00:45:59.102Z</time>
      </trkpt>
      <trkpt lat="50.193317" lon="16.773812">
        <ele>803.740050</ele>
        <time>2026-05-11T00:46:06.776Z</time>
      </trkpt>
      <trkpt lat="50.193361" lon="16.773938">
        <ele>804.362608</ele>
        <time>2026-05-11T00:46:09.396Z</time>
      </trkpt>
      <trkpt lat="50.193286" lon="16.773976">
        <ele>804.896828</ele>
        <time>2026-05-11T00:46:11.553Z</time>
      </trkpt>
      <trkpt lat="50.193247" lon="16.774036">
        <ele>805.267714</ele>
        <time>2026-05-11T00:46:13.016Z</time>
      </trkpt>
      <trkpt lat="50.193317" lon="16.774059">
        <ele>805.752372</ele>
        <time>2026-05-11T00:46:14.890Z</time>
      </trkpt>
      <trkpt lat="50.193433" lon="16.774231">
        <ele>806.836036</ele>
        <time>2026-05-11T00:46:18.810Z</time>
      </trkpt>
      <trkpt lat="50.193470" lon="16.774333">
        <ele>807.344558</ele>
        <time>2026-05-11T00:46:20.578Z</time>
      </trkpt>
      <trkpt lat="50.193518" lon="16.774395">
        <ele>807.766566</ele>
        <time>2026-05-11T00:46:22.104Z</time>
      </trkpt>
      <trkpt lat="50.193562" lon="16.774396">
        <ele>808.064716</ele>
        <time>2026-05-11T00:46:23.025Z</time>
      </trkpt>
      <trkpt lat="50.194265" lon="16.775969">
        <ele>813.415677</ele>
        <time>2026-05-11T00:47:01.288Z</time>
      </trkpt>
      <trkpt lat="50.194499" lon="16.777067">
        <ele>816.020949</ele>
        <time>2026-05-11T00:47:24.245Z</time>
      </trkpt>
      <trkpt lat="50.194527" lon="16.777349">
        <ele>815.963685</ele>
        <time>2026-05-11T00:47:27.693Z</time>
      </trkpt>
      <trkpt lat="50.194668" lon="16.777655">
        <ele>815.888032</ele>
        <time>2026-05-11T00:47:31.551Z</time>
      </trkpt>
      <trkpt lat="50.194976" lon="16.777853">
        <ele>815.783635</ele>
        <time>2026-05-11T00:47:35.566Z</time>
      </trkpt>
      <trkpt lat="50.195145" lon="16.777820">
        <ele>815.730251</ele>
        <time>2026-05-11T00:47:37.368Z</time>
      </trkpt>
      <trkpt lat="50.195390" lon="16.777513">
        <ele>815.631802</ele>
        <time>2026-05-11T00:47:40.444Z</time>
      </trkpt>
      <trkpt lat="50.195509" lon="16.777409">
        <ele>815.589062</ele>
        <time>2026-05-11T00:47:41.633Z</time>
      </trkpt>
      <trkpt lat="50.195682" lon="16.777148">
        <ele>815.513675</ele>
        <time>2026-05-11T00:47:43.641Z</time>
      </trkpt>
      <trkpt lat="50.195719" lon="16.777044">
        <ele>815.425127</ele>
        <time>2026-05-11T00:47:44.264Z</time>
      </trkpt>
      <trkpt lat="50.195855" lon="16.776869">
        <ele>814.624689</ele>
        <time>2026-05-11T00:47:45.697Z</time>
      </trkpt>
      <trkpt lat="50.195993" lon="16.776464">
        <ele>813.290450</ele>
        <time>2026-05-11T00:47:48.058Z</time>
      </trkpt>
      <trkpt lat="50.196070" lon="16.776326">
        <ele>812.758085</ele>
        <time>2026-05-11T00:47:48.994Z</time>
      </trkpt>
      <trkpt lat="50.196131" lon="16.776111">
        <ele>812.074185</ele>
        <time>2026-05-11T00:47:50.189Z</time>
      </trkpt>
      <trkpt lat="50.196188" lon="16.775866">
        <ele>811.316105</ele>
        <time>2026-05-11T00:47:51.511Z</time>
      </trkpt>
      <trkpt lat="50.196188" lon="16.775657">
        <ele>810.708311</ele>
        <time>2026-05-11T00:47:52.584Z</time>
      </trkpt>
      <trkpt lat="50.196069" lon="16.775151">
        <ele>809.140651</ele>
        <time>2026-05-11T00:47:55.366Z</time>
      </trkpt>
      <trkpt lat="50.195962" lon="16.774990">
        <ele>808.465753</ele>
        <time>2026-05-11T00:47:56.568Z</time>
      </trkpt>
      <trkpt lat="50.195975" lon="16.774510">
        <ele>807.414870</ele>
        <time>2026-05-11T00:47:59.051Z</time>
      </trkpt>
      <trkpt lat="50.196043" lon="16.773918">
        <ele>808.039375</ele>
        <time>2026-05-11T00:48:02.228Z</time>
      </trkpt>
      <trkpt lat="50.196026" lon="16.773818">
        <ele>808.146806</ele>
        <time>2026-05-11T00:48:02.809Z</time>
      </trkpt>
      <trkpt lat="50.195971" lon="16.773484">
        <ele>808.504897</ele>
        <time>2026-05-11T00:48:04.865Z</time>
      </trkpt>
      <trkpt lat="50.195982" lon="16.773352">
        <ele>808.643112</ele>
        <time>2026-05-11T00:48:05.762Z</time>
      </trkpt>
      <trkpt lat="50.195877" lon="16.772976">
        <ele>809.069052</ele>
        <time>2026-05-11T00:48:09.563Z</time>
      </trkpt>
      <trkpt lat="50.195831" lon="16.772717">
        <ele>809.348137</ele>
        <time>2026-05-11T00:48:13.259Z</time>
      </trkpt>
      <trkpt lat="50.195682" lon="16.772367">
        <ele>809.784574</ele>
        <time>2026-05-11T00:48:20.781Z</time>
      </trkpt>
      <trkpt lat="50.195664" lon="16.772238">
        <ele>809.921663</ele>
        <time>2026-05-11T00:48:23.551Z</time>
      </trkpt>
      <trkpt lat="50.195715" lon="16.772085">
        <ele>810.100774</ele>
        <time>2026-05-11T00:48:27.321Z</time>
      </trkpt>
      <trkpt lat="50.195720" lon="16.771814">
        <ele>811.043912</ele>
        <time>2026-05-11T00:48:33.650Z</time>
      </trkpt>
      <trkpt lat="50.195746" lon="16.771683">
        <ele>811.853764</ele>
        <time>2026-05-11T00:48:37.012Z</time>
      </trkpt>
      <trkpt lat="50.195884" lon="16.771483">
        <ele>813.590116</ele>
        <time>2026-05-11T00:48:44.445Z</time>
      </trkpt>
      <trkpt lat="50.195979" lon="16.771410">
        <ele>814.566663</ele>
        <time>2026-05-11T00:48:48.807Z</time>
      </trkpt>
      <trkpt lat="50.196330" lon="16.771335">
        <ele>817.834383</ele>
        <time>2026-05-11T00:49:03.658Z</time>
      </trkpt>
      <trkpt lat="50.196736" lon="16.771439">
        <ele>821.629282</ele>
        <time>2026-05-11T00:49:20.794Z</time>
      </trkpt>
      <trkpt lat="50.196904" lon="16.771536">
        <ele>823.281350</ele>
        <time>2026-05-11T00:49:27.818Z</time>
      </trkpt>
      <trkpt lat="50.197328" lon="16.771913">
        <ele>827.217754</ele>
        <time>2026-05-11T00:49:44.526Z</time>
      </trkpt>
      <trkpt lat="50.198186" lon="16.773391">
        <ele>832.007961</ele>
        <time>2026-05-11T00:50:11.727Z</time>
      </trkpt>
      <trkpt lat="50.198329" lon="16.773625">
        <ele>832.784646</ele>
        <time>2026-05-11T00:50:14.802Z</time>
      </trkpt>
      <trkpt lat="50.198741" lon="16.773798">
        <ele>833.751864</ele>
        <time>2026-05-11T00:50:20.869Z</time>
      </trkpt>
      <trkpt lat="50.199146" lon="16.773878">
        <ele>834.082932</ele>
        <time>2026-05-11T00:50:26.520Z</time>
      </trkpt>
      <trkpt lat="50.199469" lon="16.774131">
        <ele>834.375965</ele>
        <time>2026-05-11T00:50:30.900Z</time>
      </trkpt>
      <trkpt lat="50.199720" lon="16.774700">
        <ele>834.734696</ele>
        <time>2026-05-11T00:50:36.629Z</time>
      </trkpt>
      <trkpt lat="50.200098" lon="16.775280">
        <ele>835.182866</ele>
        <time>2026-05-11T00:50:44.162Z</time>
      </trkpt>
      <trkpt lat="50.200451" lon="16.775441">
        <ele>835.524013</ele>
        <time>2026-05-11T00:50:49.192Z</time>
      </trkpt>
      <trkpt lat="50.200694" lon="16.775602">
        <ele>835.768878</ele>
        <time>2026-05-11T00:50:52.534Z</time>
      </trkpt>
      <trkpt lat="50.200882" lon="16.775935">
        <ele>836.032543</ele>
        <time>2026-05-11T00:50:56.099Z</time>
      </trkpt>
      <trkpt lat="50.201125" lon="16.776274">
        <ele>836.334771</ele>
        <time>2026-05-11T00:51:00.503Z</time>
      </trkpt>
      <trkpt lat="50.201320" lon="16.776435">
        <ele>836.539380</ele>
        <time>2026-05-11T00:51:03.752Z</time>
      </trkpt>
      <trkpt lat="50.201344" lon="16.776565">
        <ele>836.619722</ele>
        <time>2026-05-11T00:51:05.088Z</time>
      </trkpt>
      <trkpt lat="50.201445" lon="16.777096">
        <ele>837.161944</ele>
        <time>2026-05-11T00:51:10.835Z</time>
      </trkpt>
      <trkpt lat="50.201581" lon="16.777613">
        <ele>837.783851</ele>
        <time>2026-05-11T00:51:17.069Z</time>
      </trkpt>
      <trkpt lat="50.201629" lon="16.777923">
        <ele>838.138711</ele>
        <time>2026-05-11T00:51:20.617Z</time>
      </trkpt>
      <trkpt lat="50.201638" lon="16.778834">
        <ele>839.152428</ele>
        <time>2026-05-11T00:51:30.297Z</time>
      </trkpt>
      <trkpt lat="50.201678" lon="16.779162">
        <ele>839.523931</ele>
        <time>2026-05-11T00:51:33.727Z</time>
      </trkpt>
      <trkpt lat="50.201658" lon="16.779530">
        <ele>839.909257</ele>
        <time>2026-05-11T00:51:37.408Z</time>
      </trkpt>
      <trkpt lat="50.201667" lon="16.779820">
        <ele>840.152687</ele>
        <time>2026-05-11T00:51:40.184Z</time>
      </trkpt>
      <trkpt lat="50.201719" lon="16.780136">
        <ele>840.426246</ele>
        <time>2026-05-11T00:51:43.227Z</time>
      </trkpt>
      <trkpt lat="50.201717" lon="16.780337">
        <ele>840.594790</ele>
        <time>2026-05-11T00:51:45.070Z</time>
      </trkpt>
      <trkpt lat="50.201763" lon="16.780544">
        <ele>840.778507</ele>
        <time>2026-05-11T00:51:47.085Z</time>
      </trkpt>
      <trkpt lat="50.201859" lon="16.780771">
        <ele>841.006619</ele>
        <time>2026-05-11T00:51:49.573Z</time>
      </trkpt>
      <trkpt lat="50.201995" lon="16.781007">
        <ele>841.272864</ele>
        <time>2026-05-11T00:51:52.512Z</time>
      </trkpt>
      <trkpt lat="50.202160" lon="16.781564">
        <ele>841.787453</ele>
        <time>2026-05-11T00:51:58.196Z</time>
      </trkpt>
      <trkpt lat="50.202276" lon="16.781771">
        <ele>842.018121</ele>
        <time>2026-05-11T00:52:00.884Z</time>
      </trkpt>
      <trkpt lat="50.202342" lon="16.781978">
        <ele>842.223287</ele>
        <time>2026-05-11T00:52:03.217Z</time>
      </trkpt>
      <trkpt lat="50.202646" lon="16.782271">
        <ele>842.901923</ele>
        <time>2026-05-11T00:52:09.007Z</time>
      </trkpt>
      <trkpt lat="50.202874" lon="16.782561">
        <ele>843.460506</ele>
        <time>2026-05-11T00:52:13.963Z</time>
      </trkpt>
      <trkpt lat="50.203527" lon="16.783150">
        <ele>844.893063</ele>
        <time>2026-05-11T00:52:27.521Z</time>
      </trkpt>
      <trkpt lat="50.203635" lon="16.783368">
        <ele>845.228296</ele>
        <time>2026-05-11T00:52:30.581Z</time>
      </trkpt>
      <trkpt lat="50.203867" lon="16.783524">
        <ele>845.595042</ele>
        <time>2026-05-11T00:52:34.754Z</time>
      </trkpt>
      <trkpt lat="50.204025" lon="16.783541">
        <ele>845.568408</ele>
        <time>2026-05-11T00:52:37.189Z</time>
      </trkpt>
      <trkpt lat="50.204404" lon="16.783785">
        <ele>845.499472</ele>
        <time>2026-05-11T00:52:42.745Z</time>
      </trkpt>
      <trkpt lat="50.204630" lon="16.783880">
        <ele>845.460113</ele>
        <time>2026-05-11T00:52:45.473Z</time>
      </trkpt>
      <trkpt lat="50.205041" lon="16.784183">
        <ele>845.383686</ele>
        <time>2026-05-11T00:52:50.269Z</time>
      </trkpt>
      <trkpt lat="50.205344" lon="16.784148">
        <ele>845.332591</ele>
        <time>2026-05-11T00:52:53.233Z</time>
      </trkpt>
      <trkpt lat="50.205487" lon="16.784238">
        <ele>845.306664</ele>
        <time>2026-05-11T00:52:54.675Z</time>
      </trkpt>
      <trkpt lat="50.205822" lon="16.784308">
        <ele>844.786880</ele>
        <time>2026-05-11T00:52:57.790Z</time>
      </trkpt>
      <trkpt lat="50.206429" lon="16.784279">
        <ele>843.774372</ele>
        <time>2026-05-11T00:53:03.428Z</time>
      </trkpt>
      <trkpt lat="50.206914" lon="16.784003">
        <ele>842.913781</ele>
        <time>2026-05-11T00:53:08.399Z</time>
      </trkpt>
      <trkpt lat="50.207289" lon="16.783624">
        <ele>842.259812</ele>
        <time>2026-05-11T00:53:12.736Z</time>
      </trkpt>
      <trkpt lat="50.207474" lon="16.783555">
        <ele>842.157601</ele>
        <time>2026-05-11T00:53:14.595Z</time>
      </trkpt>
      <trkpt lat="50.208032" lon="16.783348">
        <ele>841.849401</ele>
        <time>2026-05-11T00:53:20.355Z</time>
      </trkpt>
      <trkpt lat="50.208608" lon="16.782836">
        <ele>841.493280</ele>
        <time>2026-05-11T00:53:27.742Z</time>
      </trkpt>
      <trkpt lat="50.208892" lon="16.782510">
        <ele>841.459840</ele>
        <time>2026-05-11T00:53:32.041Z</time>
      </trkpt>
      <trkpt lat="50.208997" lon="16.782435">
        <ele>841.695934</ele>
        <time>2026-05-11T00:53:33.559Z</time>
      </trkpt>
      <trkpt lat="50.209035" lon="16.782293">
        <ele>841.897371</ele>
        <time>2026-05-11T00:53:34.890Z</time>
      </trkpt>
      <trkpt lat="50.209328" lon="16.781917">
        <ele>842.672723</ele>
        <time>2026-05-11T00:53:40.317Z</time>
      </trkpt>
      <trkpt lat="50.209451" lon="16.781650">
        <ele>843.103274</ele>
        <time>2026-05-11T00:53:43.568Z</time>
      </trkpt>
      <trkpt lat="50.209711" lon="16.781347">
        <ele>843.766562</ele>
        <time>2026-05-11T00:53:49.155Z</time>
      </trkpt>
      <trkpt lat="50.209772" lon="16.781237">
        <ele>843.957050</ele>
        <time>2026-05-11T00:53:50.868Z</time>
      </trkpt>
      <trkpt lat="50.210044" lon="16.780954">
        <ele>844.625311</ele>
        <time>2026-05-11T00:53:57.312Z</time>
      </trkpt>
      <trkpt lat="50.210286" lon="16.780832">
        <ele>845.360603</ele>
        <time>2026-05-11T00:54:02.854Z</time>
      </trkpt>
      <trkpt lat="50.210308" lon="16.780825">
        <ele>845.482098</ele>
        <time>2026-05-11T00:54:03.363Z</time>
      </trkpt>
      <trkpt lat="50.210926" lon="16.780613">
        <ele>848.906039</ele>
        <time>2026-05-11T00:54:19.049Z</time>
      </trkpt>
      <trkpt lat="50.210676" lon="16.781894">
        <ele>853.544044</ele>
        <time>2026-05-11T00:54:49.866Z</time>
      </trkpt>
      <trkpt lat="50.210109" lon="16.783352">
        <ele>858.960942</ele>
        <time>2026-05-11T00:55:28.242Z</time>
      </trkpt>
      <trkpt lat="50.210084" lon="16.783993">
        <ele>860.952587</ele>
        <time>2026-05-11T00:55:41.638Z</time>
      </trkpt>
      <trkpt lat="50.210025" lon="16.784152">
        <ele>861.522595</ele>
        <time>2026-05-11T00:55:45.426Z</time>
      </trkpt>
      <trkpt lat="50.209691" lon="16.784424">
        <ele>863.347805</ele>
        <time>2026-05-11T00:55:57.135Z</time>
      </trkpt>
      <trkpt lat="50.209155" lon="16.785620">
        <ele>861.130438</ele>
        <time>2026-05-11T00:56:17.173Z</time>
      </trkpt>
      <trkpt lat="50.209184" lon="16.785773">
        <ele>860.868665</ele>
        <time>2026-05-11T00:56:18.789Z</time>
      </trkpt>
      <trkpt lat="50.209253" lon="16.786142">
        <ele>860.238011</ele>
        <time>2026-05-11T00:56:22.502Z</time>
      </trkpt>
      <trkpt lat="50.210024" lon="16.787133">
        <ele>853.880778</ele>
        <time>2026-05-11T00:56:35.686Z</time>
      </trkpt>
      <trkpt lat="50.210591" lon="16.788256">
        <ele>843.947125</ele>
        <time>2026-05-11T00:56:47.080Z</time>
      </trkpt>
      <trkpt lat="50.210665" lon="16.788456">
        <ele>842.342790</ele>
        <time>2026-05-11T00:56:48.933Z</time>
      </trkpt>
      <trkpt lat="50.210694" lon="16.788692">
        <ele>840.673938</ele>
        <time>2026-05-11T00:56:50.876Z</time>
      </trkpt>
      <trkpt lat="50.210614" lon="16.789631">
        <ele>834.752519</ele>
        <time>2026-05-11T00:56:58.634Z</time>
      </trkpt>
      <trkpt lat="50.211515" lon="16.789380">
        <ele>826.066435</ele>
        <time>2026-05-11T00:57:10.578Z</time>
      </trkpt>
      <trkpt lat="50.211949" lon="16.789237">
        <ele>821.891782</ele>
        <time>2026-05-11T00:57:16.480Z</time>
      </trkpt>
      <trkpt lat="50.212360" lon="16.789056">
        <ele>818.185965</ele>
        <time>2026-05-11T00:57:22.148Z</time>
      </trkpt>
      <trkpt lat="50.213057" lon="16.788652">
        <ele>811.734316</ele>
        <time>2026-05-11T00:57:31.882Z</time>
      </trkpt>
      <trkpt lat="50.213561" lon="16.788285">
        <ele>806.908770</ele>
        <time>2026-05-11T00:57:39.201Z</time>
      </trkpt>
      <trkpt lat="50.214301" lon="16.787622">
        <ele>800.740224</ele>
        <time>2026-05-11T00:57:50.592Z</time>
      </trkpt>
      <trkpt lat="50.214845" lon="16.787285">
        <ele>796.538377</ele>
        <time>2026-05-11T00:57:58.653Z</time>
      </trkpt>
      <trkpt lat="50.215148" lon="16.787152">
        <ele>794.278527</ele>
        <time>2026-05-11T00:58:03.051Z</time>
      </trkpt>
      <trkpt lat="50.215125" lon="16.787517">
        <ele>792.850509</ele>
        <time>2026-05-11T00:58:04.881Z</time>
      </trkpt>
      <trkpt lat="50.215128" lon="16.787952">
        <ele>791.299727</ele>
        <time>2026-05-11T00:58:07.051Z</time>
      </trkpt>
      <trkpt lat="50.215245" lon="16.788928">
        <ele>787.759953</ele>
        <time>2026-05-11T00:58:12.020Z</time>
      </trkpt>
      <trkpt lat="50.215197" lon="16.789400">
        <ele>786.056251</ele>
        <time>2026-05-11T00:58:14.394Z</time>
      </trkpt>
      <trkpt lat="50.215058" lon="16.789730">
        <ele>784.647884</ele>
        <time>2026-05-11T00:58:16.381Z</time>
      </trkpt>
      <trkpt lat="50.214822" lon="16.790183">
        <ele>783.058312</ele>
        <time>2026-05-11T00:58:19.403Z</time>
      </trkpt>
      <trkpt lat="50.214676" lon="16.790771">
        <ele>781.769053</ele>
        <time>2026-05-11T00:58:22.821Z</time>
      </trkpt>
      <trkpt lat="50.214579" lon="16.791512">
        <ele>780.222982</ele>
        <time>2026-05-11T00:58:27.077Z</time>
      </trkpt>
      <trkpt lat="50.214588" lon="16.791897">
        <ele>779.435465</ele>
        <time>2026-05-11T00:58:29.278Z</time>
      </trkpt>
      <trkpt lat="50.214512" lon="16.792221">
        <ele>778.730071</ele>
        <time>2026-05-11T00:58:31.277Z</time>
      </trkpt>
      <trkpt lat="50.214288" lon="16.792889">
        <ele>778.007574</ele>
        <time>2026-05-11T00:58:35.670Z</time>
      </trkpt>
      <trkpt lat="50.214320" lon="16.793045">
        <ele>778.021372</ele>
        <time>2026-05-11T00:58:36.631Z</time>
      </trkpt>
      <trkpt lat="50.214469" lon="16.793175">
        <ele>778.043834</ele>
        <time>2026-05-11T00:58:38.199Z</time>
      </trkpt>
      <trkpt lat="50.215127" lon="16.792990">
        <ele>778.131831</ele>
        <time>2026-05-11T00:58:45.100Z</time>
      </trkpt>
      <trkpt lat="50.215445" lon="16.792677">
        <ele>778.181298</ele>
        <time>2026-05-11T00:58:51.329Z</time>
      </trkpt>
      <trkpt lat="50.215640" lon="16.792584">
        <ele>778.208133</ele>
        <time>2026-05-11T00:58:55.596Z</time>
      </trkpt>
      <trkpt lat="50.215775" lon="16.792599">
        <ele>778.680605</ele>
        <time>2026-05-11T00:58:58.649Z</time>
      </trkpt>
      <trkpt lat="50.215916" lon="16.792683">
        <ele>779.343364</ele>
        <time>2026-05-11T00:59:02.139Z</time>
      </trkpt>
      <trkpt lat="50.216236" lon="16.793006">
        <ele>781.016511</ele>
        <time>2026-05-11T00:59:11.504Z</time>
      </trkpt>
      <trkpt lat="50.216547" lon="16.793502">
        <ele>782.968177</ele>
        <time>2026-05-11T00:59:23.128Z</time>
      </trkpt>
      <trkpt lat="50.216588" lon="16.793682">
        <ele>783.505152</ele>
        <time>2026-05-11T00:59:26.363Z</time>
      </trkpt>
      <trkpt lat="50.216614" lon="16.793969">
        <ele>784.319794</ele>
        <time>2026-05-11T00:59:31.130Z</time>
      </trkpt>
      <trkpt lat="50.216678" lon="16.794230">
        <ele>785.105334</ele>
        <time>2026-05-11T00:59:35.487Z</time>
      </trkpt>
      <trkpt lat="50.216956" lon="16.795034">
        <ele>787.199003</ele>
        <time>2026-05-11T00:59:47.990Z</time>
      </trkpt>
      <trkpt lat="50.216958" lon="16.795240">
        <ele>787.602046</ele>
        <time>2026-05-11T00:59:50.406Z</time>
      </trkpt>
      <trkpt lat="50.216957" lon="16.795623">
        <ele>788.351315</ele>
        <time>2026-05-11T00:59:54.953Z</time>
      </trkpt>
      <trkpt lat="50.217098" lon="16.796339">
        <ele>789.816854</ele>
        <time>2026-05-11T01:00:04.298Z</time>
      </trkpt>
      <trkpt lat="50.217111" lon="16.796681">
        <ele>790.487085</ele>
        <time>2026-05-11T01:00:08.506Z</time>
      </trkpt>
      <trkpt lat="50.217090" lon="16.797071">
        <ele>791.252735</ele>
        <time>2026-05-11T01:00:13.175Z</time>
      </trkpt>
      <trkpt lat="50.216993" lon="16.797550">
        <ele>792.163043</ele>
        <time>2026-05-11T01:00:19.016Z</time>
      </trkpt>
      <trkpt lat="50.216969" lon="16.797799">
        <ele>792.598458</ele>
        <time>2026-05-11T01:00:21.918Z</time>
      </trkpt>
      <trkpt lat="50.217015" lon="16.798227">
        <ele>793.348899</ele>
        <time>2026-05-11T01:00:27.015Z</time>
      </trkpt>
      <trkpt lat="50.217015" lon="16.798799">
        <ele>794.337969</ele>
        <time>2026-05-11T01:00:33.920Z</time>
      </trkpt>
      <trkpt lat="50.216903" lon="16.799323">
        <ele>795.293254</ele>
        <time>2026-05-11T01:00:40.682Z</time>
      </trkpt>
      <trkpt lat="50.216759" lon="16.799728">
        <ele>796.094410</ele>
        <time>2026-05-11T01:00:46.405Z</time>
      </trkpt>
      <trkpt lat="50.216594" lon="16.799933">
        <ele>796.634457</ele>
        <time>2026-05-11T01:00:50.589Z</time>
      </trkpt>
      <trkpt lat="50.215594" lon="16.800902">
        <ele>799.326705</ele>
        <time>2026-05-11T01:01:12.922Z</time>
      </trkpt>
      <trkpt lat="50.215210" lon="16.801331">
        <ele>800.406762</ele>
        <time>2026-05-11T01:01:19.999Z</time>
      </trkpt>
      <trkpt lat="50.214857" lon="16.801938">
        <ele>801.641589</ele>
        <time>2026-05-11T01:01:27.282Z</time>
      </trkpt>
      <trkpt lat="50.214484" lon="16.802493">
        <ele>802.859149</ele>
        <time>2026-05-11T01:01:35.130Z</time>
      </trkpt>
      <trkpt lat="50.214036" lon="16.802933">
        <ele>804.110037</ele>
        <time>2026-05-11T01:01:45.679Z</time>
      </trkpt>
      <trkpt lat="50.213759" lon="16.803121">
        <ele>804.823968</ele>
        <time>2026-05-11T01:01:52.645Z</time>
      </trkpt>
      <trkpt lat="50.213532" lon="16.803185">
        <ele>805.211233</ele>
        <time>2026-05-11T01:01:57.873Z</time>
      </trkpt>
      <trkpt lat="50.213131" lon="16.803372">
        <ele>805.905896</ele>
        <time>2026-05-11T01:02:07.709Z</time>
      </trkpt>
      <trkpt lat="50.212730" lon="16.803538">
        <ele>806.594511</ele>
        <time>2026-05-11T01:02:16.191Z</time>
      </trkpt>
      <trkpt lat="50.212648" lon="16.803622">
        <ele>806.757270</ele>
        <time>2026-05-11T01:02:17.851Z</time>
      </trkpt>
      <trkpt lat="50.212597" lon="16.803722">
        <ele>806.893108</ele>
        <time>2026-05-11T01:02:19.212Z</time>
      </trkpt>
      <trkpt lat="50.212573" lon="16.803879">
        <ele>807.064580</ele>
        <time>2026-05-11T01:02:20.663Z</time>
      </trkpt>
      <trkpt lat="50.212637" lon="16.804289">
        <ele>807.512890</ele>
        <time>2026-05-11T01:02:23.645Z</time>
      </trkpt>
      <trkpt lat="50.213290" lon="16.804300">
        <ele>804.802487</ele>
        <time>2026-05-11T01:02:29.393Z</time>
      </trkpt>
      <trkpt lat="50.214320" lon="16.804050">
        <ele>798.034643</ele>
        <time>2026-05-11T01:02:37.516Z</time>
      </trkpt>
      <trkpt lat="50.216546" lon="16.803114">
        <ele>777.893062</ele>
        <time>2026-05-11T01:02:54.877Z</time>
      </trkpt>
      <trkpt lat="50.217528" lon="16.802755">
        <ele>770.022049</ele>
        <time>2026-05-11T01:03:02.720Z</time>
      </trkpt>
      <trkpt lat="50.217739" lon="16.802672">
        <ele>768.323916</ele>
        <time>2026-05-11T01:03:04.444Z</time>
      </trkpt>
      <trkpt lat="50.217841" lon="16.802605">
        <ele>767.460390</ele>
        <time>2026-05-11T01:03:05.286Z</time>
      </trkpt>
      <trkpt lat="50.218042" lon="16.802507">
        <ele>765.817099</ele>
        <time>2026-05-11T01:03:08.735Z</time>
      </trkpt>
      <trkpt lat="50.218142" lon="16.802363">
        <ele>764.751098</ele>
        <time>2026-05-11T01:03:09.762Z</time>
      </trkpt>
      <trkpt lat="50.218246" lon="16.802142">
        <ele>763.372797</ele>
        <time>2026-05-11T01:03:11.078Z</time>
      </trkpt>
      <trkpt lat="50.218462" lon="16.801113">
        <ele>757.931821</ele>
        <time>2026-05-11T01:03:20.319Z</time>
      </trkpt>
      <trkpt lat="50.218516" lon="16.800857">
        <ele>756.577547</ele>
        <time>2026-05-11T01:03:22.612Z</time>
      </trkpt>
      <trkpt lat="50.218595" lon="16.800388">
        <ele>754.140934</ele>
        <time>2026-05-11T01:03:26.749Z</time>
      </trkpt>
      <trkpt lat="50.218767" lon="16.799233">
        <ele>748.434105</ele>
        <time>2026-05-11T01:03:36.893Z</time>
      </trkpt>
      <trkpt lat="50.218945" lon="16.797659">
        <ele>741.027480</ele>
        <time>2026-05-11T01:03:50.762Z</time>
      </trkpt>
      <trkpt lat="50.219312" lon="16.795167">
        <ele>730.253567</ele>
        <time>2026-05-11T01:04:13.510Z</time>
      </trkpt>
      <trkpt lat="50.219549" lon="16.794166">
        <ele>725.916674</ele>
        <time>2026-05-11T01:04:22.977Z</time>
      </trkpt>
      <trkpt lat="50.219678" lon="16.793713">
        <ele>723.951235</ele>
        <time>2026-05-11T01:04:27.375Z</time>
      </trkpt>
      <trkpt lat="50.220099" lon="16.792657">
        <ele>719.019368</ele>
        <time>2026-05-11T01:04:38.406Z</time>
      </trkpt>
      <trkpt lat="50.220372" lon="16.792119">
        <ele>716.297604</ele>
        <time>2026-05-11T01:04:44.550Z</time>
      </trkpt>
      <trkpt lat="50.220456" lon="16.791735">
        <ele>714.775971</ele>
        <time>2026-05-11T01:04:48.245Z</time>
      </trkpt>
      <trkpt lat="50.220489" lon="16.790891">
        <ele>711.701036</ele>
        <time>2026-05-11T01:04:56.055Z</time>
      </trkpt>
      <trkpt lat="50.220433" lon="16.790058">
        <ele>708.655153</ele>
        <time>2026-05-11T01:05:03.793Z</time>
      </trkpt>
      <trkpt lat="50.220373" lon="16.789770">
        <ele>707.553720</ele>
        <time>2026-05-11T01:05:06.506Z</time>
      </trkpt>
      <trkpt lat="50.220177" lon="16.789245">
        <ele>705.272966</ele>
        <time>2026-05-11T01:05:11.884Z</time>
      </trkpt>
      <trkpt lat="50.220123" lon="16.788869">
        <ele>703.312395</ele>
        <time>2026-05-11T01:05:13.763Z</time>
      </trkpt>
      <trkpt lat="50.220114" lon="16.788703">
        <ele>702.464811</ele>
        <time>2026-05-11T01:05:14.570Z</time>
      </trkpt>
      <trkpt lat="50.220061" lon="16.788178">
        <ele>699.760726</ele>
        <time>2026-05-11T01:05:17.112Z</time>
      </trkpt>
      <trkpt lat="50.220055" lon="16.787896">
        <ele>698.325200</ele>
        <time>2026-05-11T01:05:18.444Z</time>
      </trkpt>
      <trkpt lat="50.220055" lon="16.787751">
        <ele>697.587483</ele>
        <time>2026-05-11T01:05:19.040Z</time>
      </trkpt>
      <trkpt lat="50.220197" lon="16.786791">
        <ele>692.574479</ele>
        <time>2026-05-11T01:05:23.058Z</time>
      </trkpt>
      <trkpt lat="50.220318" lon="16.786192">
        <ele>689.466585</ele>
        <time>2026-05-11T01:05:25.651Z</time>
      </trkpt>
      <trkpt lat="50.220462" lon="16.785787">
        <ele>687.221980</ele>
        <time>2026-05-11T01:05:27.577Z</time>
      </trkpt>
      <trkpt lat="50.220964" lon="16.785133">
        <ele>682.273788</ele>
        <time>2026-05-11T01:05:31.831Z</time>
      </trkpt>
      <trkpt lat="50.221363" lon="16.784397">
        <ele>677.600543</ele>
        <time>2026-05-11T01:05:35.912Z</time>
      </trkpt>
      <trkpt lat="50.222093" lon="16.783561">
        <ele>672.811528</ele>
        <time>2026-05-11T01:05:42.179Z</time>
      </trkpt>
      <trkpt lat="50.222130" lon="16.783520">
        <ele>672.571533</ele>
        <time>2026-05-11T01:05:42.491Z</time>
      </trkpt>
      <trkpt lat="50.222491" lon="16.782925">
        <ele>669.795474</ele>
        <time>2026-05-11T01:05:46.148Z</time>
      </trkpt>
      <trkpt lat="50.222737" lon="16.782524">
        <ele>667.958460</ele>
        <time>2026-05-11T01:05:48.670Z</time>
      </trkpt>
      <trkpt lat="50.222819" lon="16.782345">
        <ele>667.408139</ele>
        <time>2026-05-11T01:05:49.692Z</time>
      </trkpt>
      <trkpt lat="50.222956" lon="16.781741">
        <ele>665.806235</ele>
        <time>2026-05-11T01:05:52.680Z</time>
      </trkpt>
      <trkpt lat="50.223092" lon="16.781327">
        <ele>664.642913</ele>
        <time>2026-05-11T01:05:54.810Z</time>
      </trkpt>
      <trkpt lat="50.223148" lon="16.781038">
        <ele>663.888092</ele>
        <time>2026-05-11T01:05:56.187Z</time>
      </trkpt>
      <trkpt lat="50.223164" lon="16.780502">
        <ele>662.546791</ele>
        <time>2026-05-11T01:05:58.649Z</time>
      </trkpt>
      <trkpt lat="50.222977" lon="16.779161">
        <ele>659.665408</ele>
        <time>2026-05-11T01:06:05.555Z</time>
      </trkpt>
      <trkpt lat="50.222868" lon="16.778628">
        <ele>658.663059</ele>
        <time>2026-05-11T01:06:08.307Z</time>
      </trkpt>
      <trkpt lat="50.222834" lon="16.778594">
        <ele>658.550051</ele>
        <time>2026-05-11T01:06:08.619Z</time>
      </trkpt>
      <trkpt lat="50.222758" lon="16.778500">
        <ele>658.278704</ele>
        <time>2026-05-11T01:06:09.359Z</time>
      </trkpt>
      <trkpt lat="50.222683" lon="16.778281">
        <ele>657.833745</ele>
        <time>2026-05-11T01:06:10.558Z</time>
      </trkpt>
      <trkpt lat="50.222513" lon="16.777393">
        <ele>656.173379</ele>
        <time>2026-05-11T01:06:15.189Z</time>
      </trkpt>
      <trkpt lat="50.222475" lon="16.776388">
        <ele>654.043007</ele>
        <time>2026-05-11T01:06:20.213Z</time>
      </trkpt>
      <trkpt lat="50.222491" lon="16.776171">
        <ele>653.574131</ele>
        <time>2026-05-11T01:06:21.255Z</time>
      </trkpt>
      <trkpt lat="50.222522" lon="16.776045">
        <ele>653.284364</ele>
        <time>2026-05-11T01:06:21.899Z</time>
      </trkpt>
      <trkpt lat="50.222622" lon="16.775727">
        <ele>652.523784</ele>
        <time>2026-05-11T01:06:23.584Z</time>
      </trkpt>
      <trkpt lat="50.222777" lon="16.775426">
        <ele>651.694414</ele>
        <time>2026-05-11T01:06:25.452Z</time>
      </trkpt>
      <trkpt lat="50.222924" lon="16.775224">
        <ele>651.037739</ele>
        <time>2026-05-11T01:06:26.940Z</time>
      </trkpt>
      <trkpt lat="50.223385" lon="16.774802">
        <ele>648.468562</ele>
        <time>2026-05-11T01:06:30.895Z</time>
      </trkpt>
      <trkpt lat="50.223858" lon="16.774266">
        <ele>644.448658</ele>
        <time>2026-05-11T01:06:34.829Z</time>
      </trkpt>
      <trkpt lat="50.224275" lon="16.773580">
        <ele>640.283075</ele>
        <time>2026-05-11T01:06:38.740Z</time>
      </trkpt>
      <trkpt lat="50.224701" lon="16.773130">
        <ele>636.448722</ele>
        <time>2026-05-11T01:06:42.049Z</time>
      </trkpt>
      <trkpt lat="50.224851" lon="16.772927">
        <ele>634.614588</ele>
        <time>2026-05-11T01:06:43.334Z</time>
      </trkpt>
      <trkpt lat="50.225249" lon="16.772206">
        <ele>628.982691</ele>
        <time>2026-05-11T01:06:47.337Z</time>
      </trkpt>
      <trkpt lat="50.225435" lon="16.771799">
        <ele>626.024639</ele>
        <time>2026-05-11T01:06:49.387Z</time>
      </trkpt>
      <trkpt lat="50.225598" lon="16.771350">
        <ele>622.971516</ele>
        <time>2026-05-11T01:06:51.419Z</time>
      </trkpt>
      <trkpt lat="50.225757" lon="16.771027">
        <ele>620.460901</ele>
        <time>2026-05-11T01:06:53.027Z</time>
      </trkpt>
      <trkpt lat="50.225899" lon="16.770879">
        <ele>618.506842</ele>
        <time>2026-05-11T01:06:54.092Z</time>
      </trkpt>
      <trkpt lat="50.226038" lon="16.770817">
        <ele>616.851882</ele>
        <time>2026-05-11T01:06:54.985Z</time>
      </trkpt>
      <trkpt lat="50.226185" lon="16.770800">
        <ele>615.164257</ele>
        <time>2026-05-11T01:06:55.898Z</time>
      </trkpt>
      <trkpt lat="50.226307" lon="16.770761">
        <ele>613.738550</ele>
        <time>2026-05-11T01:06:56.658Z</time>
      </trkpt>
      <trkpt lat="50.226383" lon="16.770661">
        <ele>612.601166</ele>
        <time>2026-05-11T01:06:57.269Z</time>
      </trkpt>
      <trkpt lat="50.226549" lon="16.770281">
        <ele>609.230818</ele>
        <time>2026-05-11T01:06:59.077Z</time>
      </trkpt>
      <trkpt lat="50.227061" lon="16.769514">
        <ele>601.111450</ele>
        <time>2026-05-11T01:07:03.427Z</time>
      </trkpt>
      <trkpt lat="50.227188" lon="16.769216">
        <ele>598.955496</ele>
        <time>2026-05-11T01:07:04.902Z</time>
      </trkpt>
      <trkpt lat="50.227334" lon="16.768749">
        <ele>596.083412</ele>
        <time>2026-05-11T01:07:07.028Z</time>
      </trkpt>
      <trkpt lat="50.227550" lon="16.768337">
        <ele>593.140091</ele>
        <time>2026-05-11T01:07:09.240Z</time>
      </trkpt>
      <trkpt lat="50.227719" lon="16.767978">
        <ele>590.677249</ele>
        <time>2026-05-11T01:07:11.089Z</time>
      </trkpt>
      <trkpt lat="50.227911" lon="16.767661">
        <ele>588.265169</ele>
        <time>2026-05-11T01:07:12.891Z</time>
      </trkpt>
      <trkpt lat="50.228036" lon="16.767373">
        <ele>586.342151</ele>
        <time>2026-05-11T01:07:14.327Z</time>
      </trkpt>
      <trkpt lat="50.228112" lon="16.767125">
        <ele>584.838930</ele>
        <time>2026-05-11T01:07:15.461Z</time>
      </trkpt>
      <trkpt lat="50.228153" lon="16.766990">
        <ele>584.442241</ele>
        <time>2026-05-11T01:07:16.079Z</time>
      </trkpt>
      <trkpt lat="50.228235" lon="16.766737">
        <ele>583.689381</ele>
        <time>2026-05-11T01:07:17.261Z</time>
      </trkpt>
      <trkpt lat="50.228526" lon="16.766123">
        <ele>581.660980</ele>
        <time>2026-05-11T01:07:20.566Z</time>
      </trkpt>
      <trkpt lat="50.228573" lon="16.765878">
        <ele>580.982023</ele>
        <time>2026-05-11T01:07:21.709Z</time>
      </trkpt>
      <trkpt lat="50.228585" lon="16.765524">
        <ele>580.041021</ele>
        <time>2026-05-11T01:07:23.290Z</time>
      </trkpt>
      <trkpt lat="50.228595" lon="16.765246">
        <ele>579.301913</ele>
        <time>2026-05-11T01:07:24.570Z</time>
      </trkpt>
      <trkpt lat="50.228550" lon="16.765037">
        <ele>578.716548</ele>
        <time>2026-05-11T01:07:26.133Z</time>
      </trkpt>
      <trkpt lat="50.228498" lon="16.764750">
        <ele>577.924748</ele>
        <time>2026-05-11T01:07:28.474Z</time>
      </trkpt>
      <trkpt lat="50.228474" lon="16.764599">
        <ele>577.511736</ele>
        <time>2026-05-11T01:07:29.795Z</time>
      </trkpt>
      <trkpt lat="50.228368" lon="16.763836">
        <ele>580.207767</ele>
        <time>2026-05-11T01:07:41.564Z</time>
      </trkpt>
      <trkpt lat="50.228319" lon="16.763649">
        <ele>580.982120</ele>
        <time>2026-05-11T01:07:45.558Z</time>
      </trkpt>
      <trkpt lat="50.228235" lon="16.763522">
        <ele>581.682120</ele>
        <time>2026-05-11T01:07:49.537Z</time>
      </trkpt>
      <trkpt lat="50.228175" lon="16.763483">
        <ele>582.071350</ele>
        <time>2026-05-11T01:07:51.856Z</time>
      </trkpt>
      <trkpt lat="50.228050" lon="16.763397">
        <ele>582.889407</ele>
        <time>2026-05-11T01:07:56.471Z</time>
      </trkpt>
      <trkpt lat="50.227956" lon="16.763272">
        <ele>583.628641</ele>
        <time>2026-05-11T01:08:01.216Z</time>
      </trkpt>
      <trkpt lat="50.227926" lon="16.763019">
        <ele>584.614643</ele>
        <time>2026-05-11T01:08:07.805Z</time>
      </trkpt>
      <trkpt lat="50.227975" lon="16.762586">
        <ele>586.299647</ele>
        <time>2026-05-11T01:08:19.262Z</time>
      </trkpt>
      <trkpt lat="50.228153" lon="16.761819">
        <ele>588.045067</ele>
        <time>2026-05-11T01:08:38.137Z</time>
      </trkpt>
      <trkpt lat="50.228448" lon="16.760803">
        <ele>587.640672</ele>
        <time>2026-05-11T01:08:51.621Z</time>
      </trkpt>
      <trkpt lat="50.228564" lon="16.760375">
        <ele>587.472199</ele>
        <time>2026-05-11T01:08:54.739Z</time>
      </trkpt>
      <trkpt lat="50.228665" lon="16.759764">
        <ele>587.243475</ele>
        <time>2026-05-11T01:08:57.485Z</time>
      </trkpt>
      <trkpt lat="50.228682" lon="16.758704">
        <ele>584.145282</ele>
        <time>2026-05-11T01:09:01.922Z</time>
      </trkpt>
      <trkpt lat="50.228825" lon="16.756410">
        <ele>575.447729</ele>
        <time>2026-05-11T01:09:12.080Z</time>
      </trkpt>
      <trkpt lat="50.228861" lon="16.755828">
        <ele>573.348073</ele>
        <time>2026-05-11T01:09:14.772Z</time>
      </trkpt>
      <trkpt lat="50.228905" lon="16.755126">
        <ele>570.815187</ele>
        <time>2026-05-11T01:09:17.921Z</time>
      </trkpt>
      <trkpt lat="50.228918" lon="16.754599">
        <ele>568.921375</ele>
        <time>2026-05-11T01:09:20.191Z</time>
      </trkpt>
      <trkpt lat="50.228886" lon="16.754158">
        <ele>567.327632</ele>
        <time>2026-05-11T01:09:22.075Z</time>
      </trkpt>
      <trkpt lat="50.228821" lon="16.753335">
        <ele>565.014827</ele>
        <time>2026-05-11T01:09:25.641Z</time>
      </trkpt>
      <trkpt lat="50.228814" lon="16.752813">
        <ele>563.757830</ele>
        <time>2026-05-11T01:09:27.971Z</time>
      </trkpt>
      <trkpt lat="50.228845" lon="16.752472">
        <ele>562.928620</ele>
        <time>2026-05-11T01:09:29.560Z</time>
      </trkpt>
      <trkpt lat="50.229076" lon="16.751728">
        <ele>560.937619</ele>
        <time>2026-05-11T01:09:33.668Z</time>
      </trkpt>
      <trkpt lat="50.229260" lon="16.751135">
        <ele>559.344217</ele>
        <time>2026-05-11T01:09:37.735Z</time>
      </trkpt>
      <trkpt lat="50.229621" lon="16.749893">
        <ele>555.971335</ele>
        <time>2026-05-11T01:09:44.918Z</time>
      </trkpt>
      <trkpt lat="50.229749" lon="16.749427">
        <ele>554.717464</ele>
        <time>2026-05-11T01:09:47.234Z</time>
      </trkpt>
      <trkpt lat="50.229950" lon="16.748319">
        <ele>551.119222</ele>
        <time>2026-05-11T01:09:52.153Z</time>
      </trkpt>
      <trkpt lat="50.229967" lon="16.747691">
        <ele>548.063627</ele>
        <time>2026-05-11T01:09:54.742Z</time>
      </trkpt>
      <trkpt lat="50.229943" lon="16.747173">
        <ele>545.538905</ele>
        <time>2026-05-11T01:09:56.883Z</time>
      </trkpt>
      <trkpt lat="50.229792" lon="16.746251">
        <ele>540.912274</ele>
        <time>2026-05-11T01:10:00.853Z</time>
      </trkpt>
      <trkpt lat="50.229531" lon="16.745264">
        <ele>536.280979</ele>
        <time>2026-05-11T01:10:05.395Z</time>
      </trkpt>
      <trkpt lat="50.229260" lon="16.744428">
        <ele>532.508730</ele>
        <time>2026-05-11T01:10:09.389Z</time>
      </trkpt>
      <trkpt lat="50.229092" lon="16.742775">
        <ele>526.491497</ele>
        <time>2026-05-11T01:10:16.726Z</time>
      </trkpt>
      <trkpt lat="50.229048" lon="16.741447">
        <ele>523.176725</ele>
        <time>2026-05-11T01:10:22.855Z</time>
      </trkpt>
      <trkpt lat="50.229129" lon="16.739140">
        <ele>518.293776</ele>
        <time>2026-05-11T01:10:34.519Z</time>
      </trkpt>
      <trkpt lat="50.228624" lon="16.734906">
        <ele>509.876514</ele>
        <time>2026-05-11T01:10:55.389Z</time>
      </trkpt>
      <trkpt lat="50.228585" lon="16.734578">
        <ele>509.177344</ele>
        <time>2026-05-11T01:10:57.000Z</time>
      </trkpt>
      <trkpt lat="50.228420" lon="16.733600">
        <ele>507.053757</ele>
        <time>2026-05-11T01:11:01.883Z</time>
      </trkpt>
      <trkpt lat="50.228242" lon="16.732856">
        <ele>505.386006</ele>
        <time>2026-05-11T01:11:05.684Z</time>
      </trkpt>
      <trkpt lat="50.228054" lon="16.732148">
        <ele>503.808321</ele>
        <time>2026-05-11T01:11:09.331Z</time>
      </trkpt>
      <trkpt lat="50.227646" lon="16.730943">
        <ele>501.513294</ele>
        <time>2026-05-11T01:11:15.950Z</time>
      </trkpt>
      <trkpt lat="50.226411" lon="16.727648">
        <ele>495.787790</ele>
        <time>2026-05-11T01:11:35.808Z</time>
      </trkpt>
      <trkpt lat="50.225516" lon="16.725283">
        <ele>491.071705</ele>
        <time>2026-05-11T01:11:49.445Z</time>
      </trkpt>
      <trkpt lat="50.225280" lon="16.724677">
        <ele>489.784565</ele>
        <time>2026-05-11T01:11:52.899Z</time>
      </trkpt>
      <trkpt lat="50.225012" lon="16.723989">
        <ele>488.263130</ele>
        <time>2026-05-11T01:11:56.815Z</time>
      </trkpt>
      <trkpt lat="50.224210" lon="16.722451">
        <ele>484.541150</ele>
        <time>2026-05-11T01:12:06.540Z</time>
      </trkpt>
      <trkpt lat="50.222899" lon="16.719899">
        <ele>478.738466</ele>
        <time>2026-05-11T01:12:22.768Z</time>
      </trkpt>
      <trkpt lat="50.222736" lon="16.719540">
        <ele>477.983934</ele>
        <time>2026-05-11T01:12:24.943Z</time>
      </trkpt>
      <trkpt lat="50.222659" lon="16.719288">
        <ele>477.505271</ele>
        <time>2026-05-11T01:12:26.326Z</time>
      </trkpt>
      <trkpt lat="50.221670" lon="16.714204">
        <ele>468.670178</ele>
        <time>2026-05-11T01:12:52.934Z</time>
      </trkpt>
      <trkpt lat="50.221557" lon="16.713703">
        <ele>467.787975</ele>
        <time>2026-05-11T01:12:55.569Z</time>
      </trkpt>
      <trkpt lat="50.221108" lon="16.712312">
        <ele>465.297092</ele>
        <time>2026-05-11T01:13:03.385Z</time>
      </trkpt>
      <trkpt lat="50.220719" lon="16.711346">
        <ele>463.670154</ele>
        <time>2026-05-11T01:13:09.181Z</time>
      </trkpt>
      <trkpt lat="50.220200" lon="16.709945">
        <ele>461.413563</ele>
        <time>2026-05-11T01:13:17.662Z</time>
      </trkpt>
      <trkpt lat="50.219870" lon="16.709048">
        <ele>460.085455</ele>
        <time>2026-05-11T01:13:23.071Z</time>
      </trkpt>
      <trkpt lat="50.219480" lon="16.708148">
        <ele>458.690240</ele>
        <time>2026-05-11T01:13:28.736Z</time>
      </trkpt>
      <trkpt lat="50.218954" lon="16.707375">
        <ele>457.324970</ele>
        <time>2026-05-11T01:13:34.585Z</time>
      </trkpt>
      <trkpt lat="50.218477" lon="16.706483">
        <ele>455.953873</ele>
        <time>2026-05-11T01:13:40.708Z</time>
      </trkpt>
      <trkpt lat="50.218114" lon="16.705673">
        <ele>454.773548</ele>
        <time>2026-05-11T01:13:46.029Z</time>
      </trkpt>
      <trkpt lat="50.217563" lon="16.704117">
        <ele>452.497034</ele>
        <time>2026-05-11T01:13:55.465Z</time>
      </trkpt>
      <trkpt lat="50.217252" lon="16.703267">
        <ele>451.209733</ele>
        <time>2026-05-11T01:14:00.449Z</time>
      </trkpt>
      <trkpt lat="50.216766" lon="16.701699">
        <ele>448.287118</ele>
        <time>2026-05-11T01:14:09.108Z</time>
      </trkpt>
      <trkpt lat="50.216707" lon="16.701427">
        <ele>447.805338</ele>
        <time>2026-05-11T01:14:10.524Z</time>
      </trkpt>
      <trkpt lat="50.216076" lon="16.696882">
        <ele>440.243244</ele>
        <time>2026-05-11T01:14:33.751Z</time>
      </trkpt>
      <trkpt lat="50.215970" lon="16.695797">
        <ele>438.632247</ele>
        <time>2026-05-11T01:14:39.415Z</time>
      </trkpt>
      <trkpt lat="50.215890" lon="16.693338">
        <ele>435.386088</ele>
        <time>2026-05-11T01:14:52.293Z</time>
      </trkpt>
      <trkpt lat="50.215826" lon="16.692667">
        <ele>434.522155</ele>
        <time>2026-05-11T01:14:55.835Z</time>
      </trkpt>
      <trkpt lat="50.215648" lon="16.691089">
        <ele>432.651669</ele>
        <time>2026-05-11T01:15:04.182Z</time>
      </trkpt>
      <trkpt lat="50.215627" lon="16.690771">
        <ele>432.284448</ele>
        <time>2026-05-11T01:15:05.868Z</time>
      </trkpt>
      <trkpt lat="50.215636" lon="16.690188">
        <ele>431.614572</ele>
        <time>2026-05-11T01:15:08.927Z</time>
      </trkpt>
      <trkpt lat="50.215831" lon="16.688194">
        <ele>430.106355</ele>
        <time>2026-05-11T01:15:20.149Z</time>
      </trkpt>
      <trkpt lat="50.215931" lon="16.687796">
        <ele>429.850195</ele>
        <time>2026-05-11T01:15:22.752Z</time>
      </trkpt>
      <trkpt lat="50.216133" lon="16.687361">
        <ele>429.528203</ele>
        <time>2026-05-11T01:15:26.066Z</time>
      </trkpt>
      <trkpt lat="50.216281" lon="16.687031">
        <ele>429.271177</ele>
        <time>2026-05-11T01:15:28.554Z</time>
      </trkpt>
      <trkpt lat="50.216332" lon="16.686715">
        <ele>428.900126</ele>
        <time>2026-05-11T01:15:30.574Z</time>
      </trkpt>
      <trkpt lat="50.216325" lon="16.686491">
        <ele>428.644785</ele>
        <time>2026-05-11T01:15:31.959Z</time>
      </trkpt>
      <trkpt lat="50.216314" lon="16.686383">
        <ele>428.520273</ele>
        <time>2026-05-11T01:15:32.620Z</time>
      </trkpt>
      <trkpt lat="50.216195" lon="16.685220">
        <ele>427.179308</ele>
        <time>2026-05-11T01:15:38.922Z</time>
      </trkpt>
      <trkpt lat="50.216137" lon="16.684923">
        <ele>426.825758</ele>
        <time>2026-05-11T01:15:40.444Z</time>
      </trkpt>
      <trkpt lat="50.216036" lon="16.684594">
        <ele>426.410294</ele>
        <time>2026-05-11T01:15:42.231Z</time>
      </trkpt>
      <trkpt lat="50.215745" lon="16.684051">
        <ele>425.455754</ele>
        <time>2026-05-11T01:15:45.683Z</time>
      </trkpt>
      <trkpt lat="50.215570" lon="16.683473">
        <ele>424.512002</ele>
        <time>2026-05-11T01:15:48.784Z</time>
      </trkpt>
      <trkpt lat="50.215154" lon="16.681994">
        <ele>422.127539</ele>
        <time>2026-05-11T01:15:57.040Z</time>
      </trkpt>
      <trkpt lat="50.215086" lon="16.681492">
        <ele>422.004497</ele>
        <time>2026-05-11T01:16:00.066Z</time>
      </trkpt>
      <trkpt lat="50.215086" lon="16.681033">
        <ele>422.061522</ele>
        <time>2026-05-11T01:16:03.017Z</time>
      </trkpt>
      <trkpt lat="50.215098" lon="16.680930">
        <ele>422.074529</ele>
        <time>2026-05-11T01:16:03.744Z</time>
      </trkpt>
      <trkpt lat="50.215167" lon="16.680928">
        <ele>422.087927</ele>
        <time>2026-05-11T01:16:04.522Z</time>
      </trkpt>
      <trkpt lat="50.215221" lon="16.680859">
        <ele>422.101470</ele>
        <time>2026-05-11T01:16:05.322Z</time>
      </trkpt>
      <trkpt lat="50.215236" lon="16.680753">
        <ele>422.114957</ele>
        <time>2026-05-11T01:16:06.155Z</time>
      </trkpt>
      <trkpt lat="50.215221" lon="16.680684">
        <ele>422.124010</ele>
        <time>2026-05-11T01:16:06.710Z</time>
      </trkpt>
      <trkpt lat="50.215296" lon="16.680602">
        <ele>422.141781</ele>
        <time>2026-05-11T01:16:07.885Z</time>
      </trkpt>
      <trkpt lat="50.215612" lon="16.680374">
        <ele>422.209355</ele>
        <time>2026-05-11T01:16:12.478Z</time>
      </trkpt>
      <trkpt lat="50.216262" lon="16.680042">
        <ele>422.184990</ele>
        <time>2026-05-11T01:16:21.211Z</time>
      </trkpt>
      <trkpt lat="50.216299" lon="16.680024">
        <ele>422.161129</ele>
        <time>2026-05-11T01:16:21.657Z</time>
      </trkpt>
      <trkpt lat="50.216386" lon="16.679981">
        <ele>422.104944</ele>
        <time>2026-05-11T01:16:22.717Z</time>
      </trkpt>
      <trkpt lat="50.216353" lon="16.679778">
        <ele>422.022419</ele>
        <time>2026-05-11T01:16:24.175Z</time>
      </trkpt>
      <trkpt lat="50.216181" lon="16.678835">
        <ele>421.636065</ele>
        <time>2026-05-11T01:16:30.214Z</time>
      </trkpt>
      <trkpt lat="50.216082" lon="16.678306">
        <ele>421.418901</ele>
        <time>2026-05-11T01:16:33.265Z</time>
      </trkpt>
      <trkpt lat="50.216053" lon="16.678153">
        <ele>421.356027</ele>
        <time>2026-05-11T01:16:34.111Z</time>
      </trkpt>
      <trkpt lat="50.216044" lon="16.678103">
        <ele>421.335562</ele>
        <time>2026-05-11T01:16:34.387Z</time>
      </trkpt>
      <trkpt lat="50.216010" lon="16.677914">
        <ele>421.258207</ele>
        <time>2026-05-11T01:16:35.427Z</time>
      </trkpt>
      <trkpt lat="50.215908" lon="16.677347">
        <ele>420.561569</ele>
        <time>2026-05-11T01:16:38.503Z</time>
      </trkpt>
      <trkpt lat="50.215874" lon="16.677175">
        <ele>420.297711</ele>
        <time>2026-05-11T01:16:39.434Z</time>
      </trkpt>
      <trkpt lat="50.215845" lon="16.677005">
        <ele>420.039837</ele>
        <time>2026-05-11T01:16:40.344Z</time>
      </trkpt>
      <trkpt lat="50.215836" lon="16.676924">
        <ele>419.919337</ele>
        <time>2026-05-11T01:16:40.766Z</time>
      </trkpt>
      <trkpt lat="50.215826" lon="16.676846">
        <ele>419.802739</ele>
        <time>2026-05-11T01:16:41.170Z</time>
      </trkpt>
      <trkpt lat="50.215710" lon="16.675381">
        <ele>417.639083</ele>
        <time>2026-05-11T01:16:48.585Z</time>
      </trkpt>
      <trkpt lat="50.215629" lon="16.674027">
        <ele>415.873692</ele>
        <time>2026-05-11T01:16:55.431Z</time>
      </trkpt>
      <trkpt lat="50.215545" lon="16.673453">
        <ele>415.148043</ele>
        <time>2026-05-11T01:16:58.458Z</time>
      </trkpt>
      <trkpt lat="50.215381" lon="16.672739">
        <ele>414.213152</ele>
        <time>2026-05-11T01:17:02.530Z</time>
      </trkpt>
      <trkpt lat="50.215161" lon="16.671772">
        <ele>413.299393</ele>
        <time>2026-05-11T01:17:08.393Z</time>
      </trkpt>
      <trkpt lat="50.215001" lon="16.671269">
        <ele>412.972722</ele>
        <time>2026-05-11T01:17:11.697Z</time>
      </trkpt>
      <trkpt lat="50.213734" lon="16.668131">
        <ele>410.817894</ele>
        <time>2026-05-11T01:17:33.305Z</time>
      </trkpt>
      <trkpt lat="50.213348" lon="16.667077">
        <ele>410.057475</ele>
        <time>2026-05-11T01:17:40.201Z</time>
      </trkpt>
      <trkpt lat="50.213213" lon="16.666447">
        <ele>409.580101</ele>
        <time>2026-05-11T01:17:43.953Z</time>
      </trkpt>
      <trkpt lat="50.213165" lon="16.666227">
        <ele>409.413091</ele>
        <time>2026-05-11T01:17:45.266Z</time>
      </trkpt>
      <trkpt lat="50.212798" lon="16.664978">
        <ele>408.425567</ele>
        <time>2026-05-11T01:17:53.046Z</time>
      </trkpt>
      <trkpt lat="50.212714" lon="16.664432">
        <ele>407.738913</ele>
        <time>2026-05-11T01:17:56.143Z</time>
      </trkpt>
      <trkpt lat="50.212691" lon="16.663942">
        <ele>407.059682</ele>
        <time>2026-05-11T01:17:58.824Z</time>
      </trkpt>
      <trkpt lat="50.212690" lon="16.662883">
        <ele>405.595641</ele>
        <time>2026-05-11T01:18:04.379Z</time>
      </trkpt>
      <trkpt lat="50.212689" lon="16.662306">
        <ele>404.797951</ele>
        <time>2026-05-11T01:18:07.183Z</time>
      </trkpt>
      <trkpt lat="50.212630" lon="16.661949">
        <ele>404.242927</ele>
        <time>2026-05-11T01:18:08.932Z</time>
      </trkpt>
      <trkpt lat="50.212545" lon="16.661703">
        <ele>403.743250</ele>
        <time>2026-05-11T01:18:10.258Z</time>
      </trkpt>
      <trkpt lat="50.212286" lon="16.661123">
        <ele>402.479168</ele>
        <time>2026-05-11T01:18:13.635Z</time>
      </trkpt>
      <trkpt lat="50.212175" lon="16.660840">
        <ele>401.885907</ele>
        <time>2026-05-11T01:18:15.232Z</time>
      </trkpt>
      <trkpt lat="50.212129" lon="16.660637">
        <ele>401.501004</ele>
        <time>2026-05-11T01:18:16.279Z</time>
      </trkpt>
      <trkpt lat="50.212079" lon="16.659882">
        <ele>400.144359</ele>
        <time>2026-05-11T01:18:20.011Z</time>
      </trkpt>
      <trkpt lat="50.212080" lon="16.658047">
        <ele>398.301256</ele>
        <time>2026-05-11T01:18:30.192Z</time>
      </trkpt>
      <trkpt lat="50.212024" lon="16.657560">
        <ele>397.914204</ele>
        <time>2026-05-11T01:18:33.148Z</time>
      </trkpt>
      <trkpt lat="50.211869" lon="16.656726">
        <ele>397.234861</ele>
        <time>2026-05-11T01:18:38.118Z</time>
      </trkpt>
      <trkpt lat="50.211767" lon="16.656135">
        <ele>396.859361</ele>
        <time>2026-05-11T01:18:41.533Z</time>
      </trkpt>
      <trkpt lat="50.211705" lon="16.655874">
        <ele>396.689999</ele>
        <time>2026-05-11T01:18:43.118Z</time>
      </trkpt>
      <trkpt lat="50.211604" lon="16.655682">
        <ele>396.538802</ele>
        <time>2026-05-11T01:18:44.572Z</time>
      </trkpt>
      <trkpt lat="50.211496" lon="16.655579">
        <ele>396.418526</ele>
        <time>2026-05-11T01:18:45.739Z</time>
      </trkpt>
      <trkpt lat="50.211144" lon="16.655376">
        <ele>396.061853</ele>
        <time>2026-05-11T01:18:49.285Z</time>
      </trkpt>
      <trkpt lat="50.210267" lon="16.654972">
        <ele>395.026999</ele>
        <time>2026-05-11T01:18:57.319Z</time>
      </trkpt>
      <trkpt lat="50.210067" lon="16.654837">
        <ele>394.712085</ele>
        <time>2026-05-11T01:18:59.202Z</time>
      </trkpt>
      <trkpt lat="50.209785" lon="16.654560">
        <ele>394.230612</ele>
        <time>2026-05-11T01:19:01.994Z</time>
      </trkpt>
      <trkpt lat="50.208789" lon="16.653322">
        <ele>393.376626</ele>
        <time>2026-05-11T01:19:12.586Z</time>
      </trkpt>
      <trkpt lat="50.208676" lon="16.653188">
        <ele>393.560130</ele>
        <time>2026-05-11T01:19:14.075Z</time>
      </trkpt>
      <trkpt lat="50.208277" lon="16.652630">
        <ele>394.252808</ele>
        <time>2026-05-11T01:19:21.147Z</time>
      </trkpt>
      <trkpt lat="50.208122" lon="16.652321">
        <ele>394.577838</ele>
        <time>2026-05-11T01:19:25.202Z</time>
      </trkpt>
      <trkpt lat="50.207904" lon="16.651753">
        <ele>395.126155</ele>
        <time>2026-05-11T01:19:33.417Z</time>
      </trkpt>
      <trkpt lat="50.207852" lon="16.651096">
        <ele>396.644315</ele>
        <time>2026-05-11T01:19:42.449Z</time>
      </trkpt>
      <trkpt lat="50.207766" lon="16.650894">
        <ele>397.291647</ele>
        <time>2026-05-11T01:19:45.891Z</time>
      </trkpt>
      <trkpt lat="50.206308" lon="16.648174">
        <ele>405.333118</ele>
        <time>2026-05-11T01:20:35.593Z</time>
      </trkpt>
      <trkpt lat="50.205955" lon="16.647227">
        <ele>407.221056</ele>
        <time>2026-05-11T01:20:45.814Z</time>
      </trkpt>
      <trkpt lat="50.205314" lon="16.645508">
        <ele>407.015007</ele>
        <time>2026-05-11T01:20:57.904Z</time>
      </trkpt>
      <trkpt lat="50.205080" lon="16.645197">
        <ele>406.863494</ele>
        <time>2026-05-11T01:21:00.659Z</time>
      </trkpt>
      <trkpt lat="50.204953" lon="16.645111">
        <ele>406.795228</ele>
        <time>2026-05-11T01:21:01.887Z</time>
      </trkpt>
      <trkpt lat="50.204802" lon="16.645051">
        <ele>406.718386</ele>
        <time>2026-05-11T01:21:03.257Z</time>
      </trkpt>
      <trkpt lat="50.204670" lon="16.645048">
        <ele>406.669231</ele>
        <time>2026-05-11T01:21:04.425Z</time>
      </trkpt>
      <trkpt lat="50.204496" lon="16.645099">
        <ele>406.619255</ele>
        <time>2026-05-11T01:21:05.995Z</time>
      </trkpt>
      <trkpt lat="50.203754" lon="16.645576">
        <ele>406.392756</ele>
        <time>2026-05-11T01:21:13.484Z</time>
      </trkpt>
      <trkpt lat="50.202903" lon="16.645664">
        <ele>406.246437</ele>
        <time>2026-05-11T01:21:22.891Z</time>
      </trkpt>
      <trkpt lat="50.202685" lon="16.645641">
        <ele>406.373619</ele>
        <time>2026-05-11T01:21:25.541Z</time>
      </trkpt>
      <trkpt lat="50.202509" lon="16.645563">
        <ele>406.480107</ele>
        <time>2026-05-11T01:21:27.831Z</time>
      </trkpt>
      <trkpt lat="50.202359" lon="16.645431">
        <ele>406.580317</ele>
        <time>2026-05-11T01:21:29.996Z</time>
      </trkpt>
      <trkpt lat="50.200966" lon="16.643299">
        <ele>408.068966</ele>
        <time>2026-05-11T01:21:53.116Z</time>
      </trkpt>
      <trkpt lat="50.200524" lon="16.642794">
        <ele>408.619766</ele>
        <time>2026-05-11T01:21:59.965Z</time>
      </trkpt>
      <trkpt lat="50.199775" lon="16.642183">
        <ele>409.948567</ele>
        <time>2026-05-11T01:22:12.855Z</time>
      </trkpt>
      <trkpt lat="50.199471" lon="16.641872">
        <ele>410.720484</ele>
        <time>2026-05-11T01:22:18.966Z</time>
      </trkpt>
      <trkpt lat="50.199170" lon="16.641456">
        <ele>411.574188</ele>
        <time>2026-05-11T01:22:25.786Z</time>
      </trkpt>
      <trkpt lat="50.198639" lon="16.640583">
        <ele>413.180062</ele>
        <time>2026-05-11T01:22:38.357Z</time>
      </trkpt>
      <trkpt lat="50.198519" lon="16.640434">
        <ele>413.476390</ele>
        <time>2026-05-11T01:22:40.668Z</time>
      </trkpt>
      <trkpt lat="50.198142" lon="16.640092">
        <ele>414.319158</ele>
        <time>2026-05-11T01:22:46.958Z</time>
      </trkpt>
      <trkpt lat="50.195334" lon="16.638136">
        <ele>420.776330</ele>
        <time>2026-05-11T01:23:34.841Z</time>
      </trkpt>
      <trkpt lat="50.195111" lon="16.637683">
        <ele>421.982195</ele>
        <time>2026-05-11T01:23:41.773Z</time>
      </trkpt>
      <trkpt lat="50.195041" lon="16.637458">
        <ele>422.510089</ele>
        <time>2026-05-11T01:23:44.894Z</time>
      </trkpt>
      <trkpt lat="50.194992" lon="16.637180">
        <ele>423.118555</ele>
        <time>2026-05-11T01:23:48.573Z</time>
      </trkpt>
      <trkpt lat="50.195048" lon="16.636375">
        <ele>424.827270</ele>
        <time>2026-05-11T01:23:59.273Z</time>
      </trkpt>
      <trkpt lat="50.195436" lon="16.632125">
        <ele>435.565385</ele>
        <time>2026-05-11T01:24:55.136Z</time>
      </trkpt>
      <trkpt lat="50.195679" lon="16.629051">
        <ele>446.314756</ele>
        <time>2026-05-11T01:25:43.780Z</time>
      </trkpt>
      <trkpt lat="50.195482" lon="16.627903">
        <ele>451.212865</ele>
        <time>2026-05-11T01:26:06.233Z</time>
      </trkpt>
      <trkpt lat="50.195321" lon="16.627270">
        <ele>454.422770</ele>
        <time>2026-05-11T01:26:19.933Z</time>
      </trkpt>
      <trkpt lat="50.195113" lon="16.626912">
        <ele>457.056118</ele>
        <time>2026-05-11T01:26:29.764Z</time>
      </trkpt>
      <trkpt lat="50.194601" lon="16.626035">
        <ele>463.521186</ele>
        <time>2026-05-11T01:26:53.811Z</time>
      </trkpt>
      <trkpt lat="50.194451" lon="16.625721">
        <ele>465.655236</ele>
        <time>2026-05-11T01:27:02.306Z</time>
      </trkpt>
      <trkpt lat="50.194392" lon="16.625319">
        <ele>467.901733</ele>
        <time>2026-05-11T01:27:11.925Z</time>
      </trkpt>
      <trkpt lat="50.194395" lon="16.624958">
        <ele>470.861868</ele>
        <time>2026-05-11T01:27:20.791Z</time>
      </trkpt>
      <trkpt lat="50.194430" lon="16.624700">
        <ele>473.092705</ele>
        <time>2026-05-11T01:27:27.648Z</time>
      </trkpt>
      <trkpt lat="50.194678" lon="16.623590">
        <ele>483.037355</ele>
        <time>2026-05-11T01:28:01.791Z</time>
      </trkpt>
      <trkpt lat="50.194864" lon="16.622593">
        <ele>491.821541</ele>
        <time>2026-05-11T01:28:36.622Z</time>
      </trkpt>
      <trkpt lat="50.194906" lon="16.621627">
        <ele>500.715105</ele>
        <time>2026-05-11T01:29:10.587Z</time>
      </trkpt>
      <trkpt lat="50.194949" lon="16.621219">
        <ele>504.513769</ele>
        <time>2026-05-11T01:29:25.032Z</time>
      </trkpt>
      <trkpt lat="50.195070" lon="16.620743">
        <ele>509.218805</ele>
        <time>2026-05-11T01:29:41.833Z</time>
      </trkpt>
      <trkpt lat="50.195540" lon="16.619919">
        <ele>518.678495</ele>
        <time>2026-05-11T01:30:13.180Z</time>
      </trkpt>
      <trkpt lat="50.195882" lon="16.619439">
        <ele>522.655433</ele>
        <time>2026-05-11T01:30:30.079Z</time>
      </trkpt>
      <trkpt lat="50.196292" lon="16.619116">
        <ele>526.627380</ele>
        <time>2026-05-11T01:30:44.715Z</time>
      </trkpt>
      <trkpt lat="50.196504" lon="16.619064">
        <ele>528.483630</ele>
        <time>2026-05-11T01:30:50.847Z</time>
      </trkpt>
      <trkpt lat="50.197033" lon="16.619078">
        <ele>533.060089</ele>
        <time>2026-05-11T01:31:06.022Z</time>
      </trkpt>
      <trkpt lat="50.197345" lon="16.619053">
        <ele>535.828372</ele>
        <time>2026-05-11T01:31:15.388Z</time>
      </trkpt>
      <trkpt lat="50.197560" lon="16.618965">
        <ele>537.800490</ele>
        <time>2026-05-11T01:31:22.261Z</time>
      </trkpt>
      <trkpt lat="50.198006" lon="16.618656">
        <ele>542.129648</ele>
        <time>2026-05-11T01:31:38.442Z</time>
      </trkpt>
      <trkpt lat="50.198115" lon="16.618470">
        <ele>543.561979</ele>
        <time>2026-05-11T01:31:44.110Z</time>
      </trkpt>
      <trkpt lat="50.198171" lon="16.618262">
        <ele>544.843658</ele>
        <time>2026-05-11T01:31:49.349Z</time>
      </trkpt>
      <trkpt lat="50.198196" lon="16.617995">
        <ele>546.376353</ele>
        <time>2026-05-11T01:31:55.802Z</time>
      </trkpt>
      <trkpt lat="50.198315" lon="16.617672">
        <ele>548.493146</ele>
        <time>2026-05-11T01:32:05.004Z</time>
      </trkpt>
      <trkpt lat="50.198773" lon="16.617365">
        <ele>553.947560</ele>
        <time>2026-05-11T01:32:25.124Z</time>
      </trkpt>
      <trkpt lat="50.198983" lon="16.617183">
        <ele>556.665079</ele>
        <time>2026-05-11T01:32:35.202Z</time>
      </trkpt>
      <trkpt lat="50.199434" lon="16.616497">
        <ele>563.788035</ele>
        <time>2026-05-11T01:33:02.170Z</time>
      </trkpt>
      <trkpt lat="50.199981" lon="16.615635">
        <ele>572.090357</ele>
        <time>2026-05-11T01:33:33.940Z</time>
      </trkpt>
      <trkpt lat="50.200101" lon="16.615286">
        <ele>574.500896</ele>
        <time>2026-05-11T01:33:43.742Z</time>
      </trkpt>
      <trkpt lat="50.200344" lon="16.614098">
        <ele>582.089602</ele>
        <time>2026-05-11T01:34:12.227Z</time>
      </trkpt>
      <trkpt lat="50.200440" lon="16.613561">
        <ele>585.482107</ele>
        <time>2026-05-11T01:34:23.826Z</time>
      </trkpt>
      <trkpt lat="50.200558" lon="16.613109">
        <ele>588.170059</ele>
        <time>2026-05-11T01:34:33.816Z</time>
      </trkpt>
      <trkpt lat="50.200874" lon="16.612357">
        <ele>592.802059</ele>
        <time>2026-05-11T01:34:52.032Z</time>
      </trkpt>
      <trkpt lat="50.201134" lon="16.611737">
        <ele>596.618632</ele>
        <time>2026-05-11T01:35:06.707Z</time>
      </trkpt>
      <trkpt lat="50.201172" lon="16.611645">
        <ele>597.182415</ele>
        <time>2026-05-11T01:35:08.926Z</time>
      </trkpt>
      <trkpt lat="50.201270" lon="16.611307">
        <ele>599.093033</ele>
        <time>2026-05-11T01:35:16.524Z</time>
      </trkpt>
      <trkpt lat="50.201423" lon="16.610455">
        <ele>603.638649</ele>
        <time>2026-05-11T01:35:35.335Z</time>
      </trkpt>
      <trkpt lat="50.201528" lon="16.609858">
        <ele>606.813171</ele>
        <time>2026-05-11T01:35:48.814Z</time>
      </trkpt>
      <trkpt lat="50.201619" lon="16.608649">
        <ele>613.054919</ele>
        <time>2026-05-11T01:36:13.857Z</time>
      </trkpt>
      <trkpt lat="50.201613" lon="16.608453">
        <ele>614.061039</ele>
        <time>2026-05-11T01:36:17.819Z</time>
      </trkpt>
      <trkpt lat="50.201650" lon="16.607989">
        <ele>616.210990</ele>
        <time>2026-05-11T01:36:26.901Z</time>
      </trkpt>
      <trkpt lat="50.201584" lon="16.607662">
        <ele>617.518180</ele>
        <time>2026-05-11T01:36:33.162Z</time>
      </trkpt>
      <trkpt lat="50.201484" lon="16.607397">
        <ele>618.690990</ele>
        <time>2026-05-11T01:36:38.559Z</time>
      </trkpt>
      <trkpt lat="50.201407" lon="16.606610">
        <ele>621.726269</ele>
        <time>2026-05-11T01:36:51.358Z</time>
      </trkpt>
      <trkpt lat="50.201183" lon="16.605151">
        <ele>627.393662</ele>
        <time>2026-05-11T01:37:15.130Z</time>
      </trkpt>
      <trkpt lat="50.201191" lon="16.604751">
        <ele>628.854433</ele>
        <time>2026-05-11T01:37:21.418Z</time>
      </trkpt>
      <trkpt lat="50.201397" lon="16.604027">
        <ele>631.746463</ele>
        <time>2026-05-11T01:37:34.126Z</time>
      </trkpt>
      <trkpt lat="50.201940" lon="16.602287">
        <ele>639.619508</ele>
        <time>2026-05-11T01:38:07.130Z</time>
      </trkpt>
      <trkpt lat="50.202194" lon="16.601447">
        <ele>644.175687</ele>
        <time>2026-05-11T01:38:24.359Z</time>
      </trkpt>
      <trkpt lat="50.202637" lon="16.600116">
        <ele>651.984907</ele>
        <time>2026-05-11T01:38:56.980Z</time>
      </trkpt>
      <trkpt lat="50.202901" lon="16.599226">
        <ele>658.482403</ele>
        <time>2026-05-11T01:39:21.653Z</time>
      </trkpt>
      <trkpt lat="50.202961" lon="16.598896">
        <ele>660.754738</ele>
        <time>2026-05-11T01:39:30.428Z</time>
      </trkpt>
      <trkpt lat="50.202968" lon="16.598376">
        <ele>664.199879</ele>
        <time>2026-05-11T01:39:43.798Z</time>
      </trkpt>
      <trkpt lat="50.202866" lon="16.597916">
        <ele>667.424491</ele>
        <time>2026-05-11T01:39:56.192Z</time>
      </trkpt>
      <trkpt lat="50.202756" lon="16.597740">
        <ele>669.033331</ele>
        <time>2026-05-11T01:40:02.338Z</time>
      </trkpt>
      <trkpt lat="50.202490" lon="16.597275">
        <ele>672.731699</ele>
        <time>2026-05-11T01:40:17.450Z</time>
      </trkpt>
      <trkpt lat="50.202379" lon="16.596911">
        <ele>675.122791</ele>
        <time>2026-05-11T01:40:26.599Z</time>
      </trkpt>
      <trkpt lat="50.202148" lon="16.595874">
        <ele>681.634309</ele>
        <time>2026-05-11T01:40:50.009Z</time>
      </trkpt>
      <trkpt lat="50.201993" lon="16.595300">
        <ele>685.328852</ele>
        <time>2026-05-11T01:41:03.714Z</time>
      </trkpt>
      <trkpt lat="50.201779" lon="16.594814">
        <ele>688.078361</ele>
        <time>2026-05-11T01:41:17.187Z</time>
      </trkpt>
      <trkpt lat="50.201371" lon="16.594156">
        <ele>692.280431</ele>
        <time>2026-05-11T01:41:37.283Z</time>
      </trkpt>
      <trkpt lat="50.201087" lon="16.593764">
        <ele>694.996093</ele>
        <time>2026-05-11T01:41:48.648Z</time>
      </trkpt>
      <trkpt lat="50.200989" lon="16.593523">
        <ele>696.305745</ele>
        <time>2026-05-11T01:41:53.524Z</time>
      </trkpt>
      <trkpt lat="50.200928" lon="16.593122">
        <ele>698.196328</ele>
        <time>2026-05-11T01:41:59.631Z</time>
      </trkpt>
      <trkpt lat="50.200952" lon="16.592809">
        <ele>698.696843</ele>
        <time>2026-05-11T01:42:03.527Z</time>
      </trkpt>
      <trkpt lat="50.201017" lon="16.592615">
        <ele>698.929951</ele>
        <time>2026-05-11T01:42:05.858Z</time>
      </trkpt>
      <trkpt lat="50.201086" lon="16.592479">
        <ele>699.114696</ele>
        <time>2026-05-11T01:42:07.444Z</time>
      </trkpt>
      <trkpt lat="50.201201" lon="16.592331">
        <ele>699.362495</ele>
        <time>2026-05-11T01:42:09.303Z</time>
      </trkpt>
      <trkpt lat="50.201319" lon="16.592250">
        <ele>699.576853</ele>
        <time>2026-05-11T01:42:10.653Z</time>
      </trkpt>
      <trkpt lat="50.201486" lon="16.592301">
        <ele>699.859854</ele>
        <time>2026-05-11T01:42:12.354Z</time>
      </trkpt>
      <trkpt lat="50.201775" lon="16.592487">
        <ele>700.379688</ele>
        <time>2026-05-11T01:42:15.407Z</time>
      </trkpt>
      <trkpt lat="50.201875" lon="16.592552">
        <ele>700.559822</ele>
        <time>2026-05-11T01:42:16.464Z</time>
      </trkpt>
      <trkpt lat="50.202262" lon="16.592826">
        <ele>701.266464</ele>
        <time>2026-05-11T01:42:21.278Z</time>
      </trkpt>
      <trkpt lat="50.203128" lon="16.593338">
        <ele>706.268265</ele>
        <time>2026-05-11T01:42:40.412Z</time>
      </trkpt>
      <trkpt lat="50.204056" lon="16.593848">
        <ele>712.001177</ele>
        <time>2026-05-11T01:43:11.612Z</time>
      </trkpt>
      <trkpt lat="50.204164" lon="16.593870">
        <ele>712.861825</ele>
        <time>2026-05-11T01:43:15.423Z</time>
      </trkpt>
      <trkpt lat="50.204326" lon="16.593817">
        <ele>714.169726</ele>
        <time>2026-05-11T01:43:21.293Z</time>
      </trkpt>
      <trkpt lat="50.204574" lon="16.593669">
        <ele>716.267534</ele>
        <time>2026-05-11T01:43:30.713Z</time>
      </trkpt>
      <trkpt lat="50.205802" lon="16.592866">
        <ele>726.434551</ele>
        <time>2026-05-11T01:44:13.017Z</time>
      </trkpt>
      <trkpt lat="50.206030" lon="16.592859">
        <ele>727.446665</ele>
        <time>2026-05-11T01:44:18.743Z</time>
      </trkpt>
      <trkpt lat="50.206176" lon="16.592934">
        <ele>728.128772</ele>
        <time>2026-05-11T01:44:22.366Z</time>
      </trkpt>
      <trkpt lat="50.206267" lon="16.593025">
        <ele>728.608291</ele>
        <time>2026-05-11T01:44:24.789Z</time>
      </trkpt>
      <trkpt lat="50.206364" lon="16.593158">
        <ele>729.181064</ele>
        <time>2026-05-11T01:44:27.578Z</time>
      </trkpt>
      <trkpt lat="50.206627" lon="16.593726">
        <ele>731.172471</ele>
        <time>2026-05-11T01:44:36.855Z</time>
      </trkpt>
      <trkpt lat="50.207084" lon="16.594545">
        <ele>734.044242</ele>
        <time>2026-05-11T01:44:49.880Z</time>
      </trkpt>
      <trkpt lat="50.207309" lon="16.594438">
        <ele>734.323311</ele>
        <time>2026-05-11T01:44:56.357Z</time>
      </trkpt>
      <trkpt lat="50.208087" lon="16.593713">
        <ele>735.398174</ele>
        <time>2026-05-11T01:45:18.955Z</time>
      </trkpt>
      <trkpt lat="50.208455" lon="16.593298">
        <ele>735.936681</ele>
        <time>2026-05-11T01:45:27.515Z</time>
      </trkpt>
      <trkpt lat="50.208997" lon="16.592837">
        <ele>734.348463</ele>
        <time>2026-05-11T01:45:37.499Z</time>
      </trkpt>
      <trkpt lat="50.209396" lon="16.592421">
        <ele>732.595685</ele>
        <time>2026-05-11T01:45:44.657Z</time>
      </trkpt>
      <trkpt lat="50.209891" lon="16.591713">
        <ele>730.143512</ele>
        <time>2026-05-11T01:45:54.457Z</time>
      </trkpt>
      <trkpt lat="50.210134" lon="16.591075">
        <ele>727.898419</ele>
        <time>2026-05-11T01:46:01.362Z</time>
      </trkpt>
      <trkpt lat="50.210387" lon="16.590309">
        <ele>724.967023</ele>
        <time>2026-05-11T01:46:09.287Z</time>
      </trkpt>
      <trkpt lat="50.210572" lon="16.589621">
        <ele>722.429218</ele>
        <time>2026-05-11T01:46:16.064Z</time>
      </trkpt>
      <trkpt lat="50.211069" lon="16.588234">
        <ele>717.947473</ele>
        <time>2026-05-11T01:46:30.421Z</time>
      </trkpt>
      <trkpt lat="50.211357" lon="16.587627">
        <ele>716.183678</ele>
        <time>2026-05-11T01:46:37.645Z</time>
      </trkpt>
      <trkpt lat="50.211513" lon="16.587360">
        <ele>715.339772</ele>
        <time>2026-05-11T01:46:41.284Z</time>
      </trkpt>
      <trkpt lat="50.212218" lon="16.585797">
        <ele>710.679402</ele>
        <time>2026-05-11T01:47:02.169Z</time>
      </trkpt>
      <trkpt lat="50.212476" lon="16.585050">
        <ele>708.544046</ele>
        <time>2026-05-11T01:47:10.563Z</time>
      </trkpt>
      <trkpt lat="50.212710" lon="16.584470">
        <ele>706.819262</ele>
        <time>2026-05-11T01:47:16.715Z</time>
      </trkpt>
      <trkpt lat="50.212843" lon="16.584191">
        <ele>706.339150</ele>
        <time>2026-05-11T01:47:19.697Z</time>
      </trkpt>
      <trkpt lat="50.213216" lon="16.583748">
        <ele>706.339150</ele>
        <time>2026-05-11T01:47:25.802Z</time>
      </trkpt>
      <trkpt lat="50.213658" lon="16.582960">
        <ele>706.339150</ele>
        <time>2026-05-11T01:47:34.410Z</time>
      </trkpt>
      <trkpt lat="50.214151" lon="16.581744">
        <ele>706.339150</ele>
        <time>2026-05-11T01:47:46.893Z</time>
      </trkpt>
    </trkseg>
  </trk>
</gpx>