<?xml version="1.0" encoding="UTF-8"?>
<gpx creator="StravaGPX" version="1.1" xmlns="http://www.topografix.com/GPX/1/1" xmlns:xsi="http://www.w3.org/2001/XMLSchema-instance" xsi:schemaLocation="http://www.topografix.com/GPX/1/1 http://www.topografix.com/GPX/1/1/gpx.xsd">
 <metadata>
  <name>CampFire 83</name>
  <author>
   <name>Mateusz Szaton</name>
   <link href="https://www.strava.com/athletes/115435686"/>
  </author>
  <copyright author="OpenStreetMap contributors">
   <year>2020</year>
   <license>https://www.openstreetmap.org/copyright</license>
  </copyright>
  <link href="https://www.strava.com/routes/3283146117331076262"/>
 </metadata>
 <trk>
  <name>CampFire 83</name>
  <link href="https://www.strava.com/routes/3283146117331076262"/>
  <type>cycling</type>
  <trkseg>
   <trkpt lat="50.58646" lon="18.52276">
    <ele>217.81000000000003</ele>
   </trkpt>
   <trkpt lat="50.586800000000004" lon="18.52355">
    <ele>217.67000000000002</ele>
   </trkpt>
   <trkpt lat="50.58717000000001" lon="18.524630000000002">
    <ele>218.16000000000003</ele>
   </trkpt>
   <trkpt lat="50.58753" lon="18.525910000000003">
    <ele>219.79000000000002</ele>
   </trkpt>
   <trkpt lat="50.587516676651276" lon="18.52699000070573">
    <ele>220.00000000000003</ele>
   </trkpt>
   <trkpt lat="50.58750334331677" lon="18.528070000800014">
    <ele>220.24</ele>
   </trkpt>
   <trkpt lat="50.58749" lon="18.52915">
    <ele>220.46</ele>
   </trkpt>
   <trkpt lat="50.587458799574115" lon="18.530436255970553">
    <ele>220.58</ele>
   </trkpt>
   <trkpt lat="50.58742758498411" lon="18.53172251023604">
    <ele>220.51000000000002</ele>
   </trkpt>
   <trkpt lat="50.5873963562301" lon="18.5330087627957">
    <ele>220.81</ele>
   </trkpt>
   <trkpt lat="50.58736511331206" lon="18.534295013648755">
    <ele>221.26000000000002</ele>
   </trkpt>
   <trkpt lat="50.58733385623005" lon="18.535581262794445">
    <ele>221.47000000000003</ele>
   </trkpt>
   <trkpt lat="50.587302584984094" lon="18.53686751023199">
    <ele>221.51000000000002</ele>
   </trkpt>
   <trkpt lat="50.58727129957424" lon="18.53815375596062">
    <ele>221.84</ele>
   </trkpt>
   <trkpt lat="50.58724" lon="18.539440000000003">
    <ele>221.88000000000002</ele>
   </trkpt>
   <trkpt lat="50.58720380593221" lon="18.540806257373355">
    <ele>222.16000000000003</ele>
   </trkpt>
   <trkpt lat="50.587167595883614" lon="18.54217251264576">
    <ele>222.34</ele>
   </trkpt>
   <trkpt lat="50.58713136985423" lon="18.543538765816297">
    <ele>222.61</ele>
   </trkpt>
   <trkpt lat="50.587095127844094" lon="18.54490501688404">
    <ele>222.79000000000002</ele>
   </trkpt>
   <trkpt lat="50.58705886985328" lon="18.54627126584807">
    <ele>222.8</ele>
   </trkpt>
   <trkpt lat="50.587022595881805" lon="18.547637512707464">
    <ele>222.9</ele>
   </trkpt>
   <trkpt lat="50.58698630592975" lon="18.549003757461303">
    <ele>223.10000000000002</ele>
   </trkpt>
   <trkpt lat="50.58695" lon="18.55037">
    <ele>223.51000000000002</ele>
   </trkpt>
   <trkpt lat="50.586940000000006" lon="18.55148">
    <ele>223.67000000000002</ele>
   </trkpt>
   <trkpt lat="50.586905015117665" lon="18.5525650024216">
    <ele>223.64000000000001</ele>
   </trkpt>
   <trkpt lat="50.586870020156816" lon="18.553650003230622">
    <ele>224.11</ele>
   </trkpt>
   <trkpt lat="50.586835015117494" lon="18.55473500242662">
    <ele>224.15</ele>
   </trkpt>
   <trkpt lat="50.586800000000004" lon="18.55582">
    <ele>224.14000000000001</ele>
   </trkpt>
   <trkpt lat="50.586780013163356" lon="18.557060001077947">
    <ele>224.24</ele>
   </trkpt>
   <trkpt lat="50.58676001316295" lon="18.55830000110284">
    <ele>224.52</ele>
   </trkpt>
   <trkpt lat="50.586740000000006" lon="18.559540000000002">
    <ele>225.08</ele>
   </trkpt>
   <trkpt lat="50.58671500330604" lon="18.560420000779363">
    <ele>225.15</ele>
   </trkpt>
   <trkpt lat="50.586690000000004" lon="18.561300000000003">
    <ele>225.82000000000002</ele>
   </trkpt>
   <trkpt lat="50.58730502577561" lon="18.56222741519541">
    <ele>225.91000000000003</ele>
   </trkpt>
   <trkpt lat="50.58792004418753" lon="18.563154854619068">
    <ele>226.69000000000003</ele>
   </trkpt>
   <trkpt lat="50.58853505523543" lon="18.56408231827186">
    <ele>227.55</ele>
   </trkpt>
   <trkpt lat="50.58915005891895" lon="18.565009806154656">
    <ele>228.30000000000004</ele>
   </trkpt>
   <trkpt lat="50.58976505523775" lon="18.56593731826833">
    <ele>228.66000000000003</ele>
   </trkpt>
   <trkpt lat="50.59038004419146" lon="18.56686485461375">
    <ele>229.22</ele>
   </trkpt>
   <trkpt lat="50.59099502577973" lon="18.5677924151918">
    <ele>229.46</ele>
   </trkpt>
   <trkpt lat="50.59161" lon="18.568720000000003">
    <ele>230.07000000000002</ele>
   </trkpt>
   <trkpt lat="50.59222000739269" lon="18.56964664271456">
    <ele>230.47</ele>
   </trkpt>
   <trkpt lat="50.59283000743423" lon="18.570573309443862">
    <ele>230.72</ele>
   </trkpt>
   <trkpt lat="50.59344" lon="18.5715">
    <ele>230.8</ele>
   </trkpt>
   <trkpt lat="50.593610000000005" lon="18.57142">
    <ele>231.5</ele>
   </trkpt>
   <trkpt lat="50.59395000000001" lon="18.57139">
    <ele>232.77000000000004</ele>
   </trkpt>
   <trkpt lat="50.594190000000005" lon="18.57132">
    <ele>233.78</ele>
   </trkpt>
   <trkpt lat="50.594770000000004" lon="18.5711">
    <ele>236.32000000000002</ele>
   </trkpt>
   <trkpt lat="50.59543000000001" lon="18.5712">
    <ele>238.46000000000004</ele>
   </trkpt>
   <trkpt lat="50.59555" lon="18.571160000000003">
    <ele>238.84000000000003</ele>
   </trkpt>
   <trkpt lat="50.59575" lon="18.571330000000003">
    <ele>238.87000000000003</ele>
   </trkpt>
   <trkpt lat="50.59655000000001" lon="18.571630000000003">
    <ele>239.27</ele>
   </trkpt>
   <trkpt lat="50.59695000000001" lon="18.571710000000003">
    <ele>239.20000000000002</ele>
   </trkpt>
   <trkpt lat="50.59745" lon="18.571920000000002">
    <ele>239.28000000000003</ele>
   </trkpt>
   <trkpt lat="50.59789000000001" lon="18.57203">
    <ele>239.89000000000001</ele>
   </trkpt>
   <trkpt lat="50.598420000272874" lon="18.57212499897221">
    <ele>239.29000000000002</ele>
   </trkpt>
   <trkpt lat="50.59895" lon="18.57222">
    <ele>239.74</ele>
   </trkpt>
   <trkpt lat="50.59935" lon="18.57223">
    <ele>239.77</ele>
   </trkpt>
   <trkpt lat="50.600060000000006" lon="18.57215">
    <ele>239.45000000000002</ele>
   </trkpt>
   <trkpt lat="50.600570000000005" lon="18.57194">
    <ele>239.11</ele>
   </trkpt>
   <trkpt lat="50.60102500030168" lon="18.571685002452295">
    <ele>239.22</ele>
   </trkpt>
   <trkpt lat="50.60148" lon="18.571430000000003">
    <ele>239.88</ele>
   </trkpt>
   <trkpt lat="50.60193" lon="18.571330000000003">
    <ele>240.87000000000003</ele>
   </trkpt>
   <trkpt lat="50.60251" lon="18.57139">
    <ele>241.6</ele>
   </trkpt>
   <trkpt lat="50.60318" lon="18.57131">
    <ele>239.65000000000003</ele>
   </trkpt>
   <trkpt lat="50.60383" lon="18.571430000000003">
    <ele>237.99</ele>
   </trkpt>
   <trkpt lat="50.604470000000006" lon="18.571620000000003">
    <ele>235.34</ele>
   </trkpt>
   <trkpt lat="50.604800000000004" lon="18.57167">
    <ele>234.5</ele>
   </trkpt>
   <trkpt lat="50.605070000000005" lon="18.571620000000003">
    <ele>234.15000000000003</ele>
   </trkpt>
   <trkpt lat="50.605320000000006" lon="18.571550000000002">
    <ele>233.71000000000004</ele>
   </trkpt>
   <trkpt lat="50.60557000000001" lon="18.571530000000003">
    <ele>233.70000000000002</ele>
   </trkpt>
   <trkpt lat="50.605740000000004" lon="18.57159">
    <ele>233.85000000000002</ele>
   </trkpt>
   <trkpt lat="50.60634" lon="18.57215">
    <ele>234.93000000000004</ele>
   </trkpt>
   <trkpt lat="50.606480000000005" lon="18.57234">
    <ele>235.20000000000002</ele>
   </trkpt>
   <trkpt lat="50.60678000000001" lon="18.5725">
    <ele>235.3</ele>
   </trkpt>
   <trkpt lat="50.60707000000001" lon="18.57261">
    <ele>236.09</ele>
   </trkpt>
   <trkpt lat="50.607260000000004" lon="18.57273">
    <ele>236.01000000000002</ele>
   </trkpt>
   <trkpt lat="50.6075" lon="18.57299">
    <ele>235.42000000000002</ele>
   </trkpt>
   <trkpt lat="50.60772000000001" lon="18.57311">
    <ele>235.61</ele>
   </trkpt>
   <trkpt lat="50.60849" lon="18.572670000000002">
    <ele>236.07000000000002</ele>
   </trkpt>
   <trkpt lat="50.60891" lon="18.572580000000002">
    <ele>236.48000000000002</ele>
   </trkpt>
   <trkpt lat="50.609350000000006" lon="18.57254">
    <ele>236.66</ele>
   </trkpt>
   <trkpt lat="50.60915667720917" lon="18.57365000914667">
    <ele>235.75</ele>
   </trkpt>
   <trkpt lat="50.60896334387157" lon="18.574760009170948">
    <ele>235.73000000000002</ele>
   </trkpt>
   <trkpt lat="50.60877000000001" lon="18.575870000000002">
    <ele>235.85000000000002</ele>
   </trkpt>
   <trkpt lat="50.60856002120316" lon="18.57715501719739">
    <ele>235.81</ele>
   </trkpt>
   <trkpt lat="50.60835002827169" lon="18.57844002292441">
    <ele>236.66</ele>
   </trkpt>
   <trkpt lat="50.60814002120579" lon="18.579725017180486">
    <ele>237.07000000000002</ele>
   </trkpt>
   <trkpt lat="50.60793" lon="18.581010000000003">
    <ele>236.68000000000004</ele>
   </trkpt>
   <trkpt lat="50.607711472353884" lon="18.58231575067669">
    <ele>235.79000000000002</ele>
   </trkpt>
   <trkpt lat="50.60749293011324" lon="18.583621489223784">
    <ele>236.11</ele>
   </trkpt>
   <trkpt lat="50.60727437327834" lon="18.584927215640683">
    <ele>236.39000000000001</ele>
   </trkpt>
   <trkpt lat="50.60705580184941" lon="18.586232929926794">
    <ele>236.66</ele>
   </trkpt>
   <trkpt lat="50.60683721582669" lon="18.587538632081504">
    <ele>236.82000000000002</ele>
   </trkpt>
   <trkpt lat="50.606618615210465" lon="18.58884432210421">
    <ele>236.68000000000004</ele>
   </trkpt>
   <trkpt lat="50.6064" lon="18.59015">
    <ele>237.18000000000004</ele>
   </trkpt>
   <trkpt lat="50.606" lon="18.590320000000002">
    <ele>237.63</ele>
   </trkpt>
   <trkpt lat="50.60596" lon="18.59046">
    <ele>237.63</ele>
   </trkpt>
   <trkpt lat="50.605970000000006" lon="18.59053">
    <ele>237.63</ele>
   </trkpt>
   <trkpt lat="50.606260000000006" lon="18.59099">
    <ele>237.78</ele>
   </trkpt>
   <trkpt lat="50.60603433222317" lon="18.592335753001308">
    <ele>237.43000000000004</ele>
   </trkpt>
   <trkpt lat="50.605808648943736" lon="18.593681493093733">
    <ele>237.82000000000002</ele>
   </trkpt>
   <trkpt lat="50.60558295016195" lon="18.595027220276606">
    <ele>238.06000000000003</ele>
   </trkpt>
   <trkpt lat="50.6053572358781" lon="18.596372934549276">
    <ele>238.46000000000004</ele>
   </trkpt>
   <trkpt lat="50.60513150609245" lon="18.597718635911086">
    <ele>239.11</ele>
   </trkpt>
   <trkpt lat="50.60490576080529" lon="18.599064324361372">
    <ele>239.08</ele>
   </trkpt>
   <trkpt lat="50.60468" lon="18.60041">
    <ele>239.35</ele>
   </trkpt>
   <trkpt lat="50.60446672413958" lon="18.601705602542257">
    <ele>239.42000000000002</ele>
   </trkpt>
   <trkpt lat="50.60425343391026" lon="18.60300119333979">
    <ele>239.46</ele>
   </trkpt>
   <trkpt lat="50.604040129312324" lon="18.604296772391997">
    <ele>239.56000000000003</ele>
   </trkpt>
   <trkpt lat="50.60382681034598" lon="18.605592339698287">
    <ele>239.70000000000002</ele>
   </trkpt>
   <trkpt lat="50.603613477011464" lon="18.606887895258065">
    <ele>240.02</ele>
   </trkpt>
   <trkpt lat="50.60340012930905" lon="18.608183439070725">
    <ele>239.72</ele>
   </trkpt>
   <trkpt lat="50.60318676723897" lon="18.609478971135687">
    <ele>239.68000000000004</ele>
   </trkpt>
   <trkpt lat="50.60297339080144" lon="18.61077449145235">
    <ele>239.3</ele>
   </trkpt>
   <trkpt lat="50.60276" lon="18.612070000000003">
    <ele>241.1</ele>
   </trkpt>
   <trkpt lat="50.60254502046688" lon="18.613332517302148">
    <ele>239.02</ele>
   </trkpt>
   <trkpt lat="50.60233002728919" lon="18.614595023068876">
    <ele>239.07000000000002</ele>
   </trkpt>
   <trkpt lat="50.60211502046716" lon="18.615857517299645">
    <ele>239.32000000000002</ele>
   </trkpt>
   <trkpt lat="50.60190000000001" lon="18.61712">
    <ele>239.5</ele>
   </trkpt>
   <trkpt lat="50.60168380053887" lon="18.618418791768757">
    <ele>239.14000000000001</ele>
   </trkpt>
   <trkpt lat="50.60146758663775" lon="18.619717571603665">
    <ele>238.78</ele>
   </trkpt>
   <trkpt lat="50.6012513582969" lon="18.621016339504138">
    <ele>238.61</ele>
   </trkpt>
   <trkpt lat="50.601035115516545" lon="18.622315095469567">
    <ele>238.90000000000003</ele>
   </trkpt>
   <trkpt lat="50.60081885829698" lon="18.623613839499367">
    <ele>238.84000000000003</ele>
   </trkpt>
   <trkpt lat="50.60060258663838" lon="18.624912571592937">
    <ele>238.85</ele>
   </trkpt>
   <trkpt lat="50.60038630054103" lon="18.626211291749687">
    <ele>239.13</ele>
   </trkpt>
   <trkpt lat="50.600170000000006" lon="18.62751">
    <ele>239.29000000000002</ele>
   </trkpt>
   <trkpt lat="50.59994752187151" lon="18.62881501848873">
    <ele>239.1</ele>
   </trkpt>
   <trkpt lat="50.59972502916407" lon="18.630120024638938">
    <ele>239.14000000000001</ele>
   </trkpt>
   <trkpt lat="50.59950252187796" lon="18.631425018450035">
    <ele>238.75</ele>
   </trkpt>
   <trkpt lat="50.59928000000001" lon="18.632730000000002">
    <ele>238.99</ele>
   </trkpt>
   <trkpt lat="50.599130007389874" lon="18.6336600060155">
    <ele>239.09000000000003</ele>
   </trkpt>
   <trkpt lat="50.598980007375715" lon="18.634590006103114">
    <ele>239.3</ele>
   </trkpt>
   <trkpt lat="50.59883000000001" lon="18.635520000000003">
    <ele>239.84000000000003</ele>
   </trkpt>
   <trkpt lat="50.598980000000005" lon="18.63585">
    <ele>239.78000000000003</ele>
   </trkpt>
   <trkpt lat="50.599160000000005" lon="18.63617">
    <ele>239.69</ele>
   </trkpt>
   <trkpt lat="50.59948000000001" lon="18.636870000000002">
    <ele>239.93000000000004</ele>
   </trkpt>
   <trkpt lat="50.59980000253078" lon="18.637634994860395">
    <ele>240.21</ele>
   </trkpt>
   <trkpt lat="50.600120000000004" lon="18.6384">
    <ele>240.43000000000004</ele>
   </trkpt>
   <trkpt lat="50.6003650018805" lon="18.63903999700085">
    <ele>240.54000000000002</ele>
   </trkpt>
   <trkpt lat="50.60061" lon="18.639680000000002">
    <ele>240.89000000000001</ele>
   </trkpt>
   <trkpt lat="50.600955004672564" lon="18.640714992675157">
    <ele>241.19</ele>
   </trkpt>
   <trkpt lat="50.6013" lon="18.641750000000002">
    <ele>241.75000000000003</ele>
   </trkpt>
   <trkpt lat="50.601350000000004" lon="18.64195">
    <ele>242.31000000000003</ele>
   </trkpt>
   <trkpt lat="50.601400000000005" lon="18.64208">
    <ele>242.51000000000002</ele>
   </trkpt>
   <trkpt lat="50.602090000000004" lon="18.64274">
    <ele>242.04000000000002</ele>
   </trkpt>
   <trkpt lat="50.602790000000006" lon="18.6433">
    <ele>242.26000000000002</ele>
   </trkpt>
   <trkpt lat="50.60296" lon="18.64337">
    <ele>242.06000000000003</ele>
   </trkpt>
   <trkpt lat="50.60331000000001" lon="18.64367">
    <ele>242.25000000000003</ele>
   </trkpt>
   <trkpt lat="50.60360000000001" lon="18.644060000000003">
    <ele>242.72000000000003</ele>
   </trkpt>
   <trkpt lat="50.60419" lon="18.64476">
    <ele>242.78000000000003</ele>
   </trkpt>
   <trkpt lat="50.60489500227753" lon="18.645489989059364">
    <ele>243.15000000000003</ele>
   </trkpt>
   <trkpt lat="50.6056" lon="18.646220000000003">
    <ele>243.40000000000003</ele>
   </trkpt>
   <trkpt lat="50.60587" lon="18.646410000000003">
    <ele>243.46</ele>
   </trkpt>
   <trkpt lat="50.60656" lon="18.64666">
    <ele>243.39000000000001</ele>
   </trkpt>
   <trkpt lat="50.607363334272385" lon="18.646989988734145">
    <ele>243.40000000000003</ele>
   </trkpt>
   <trkpt lat="50.60816666761262" lon="18.64731998873674">
    <ele>243.6</ele>
   </trkpt>
   <trkpt lat="50.60897000000001" lon="18.647650000000002">
    <ele>243.70000000000002</ele>
   </trkpt>
   <trkpt lat="50.609500000000004" lon="18.6479">
    <ele>243.76000000000002</ele>
   </trkpt>
   <trkpt lat="50.60998000000001" lon="18.64806">
    <ele>243.98000000000002</ele>
   </trkpt>
   <trkpt lat="50.610240000000005" lon="18.64817">
    <ele>244.06000000000003</ele>
   </trkpt>
   <trkpt lat="50.610640000000004" lon="18.648390000000003">
    <ele>244.55</ele>
   </trkpt>
   <trkpt lat="50.611070000000005" lon="18.64852">
    <ele>244.25000000000003</ele>
   </trkpt>
   <trkpt lat="50.611670000000004" lon="18.64884">
    <ele>244.53000000000003</ele>
   </trkpt>
   <trkpt lat="50.61209" lon="18.648960000000002">
    <ele>244.67000000000002</ele>
   </trkpt>
   <trkpt lat="50.612915000508686" lon="18.64929999404294">
    <ele>245.07</ele>
   </trkpt>
   <trkpt lat="50.61374000000001" lon="18.64964">
    <ele>245.44000000000003</ele>
   </trkpt>
   <trkpt lat="50.613710000000005" lon="18.649620000000002">
    <ele>245.42000000000002</ele>
   </trkpt>
   <trkpt lat="50.61454200448062" lon="18.64996094571622">
    <ele>246.56000000000003</ele>
   </trkpt>
   <trkpt lat="50.61537400796619" lon="18.650301903493645">
    <ele>246.57</ele>
   </trkpt>
   <trkpt lat="50.61620601045667" lon="18.65064287333305">
    <ele>246.71</ele>
   </trkpt>
   <trkpt lat="50.61703801195198" lon="18.650983855235204">
    <ele>247.00000000000003</ele>
   </trkpt>
   <trkpt lat="50.61787001245207" lon="18.651324849200876">
    <ele>247.14000000000001</ele>
   </trkpt>
   <trkpt lat="50.61870201195685" lon="18.651665855230835">
    <ele>247.42000000000002</ele>
   </trkpt>
   <trkpt lat="50.619534010466296" lon="18.652006873325846">
    <ele>248.03000000000003</ele>
   </trkpt>
   <trkpt lat="50.6203660079803" lon="18.65234790348669">
    <ele>248.4</ele>
   </trkpt>
   <trkpt lat="50.6211980044988" lon="18.65268894571412">
    <ele>249.18</ele>
   </trkpt>
   <trkpt lat="50.62203" lon="18.65303">
    <ele>250.97000000000003</ele>
   </trkpt>
   <trkpt lat="50.62280000086701" lon="18.65333998986585">
    <ele>252.65000000000003</ele>
   </trkpt>
   <trkpt lat="50.62357000091151" lon="18.653649989883558">
    <ele>250.84</ele>
   </trkpt>
   <trkpt lat="50.624340000000004" lon="18.65396">
    <ele>251.07000000000002</ele>
   </trkpt>
   <trkpt lat="50.625198002077155" lon="18.65430797460137">
    <ele>251.22</ele>
   </trkpt>
   <trkpt lat="50.62605600311789" lon="18.654655961902066">
    <ele>251.65000000000003</ele>
   </trkpt>
   <trkpt lat="50.626914003122124" lon="18.655003961902928">
    <ele>251.78</ele>
   </trkpt>
   <trkpt lat="50.62777200208984" lon="18.655351974604795">
    <ele>252.37000000000003</ele>
   </trkpt>
   <trkpt lat="50.62863" lon="18.655700000000003">
    <ele>253.07000000000002</ele>
   </trkpt>
   <trkpt lat="50.629485001622655" lon="18.656054980633623">
    <ele>253.32999999999998</ele>
   </trkpt>
   <trkpt lat="50.630340002166776" lon="18.656409974178924">
    <ele>253.32999999999998</ele>
   </trkpt>
   <trkpt lat="50.63119500163229" lon="18.656764980636748">
    <ele>253.69000000000003</ele>
   </trkpt>
   <trkpt lat="50.63205000000001" lon="18.657120000000003">
    <ele>254.01000000000002</ele>
   </trkpt>
   <trkpt lat="50.63214000000001" lon="18.655820000000002">
    <ele>253.88</ele>
   </trkpt>
   <trkpt lat="50.632110000000004" lon="18.65567">
    <ele>253.60000000000005</ele>
   </trkpt>
   <trkpt lat="50.631820000000005" lon="18.65482">
    <ele>253.65000000000003</ele>
   </trkpt>
   <trkpt lat="50.631640000000004" lon="18.65443">
    <ele>253.07000000000002</ele>
   </trkpt>
   <trkpt lat="50.631390002192674" lon="18.65369999586164">
    <ele>252.62</ele>
   </trkpt>
   <trkpt lat="50.63114" lon="18.65297">
    <ele>252.5</ele>
   </trkpt>
   <trkpt lat="50.63112" lon="18.65269">
    <ele>252.5</ele>
   </trkpt>
   <trkpt lat="50.631170000000004" lon="18.651770000000003">
    <ele>252.02</ele>
   </trkpt>
   <trkpt lat="50.631220000000006" lon="18.651300000000003">
    <ele>251.93000000000004</ele>
   </trkpt>
   <trkpt lat="50.631260000000005" lon="18.65116">
    <ele>251.93000000000004</ele>
   </trkpt>
   <trkpt lat="50.631610003073874" lon="18.650310006371868">
    <ele>251.9</ele>
   </trkpt>
   <trkpt lat="50.63196000000001" lon="18.64946">
    <ele>251.8</ele>
   </trkpt>
   <trkpt lat="50.6321" lon="18.648880000000002">
    <ele>251.89</ele>
   </trkpt>
   <trkpt lat="50.63218500240588" lon="18.648125001661906">
    <ele>251.91000000000003</ele>
   </trkpt>
   <trkpt lat="50.632270000000005" lon="18.647370000000002">
    <ele>252.3</ele>
   </trkpt>
   <trkpt lat="50.63231000772048" lon="18.646420001702435">
    <ele>251.68</ele>
   </trkpt>
   <trkpt lat="50.63235000771687" lon="18.64547000178801">
    <ele>251.54999999999998</ele>
   </trkpt>
   <trkpt lat="50.63239" lon="18.64452">
    <ele>251.54000000000005</ele>
   </trkpt>
   <trkpt lat="50.63243000000001" lon="18.64414">
    <ele>251.48000000000002</ele>
   </trkpt>
   <trkpt lat="50.63267000281089" lon="18.643330004124373">
    <ele>251.13000000000002</ele>
   </trkpt>
   <trkpt lat="50.63291" lon="18.64252">
    <ele>250.75000000000003</ele>
   </trkpt>
   <trkpt lat="50.63313" lon="18.64185">
    <ele>250.70000000000002</ele>
   </trkpt>
   <trkpt lat="50.633250000000004" lon="18.6413">
    <ele>250.69000000000003</ele>
   </trkpt>
   <trkpt lat="50.63349334924204" lon="18.639936680773946">
    <ele>250.65000000000003</ele>
   </trkpt>
   <trkpt lat="50.6337366825768" lon="18.63857334743288">
    <ele>250.37000000000003</ele>
   </trkpt>
   <trkpt lat="50.63398" lon="18.637210000000003">
    <ele>250.03000000000003</ele>
   </trkpt>
   <trkpt lat="50.63420000000001" lon="18.63616">
    <ele>249.78000000000003</ele>
   </trkpt>
   <trkpt lat="50.63436" lon="18.635620000000003">
    <ele>249.79000000000002</ele>
   </trkpt>
   <trkpt lat="50.63441" lon="18.63548">
    <ele>249.79000000000002</ele>
   </trkpt>
   <trkpt lat="50.63465" lon="18.63495">
    <ele>249.84000000000003</ele>
   </trkpt>
   <trkpt lat="50.63486" lon="18.634510000000002">
    <ele>250.02</ele>
   </trkpt>
   <trkpt lat="50.635020000000004" lon="18.63465">
    <ele>250.02</ele>
   </trkpt>
   <trkpt lat="50.63582500484642" lon="18.635264968394605">
    <ele>249.05</ele>
   </trkpt>
   <trkpt lat="50.63663000645609" lon="18.635879957854108">
    <ele>248.82000000000002</ele>
   </trkpt>
   <trkpt lat="50.6374350048288" lon="18.636494968379747">
    <ele>248.63000000000002</ele>
   </trkpt>
   <trkpt lat="50.63824" lon="18.63711">
    <ele>248.51</ele>
   </trkpt>
   <trkpt lat="50.6389500055992" lon="18.637919975508595">
    <ele>248.23000000000002</ele>
   </trkpt>
   <trkpt lat="50.63966000558356" lon="18.638729975490254">
    <ele>247.75000000000003</ele>
   </trkpt>
   <trkpt lat="50.640370000000004" lon="18.63954">
    <ele>247.60000000000002</ele>
   </trkpt>
   <trkpt lat="50.640800000000006" lon="18.64046">
    <ele>247.92000000000002</ele>
   </trkpt>
   <trkpt lat="50.64109001669132" lon="18.641599978928493">
    <ele>248.23000000000002</ele>
   </trkpt>
   <trkpt lat="50.641380022260925" lon="18.642739971927078">
    <ele>248.85000000000002</ele>
   </trkpt>
   <trkpt lat="50.641670016708574" lon="18.643879978995543">
    <ele>249.47000000000003</ele>
   </trkpt>
   <trkpt lat="50.641960000000005" lon="18.645020000000002">
    <ele>249.74</ele>
   </trkpt>
   <trkpt lat="50.64244002026697" lon="18.6459932836192">
    <ele>249.95000000000002</ele>
   </trkpt>
   <trkpt lat="50.642920032426986" lon="18.64696658712239">
    <ele>250.47000000000003</ele>
   </trkpt>
   <trkpt lat="50.64340003647978" lon="18.647939910509972">
    <ele>251.04000000000005</ele>
   </trkpt>
   <trkpt lat="50.64388003242504" lon="18.648913253782364">
    <ele>251.17</ele>
   </trkpt>
   <trkpt lat="50.64436002026245" lon="18.649886616939977">
    <ele>251.38000000000005</ele>
   </trkpt>
   <trkpt lat="50.64484" lon="18.65086">
    <ele>251.69000000000003</ele>
   </trkpt>
   <trkpt lat="50.64530000705466" lon="18.651766648953465">
    <ele>251.94</ele>
   </trkpt>
   <trkpt lat="50.64576000707461" lon="18.652673315659143">
    <ele>251.76999999999998</ele>
   </trkpt>
   <trkpt lat="50.64622000000001" lon="18.65358">
    <ele>251.82999999999998</ele>
   </trkpt>
   <trkpt lat="50.646300000000004" lon="18.65371">
    <ele>251.82999999999998</ele>
   </trkpt>
   <trkpt lat="50.64641" lon="18.653830000000003">
    <ele>251.82999999999998</ele>
   </trkpt>
   <trkpt lat="50.646770000000004" lon="18.65417">
    <ele>251.76000000000005</ele>
   </trkpt>
   <trkpt lat="50.646910000000005" lon="18.654220000000002">
    <ele>251.44</ele>
   </trkpt>
   <trkpt lat="50.64696000000001" lon="18.653930000000003">
    <ele>251.46</ele>
   </trkpt>
   <trkpt lat="50.64696000000001" lon="18.652820000000002">
    <ele>250.45</ele>
   </trkpt>
   <trkpt lat="50.64699" lon="18.6524">
    <ele>250.22</ele>
   </trkpt>
   <trkpt lat="50.64699" lon="18.652410000000003">
    <ele>250.22</ele>
   </trkpt>
   <trkpt lat="50.64701" lon="18.65228">
    <ele>250.22</ele>
   </trkpt>
   <trkpt lat="50.64721000185622" lon="18.651615002950376">
    <ele>250.56</ele>
   </trkpt>
   <trkpt lat="50.64741" lon="18.65095">
    <ele>250.39</ele>
   </trkpt>
   <trkpt lat="50.647780000000004" lon="18.64986">
    <ele>249.29000000000002</ele>
   </trkpt>
   <trkpt lat="50.64813500362768" lon="18.64893000721845">
    <ele>248.69000000000003</ele>
   </trkpt>
   <trkpt lat="50.64849" lon="18.648000000000003">
    <ele>248.4</ele>
   </trkpt>
   <trkpt lat="50.648880000000005" lon="18.64712">
    <ele>247.74</ele>
   </trkpt>
   <trkpt lat="50.649240000000006" lon="18.64618">
    <ele>247.22000000000003</ele>
   </trkpt>
   <trkpt lat="50.64940000000001" lon="18.645560000000003">
    <ele>246.99</ele>
   </trkpt>
   <trkpt lat="50.64949500269447" lon="18.64476500168967">
    <ele>246.93</ele>
   </trkpt>
   <trkpt lat="50.64959" lon="18.643970000000003">
    <ele>246.49</ele>
   </trkpt>
   <trkpt lat="50.64976000000001" lon="18.643140000000002">
    <ele>246.32</ele>
   </trkpt>
   <trkpt lat="50.64976000000001" lon="18.64281">
    <ele>246.32</ele>
   </trkpt>
   <trkpt lat="50.649710000000006" lon="18.642500000000002">
    <ele>246.38000000000002</ele>
   </trkpt>
   <trkpt lat="50.649550000000005" lon="18.642090000000003">
    <ele>246.65</ele>
   </trkpt>
   <trkpt lat="50.64922000000001" lon="18.6415">
    <ele>246.53000000000003</ele>
   </trkpt>
   <trkpt lat="50.648880000000005" lon="18.641070000000003">
    <ele>246.34000000000003</ele>
   </trkpt>
   <trkpt lat="50.6488" lon="18.64093">
    <ele>246.28000000000003</ele>
   </trkpt>
   <trkpt lat="50.648740000000004" lon="18.64076">
    <ele>246.21</ele>
   </trkpt>
   <trkpt lat="50.64862500211371" lon="18.640064998582567">
    <ele>246.23000000000002</ele>
   </trkpt>
   <trkpt lat="50.64851" lon="18.639370000000003">
    <ele>246.04</ele>
   </trkpt>
   <trkpt lat="50.64851" lon="18.638740000000002">
    <ele>245.86</ele>
   </trkpt>
   <trkpt lat="50.64846000000001" lon="18.638440000000003">
    <ele>245.86</ele>
   </trkpt>
   <trkpt lat="50.64819500217457" lon="18.63771999582057">
    <ele>245.70000000000002</ele>
   </trkpt>
   <trkpt lat="50.64793" lon="18.637">
    <ele>245.50000000000003</ele>
   </trkpt>
   <trkpt lat="50.647800000000004" lon="18.636660000000003">
    <ele>245.38</ele>
   </trkpt>
   <trkpt lat="50.64753" lon="18.636180000000003">
    <ele>245.3</ele>
   </trkpt>
   <trkpt lat="50.64735" lon="18.6357">
    <ele>244.85</ele>
   </trkpt>
   <trkpt lat="50.647270000000006" lon="18.63558">
    <ele>244.75000000000003</ele>
   </trkpt>
   <trkpt lat="50.647180000000006" lon="18.63551">
    <ele>244.75000000000003</ele>
   </trkpt>
   <trkpt lat="50.64687000000001" lon="18.635360000000002">
    <ele>244.78000000000003</ele>
   </trkpt>
   <trkpt lat="50.646730000000005" lon="18.635250000000003">
    <ele>244.79</ele>
   </trkpt>
   <trkpt lat="50.64669000000001" lon="18.635170000000002">
    <ele>244.79</ele>
   </trkpt>
   <trkpt lat="50.646660000000004" lon="18.635060000000003">
    <ele>244.61</ele>
   </trkpt>
   <trkpt lat="50.64675000338326" lon="18.63417000176426">
    <ele>244.52</ele>
   </trkpt>
   <trkpt lat="50.646840000000005" lon="18.633280000000003">
    <ele>244.46</ele>
   </trkpt>
   <trkpt lat="50.64685" lon="18.63296">
    <ele>244.59000000000003</ele>
   </trkpt>
   <trkpt lat="50.646710000000006" lon="18.63164">
    <ele>244.56000000000003</ele>
   </trkpt>
   <trkpt lat="50.64649000000001" lon="18.63063">
    <ele>243.56000000000003</ele>
   </trkpt>
   <trkpt lat="50.646440000000005" lon="18.63014">
    <ele>243.21</ele>
   </trkpt>
   <trkpt lat="50.646460000000005" lon="18.629720000000002">
    <ele>242.95000000000002</ele>
   </trkpt>
   <trkpt lat="50.64670001415233" lon="18.628670016089647">
    <ele>243.12000000000003</ele>
   </trkpt>
   <trkpt lat="50.646940018870005" lon="18.627620021452184">
    <ele>243.65000000000003</ele>
   </trkpt>
   <trkpt lat="50.64718001415286" lon="18.62657001608783">
    <ele>244.03000000000003</ele>
   </trkpt>
   <trkpt lat="50.647420000000004" lon="18.62552">
    <ele>243.18</ele>
   </trkpt>
   <trkpt lat="50.647595002498356" lon="18.62476000271384">
    <ele>242.83</ele>
   </trkpt>
   <trkpt lat="50.64777" lon="18.624000000000002">
    <ele>242.53000000000003</ele>
   </trkpt>
   <trkpt lat="50.64792000254829" lon="18.623235002216795">
    <ele>242.52</ele>
   </trkpt>
   <trkpt lat="50.648070000000004" lon="18.62247">
    <ele>242.32</ele>
   </trkpt>
   <trkpt lat="50.648210000000006" lon="18.62206">
    <ele>241.63</ele>
   </trkpt>
   <trkpt lat="50.64844" lon="18.62149">
    <ele>240.63</ele>
   </trkpt>
   <trkpt lat="50.64858500233267" lon="18.620750002336873">
    <ele>239.95000000000002</ele>
   </trkpt>
   <trkpt lat="50.64873000000001" lon="18.62001">
    <ele>239.77</ele>
   </trkpt>
   <trkpt lat="50.64876" lon="18.619940000000003">
    <ele>239.77</ele>
   </trkpt>
   <trkpt lat="50.648810000000005" lon="18.619870000000002">
    <ele>239.77</ele>
   </trkpt>
   <trkpt lat="50.648790000000005" lon="18.619790000000002">
    <ele>239.77</ele>
   </trkpt>
   <trkpt lat="50.648790000000005" lon="18.619670000000003">
    <ele>239.93000000000004</ele>
   </trkpt>
   <trkpt lat="50.64897000760933" lon="18.618726673925636">
    <ele>240.58</ele>
   </trkpt>
   <trkpt lat="50.64915000760354" lon="18.61778334062274">
    <ele>240.68000000000004</ele>
   </trkpt>
   <trkpt lat="50.649330000000006" lon="18.61684">
    <ele>240.78000000000003</ele>
   </trkpt>
   <trkpt lat="50.64936" lon="18.61636">
    <ele>240.54000000000002</ele>
   </trkpt>
   <trkpt lat="50.64939000777555" lon="18.615406667944203">
    <ele>240.34000000000003</ele>
   </trkpt>
   <trkpt lat="50.64942000777368" lon="18.614453334670728">
    <ele>239.76000000000002</ele>
   </trkpt>
   <trkpt lat="50.64945" lon="18.613500000000002">
    <ele>239.78000000000003</ele>
   </trkpt>
   <trkpt lat="50.6489900002111" lon="18.61335499861847">
    <ele>239.46</ele>
   </trkpt>
   <trkpt lat="50.64853" lon="18.613210000000002">
    <ele>239.87000000000003</ele>
   </trkpt>
   <trkpt lat="50.647890000000004" lon="18.613110000000002">
    <ele>240.25</ele>
   </trkpt>
   <trkpt lat="50.64738499998556" lon="18.61305499940586">
    <ele>240.85</ele>
   </trkpt>
   <trkpt lat="50.64688" lon="18.613000000000003">
    <ele>242.22000000000003</ele>
   </trkpt>
   <trkpt lat="50.647060044345075" lon="18.61168574450121">
    <ele>241.36</ele>
   </trkpt>
   <trkpt lat="50.647240073908684" lon="18.610371478930354">
    <ele>241.07</ele>
   </trkpt>
   <trkpt lat="50.64742008869061" lon="18.609057203288128">
    <ele>240.37000000000003</ele>
   </trkpt>
   <trkpt lat="50.64760008869065" lon="18.607742917575212">
    <ele>238.74</ele>
   </trkpt>
   <trkpt lat="50.64778007390859" lon="18.60642862179229">
    <ele>238.28</ele>
   </trkpt>
   <trkpt lat="50.647960044344245" lon="18.605114315940053">
    <ele>238.0</ele>
   </trkpt>
   <trkpt lat="50.648140000000005" lon="18.603800000000003">
    <ele>237.23000000000002</ele>
   </trkpt>
   <trkpt lat="50.64849500661427" lon="18.60255500947026">
    <ele>237.65000000000003</ele>
   </trkpt>
   <trkpt lat="50.64885" lon="18.60131">
    <ele>238.22</ele>
   </trkpt>
   <trkpt lat="50.64911334210702" lon="18.600296678078433">
    <ele>238.28</ele>
   </trkpt>
   <trkpt lat="50.6493766754269" lon="18.599283344797083">
    <ele>238.28</ele>
   </trkpt>
   <trkpt lat="50.649640000000005" lon="18.598270000000003">
    <ele>237.74</ele>
   </trkpt>
   <trkpt lat="50.64997667779084" lon="18.597130016329192">
    <ele>237.58</ele>
   </trkpt>
   <trkpt lat="50.65031334446053" lon="18.595990016319234">
    <ele>237.06</ele>
   </trkpt>
   <trkpt lat="50.650650000000006" lon="18.59485">
    <ele>236.73000000000002</ele>
   </trkpt>
   <trkpt lat="50.65094500580955" lon="18.59368500730631">
    <ele>236.12000000000003</ele>
   </trkpt>
   <trkpt lat="50.65124" lon="18.59252">
    <ele>235.44</ele>
   </trkpt>
   <trkpt lat="50.651576679954914" lon="18.59127335124439">
    <ele>235.42000000000002</ele>
   </trkpt>
   <trkpt lat="50.65191334661033" lon="18.590026684619758">
    <ele>234.88</ele>
   </trkpt>
   <trkpt lat="50.65225" lon="18.58878">
    <ele>234.53</ele>
   </trkpt>
   <trkpt lat="50.6525" lon="18.58773">
    <ele>234.17000000000002</ele>
   </trkpt>
   <trkpt lat="50.65270500211506" lon="18.58703000299156">
    <ele>233.8</ele>
   </trkpt>
   <trkpt lat="50.652910000000006" lon="18.58633">
    <ele>233.5</ele>
   </trkpt>
   <trkpt lat="50.65313000327547" lon="18.585450004273092">
    <ele>233.69</ele>
   </trkpt>
   <trkpt lat="50.65335" lon="18.584570000000003">
    <ele>233.44</ele>
   </trkpt>
   <trkpt lat="50.6536933460162" lon="18.583353351062897">
    <ele>233.87</ele>
   </trkpt>
   <trkpt lat="50.65403667936547" lon="18.58213668434012">
    <ele>234.04000000000002</ele>
   </trkpt>
   <trkpt lat="50.65438" lon="18.580920000000003">
    <ele>234.0</ele>
   </trkpt>
   <trkpt lat="50.65456000231117" lon="18.580195002527613">
    <ele>233.59</ele>
   </trkpt>
   <trkpt lat="50.654740000000004" lon="18.57947">
    <ele>233.43000000000004</ele>
   </trkpt>
   <trkpt lat="50.655010000000004" lon="18.57852">
    <ele>233.93000000000004</ele>
   </trkpt>
   <trkpt lat="50.65581" lon="18.579030000000003">
    <ele>232.65</ele>
   </trkpt>
   <trkpt lat="50.65574" lon="18.57881">
    <ele>232.08</ele>
   </trkpt>
   <trkpt lat="50.65572" lon="18.57863">
    <ele>232.08</ele>
   </trkpt>
   <trkpt lat="50.655730000000005" lon="18.578480000000003">
    <ele>232.08</ele>
   </trkpt>
   <trkpt lat="50.65594" lon="18.578000000000003">
    <ele>231.89000000000001</ele>
   </trkpt>
   <trkpt lat="50.656130000000005" lon="18.57769">
    <ele>232.13000000000002</ele>
   </trkpt>
   <trkpt lat="50.656240000000004" lon="18.577560000000002">
    <ele>232.13000000000002</ele>
   </trkpt>
   <trkpt lat="50.65637" lon="18.57748">
    <ele>232.56</ele>
   </trkpt>
   <trkpt lat="50.656800000000004" lon="18.577270000000002">
    <ele>232.71000000000004</ele>
   </trkpt>
   <trkpt lat="50.65704" lon="18.57711">
    <ele>232.96000000000004</ele>
   </trkpt>
   <trkpt lat="50.657120000000006" lon="18.57702">
    <ele>232.96000000000004</ele>
   </trkpt>
   <trkpt lat="50.657320000000006" lon="18.576600000000003">
    <ele>233.34</ele>
   </trkpt>
   <trkpt lat="50.65742" lon="18.5762">
    <ele>233.96000000000004</ele>
   </trkpt>
   <trkpt lat="50.657430000000005" lon="18.575930000000003">
    <ele>233.96000000000004</ele>
   </trkpt>
   <trkpt lat="50.65766000000001" lon="18.57508">
    <ele>234.39000000000001</ele>
   </trkpt>
   <trkpt lat="50.65793802471876" lon="18.57387802849146">
    <ele>235.12</ele>
   </trkpt>
   <trkpt lat="50.65821603707475" lon="18.572676042752633">
    <ele>236.18000000000004</ele>
   </trkpt>
   <trkpt lat="50.65849403706774" lon="18.571474042783837">
    <ele>236.36</ele>
   </trkpt>
   <trkpt lat="50.65877202469743" lon="18.57027202858539">
    <ele>236.28</ele>
   </trkpt>
   <trkpt lat="50.65905000000001" lon="18.56907">
    <ele>235.44</ele>
   </trkpt>
   <trkpt lat="50.65926" lon="18.568540000000002">
    <ele>234.92000000000002</ele>
   </trkpt>
   <trkpt lat="50.659645001208816" lon="18.568045003851605">
    <ele>233.67000000000002</ele>
   </trkpt>
   <trkpt lat="50.660030000000006" lon="18.56755">
    <ele>232.11</ele>
   </trkpt>
   <trkpt lat="50.66042" lon="18.56707">
    <ele>230.82000000000002</ele>
   </trkpt>
   <trkpt lat="50.66066000000001" lon="18.56668">
    <ele>230.02000000000004</ele>
   </trkpt>
   <trkpt lat="50.66082" lon="18.5665">
    <ele>229.91000000000003</ele>
   </trkpt>
   <trkpt lat="50.66093000000001" lon="18.566460000000003">
    <ele>229.71</ele>
   </trkpt>
   <trkpt lat="50.661190000000005" lon="18.56652">
    <ele>229.78</ele>
   </trkpt>
   <trkpt lat="50.66125" lon="18.56652">
    <ele>229.78</ele>
   </trkpt>
   <trkpt lat="50.66133000000001" lon="18.56641">
    <ele>229.78</ele>
   </trkpt>
   <trkpt lat="50.66133000000001" lon="18.56632">
    <ele>229.51000000000002</ele>
   </trkpt>
   <trkpt lat="50.661210000000004" lon="18.56527">
    <ele>229.36</ele>
   </trkpt>
   <trkpt lat="50.661150000000006" lon="18.5641">
    <ele>228.76000000000002</ele>
   </trkpt>
   <trkpt lat="50.66098" lon="18.56303">
    <ele>228.73000000000002</ele>
   </trkpt>
   <trkpt lat="50.660970000000006" lon="18.56255">
    <ele>228.20000000000002</ele>
   </trkpt>
   <trkpt lat="50.66087" lon="18.561600000000002">
    <ele>227.77</ele>
   </trkpt>
   <trkpt lat="50.6608" lon="18.56124">
    <ele>227.77</ele>
   </trkpt>
   <trkpt lat="50.660520000000005" lon="18.560280000000002">
    <ele>227.73000000000002</ele>
   </trkpt>
   <trkpt lat="50.660395002169786" lon="18.559559997806122">
    <ele>227.63000000000002</ele>
   </trkpt>
   <trkpt lat="50.660270000000004" lon="18.55884">
    <ele>227.49</ele>
   </trkpt>
   <trkpt lat="50.66004" lon="18.55809">
    <ele>227.55</ele>
   </trkpt>
   <trkpt lat="50.659980000000004" lon="18.557940000000002">
    <ele>227.51000000000002</ele>
   </trkpt>
   <trkpt lat="50.659780000000005" lon="18.557550000000003">
    <ele>227.51000000000002</ele>
   </trkpt>
   <trkpt lat="50.65912" lon="18.55666">
    <ele>227.42000000000002</ele>
   </trkpt>
   <trkpt lat="50.65905000000001" lon="18.55646">
    <ele>227.42000000000002</ele>
   </trkpt>
   <trkpt lat="50.658915002291266" lon="18.55573499814364">
    <ele>227.18</ele>
   </trkpt>
   <trkpt lat="50.65878000000001" lon="18.555010000000003">
    <ele>227.29000000000002</ele>
   </trkpt>
   <trkpt lat="50.65872" lon="18.55478">
    <ele>227.29000000000002</ele>
   </trkpt>
   <trkpt lat="50.658640000000005" lon="18.55462">
    <ele>227.25</ele>
   </trkpt>
   <trkpt lat="50.658390000000004" lon="18.55421">
    <ele>227.36</ele>
   </trkpt>
   <trkpt lat="50.65831000000001" lon="18.553880000000003">
    <ele>227.4</ele>
   </trkpt>
   <trkpt lat="50.65831000000001" lon="18.55387">
    <ele>227.41000000000003</ele>
   </trkpt>
   <trkpt lat="50.65829" lon="18.55367">
    <ele>227.42000000000002</ele>
   </trkpt>
   <trkpt lat="50.658240000000006" lon="18.552300000000002">
    <ele>227.36</ele>
   </trkpt>
   <trkpt lat="50.658260000000006" lon="18.55177">
    <ele>227.27</ele>
   </trkpt>
   <trkpt lat="50.65833500615494" lon="18.550570002013764">
    <ele>226.62</ele>
   </trkpt>
   <trkpt lat="50.65841" lon="18.549370000000003">
    <ele>226.26000000000002</ele>
   </trkpt>
   <trkpt lat="50.65840500739819" lon="18.548054999784796">
    <ele>225.95000000000002</ele>
   </trkpt>
   <trkpt lat="50.65840000000001" lon="18.54674">
    <ele>225.09</ele>
   </trkpt>
   <trkpt lat="50.65832" lon="18.54594">
    <ele>224.67000000000002</ele>
   </trkpt>
   <trkpt lat="50.658350000000006" lon="18.54477">
    <ele>224.23000000000002</ele>
   </trkpt>
   <trkpt lat="50.65834" lon="18.54457">
    <ele>224.33</ele>
   </trkpt>
   <trkpt lat="50.658300000000004" lon="18.544430000000002">
    <ele>224.49</ele>
   </trkpt>
   <trkpt lat="50.658190000000005" lon="18.54417">
    <ele>225.18</ele>
   </trkpt>
   <trkpt lat="50.658150000000006" lon="18.54399">
    <ele>225.55</ele>
   </trkpt>
   <trkpt lat="50.65778" lon="18.54383">
    <ele>225.66000000000003</ele>
   </trkpt>
   <trkpt lat="50.65762" lon="18.543740000000003">
    <ele>225.81</ele>
   </trkpt>
   <trkpt lat="50.65749" lon="18.54362">
    <ele>225.81</ele>
   </trkpt>
   <trkpt lat="50.657320000000006" lon="18.54341">
    <ele>225.88000000000002</ele>
   </trkpt>
   <trkpt lat="50.65671000450516" lon="18.542379986565606">
    <ele>225.99</ele>
   </trkpt>
   <trkpt lat="50.6561" lon="18.54135">
    <ele>226.4</ele>
   </trkpt>
   <trkpt lat="50.656130000000005" lon="18.54119">
    <ele>226.21</ele>
   </trkpt>
   <trkpt lat="50.65612" lon="18.540850000000002">
    <ele>225.82000000000002</ele>
   </trkpt>
   <trkpt lat="50.65605000000001" lon="18.540210000000002">
    <ele>225.67000000000002</ele>
   </trkpt>
   <trkpt lat="50.65592000374749" lon="18.539274997462993">
    <ele>225.55</ele>
   </trkpt>
   <trkpt lat="50.65579" lon="18.53834">
    <ele>225.31</ele>
   </trkpt>
   <trkpt lat="50.65564334149203" lon="18.537363327208705">
    <ele>225.48000000000002</ele>
   </trkpt>
   <trkpt lat="50.65549667482152" lon="18.536386660516637">
    <ele>225.18</ele>
   </trkpt>
   <trkpt lat="50.655350000000006" lon="18.535410000000002">
    <ele>224.73000000000002</ele>
   </trkpt>
   <trkpt lat="50.65531000000001" lon="18.535140000000002">
    <ele>224.64000000000001</ele>
   </trkpt>
   <trkpt lat="50.655196021466445" lon="18.534019989108703">
    <ele>224.28</ele>
   </trkpt>
   <trkpt lat="50.6550820321986" lon="18.532899983653234">
    <ele>224.51000000000002</ele>
   </trkpt>
   <trkpt lat="50.6549680321966" lon="18.531779983634056">
    <ele>224.5</ele>
   </trkpt>
   <trkpt lat="50.65485402146055" lon="18.53065998905163">
    <ele>224.43</ele>
   </trkpt>
   <trkpt lat="50.654740000000004" lon="18.52954">
    <ele>224.34</ele>
   </trkpt>
   <trkpt lat="50.65465667444365" lon="18.528586663281835">
    <ele>224.33</ele>
   </trkpt>
   <trkpt lat="50.654573341110094" lon="18.527633329946163">
    <ele>223.76000000000002</ele>
   </trkpt>
   <trkpt lat="50.65449" lon="18.526680000000002">
    <ele>223.68</ele>
   </trkpt>
   <trkpt lat="50.65436500452227" lon="18.52565499749413">
    <ele>223.95000000000002</ele>
   </trkpt>
   <trkpt lat="50.65424" lon="18.524630000000002">
    <ele>223.73000000000002</ele>
   </trkpt>
   <trkpt lat="50.65415500262502" lon="18.523844998472654">
    <ele>224.29000000000002</ele>
   </trkpt>
   <trkpt lat="50.654070000000004" lon="18.52306">
    <ele>224.41000000000003</ele>
   </trkpt>
   <trkpt lat="50.65380334900866" lon="18.52170665131406">
    <ele>224.21</ele>
   </trkpt>
   <trkpt lat="50.65353668234443" lon="18.52035331799348">
    <ele>224.81</ele>
   </trkpt>
   <trkpt lat="50.653270000000006" lon="18.519000000000002">
    <ele>224.28</ele>
   </trkpt>
   <trkpt lat="50.653125002120206" lon="18.518294997792704">
    <ele>224.14000000000001</ele>
   </trkpt>
   <trkpt lat="50.65298000000001" lon="18.517590000000002">
    <ele>224.13000000000002</ele>
   </trkpt>
   <trkpt lat="50.65285000240064" lon="18.516834997688132">
    <ele>224.22000000000003</ele>
   </trkpt>
   <trkpt lat="50.65272" lon="18.516080000000002">
    <ele>223.9</ele>
   </trkpt>
   <trkpt lat="50.65257752357001" lon="18.514724987695097">
    <ele>223.99</ele>
   </trkpt>
   <trkpt lat="50.652435031428396" lon="18.513369983610147">
    <ele>223.74</ele>
   </trkpt>
   <trkpt lat="50.652292523575305" lon="18.51201498774596">
    <ele>223.64000000000001</ele>
   </trkpt>
   <trkpt lat="50.652150000000006" lon="18.51066">
    <ele>223.78</ele>
   </trkpt>
   <trkpt lat="50.65204000658314" lon="18.50941999714431">
    <ele>223.82000000000002</ele>
   </trkpt>
   <trkpt lat="50.65193000000001" lon="18.508180000000003">
    <ele>223.44000000000003</ele>
   </trkpt>
   <trkpt lat="50.65180251981951" lon="18.506937489913042">
    <ele>222.85000000000002</ele>
   </trkpt>
   <trkpt lat="50.65167502642794" lon="18.50569498657001">
    <ele>222.27</ele>
   </trkpt>
   <trkpt lat="50.651547519825435" lon="18.50445248997152">
    <ele>222.60000000000002</ele>
   </trkpt>
   <trkpt lat="50.65142" lon="18.503210000000003">
    <ele>222.50000000000003</ele>
   </trkpt>
   <trkpt lat="50.65142" lon="18.503200000000003">
    <ele>222.50000000000003</ele>
   </trkpt>
   <trkpt lat="50.6513033445172" lon="18.50205666096346">
    <ele>222.72000000000003</ele>
   </trkpt>
   <trkpt lat="50.651186677848" lon="18.500913327605513">
    <ele>222.21</ele>
   </trkpt>
   <trkpt lat="50.651070000000004" lon="18.49977">
    <ele>221.59</ele>
   </trkpt>
   <trkpt lat="50.65095000539417" lon="18.498644996928743">
    <ele>220.76000000000002</ele>
   </trkpt>
   <trkpt lat="50.650830000000006" lon="18.49752">
    <ele>220.50000000000003</ele>
   </trkpt>
   <trkpt lat="50.65079" lon="18.497230000000002">
    <ele>220.59</ele>
   </trkpt>
   <trkpt lat="50.65070000000001" lon="18.4969">
    <ele>220.59</ele>
   </trkpt>
   <trkpt lat="50.650670000000005" lon="18.49672">
    <ele>220.71</ele>
   </trkpt>
   <trkpt lat="50.65073" lon="18.49669">
    <ele>220.71</ele>
   </trkpt>
   <trkpt lat="50.650780000000005" lon="18.496630000000003">
    <ele>220.56</ele>
   </trkpt>
   <trkpt lat="50.65113000191987" lon="18.495970004811518">
    <ele>220.17</ele>
   </trkpt>
   <trkpt lat="50.65148000000001" lon="18.49531">
    <ele>219.50000000000003</ele>
   </trkpt>
   <trkpt lat="50.65173000000001" lon="18.49489">
    <ele>218.92000000000002</ele>
   </trkpt>
   <trkpt lat="50.651830000000004" lon="18.49475">
    <ele>218.92000000000002</ele>
   </trkpt>
   <trkpt lat="50.65194" lon="18.49465">
    <ele>218.78000000000003</ele>
   </trkpt>
   <trkpt lat="50.65207" lon="18.49455">
    <ele>218.53000000000003</ele>
   </trkpt>
   <trkpt lat="50.65229" lon="18.49452">
    <ele>217.99</ele>
   </trkpt>
   <trkpt lat="50.65287000000001" lon="18.494600000000002">
    <ele>217.56000000000003</ele>
   </trkpt>
   <trkpt lat="50.653310000000005" lon="18.494600000000002">
    <ele>217.82000000000002</ele>
   </trkpt>
   <trkpt lat="50.653420000000004" lon="18.49456">
    <ele>218.18</ele>
   </trkpt>
   <trkpt lat="50.65348" lon="18.494500000000002">
    <ele>218.18</ele>
   </trkpt>
   <trkpt lat="50.65353" lon="18.49436">
    <ele>218.07000000000002</ele>
   </trkpt>
   <trkpt lat="50.65353" lon="18.49425">
    <ele>218.07000000000002</ele>
   </trkpt>
   <trkpt lat="50.65346" lon="18.493920000000003">
    <ele>218.62</ele>
   </trkpt>
   <trkpt lat="50.65346" lon="18.493740000000003">
    <ele>219.60000000000002</ele>
   </trkpt>
   <trkpt lat="50.653490000000005" lon="18.49361">
    <ele>219.60000000000002</ele>
   </trkpt>
   <trkpt lat="50.653560000000006" lon="18.493470000000002">
    <ele>220.3</ele>
   </trkpt>
   <trkpt lat="50.65390000000001" lon="18.49294">
    <ele>221.25000000000003</ele>
   </trkpt>
   <trkpt lat="50.65390958587857" lon="18.49154556034452">
    <ele>221.12</ele>
   </trkpt>
   <trkpt lat="50.65391915511788" lon="18.4901511201204">
    <ele>221.13000000000002</ele>
   </trkpt>
   <trkpt lat="50.65392870771794" lon="18.488756679328635">
    <ele>221.01000000000002</ele>
   </trkpt>
   <trkpt lat="50.65393824367874" lon="18.487362237970203">
    <ele>220.89000000000001</ele>
   </trkpt>
   <trkpt lat="50.65394776300026" lon="18.485967796046094">
    <ele>220.87</ele>
   </trkpt>
   <trkpt lat="50.65395726568248" lon="18.4845733535573">
    <ele>221.04000000000002</ele>
   </trkpt>
   <trkpt lat="50.653966751725406" lon="18.483178910504805">
    <ele>220.96</ele>
   </trkpt>
   <trkpt lat="50.653976221129014" lon="18.4817844668896">
    <ele>220.69000000000003</ele>
   </trkpt>
   <trkpt lat="50.653985673893295" lon="18.480390022712665">
    <ele>220.58</ele>
   </trkpt>
   <trkpt lat="50.65399511001822" lon="18.47899557797499">
    <ele>220.24</ele>
   </trkpt>
   <trkpt lat="50.6540045295038" lon="18.47760113267757">
    <ele>219.94000000000003</ele>
   </trkpt>
   <trkpt lat="50.654013932350026" lon="18.47620668682139">
    <ele>219.57000000000002</ele>
   </trkpt>
   <trkpt lat="50.654023318556845" lon="18.47481224040743">
    <ele>218.52</ele>
   </trkpt>
   <trkpt lat="50.6540326881243" lon="18.47341779343668">
    <ele>219.85000000000002</ele>
   </trkpt>
   <trkpt lat="50.65404204105236" lon="18.472023345910134">
    <ele>219.79000000000002</ele>
   </trkpt>
   <trkpt lat="50.65405137734099" lon="18.470628897828774">
    <ele>219.25000000000003</ele>
   </trkpt>
   <trkpt lat="50.65406069699021" lon="18.46923444919359">
    <ele>219.14000000000001</ele>
   </trkpt>
   <trkpt lat="50.654070000000004" lon="18.467840000000002">
    <ele>219.13000000000002</ele>
   </trkpt>
   <trkpt lat="50.654230000000005" lon="18.4679">
    <ele>219.11</ele>
   </trkpt>
   <trkpt lat="50.65444837117485" lon="18.466570030912155">
    <ele>219.05</ele>
   </trkpt>
   <trkpt lat="50.65466672721341" lon="18.46524004945876">
    <ele>219.03000000000003</ele>
   </trkpt>
   <trkpt lat="50.65488506811541" lon="18.463910055640476">
    <ele>219.38000000000002</ele>
   </trkpt>
   <trkpt lat="50.655103393880616" lon="18.462580049457937">
    <ele>218.97000000000003</ele>
   </trkpt>
   <trkpt lat="50.65532170450875" lon="18.46125003091179">
    <ele>218.46</ele>
   </trkpt>
   <trkpt lat="50.65554" lon="18.45992">
    <ele>218.98</ele>
   </trkpt>
   <trkpt lat="50.6557" lon="18.458740000000002">
    <ele>218.73</ele>
   </trkpt>
   <trkpt lat="50.655910000000006" lon="18.457530000000002">
    <ele>218.7</ele>
   </trkpt>
   <trkpt lat="50.65614602115806" lon="18.45641802236959">
    <ele>218.68</ele>
   </trkpt>
   <trkpt lat="50.65638203173516" lon="18.45530603356398">
    <ele>218.65</ele>
   </trkpt>
   <trkpt lat="50.65661803173116" lon="18.454194033583473">
    <ele>218.37</ele>
   </trkpt>
   <trkpt lat="50.65685402114585" lon="18.453082022428365">
    <ele>218.29000000000002</ele>
   </trkpt>
   <trkpt lat="50.657090000000004" lon="18.451970000000003">
    <ele>217.96</ele>
   </trkpt>
   <trkpt lat="50.65702" lon="18.45172">
    <ele>217.86</ele>
   </trkpt>
   <trkpt lat="50.656762520704476" lon="18.450449979120968">
    <ele>217.37</ele>
   </trkpt>
   <trkpt lat="50.65650502760695" lon="18.44917997216669">
    <ele>217.65</ele>
   </trkpt>
   <trkpt lat="50.65624752070767" lon="18.447909979137634">
    <ele>217.16000000000003</ele>
   </trkpt>
   <trkpt lat="50.65599" lon="18.446640000000002">
    <ele>217.38000000000002</ele>
   </trkpt>
   <trkpt lat="50.65576" lon="18.44529">
    <ele>216.86</ele>
   </trkpt>
   <trkpt lat="50.65551251795736" lon="18.44410748135031">
    <ele>216.85000000000002</ele>
   </trkpt>
   <trkpt lat="50.65526502394896" lon="18.44292497516199">
    <ele>215.71</ele>
   </trkpt>
   <trkpt lat="50.655017517975025" lon="18.441742481435405">
    <ele>216.60000000000002</ele>
   </trkpt>
   <trkpt lat="50.654770000000006" lon="18.44056">
    <ele>216.14000000000001</ele>
   </trkpt>
   <trkpt lat="50.65462" lon="18.439950000000003">
    <ele>216.17000000000002</ele>
   </trkpt>
   <trkpt lat="50.654830000000004" lon="18.4399">
    <ele>216.05</ele>
   </trkpt>
   <trkpt lat="50.655300000000004" lon="18.439600000000002">
    <ele>216.33</ele>
   </trkpt>
   <trkpt lat="50.65601" lon="18.43957">
    <ele>216.58</ele>
   </trkpt>
   <trkpt lat="50.656530000000004" lon="18.439490000000003">
    <ele>215.9</ele>
   </trkpt>
   <trkpt lat="50.656600000000005" lon="18.43871">
    <ele>214.46</ele>
   </trkpt>
   <trkpt lat="50.657300000000006" lon="18.43851">
    <ele>214.06000000000003</ele>
   </trkpt>
   <trkpt lat="50.65749000514812" lon="18.437415004325544">
    <ele>214.08</ele>
   </trkpt>
   <trkpt lat="50.657680000000006" lon="18.436320000000002">
    <ele>212.99</ele>
   </trkpt>
   <trkpt lat="50.65788380012745" lon="18.43502628929551">
    <ele>214.45000000000002</ele>
   </trkpt>
   <trkpt lat="50.65808758593299" lon="18.43373256736384">
    <ele>213.62</ele>
   </trkpt>
   <trkpt lat="50.65829135741645" lon="18.4324388342056">
    <ele>213.02</ele>
   </trkpt>
   <trkpt lat="50.658495114577576" lon="18.431145089821396">
    <ele>212.76</ele>
   </trkpt>
   <trkpt lat="50.65869885741614" lon="18.42985133421184">
    <ele>212.69000000000003</ele>
   </trkpt>
   <trkpt lat="50.658902585931905" lon="18.42855756737755">
    <ele>212.16000000000003</ele>
   </trkpt>
   <trkpt lat="50.65910630012464" lon="18.427263789319124">
    <ele>211.6</ele>
   </trkpt>
   <trkpt lat="50.659310000000005" lon="18.425970000000003">
    <ele>211.49</ele>
   </trkpt>
   <trkpt lat="50.65869500035536" lon="18.4257149966928">
    <ele>210.86</ele>
   </trkpt>
   <trkpt lat="50.658080000000005" lon="18.42546">
    <ele>211.07</ele>
   </trkpt>
   <trkpt lat="50.658060007941664" lon="18.424496665878245">
    <ele>210.66</ele>
   </trkpt>
   <trkpt lat="50.65804000794232" lon="18.423533332576774">
    <ele>210.15</ele>
   </trkpt>
   <trkpt lat="50.65802000000001" lon="18.42257">
    <ele>209.1</ele>
   </trkpt>
   <trkpt lat="50.658240003724586" lon="18.42163000464208">
    <ele>209.31000000000003</ele>
   </trkpt>
   <trkpt lat="50.658460000000005" lon="18.42069">
    <ele>209.02</ele>
   </trkpt>
   <trkpt lat="50.65854" lon="18.420250000000003">
    <ele>208.89000000000001</ele>
   </trkpt>
   <trkpt lat="50.658550000000005" lon="18.419970000000003">
    <ele>208.65000000000003</ele>
   </trkpt>
   <trkpt lat="50.658550000000005" lon="18.419960000000003">
    <ele>208.65000000000003</ele>
   </trkpt>
   <trkpt lat="50.658500000000004" lon="18.41947">
    <ele>208.51000000000002</ele>
   </trkpt>
   <trkpt lat="50.658460000000005" lon="18.41918">
    <ele>208.49</ele>
   </trkpt>
   <trkpt lat="50.65838500518646" lon="18.418079998382243">
    <ele>208.01000000000002</ele>
   </trkpt>
   <trkpt lat="50.65831000000001" lon="18.416980000000002">
    <ele>207.5</ele>
   </trkpt>
   <trkpt lat="50.65832" lon="18.41662">
    <ele>207.54000000000002</ele>
   </trkpt>
   <trkpt lat="50.65841" lon="18.41535">
    <ele>206.88</ele>
   </trkpt>
   <trkpt lat="50.658390000000004" lon="18.41506">
    <ele>206.92000000000002</ele>
   </trkpt>
   <trkpt lat="50.65832" lon="18.414900000000003">
    <ele>207.19</ele>
   </trkpt>
   <trkpt lat="50.658240000000006" lon="18.414810000000003">
    <ele>207.19</ele>
   </trkpt>
   <trkpt lat="50.65809" lon="18.41485">
    <ele>207.20000000000002</ele>
   </trkpt>
   <trkpt lat="50.65793000000001" lon="18.41487">
    <ele>207.20000000000002</ele>
   </trkpt>
   <trkpt lat="50.6578" lon="18.414930000000002">
    <ele>206.74</ele>
   </trkpt>
   <trkpt lat="50.65767" lon="18.415020000000002">
    <ele>206.74</ele>
   </trkpt>
   <trkpt lat="50.65753" lon="18.41517">
    <ele>206.75</ele>
   </trkpt>
   <trkpt lat="50.657430000000005" lon="18.41523">
    <ele>206.84000000000003</ele>
   </trkpt>
   <trkpt lat="50.657320000000006" lon="18.415210000000002">
    <ele>206.97</ele>
   </trkpt>
   <trkpt lat="50.65726" lon="18.41515">
    <ele>207.28000000000003</ele>
   </trkpt>
   <trkpt lat="50.65719000000001" lon="18.415020000000002">
    <ele>207.28000000000003</ele>
   </trkpt>
   <trkpt lat="50.6570875151782" lon="18.41393249285985">
    <ele>207.34000000000003</ele>
   </trkpt>
   <trkpt lat="50.65698502023626" lon="18.41284499046586">
    <ele>207.76000000000002</ele>
   </trkpt>
   <trkpt lat="50.65688251517425" lon="18.41175749281846">
    <ele>207.86</ele>
   </trkpt>
   <trkpt lat="50.656780000000005" lon="18.410670000000003">
    <ele>207.41</ele>
   </trkpt>
   <trkpt lat="50.656800000000004" lon="18.40968">
    <ele>207.20000000000002</ele>
   </trkpt>
   <trkpt lat="50.65675" lon="18.40916">
    <ele>206.70000000000002</ele>
   </trkpt>
   <trkpt lat="50.65656575357917" lon="18.407922828036728">
    <ele>206.54000000000002</ele>
   </trkpt>
   <trkpt lat="50.656381494061016" lon="18.406685665780003">
    <ele>206.11</ele>
   </trkpt>
   <trkpt lat="50.65619722144572" lon="18.405448513230386">
    <ele>205.72</ele>
   </trkpt>
   <trkpt lat="50.656012935733486" lon="18.404211370388413">
    <ele>204.8</ele>
   </trkpt>
   <trkpt lat="50.65582863692448" lon="18.402974237254647">
    <ele>204.70000000000002</ele>
   </trkpt>
   <trkpt lat="50.65564432501893" lon="18.401737113829636">
    <ele>204.07000000000002</ele>
   </trkpt>
   <trkpt lat="50.655460000000005" lon="18.4005">
    <ele>203.25</ele>
   </trkpt>
   <trkpt lat="50.654770001247456" lon="18.400810013655093">
    <ele>203.02</ele>
   </trkpt>
   <trkpt lat="50.65408000167253" lon="18.40112001820231">
    <ele>203.1</ele>
   </trkpt>
   <trkpt lat="50.65339000127522" lon="18.40143001364212">
    <ele>203.90000000000003</ele>
   </trkpt>
   <trkpt lat="50.6527" lon="18.40174">
    <ele>204.88</ele>
   </trkpt>
   <trkpt lat="50.652825037464474" lon="18.40306331573192">
    <ele>205.12000000000003</ele>
   </trkpt>
   <trkpt lat="50.65295005994363" lon="18.404386638508225">
    <ele>205.64000000000001</ele>
   </trkpt>
   <trkpt lat="50.6530750674373" lon="18.405709968328143">
    <ele>205.89000000000001</ele>
   </trkpt>
   <trkpt lat="50.65320005994534" lon="18.407033305190886">
    <ele>206.07</ele>
   </trkpt>
   <trkpt lat="50.6533250374676" lon="18.40835664909569">
    <ele>206.61</ele>
   </trkpt>
   <trkpt lat="50.65345000000001" lon="18.40968">
    <ele>207.19</ele>
   </trkpt>
   <trkpt lat="50.65357643746848" lon="18.410993601015875">
    <ele>207.75</ele>
   </trkpt>
   <trkpt lat="50.65370286017088" lon="18.412307209102924">
    <ele>209.00000000000003</ele>
   </trkpt>
   <trkpt lat="50.65382926810713" lon="18.41362082426037">
    <ele>208.48000000000002</ele>
   </trkpt>
   <trkpt lat="50.65395566127702" lon="18.41493444648748">
    <ele>208.86</ele>
   </trkpt>
   <trkpt lat="50.65408203968042" lon="18.41624807578348">
    <ele>209.22</ele>
   </trkpt>
   <trkpt lat="50.6542084033172" lon="18.41756171214762">
    <ele>209.37000000000003</ele>
   </trkpt>
   <trkpt lat="50.6543347521872" lon="18.418875355579146">
    <ele>209.63</ele>
   </trkpt>
   <trkpt lat="50.65446108629028" lon="18.420189006077305">
    <ele>210.69</ele>
   </trkpt>
   <trkpt lat="50.6545874056263" lon="18.42150266364133">
    <ele>210.06000000000003</ele>
   </trkpt>
   <trkpt lat="50.6547137101951" lon="18.42281632827048">
    <ele>210.57</ele>
   </trkpt>
   <trkpt lat="50.65484000000001" lon="18.42413">
    <ele>210.95000000000002</ele>
   </trkpt>
   <trkpt lat="50.65493000290033" lon="18.424959997974284">
    <ele>211.26000000000002</ele>
   </trkpt>
   <trkpt lat="50.65502000000001" lon="18.425790000000003">
    <ele>211.95000000000002</ele>
   </trkpt>
   <trkpt lat="50.65502000000001" lon="18.42622">
    <ele>212.06000000000003</ele>
   </trkpt>
   <trkpt lat="50.654920000000004" lon="18.42662">
    <ele>212.57</ele>
   </trkpt>
   <trkpt lat="50.65449" lon="18.42781">
    <ele>211.94000000000003</ele>
   </trkpt>
   <trkpt lat="50.65435" lon="18.42827">
    <ele>211.85</ele>
   </trkpt>
   <trkpt lat="50.65438" lon="18.428720000000002">
    <ele>211.94000000000003</ele>
   </trkpt>
   <trkpt lat="50.65441500561259" lon="18.429864999252494">
    <ele>213.20000000000002</ele>
   </trkpt>
   <trkpt lat="50.654450000000004" lon="18.43101">
    <ele>214.48</ele>
   </trkpt>
   <trkpt lat="50.654463348546024" lon="18.432343332562983">
    <ele>213.56000000000003</ele>
   </trkpt>
   <trkpt lat="50.65447668187923" lon="18.433676665883343">
    <ele>213.18</ele>
   </trkpt>
   <trkpt lat="50.65449" lon="18.435010000000002">
    <ele>214.16000000000003</ele>
   </trkpt>
   <trkpt lat="50.65452001590365" lon="18.436373331526465">
    <ele>214.69000000000003</ele>
   </trkpt>
   <trkpt lat="50.65455001590224" lon="18.43773666479485">
    <ele>214.99</ele>
   </trkpt>
   <trkpt lat="50.65458" lon="18.4391">
    <ele>215.20000000000002</ele>
   </trkpt>
   <trkpt lat="50.65462" lon="18.439950000000003">
    <ele>216.17000000000002</ele>
   </trkpt>
   <trkpt lat="50.65390858014606" lon="18.440532910111123">
    <ele>215.20000000000002</ele>
   </trkpt>
   <trkpt lat="50.65319715738457" lon="18.441115802565818">
    <ele>215.12</ele>
   </trkpt>
   <trkpt lat="50.65248573171572" lon="18.441698677364986">
    <ele>215.04</ele>
   </trkpt>
   <trkpt lat="50.651774303139675" lon="18.442281534509547">
    <ele>215.15</ele>
   </trkpt>
   <trkpt lat="50.65106287165657" lon="18.442864374000408">
    <ele>215.15</ele>
   </trkpt>
   <trkpt lat="50.65035143726661" lon="18.44344719583847">
    <ele>215.38000000000002</ele>
   </trkpt>
   <trkpt lat="50.649640000000005" lon="18.44403">
    <ele>215.19000000000003</ele>
   </trkpt>
   <trkpt lat="50.64891500433947" lon="18.44461252697947">
    <ele>215.20000000000002</ele>
   </trkpt>
   <trkpt lat="50.64819000577514" lon="18.445195035980607">
    <ele>214.57</ele>
   </trkpt>
   <trkpt lat="50.64746500430716" lon="18.445777527004353">
    <ele>215.48</ele>
   </trkpt>
   <trkpt lat="50.64674" lon="18.446360000000002">
    <ele>215.38000000000002</ele>
   </trkpt>
   <trkpt lat="50.646230000301884" lon="18.446645003118995">
    <ele>214.81000000000003</ele>
   </trkpt>
   <trkpt lat="50.645720000000004" lon="18.446930000000002">
    <ele>213.24</ele>
   </trkpt>
   <trkpt lat="50.644865000615965" lon="18.44728500642775">
    <ele>214.76</ele>
   </trkpt>
   <trkpt lat="50.64401" lon="18.44764">
    <ele>213.1</ele>
   </trkpt>
   <trkpt lat="50.64314875228038" lon="18.44791628544258">
    <ele>213.18</ele>
   </trkpt>
   <trkpt lat="50.64228750390753" lon="18.448192560757875">
    <ele>213.08</ele>
   </trkpt>
   <trkpt lat="50.64142625488149" lon="18.448468825946563">
    <ele>213.03000000000003</ele>
   </trkpt>
   <trkpt lat="50.64056500520231" lon="18.448745081009314">
    <ele>213.1</ele>
   </trkpt>
   <trkpt lat="50.63970375487003" lon="18.4490213259468">
    <ele>213.03000000000003</ele>
   </trkpt>
   <trkpt lat="50.63884250388469" lon="18.449297560759696">
    <ele>213.14000000000001</ele>
   </trkpt>
   <trkpt lat="50.63798125224635" lon="18.449573785448685">
    <ele>213.11</ele>
   </trkpt>
   <trkpt lat="50.63712" lon="18.44985">
    <ele>214.18</ele>
   </trkpt>
   <trkpt lat="50.6366" lon="18.45005">
    <ele>215.19000000000003</ele>
   </trkpt>
   <trkpt lat="50.63576071832034" lon="18.450319348219388">
    <ele>214.16000000000003</ele>
   </trkpt>
   <trkpt lat="50.63492143601979" lon="18.45058868682011">
    <ele>213.99</ele>
   </trkpt>
   <trkpt lat="50.634082153098404" lon="18.450858015802794">
    <ele>214.18</ele>
   </trkpt>
   <trkpt lat="50.633242869556234" lon="18.45112733516806">
    <ele>214.74</ele>
   </trkpt>
   <trkpt lat="50.63240358539331" lon="18.451396644916535">
    <ele>215.61</ele>
   </trkpt>
   <trkpt lat="50.631564300609675" lon="18.451665945048838">
    <ele>213.23000000000002</ele>
   </trkpt>
   <trkpt lat="50.63072501520539" lon="18.4519352355656">
    <ele>213.85</ele>
   </trkpt>
   <trkpt lat="50.629885729180465" lon="18.452204516467436">
    <ele>214.18</ele>
   </trkpt>
   <trkpt lat="50.62904644253495" lon="18.452473787754972">
    <ele>213.44000000000003</ele>
   </trkpt>
   <trkpt lat="50.628207155268896" lon="18.452743049428832">
    <ele>212.95000000000002</ele>
   </trkpt>
   <trkpt lat="50.62736786738234" lon="18.453012301489643">
    <ele>212.21</ele>
   </trkpt>
   <trkpt lat="50.626528578875316" lon="18.453281543938022">
    <ele>212.15</ele>
   </trkpt>
   <trkpt lat="50.62568928974787" lon="18.4535507767746">
    <ele>211.78000000000003</ele>
   </trkpt>
   <trkpt lat="50.62485" lon="18.45382">
    <ele>211.47000000000003</ele>
   </trkpt>
   <trkpt lat="50.6244" lon="18.4543">
    <ele>210.13</ele>
   </trkpt>
   <trkpt lat="50.624230000000004" lon="18.45456">
    <ele>209.16</ele>
   </trkpt>
   <trkpt lat="50.624140000000004" lon="18.454620000000002">
    <ele>208.81000000000003</ele>
   </trkpt>
   <trkpt lat="50.623490000000004" lon="18.45473">
    <ele>207.97</ele>
   </trkpt>
   <trkpt lat="50.623360000000005" lon="18.454720000000002">
    <ele>207.45000000000002</ele>
   </trkpt>
   <trkpt lat="50.6229" lon="18.45558">
    <ele>207.58</ele>
   </trkpt>
   <trkpt lat="50.62267000000001" lon="18.45578">
    <ele>207.62000000000003</ele>
   </trkpt>
   <trkpt lat="50.622580000000006" lon="18.455830000000002">
    <ele>207.88</ele>
   </trkpt>
   <trkpt lat="50.622530000000005" lon="18.45577">
    <ele>207.88</ele>
   </trkpt>
   <trkpt lat="50.62252" lon="18.45571">
    <ele>208.03000000000003</ele>
   </trkpt>
   <trkpt lat="50.622690000000006" lon="18.45531">
    <ele>207.38</ele>
   </trkpt>
   <trkpt lat="50.62286" lon="18.454980000000003">
    <ele>207.11</ele>
   </trkpt>
   <trkpt lat="50.62312000000001" lon="18.454530000000002">
    <ele>207.19</ele>
   </trkpt>
   <trkpt lat="50.623200000000004" lon="18.454340000000002">
    <ele>207.57</ele>
   </trkpt>
   <trkpt lat="50.62323000000001" lon="18.45418">
    <ele>207.64000000000001</ele>
   </trkpt>
   <trkpt lat="50.62321000000001" lon="18.454050000000002">
    <ele>207.69</ele>
   </trkpt>
   <trkpt lat="50.623160000000006" lon="18.4539">
    <ele>207.68</ele>
   </trkpt>
   <trkpt lat="50.623050000000006" lon="18.45373">
    <ele>207.5</ele>
   </trkpt>
   <trkpt lat="50.62268" lon="18.453290000000003">
    <ele>207.55</ele>
   </trkpt>
   <trkpt lat="50.622310000000006" lon="18.452910000000003">
    <ele>207.79000000000002</ele>
   </trkpt>
   <trkpt lat="50.62225" lon="18.4528">
    <ele>208.19</ele>
   </trkpt>
   <trkpt lat="50.62220000000001" lon="18.452630000000003">
    <ele>208.39000000000001</ele>
   </trkpt>
   <trkpt lat="50.62216" lon="18.45175">
    <ele>206.68000000000004</ele>
   </trkpt>
   <trkpt lat="50.62219" lon="18.45078">
    <ele>206.21</ele>
   </trkpt>
   <trkpt lat="50.622260000000004" lon="18.450190000000003">
    <ele>206.27</ele>
   </trkpt>
   <trkpt lat="50.622350000000004" lon="18.44979">
    <ele>206.37000000000003</ele>
   </trkpt>
   <trkpt lat="50.62263" lon="18.449050000000003">
    <ele>206.36</ele>
   </trkpt>
   <trkpt lat="50.62279" lon="18.44884">
    <ele>206.40000000000003</ele>
   </trkpt>
   <trkpt lat="50.622980000000005" lon="18.44876">
    <ele>206.33</ele>
   </trkpt>
   <trkpt lat="50.623180000000005" lon="18.44857">
    <ele>206.35</ele>
   </trkpt>
   <trkpt lat="50.623360000000005" lon="18.44828">
    <ele>206.5</ele>
   </trkpt>
   <trkpt lat="50.62346" lon="18.447950000000002">
    <ele>206.5</ele>
   </trkpt>
   <trkpt lat="50.62355" lon="18.44745">
    <ele>206.45000000000002</ele>
   </trkpt>
   <trkpt lat="50.623760000000004" lon="18.446620000000003">
    <ele>206.16</ele>
   </trkpt>
   <trkpt lat="50.62379000000001" lon="18.446430000000003">
    <ele>206.17000000000002</ele>
   </trkpt>
   <trkpt lat="50.62379000000001" lon="18.44609">
    <ele>205.90000000000003</ele>
   </trkpt>
   <trkpt lat="50.623760000000004" lon="18.44562">
    <ele>205.87000000000003</ele>
   </trkpt>
   <trkpt lat="50.623760000000004" lon="18.44519">
    <ele>206.26000000000002</ele>
   </trkpt>
   <trkpt lat="50.6238" lon="18.444850000000002">
    <ele>206.23000000000002</ele>
   </trkpt>
   <trkpt lat="50.623920000000005" lon="18.4445">
    <ele>206.23000000000002</ele>
   </trkpt>
   <trkpt lat="50.624320000000004" lon="18.44379">
    <ele>206.21</ele>
   </trkpt>
   <trkpt lat="50.624480000000005" lon="18.443440000000002">
    <ele>206.12000000000003</ele>
   </trkpt>
   <trkpt lat="50.62456" lon="18.443080000000002">
    <ele>205.94</ele>
   </trkpt>
   <trkpt lat="50.62465" lon="18.44229">
    <ele>206.01000000000002</ele>
   </trkpt>
   <trkpt lat="50.624750000000006" lon="18.44198">
    <ele>206.01000000000002</ele>
   </trkpt>
   <trkpt lat="50.62485" lon="18.441750000000003">
    <ele>205.91</ele>
   </trkpt>
   <trkpt lat="50.624860000000005" lon="18.441560000000003">
    <ele>205.91</ele>
   </trkpt>
   <trkpt lat="50.624840000000006" lon="18.441370000000003">
    <ele>205.96</ele>
   </trkpt>
   <trkpt lat="50.62465" lon="18.4404">
    <ele>206.26000000000002</ele>
   </trkpt>
   <trkpt lat="50.62460500250799" lon="18.439634999327893">
    <ele>206.34000000000003</ele>
   </trkpt>
   <trkpt lat="50.62456" lon="18.43887">
    <ele>206.1</ele>
   </trkpt>
   <trkpt lat="50.62456" lon="18.438190000000002">
    <ele>206.12000000000003</ele>
   </trkpt>
   <trkpt lat="50.624610000000004" lon="18.4375">
    <ele>205.63</ele>
   </trkpt>
   <trkpt lat="50.62469" lon="18.437140000000003">
    <ele>205.59000000000003</ele>
   </trkpt>
   <trkpt lat="50.62482000000001" lon="18.43692">
    <ele>205.76000000000002</ele>
   </trkpt>
   <trkpt lat="50.624990000000004" lon="18.43673">
    <ele>206.07</ele>
   </trkpt>
   <trkpt lat="50.62521" lon="18.436600000000002">
    <ele>206.20000000000002</ele>
   </trkpt>
   <trkpt lat="50.62552" lon="18.43617">
    <ele>206.63</ele>
   </trkpt>
   <trkpt lat="50.625730000000004" lon="18.436030000000002">
    <ele>206.74</ele>
   </trkpt>
   <trkpt lat="50.62601" lon="18.43591">
    <ele>207.12000000000003</ele>
   </trkpt>
   <trkpt lat="50.626160000000006" lon="18.435750000000002">
    <ele>206.97</ele>
   </trkpt>
   <trkpt lat="50.62626" lon="18.435480000000002">
    <ele>206.71</ele>
   </trkpt>
   <trkpt lat="50.62637" lon="18.43493">
    <ele>207.02</ele>
   </trkpt>
   <trkpt lat="50.62641000000001" lon="18.43458">
    <ele>207.11</ele>
   </trkpt>
   <trkpt lat="50.62637" lon="18.43375">
    <ele>205.66</ele>
   </trkpt>
   <trkpt lat="50.62630000000001" lon="18.433490000000003">
    <ele>205.33</ele>
   </trkpt>
   <trkpt lat="50.62617" lon="18.432650000000002">
    <ele>205.06</ele>
   </trkpt>
   <trkpt lat="50.625980000000006" lon="18.43196">
    <ele>205.06</ele>
   </trkpt>
   <trkpt lat="50.62597" lon="18.43174">
    <ele>205.05</ele>
   </trkpt>
   <trkpt lat="50.626020000000004" lon="18.43148">
    <ele>205.01000000000002</ele>
   </trkpt>
   <trkpt lat="50.62621000000001" lon="18.43082">
    <ele>205.14000000000001</ele>
   </trkpt>
   <trkpt lat="50.626250000000006" lon="18.43043">
    <ele>205.07000000000002</ele>
   </trkpt>
   <trkpt lat="50.626310000000004" lon="18.43008">
    <ele>205.1</ele>
   </trkpt>
   <trkpt lat="50.626380000000005" lon="18.42986">
    <ele>205.1</ele>
   </trkpt>
   <trkpt lat="50.626670000000004" lon="18.429470000000002">
    <ele>204.95000000000002</ele>
   </trkpt>
   <trkpt lat="50.626780000000004" lon="18.42929">
    <ele>205.44</ele>
   </trkpt>
   <trkpt lat="50.62711" lon="18.42893">
    <ele>205.46</ele>
   </trkpt>
   <trkpt lat="50.627840000000006" lon="18.42828">
    <ele>204.83</ele>
   </trkpt>
   <trkpt lat="50.628150000000005" lon="18.427870000000002">
    <ele>204.59</ele>
   </trkpt>
   <trkpt lat="50.628710000000005" lon="18.42727">
    <ele>204.38</ele>
   </trkpt>
   <trkpt lat="50.6289" lon="18.426910000000003">
    <ele>204.35</ele>
   </trkpt>
   <trkpt lat="50.62904" lon="18.42657">
    <ele>204.20000000000002</ele>
   </trkpt>
   <trkpt lat="50.6291" lon="18.42648">
    <ele>204.20000000000002</ele>
   </trkpt>
   <trkpt lat="50.62924" lon="18.42641">
    <ele>204.45000000000002</ele>
   </trkpt>
   <trkpt lat="50.62991" lon="18.42658">
    <ele>205.91</ele>
   </trkpt>
   <trkpt lat="50.630500000000005" lon="18.42661">
    <ele>206.18000000000004</ele>
   </trkpt>
   <trkpt lat="50.630860000000006" lon="18.42536">
    <ele>205.39000000000001</ele>
   </trkpt>
   <trkpt lat="50.6304050003603" lon="18.425174998296463">
    <ele>205.95000000000002</ele>
   </trkpt>
   <trkpt lat="50.62995" lon="18.42499">
    <ele>205.41</ele>
   </trkpt>
   <trkpt lat="50.629110000000004" lon="18.42461">
    <ele>203.42000000000002</ele>
   </trkpt>
   <trkpt lat="50.62856000000001" lon="18.42445">
    <ele>202.95000000000002</ele>
   </trkpt>
   <trkpt lat="50.628400000000006" lon="18.42434">
    <ele>202.92000000000002</ele>
   </trkpt>
   <trkpt lat="50.628330000000005" lon="18.424310000000002">
    <ele>202.85000000000002</ele>
   </trkpt>
   <trkpt lat="50.628220000000006" lon="18.42433">
    <ele>202.67000000000002</ele>
   </trkpt>
   <trkpt lat="50.628130000000006" lon="18.42432">
    <ele>202.19</ele>
   </trkpt>
   <trkpt lat="50.628040000000006" lon="18.42426">
    <ele>202.10000000000002</ele>
   </trkpt>
   <trkpt lat="50.62782000000001" lon="18.42387">
    <ele>201.97</ele>
   </trkpt>
   <trkpt lat="50.627770000000005" lon="18.423840000000002">
    <ele>201.97</ele>
   </trkpt>
   <trkpt lat="50.62773000000001" lon="18.423840000000002">
    <ele>201.97</ele>
   </trkpt>
   <trkpt lat="50.627680000000005" lon="18.42388">
    <ele>201.97</ele>
   </trkpt>
   <trkpt lat="50.62747" lon="18.424400000000002">
    <ele>202.65000000000003</ele>
   </trkpt>
   <trkpt lat="50.62738" lon="18.42453">
    <ele>202.65000000000003</ele>
   </trkpt>
   <trkpt lat="50.62707" lon="18.42483">
    <ele>202.62</ele>
   </trkpt>
   <trkpt lat="50.626940000000005" lon="18.42498">
    <ele>202.57000000000002</ele>
   </trkpt>
   <trkpt lat="50.626850000000005" lon="18.425140000000003">
    <ele>202.71000000000004</ele>
   </trkpt>
   <trkpt lat="50.626780000000004" lon="18.425050000000002">
    <ele>202.71000000000004</ele>
   </trkpt>
   <trkpt lat="50.62668000000001" lon="18.424780000000002">
    <ele>202.72</ele>
   </trkpt>
   <trkpt lat="50.62664" lon="18.424590000000002">
    <ele>202.48000000000002</ele>
   </trkpt>
   <trkpt lat="50.626560000000005" lon="18.42444">
    <ele>202.45000000000002</ele>
   </trkpt>
   <trkpt lat="50.626470000000005" lon="18.424370000000003">
    <ele>202.45000000000002</ele>
   </trkpt>
   <trkpt lat="50.62599" lon="18.42435">
    <ele>202.93000000000004</ele>
   </trkpt>
   <trkpt lat="50.625750000000004" lon="18.42455">
    <ele>202.55</ele>
   </trkpt>
   <trkpt lat="50.62572" lon="18.42455">
    <ele>202.55</ele>
   </trkpt>
   <trkpt lat="50.62554" lon="18.424280000000003">
    <ele>202.26000000000002</ele>
   </trkpt>
   <trkpt lat="50.62545" lon="18.424370000000003">
    <ele>202.49</ele>
   </trkpt>
   <trkpt lat="50.625260000000004" lon="18.42442">
    <ele>202.86</ele>
   </trkpt>
   <trkpt lat="50.62507" lon="18.42452">
    <ele>203.49</ele>
   </trkpt>
   <trkpt lat="50.624900000000004" lon="18.42455">
    <ele>204.88</ele>
   </trkpt>
   <trkpt lat="50.62478" lon="18.424470000000003">
    <ele>205.22</ele>
   </trkpt>
   <trkpt lat="50.624610000000004" lon="18.42418">
    <ele>204.92000000000002</ele>
   </trkpt>
   <trkpt lat="50.624460000000006" lon="18.423460000000002">
    <ele>204.86</ele>
   </trkpt>
   <trkpt lat="50.62429" lon="18.422990000000002">
    <ele>205.14000000000001</ele>
   </trkpt>
   <trkpt lat="50.62425" lon="18.422810000000002">
    <ele>205.14000000000001</ele>
   </trkpt>
   <trkpt lat="50.624190000000006" lon="18.422680000000003">
    <ele>205.43000000000004</ele>
   </trkpt>
   <trkpt lat="50.62411" lon="18.42258">
    <ele>205.54000000000002</ele>
   </trkpt>
   <trkpt lat="50.62386000000001" lon="18.42246">
    <ele>205.42000000000002</ele>
   </trkpt>
   <trkpt lat="50.62313500041809" lon="18.42216499547043">
    <ele>205.53</ele>
   </trkpt>
   <trkpt lat="50.62241" lon="18.421870000000002">
    <ele>211.72000000000003</ele>
   </trkpt>
   <trkpt lat="50.622400000000006" lon="18.421870000000002">
    <ele>205.39000000000001</ele>
   </trkpt>
   <trkpt lat="50.621700000000004" lon="18.421580000000002">
    <ele>205.36</ele>
   </trkpt>
   <trkpt lat="50.622085020473165" lon="18.42031753097654">
    <ele>205.40000000000003</ele>
   </trkpt>
   <trkpt lat="50.62247002730429" lon="18.419055041280746">
    <ele>205.20000000000002</ele>
   </trkpt>
   <trkpt lat="50.622855020492985" lon="18.417792530912727">
    <ele>205.07000000000002</ele>
   </trkpt>
   <trkpt lat="50.62324" lon="18.41653">
    <ele>205.26000000000002</ele>
   </trkpt>
   <trkpt lat="50.62360923558389" lon="18.415320104502282">
    <ele>204.97</ele>
   </trkpt>
   <trkpt lat="50.62397845863842" lon="18.41411019000428">
    <ele>204.92000000000002</ele>
   </trkpt>
   <trkpt lat="50.62434766916328" lon="18.41290025650609">
    <ele>204.63</ele>
   </trkpt>
   <trkpt lat="50.62471686715806" lon="18.411690304007806">
    <ele>204.52</ele>
   </trkpt>
   <trkpt lat="50.625086052622436" lon="18.41048033250953">
    <ele>204.85</ele>
   </trkpt>
   <trkpt lat="50.62545522555602" lon="18.409270342011357">
    <ele>204.79000000000002</ele>
   </trkpt>
   <trkpt lat="50.62582438595845" lon="18.408060332513383">
    <ele>204.39000000000001</ele>
   </trkpt>
   <trkpt lat="50.626193533829394" lon="18.406850304015705">
    <ele>204.20000000000002</ele>
   </trkpt>
   <trkpt lat="50.626562669168464" lon="18.40564025651842">
    <ele>203.81</ele>
   </trkpt>
   <trkpt lat="50.62693179197533" lon="18.404430190021632">
    <ele>203.70000000000002</ele>
   </trkpt>
   <trkpt lat="50.62730090224958" lon="18.40322010452542">
    <ele>203.39000000000001</ele>
   </trkpt>
   <trkpt lat="50.62767" lon="18.40201">
    <ele>203.3</ele>
   </trkpt>
   <trkpt lat="50.62796000435249" lon="18.400995006457503">
    <ele>203.23000000000002</ele>
   </trkpt>
   <trkpt lat="50.62825" lon="18.399980000000003">
    <ele>202.60000000000002</ele>
   </trkpt>
   <trkpt lat="50.62855500427538" lon="18.398985006328587">
    <ele>202.75</ele>
   </trkpt>
   <trkpt lat="50.62886" lon="18.39799">
    <ele>203.0</ele>
   </trkpt>
   <trkpt lat="50.62906" lon="18.397280000000002">
    <ele>201.85000000000002</ele>
   </trkpt>
   <trkpt lat="50.62926" lon="18.39647">
    <ele>201.63</ele>
   </trkpt>
   <trkpt lat="50.62935" lon="18.396040000000003">
    <ele>202.63</ele>
   </trkpt>
   <trkpt lat="50.62951003202097" lon="18.394816687483463">
    <ele>202.74</ele>
   </trkpt>
   <trkpt lat="50.62967005123381" lon="18.39359336663909">
    <ele>203.36</ele>
   </trkpt>
   <trkpt lat="50.62983005763836" lon="18.39237003746744">
    <ele>204.06</ele>
   </trkpt>
   <trkpt lat="50.629990051234465" lon="18.391146699969077">
    <ele>204.72</ele>
   </trkpt>
   <trkpt lat="50.63015003202197" lon="18.389923354144564">
    <ele>204.55</ele>
   </trkpt>
   <trkpt lat="50.63031" lon="18.3887">
    <ele>203.83</ele>
   </trkpt>
   <trkpt lat="50.63048668054935" lon="18.387426676194128">
    <ele>202.06</ele>
   </trkpt>
   <trkpt lat="50.63066334722202" lon="18.386153342817835">
    <ele>203.65000000000003</ele>
   </trkpt>
   <trkpt lat="50.630840000000006" lon="18.384880000000003">
    <ele>204.43000000000004</ele>
   </trkpt>
   <trkpt lat="50.63099667975881" lon="18.383643341551405">
    <ele>204.85</ele>
   </trkpt>
   <trkpt lat="50.631153346428626" lon="18.38240667486004">
    <ele>205.01000000000002</ele>
   </trkpt>
   <trkpt lat="50.631310000000006" lon="18.38117">
    <ele>206.44</ele>
   </trkpt>
   <trkpt lat="50.631350000000005" lon="18.380930000000003">
    <ele>206.68000000000004</ele>
   </trkpt>
   <trkpt lat="50.631420000000006" lon="18.38071">
    <ele>206.69</ele>
   </trkpt>
   <trkpt lat="50.63159" lon="18.380360000000003">
    <ele>206.47</ele>
   </trkpt>
   <trkpt lat="50.632173341226334" lon="18.379400023816057">
    <ele>206.33</ele>
   </trkpt>
   <trkpt lat="50.632756674565286" lon="18.37844002380724">
    <ele>206.96</ele>
   </trkpt>
   <trkpt lat="50.633340000000004" lon="18.377480000000002">
    <ele>207.64000000000001</ele>
   </trkpt>
   <trkpt lat="50.63385" lon="18.376920000000002">
    <ele>207.83</ele>
   </trkpt>
   <trkpt lat="50.63437500048425" lon="18.37659500360991">
    <ele>207.71</ele>
   </trkpt>
   <trkpt lat="50.6349" lon="18.37627">
    <ele>207.38</ele>
   </trkpt>
   <trkpt lat="50.634980000000006" lon="18.37618">
    <ele>207.38</ele>
   </trkpt>
   <trkpt lat="50.63505000000001" lon="18.376060000000003">
    <ele>207.38</ele>
   </trkpt>
   <trkpt lat="50.635380000000005" lon="18.375390000000003">
    <ele>207.74</ele>
   </trkpt>
   <trkpt lat="50.63563000201262" lon="18.3747000037381">
    <ele>207.8</ele>
   </trkpt>
   <trkpt lat="50.63588000000001" lon="18.374010000000002">
    <ele>208.12000000000003</ele>
   </trkpt>
   <trkpt lat="50.63617000000001" lon="18.37339">
    <ele>207.75</ele>
   </trkpt>
   <trkpt lat="50.63650000599667" lon="18.372550011902202">
    <ele>206.38</ele>
   </trkpt>
   <trkpt lat="50.636830005954714" lon="18.37171001200918">
    <ele>205.82000000000002</ele>
   </trkpt>
   <trkpt lat="50.63716" lon="18.37087">
    <ele>205.15000000000003</ele>
   </trkpt>
   <trkpt lat="50.63744000240936" lon="18.370110004696592">
    <ele>204.8</ele>
   </trkpt>
   <trkpt lat="50.63772" lon="18.36935">
    <ele>204.61</ele>
   </trkpt>
   <trkpt lat="50.63823000000001" lon="18.369320000000002">
    <ele>203.77</ele>
   </trkpt>
   <trkpt lat="50.63846" lon="18.36928">
    <ele>203.07000000000002</ele>
   </trkpt>
   <trkpt lat="50.639120000000005" lon="18.369030000000002">
    <ele>202.65000000000003</ele>
   </trkpt>
   <trkpt lat="50.63880173914229" lon="18.367789074224607">
    <ele>202.51000000000002</ele>
   </trkpt>
   <trkpt lat="50.6384834651061" lon="18.366548165255917">
    <ele>202.94</ele>
   </trkpt>
   <trkpt lat="50.63816517789173" lon="18.365307273094206">
    <ele>203.63</ele>
   </trkpt>
   <trkpt lat="50.637846877499555" lon="18.364066397739762">
    <ele>204.01000000000002</ele>
   </trkpt>
   <trkpt lat="50.63752856392987" lon="18.36282553919285">
    <ele>205.56</ele>
   </trkpt>
   <trkpt lat="50.63721023718303" lon="18.361584697453758">
    <ele>206.90000000000003</ele>
   </trkpt>
   <trkpt lat="50.63689189725933" lon="18.36034387252276">
    <ele>207.56000000000003</ele>
   </trkpt>
   <trkpt lat="50.636573544159134" lon="18.35910306440013">
    <ele>209.48000000000002</ele>
   </trkpt>
   <trkpt lat="50.63625517788274" lon="18.357862273086152">
    <ele>212.25000000000003</ele>
   </trkpt>
   <trkpt lat="50.635936798430485" lon="18.3566214985811">
    <ele>214.48</ele>
   </trkpt>
   <trkpt lat="50.63561840580271" lon="18.355380740885256">
    <ele>216.3</ele>
   </trkpt>
   <trkpt lat="50.6353" lon="18.35414">
    <ele>219.62</ele>
   </trkpt>
   <trkpt lat="50.635200000000005" lon="18.353550000000002">
    <ele>220.06</ele>
   </trkpt>
   <trkpt lat="50.63459" lon="18.35403">
    <ele>220.98000000000002</ele>
   </trkpt>
   <trkpt lat="50.63378428965617" lon="18.353638531177705">
    <ele>222.24</ele>
   </trkpt>
   <trkpt lat="50.63297857800082" lon="18.353247075774988">
    <ele>222.43</ele>
   </trkpt>
   <trkpt lat="50.632172865034036" lon="18.35285563379103">
    <ele>222.9</ele>
   </trkpt>
   <trkpt lat="50.631367150755906" lon="18.352464205225008">
    <ele>223.3</ele>
   </trkpt>
   <trkpt lat="50.63056143516649" lon="18.352072790076097">
    <ele>224.72000000000003</ele>
   </trkpt>
   <trkpt lat="50.62975571826589" lon="18.351681388343476">
    <ele>223.36</ele>
   </trkpt>
   <trkpt lat="50.62895" lon="18.351290000000002">
    <ele>222.77</ele>
   </trkpt>
   <trkpt lat="50.62810501281828" lon="18.35089286444387">
    <ele>220.84</ele>
   </trkpt>
   <trkpt lat="50.62726002428674" lon="18.350495743162323">
    <ele>219.22000000000003</ele>
   </trkpt>
   <trkpt lat="50.626415034405476" lon="18.35009863615445">
    <ele>216.89000000000001</ele>
   </trkpt>
   <trkpt lat="50.62557004317458" lon="18.34970154341932">
    <ele>216.71</ele>
   </trkpt>
   <trkpt lat="50.62472505059413" lon="18.349304464956024">
    <ele>215.65</ele>
   </trkpt>
   <trkpt lat="50.623880056664234" lon="18.348907400763636">
    <ele>215.37</ele>
   </trkpt>
   <trkpt lat="50.623035061384954" lon="18.34851035084124">
    <ele>215.64000000000001</ele>
   </trkpt>
   <trkpt lat="50.62219006475641" lon="18.348113315187913">
    <ele>216.00000000000003</ele>
   </trkpt>
   <trkpt lat="50.62134506677867" lon="18.34771629380274">
    <ele>215.15</ele>
   </trkpt>
   <trkpt lat="50.62050006745182" lon="18.3473192866848">
    <ele>215.53000000000003</ele>
   </trkpt>
   <trkpt lat="50.61965506677597" lon="18.346922293833178">
    <ele>215.38000000000002</ele>
   </trkpt>
   <trkpt lat="50.61881006475118" lon="18.34652531524695">
    <ele>215.79</ele>
   </trkpt>
   <trkpt lat="50.61796506137759" lon="18.3461283509252">
    <ele>215.24</ele>
   </trkpt>
   <trkpt lat="50.617120056655224" lon="18.345731400867006">
    <ele>215.3</ele>
   </trkpt>
   <trkpt lat="50.61627505058421" lon="18.345334465071453">
    <ele>213.69000000000003</ele>
   </trkpt>
   <trkpt lat="50.615430043164615" lon="18.34493754353762">
    <ele>212.76</ele>
   </trkpt>
   <trkpt lat="50.614585034396576" lon="18.34454063626459">
    <ele>212.79</ele>
   </trkpt>
   <trkpt lat="50.61374002428011" lon="18.344143743251443">
    <ele>212.54</ele>
   </trkpt>
   <trkpt lat="50.61289501281537" lon="18.343746864497266">
    <ele>212.63</ele>
   </trkpt>
   <trkpt lat="50.61205" lon="18.34335">
    <ele>212.43</ele>
   </trkpt>
   <trkpt lat="50.61124750399595" lon="18.34298495641898">
    <ele>212.08</ele>
   </trkpt>
   <trkpt lat="50.610445006851286" lon="18.342619925291764">
    <ele>211.19000000000003</ele>
   </trkpt>
   <trkpt lat="50.609642508566075" lon="18.342254906617594">
    <ele>210.91</ele>
   </trkpt>
   <trkpt lat="50.60884000914041" lon="18.3418899003957">
    <ele>211.46</ele>
   </trkpt>
   <trkpt lat="50.60803750857434" lon="18.341524906625324">
    <ele>211.85</ele>
   </trkpt>
   <trkpt lat="50.607235006867946" lon="18.341159925305703">
    <ele>210.99</ele>
   </trkpt>
   <trkpt lat="50.606432504021306" lon="18.340794956436078">
    <ele>211.86</ele>
   </trkpt>
   <trkpt lat="50.605630000000005" lon="18.34043">
    <ele>213.41000000000003</ele>
   </trkpt>
   <trkpt lat="50.60544251449813" lon="18.34149251268612">
    <ele>213.32</ele>
   </trkpt>
   <trkpt lat="50.605255019332525" lon="18.34255501690497">
    <ele>213.03000000000003</ele>
   </trkpt>
   <trkpt lat="50.60506751450331" lon="18.343617512656245">
    <ele>212.52</ele>
   </trkpt>
   <trkpt lat="50.60488" lon="18.34468">
    <ele>212.02</ele>
   </trkpt>
   <trkpt lat="50.60470002086975" lon="18.34578401687341">
    <ele>211.72000000000003</ele>
   </trkpt>
   <trkpt lat="50.604520031305974" lon="18.34688802530124">
    <ele>212.07</ele>
   </trkpt>
   <trkpt lat="50.60434003130886" lon="18.34799202528313">
    <ele>212.09000000000003</ele>
   </trkpt>
   <trkpt lat="50.6041600208785" lon="18.349096016818702">
    <ele>211.93</ele>
   </trkpt>
   <trkpt lat="50.60398000000001" lon="18.3502">
    <ele>212.56000000000003</ele>
   </trkpt>
   <trkpt lat="50.60379001132723" lon="18.351350009248506">
    <ele>213.38</ele>
   </trkpt>
   <trkpt lat="50.60360001133345" lon="18.35250000921063">
    <ele>214.56000000000003</ele>
   </trkpt>
   <trkpt lat="50.603410000000004" lon="18.353650000000002">
    <ele>215.66000000000003</ele>
   </trkpt>
   <trkpt lat="50.60320502195384" lon="18.3549575170725">
    <ele>217.92000000000002</ele>
   </trkpt>
   <trkpt lat="50.603000029273176" lon="18.3562650227539">
    <ele>219.56</ele>
   </trkpt>
   <trkpt lat="50.602795021958244" lon="18.357572517043565">
    <ele>220.11</ele>
   </trkpt>
   <trkpt lat="50.602590000000006" lon="18.358880000000003">
    <ele>222.43</ele>
   </trkpt>
   <trkpt lat="50.60236433143546" lon="18.3602143241098">
    <ele>224.69000000000003</ele>
   </trkpt>
   <trkpt lat="50.602138647630106" lon="18.361548635421986">
    <ele>225.96</ele>
   </trkpt>
   <trkpt lat="50.601912948584214" lon="18.362882933935904">
    <ele>227.13000000000002</ele>
   </trkpt>
   <trkpt lat="50.60168723429806" lon="18.36421721965092">
    <ele>225.70000000000002</ele>
   </trkpt>
   <trkpt lat="50.60146150477188" lon="18.365551492566407">
    <ele>223.16000000000003</ele>
   </trkpt>
   <trkpt lat="50.601235760006" lon="18.36688575268171">
    <ele>221.89000000000001</ele>
   </trkpt>
   <trkpt lat="50.60101" lon="18.36822">
    <ele>220.89000000000001</ele>
   </trkpt>
   <trkpt lat="50.60082836155512" lon="18.369368355492288">
    <ele>222.98000000000002</ele>
   </trkpt>
   <trkpt lat="50.60064671182156" lon="18.370516702120025">
    <ele>224.4</ele>
   </trkpt>
   <trkpt lat="50.60046505079947" lon="18.371665039882792">
    <ele>226.63000000000002</ele>
   </trkpt>
   <trkpt lat="50.60028337848902" lon="18.372813368780164">
    <ele>228.18</ele>
   </trkpt>
   <trkpt lat="50.60010169489035" lon="18.37396168881172">
    <ele>230.8</ele>
   </trkpt>
   <trkpt lat="50.599920000000004" lon="18.375110000000003">
    <ele>232.06</ele>
   </trkpt>
   <trkpt lat="50.599720032907406" lon="18.37635002634263">
    <ele>232.83</ele>
   </trkpt>
   <trkpt lat="50.59952005265178" lon="18.377590042147574">
    <ele>234.10000000000002</ele>
   </trkpt>
   <trkpt lat="50.599320059233364" lon="18.378830047414297">
    <ele>235.53</ele>
   </trkpt>
   <trkpt lat="50.599120052652324" lon="18.380070042142275">
    <ele>234.64000000000001</ele>
   </trkpt>
   <trkpt lat="50.59892003290887" lon="18.38131002633098">
    <ele>232.09</ele>
   </trkpt>
   <trkpt lat="50.59872000000001" lon="18.382550000000002">
    <ele>228.79000000000002</ele>
   </trkpt>
   <trkpt lat="50.59940429820195" lon="18.383247082046758">
    <ele>229.04000000000002</ele>
   </trkpt>
   <trkpt lat="50.60008859224401" lon="18.383944184364402">
    <ele>228.55000000000004</ele>
   </trkpt>
   <trkpt lat="50.600772882125995" lon="18.384641306953895">
    <ele>225.83</ele>
   </trkpt>
   <trkpt lat="50.601457167847684" lon="18.385338449816203">
    <ele>225.59</ele>
   </trkpt>
   <trkpt lat="50.60214144940884" lon="18.38603561295228">
    <ele>225.32000000000002</ele>
   </trkpt>
   <trkpt lat="50.60282572680924" lon="18.386732796363095">
    <ele>224.81</ele>
   </trkpt>
   <trkpt lat="50.60351000000001" lon="18.387430000000002">
    <ele>224.71</ele>
   </trkpt>
   <trkpt lat="50.60435916784223" lon="18.38758830190129">
    <ele>224.92000000000002</ele>
   </trkpt>
   <trkpt lat="50.60520833546995" lon="18.38774660951607">
    <ele>225.28</ele>
   </trkpt>
   <trkpt lat="50.60605750288312" lon="18.387904922844747">
    <ele>224.82000000000002</ele>
   </trkpt>
   <trkpt lat="50.60690667008174" lon="18.38806324188768">
    <ele>222.89</ele>
   </trkpt>
   <trkpt lat="50.60775583706581" lon="18.388221566645246">
    <ele>221.34</ele>
   </trkpt>
   <trkpt lat="50.60860500383528" lon="18.38837989711783">
    <ele>219.04000000000002</ele>
   </trkpt>
   <trkpt lat="50.60945417039016" lon="18.388538233305805">
    <ele>218.04000000000002</ele>
   </trkpt>
   <trkpt lat="50.610303336730446" lon="18.388696575209547">
    <ele>217.55</ele>
   </trkpt>
   <trkpt lat="50.6111525028561" lon="18.38885492282944">
    <ele>217.16000000000003</ele>
   </trkpt>
   <trkpt lat="50.61200166876712" lon="18.38901327616586">
    <ele>216.38000000000002</ele>
   </trkpt>
   <trkpt lat="50.612850834463494" lon="18.389171635219178">
    <ele>215.14000000000001</ele>
   </trkpt>
   <trkpt lat="50.6137" lon="18.38933">
    <ele>214.29</ele>
   </trkpt>
   <trkpt lat="50.61448333377064" lon="18.3894733213982">
    <ele>213.95000000000002</ele>
   </trkpt>
   <trkpt lat="50.61526666736544" lon="18.38961664756989">
    <ele>213.44000000000003</ele>
   </trkpt>
   <trkpt lat="50.6160500007844" lon="18.38975997851538">
    <ele>213.39000000000001</ele>
   </trkpt>
   <trkpt lat="50.61683333402752" lon="18.38990331423494">
    <ele>214.03000000000003</ele>
   </trkpt>
   <trkpt lat="50.61761666709478" lon="18.390046654728874">
    <ele>213.50000000000003</ele>
   </trkpt>
   <trkpt lat="50.6184" lon="18.39019">
    <ele>212.20000000000002</ele>
   </trkpt>
   <trkpt lat="50.61926714345529" lon="18.390341411820774">
    <ele>211.37000000000003</ele>
   </trkpt>
   <trkpt lat="50.62013428671434" lon="18.390492829225014">
    <ele>210.15</ele>
   </trkpt>
   <trkpt lat="50.62100142977717" lon="18.390644252213104">
    <ele>209.71</ele>
   </trkpt>
   <trkpt lat="50.62186857264371" lon="18.390795680785416">
    <ele>209.20000000000002</ele>
   </trkpt>
   <trkpt lat="50.62273571531399" lon="18.390947114942332">
    <ele>208.48000000000002</ele>
   </trkpt>
   <trkpt lat="50.62360285778799" lon="18.391098554684223">
    <ele>207.97</ele>
   </trkpt>
   <trkpt lat="50.62447" lon="18.391250000000003">
    <ele>207.65000000000003</ele>
   </trkpt>
   <trkpt lat="50.624480000000005" lon="18.391250000000003">
    <ele>207.65000000000003</ele>
   </trkpt>
   <trkpt lat="50.62492000030735" lon="18.39097500258348">
    <ele>207.62000000000003</ele>
   </trkpt>
   <trkpt lat="50.62536000000001" lon="18.390700000000002">
    <ele>207.72</ele>
   </trkpt>
   <trkpt lat="50.625578949292866" lon="18.389344806815956">
    <ele>208.96</ele>
   </trkpt>
   <trkpt lat="50.625797882866685" lon="18.387989601011473">
    <ele>210.01000000000002</ele>
   </trkpt>
   <trkpt lat="50.62601680072117" lon="18.386634382587246">
    <ele>210.6</ele>
   </trkpt>
   <trkpt lat="50.62623570285609" lon="18.385279151543966">
    <ele>211.25000000000003</ele>
   </trkpt>
   <trkpt lat="50.62645458927118" lon="18.383923907882327">
    <ele>211.58</ele>
   </trkpt>
   <trkpt lat="50.626673459966135" lon="18.382568651603012">
    <ele>212.22000000000003</ele>
   </trkpt>
   <trkpt lat="50.62689231494071" lon="18.38121338270671">
    <ele>211.96</ele>
   </trkpt>
   <trkpt lat="50.62711115419462" lon="18.379858101194124">
    <ele>210.19</ele>
   </trkpt>
   <trkpt lat="50.627329977727626" lon="18.378502807065935">
    <ele>209.47</ele>
   </trkpt>
   <trkpt lat="50.62754878553943" lon="18.377147500322838">
    <ele>208.94</ele>
   </trkpt>
   <trkpt lat="50.62776757762979" lon="18.375792180965515">
    <ele>209.03000000000003</ele>
   </trkpt>
   <trkpt lat="50.627986353998395" lon="18.374436848994666">
    <ele>208.84000000000003</ele>
   </trkpt>
   <trkpt lat="50.62820511464503" lon="18.37308150441098">
    <ele>209.55</ele>
   </trkpt>
   <trkpt lat="50.628423859569395" lon="18.371726147215146">
    <ele>210.20000000000002</ele>
   </trkpt>
   <trkpt lat="50.62864258877122" lon="18.370370777407857">
    <ele>210.61</ele>
   </trkpt>
   <trkpt lat="50.62886130225023" lon="18.369015394989802">
    <ele>211.05</ele>
   </trkpt>
   <trkpt lat="50.62908" lon="18.36766">
    <ele>212.64000000000001</ele>
   </trkpt>
   <trkpt lat="50.62920500321349" lon="18.366795002219764">
    <ele>212.86</ele>
   </trkpt>
   <trkpt lat="50.62933" lon="18.365930000000002">
    <ele>212.79</ele>
   </trkpt>
   <trkpt lat="50.6289" lon="18.365820000000003">
    <ele>213.15</ele>
   </trkpt>
   <trkpt lat="50.628710000000005" lon="18.365740000000002">
    <ele>213.15</ele>
   </trkpt>
   <trkpt lat="50.628530000000005" lon="18.3656">
    <ele>213.17000000000002</ele>
   </trkpt>
   <trkpt lat="50.628130000000006" lon="18.365070000000003">
    <ele>213.53000000000003</ele>
   </trkpt>
   <trkpt lat="50.62783" lon="18.364780000000003">
    <ele>214.27</ele>
   </trkpt>
   <trkpt lat="50.62771000000001" lon="18.364700000000003">
    <ele>214.37</ele>
   </trkpt>
   <trkpt lat="50.62755000000001" lon="18.36466">
    <ele>214.57</ele>
   </trkpt>
   <trkpt lat="50.627230000000004" lon="18.364700000000003">
    <ele>214.68</ele>
   </trkpt>
   <trkpt lat="50.627030000000005" lon="18.36476">
    <ele>214.94000000000003</ele>
   </trkpt>
   <trkpt lat="50.626900000000006" lon="18.364780000000003">
    <ele>214.95000000000002</ele>
   </trkpt>
   <trkpt lat="50.626810000000006" lon="18.364720000000002">
    <ele>214.89000000000001</ele>
   </trkpt>
   <trkpt lat="50.62673" lon="18.364600000000003">
    <ele>214.91000000000003</ele>
   </trkpt>
   <trkpt lat="50.62666" lon="18.364230000000003">
    <ele>215.55</ele>
   </trkpt>
   <trkpt lat="50.62661000000001" lon="18.3641">
    <ele>215.75000000000003</ele>
   </trkpt>
   <trkpt lat="50.62655" lon="18.364030000000003">
    <ele>215.79</ele>
   </trkpt>
   <trkpt lat="50.626470000000005" lon="18.36399">
    <ele>215.8</ele>
   </trkpt>
   <trkpt lat="50.62639" lon="18.364">
    <ele>215.73</ele>
   </trkpt>
   <trkpt lat="50.626310000000004" lon="18.364040000000003">
    <ele>215.73</ele>
   </trkpt>
   <trkpt lat="50.625840000000004" lon="18.36449">
    <ele>215.87</ele>
   </trkpt>
   <trkpt lat="50.625620000000005" lon="18.36464">
    <ele>216.58</ele>
   </trkpt>
   <trkpt lat="50.625040000000006" lon="18.36483">
    <ele>218.34</ele>
   </trkpt>
   <trkpt lat="50.62473000000001" lon="18.364980000000003">
    <ele>217.62</ele>
   </trkpt>
   <trkpt lat="50.62456" lon="18.3651">
    <ele>217.28000000000003</ele>
   </trkpt>
   <trkpt lat="50.62402" lon="18.365830000000003">
    <ele>216.44000000000003</ele>
   </trkpt>
   <trkpt lat="50.6238" lon="18.366030000000002">
    <ele>216.37</ele>
   </trkpt>
   <trkpt lat="50.623560000000005" lon="18.36616">
    <ele>216.46</ele>
   </trkpt>
   <trkpt lat="50.623050000000006" lon="18.366310000000002">
    <ele>216.82000000000002</ele>
   </trkpt>
   <trkpt lat="50.6222150002766" lon="18.36650000334588">
    <ele>217.69000000000003</ele>
   </trkpt>
   <trkpt lat="50.62138" lon="18.366690000000002">
    <ele>219.10000000000002</ele>
   </trkpt>
   <trkpt lat="50.620610000000006" lon="18.36691">
    <ele>220.35000000000002</ele>
   </trkpt>
   <trkpt lat="50.620110000000004" lon="18.36701">
    <ele>220.39000000000001</ele>
   </trkpt>
   <trkpt lat="50.619415001026304" lon="18.36752000760027">
    <ele>221.25000000000003</ele>
   </trkpt>
   <trkpt lat="50.61872" lon="18.36803">
    <ele>222.93</ele>
   </trkpt>
   <trkpt lat="50.617905000174574" lon="18.368245003731687">
    <ele>222.75000000000003</ele>
   </trkpt>
   <trkpt lat="50.617090000000005" lon="18.368460000000002">
    <ele>223.20000000000002</ele>
   </trkpt>
   <trkpt lat="50.61661500005718" lon="18.368535000752182">
    <ele>223.31</ele>
   </trkpt>
   <trkpt lat="50.61614" lon="18.36861">
    <ele>223.78</ele>
   </trkpt>
   <trkpt lat="50.61564000004596" lon="18.368665000581014">
    <ele>224.57000000000002</ele>
   </trkpt>
   <trkpt lat="50.615140000000004" lon="18.368720000000003">
    <ele>223.26000000000002</ele>
   </trkpt>
   <trkpt lat="50.61431" lon="18.369130000000002">
    <ele>222.27</ele>
   </trkpt>
   <trkpt lat="50.613673334740376" lon="18.369540011118737">
    <ele>221.63000000000002</ele>
   </trkpt>
   <trkpt lat="50.61303666804184" lon="18.36995001113907">
    <ele>221.34</ele>
   </trkpt>
   <trkpt lat="50.6124" lon="18.37036">
    <ele>221.35000000000002</ele>
   </trkpt>
   <trkpt lat="50.611890000563996" lon="18.370720003896203">
    <ele>222.02</ele>
   </trkpt>
   <trkpt lat="50.611380000000004" lon="18.371080000000003">
    <ele>223.84</ele>
   </trkpt>
   <trkpt lat="50.61084000026628" lon="18.371270002141564">
    <ele>222.27</ele>
   </trkpt>
   <trkpt lat="50.6103" lon="18.371460000000003">
    <ele>221.22000000000003</ele>
   </trkpt>
   <trkpt lat="50.609840000000005" lon="18.37178">
    <ele>221.07000000000002</ele>
   </trkpt>
   <trkpt lat="50.609550000000006" lon="18.37206">
    <ele>221.56</ele>
   </trkpt>
   <trkpt lat="50.60922000000001" lon="18.37217">
    <ele>221.79000000000002</ele>
   </trkpt>
   <trkpt lat="50.608760000459135" lon="18.37190499750041">
    <ele>221.63000000000002</ele>
   </trkpt>
   <trkpt lat="50.60830000000001" lon="18.371640000000003">
    <ele>221.56</ele>
   </trkpt>
   <trkpt lat="50.60781000008956" lon="18.371429997770466">
    <ele>221.41000000000003</ele>
   </trkpt>
   <trkpt lat="50.60732" lon="18.37122">
    <ele>221.44000000000003</ele>
   </trkpt>
   <trkpt lat="50.60654" lon="18.370790000000003">
    <ele>220.54000000000002</ele>
   </trkpt>
   <trkpt lat="50.60609" lon="18.37066">
    <ele>220.56</ele>
   </trkpt>
   <trkpt lat="50.60526" lon="18.37036">
    <ele>218.63000000000002</ele>
   </trkpt>
   <trkpt lat="50.604980000000005" lon="18.37039">
    <ele>218.11</ele>
   </trkpt>
   <trkpt lat="50.60461" lon="18.37058">
    <ele>217.8</ele>
   </trkpt>
   <trkpt lat="50.604380000000006" lon="18.370540000000002">
    <ele>217.74</ele>
   </trkpt>
   <trkpt lat="50.60365" lon="18.37003">
    <ele>218.47000000000003</ele>
   </trkpt>
   <trkpt lat="50.603205000331286" lon="18.36968999665989">
    <ele>218.84</ele>
   </trkpt>
   <trkpt lat="50.60276" lon="18.36935">
    <ele>219.04000000000002</ele>
   </trkpt>
   <trkpt lat="50.602120000000006" lon="18.36908">
    <ele>220.00000000000003</ele>
   </trkpt>
   <trkpt lat="50.60169000076634" lon="18.368709996774456">
    <ele>220.38000000000002</ele>
   </trkpt>
   <trkpt lat="50.60126" lon="18.36834">
    <ele>220.66000000000003</ele>
   </trkpt>
   <trkpt lat="50.60085" lon="18.36814">
    <ele>221.06</ele>
   </trkpt>
   <trkpt lat="50.6003166686293" lon="18.367653322243974">
    <ele>221.75000000000003</ele>
   </trkpt>
   <trkpt lat="50.59978333523105" lon="18.367166655518243">
    <ele>222.16000000000003</ele>
   </trkpt>
   <trkpt lat="50.599250000000005" lon="18.366680000000002">
    <ele>223.16000000000003</ele>
   </trkpt>
   <trkpt lat="50.598530000000004" lon="18.366200000000003">
    <ele>222.83</ele>
   </trkpt>
   <trkpt lat="50.5981" lon="18.365840000000002">
    <ele>222.03</ele>
   </trkpt>
   <trkpt lat="50.5977" lon="18.365730000000003">
    <ele>220.74</ele>
   </trkpt>
   <trkpt lat="50.597300000000004" lon="18.365650000000002">
    <ele>220.06</ele>
   </trkpt>
   <trkpt lat="50.59691" lon="18.36567">
    <ele>219.84</ele>
   </trkpt>
   <trkpt lat="50.596210000000006" lon="18.36579">
    <ele>219.67</ele>
   </trkpt>
   <trkpt lat="50.595699999956864" lon="18.36586000076724">
    <ele>219.33</ele>
   </trkpt>
   <trkpt lat="50.59519" lon="18.365930000000002">
    <ele>219.21</ele>
   </trkpt>
   <trkpt lat="50.594550000000005" lon="18.36598">
    <ele>218.71</ele>
   </trkpt>
   <trkpt lat="50.593884999951804" lon="18.365954999644917">
    <ele>217.52</ele>
   </trkpt>
   <trkpt lat="50.59322" lon="18.365930000000002">
    <ele>216.71</ele>
   </trkpt>
   <trkpt lat="50.592670000000005" lon="18.366130000000002">
    <ele>215.45000000000002</ele>
   </trkpt>
   <trkpt lat="50.592090000000006" lon="18.366490000000002">
    <ele>215.08</ele>
   </trkpt>
   <trkpt lat="50.592220000000005" lon="18.36701">
    <ele>215.09000000000003</ele>
   </trkpt>
   <trkpt lat="50.59257251750183" lon="18.368177473768416">
    <ele>216.26</ele>
   </trkpt>
   <trkpt lat="50.59292502333504" lon="18.36934496502148">
    <ele>217.41000000000003</ele>
   </trkpt>
   <trkpt lat="50.59327751749931" lon="18.37051247375909">
    <ele>218.42000000000002</ele>
   </trkpt>
   <trkpt lat="50.593630000000005" lon="18.37168">
    <ele>220.2</ele>
   </trkpt>
   <trkpt lat="50.593990034302976" lon="18.37283566125492">
    <ele>220.78000000000003</ele>
   </trkpt>
   <trkpt lat="50.59435005717236" lon="18.37399134018754">
    <ele>221.25000000000003</ele>
   </trkpt>
   <trkpt lat="50.594710068607846" lon="18.375147036797795">
    <ele>221.49</ele>
   </trkpt>
   <trkpt lat="50.595070068609104" lon="18.376302751085618">
    <ele>221.57000000000002</ele>
   </trkpt>
   <trkpt lat="50.59543005717582" lon="18.37745848305095">
    <ele>222.69000000000003</ele>
   </trkpt>
   <trkpt lat="50.59579003430766" lon="18.378614232693725">
    <ele>223.60000000000002</ele>
   </trkpt>
   <trkpt lat="50.59615" lon="18.37977">
    <ele>224.60000000000002</ele>
   </trkpt>
   <trkpt lat="50.59626" lon="18.380010000000002">
    <ele>224.86</ele>
   </trkpt>
   <trkpt lat="50.59644" lon="18.38023">
    <ele>225.29000000000002</ele>
   </trkpt>
   <trkpt lat="50.59701000429415" lon="18.380809978902416">
    <ele>227.29000000000002</ele>
   </trkpt>
   <trkpt lat="50.597580005708615" lon="18.381389971852233">
    <ele>228.24</ele>
   </trkpt>
   <trkpt lat="50.59815000424331" lon="18.381969978850005">
    <ele>228.48000000000002</ele>
   </trkpt>
   <trkpt lat="50.59872000000001" lon="18.382550000000002">
    <ele>228.79000000000002</ele>
   </trkpt>
   <trkpt lat="50.598560008726025" lon="18.383560006908596">
    <ele>231.26000000000002</ele>
   </trkpt>
   <trkpt lat="50.59840000871939" lon="18.384570006950362">
    <ele>234.63000000000002</ele>
   </trkpt>
   <trkpt lat="50.598240000000004" lon="18.38558">
    <ele>236.79000000000002</ele>
   </trkpt>
   <trkpt lat="50.598020711105065" lon="18.38691951164791">
    <ele>235.95000000000002</ele>
   </trkpt>
   <trkpt lat="50.5978014068501" lon="18.388259010813545">
    <ele>236.23000000000002</ele>
   </trkpt>
   <trkpt lat="50.5975820872354" lon="18.38959849749626">
    <ele>237.16</ele>
   </trkpt>
   <trkpt lat="50.59736275226122" lon="18.390937971695376">
    <ele>236.34</ele>
   </trkpt>
   <trkpt lat="50.59714340192782" lon="18.39227743341025">
    <ele>234.06</ele>
   </trkpt>
   <trkpt lat="50.59692403623545" lon="18.393616882640213">
    <ele>232.4</ele>
   </trkpt>
   <trkpt lat="50.59670465518441" lon="18.394956319384605">
    <ele>231.3</ele>
   </trkpt>
   <trkpt lat="50.59648525877495" lon="18.396295743642767">
    <ele>229.99</ele>
   </trkpt>
   <trkpt lat="50.5962658470073" lon="18.397635155414036">
    <ele>229.58</ele>
   </trkpt>
   <trkpt lat="50.596046419881766" lon="18.39897455469776">
    <ele>229.14000000000001</ele>
   </trkpt>
   <trkpt lat="50.59582697739857" lon="18.40031394149327">
    <ele>228.17000000000002</ele>
   </trkpt>
   <trkpt lat="50.59560751955803" lon="18.401653315799905">
    <ele>227.65</ele>
   </trkpt>
   <trkpt lat="50.59538804636035" lon="18.402992677617014">
    <ele>227.22</ele>
   </trkpt>
   <trkpt lat="50.59516855780583" lon="18.404332026943933">
    <ele>227.13000000000002</ele>
   </trkpt>
   <trkpt lat="50.594949053894716" lon="18.405671363779998">
    <ele>226.15</ele>
   </trkpt>
   <trkpt lat="50.59472953462729" lon="18.407010688124554">
    <ele>225.99</ele>
   </trkpt>
   <trkpt lat="50.59451000000001" lon="18.408350000000002">
    <ele>225.49</ele>
   </trkpt>
   <trkpt lat="50.594290064272904" lon="18.409720051216095">
    <ele>226.12</ele>
   </trkpt>
   <trkpt lat="50.594070112477006" lon="18.411090089629354">
    <ele>226.51000000000002</ele>
   </trkpt>
   <trkpt lat="50.59385014461259" lon="18.412460115239075">
    <ele>226.11</ele>
   </trkpt>
   <trkpt lat="50.593630160679936" lon="18.413830128044527">
    <ele>224.46</ele>
   </trkpt>
   <trkpt lat="50.593410160679326" lon="18.41520012804501">
    <ele>224.18</ele>
   </trkpt>
   <trkpt lat="50.59319014461102" lon="18.4165701152398">
    <ele>223.82000000000002</ele>
   </trkpt>
   <trkpt lat="50.592970112475314" lon="18.417940089628186">
    <ele>223.86</ele>
   </trkpt>
   <trkpt lat="50.592750064272444" lon="18.41931005120945">
    <ele>223.85000000000002</ele>
   </trkpt>
   <trkpt lat="50.592530000000004" lon="18.42068">
    <ele>225.04000000000002</ele>
   </trkpt>
   <trkpt lat="50.592314503213345" lon="18.42199004797043">
    <ele>225.54000000000002</ele>
   </trkpt>
   <trkpt lat="50.59209899173436" lon="18.4233000839467">
    <ele>226.11</ele>
   </trkpt>
   <trkpt lat="50.591883465563335" lon="18.424610107928196">
    <ele>225.35000000000002</ele>
   </trkpt>
   <trkpt lat="50.59166792470049" lon="18.4259201199143">
    <ele>223.41000000000003</ele>
   </trkpt>
   <trkpt lat="50.59145236914609" lon="18.427230119904397">
    <ele>222.99</ele>
   </trkpt>
   <trkpt lat="50.59123679890036" lon="18.42854010789787">
    <ele>222.14000000000001</ele>
   </trkpt>
   <trkpt lat="50.59102121396355" lon="18.429850083894106">
    <ele>221.48000000000002</ele>
   </trkpt>
   <trkpt lat="50.59080561433592" lon="18.43116004789249">
    <ele>220.76000000000002</ele>
   </trkpt>
   <trkpt lat="50.590590000000006" lon="18.432470000000002">
    <ele>219.91000000000003</ele>
   </trkpt>
   <trkpt lat="50.59035668061279" lon="18.433746679361448">
    <ele>222.62</ele>
   </trkpt>
   <trkpt lat="50.59012334727205" lon="18.435023346068473">
    <ele>224.76000000000002</ele>
   </trkpt>
   <trkpt lat="50.589890000000004" lon="18.436300000000003">
    <ele>226.73000000000002</ele>
   </trkpt>
   <trkpt lat="50.589664070005455" lon="18.437648058231957">
    <ele>226.37</ele>
   </trkpt>
   <trkpt lat="50.58943812445338" lon="18.43899610352542">
    <ele>226.66000000000003</ele>
   </trkpt>
   <trkpt lat="50.58921216334406" lon="18.44034413587974">
    <ele>226.49</ele>
   </trkpt>
   <trkpt lat="50.58898618667774" lon="18.44169215529425">
    <ele>226.31</ele>
   </trkpt>
   <trkpt lat="50.58876019445473" lon="18.443040161768284">
    <ele>226.68</ele>
   </trkpt>
   <trkpt lat="50.58853418667528" lon="18.44438815530118">
    <ele>226.79000000000002</ele>
   </trkpt>
   <trkpt lat="50.588308163339676" lon="18.44573613589228">
    <ele>228.01000000000002</ele>
   </trkpt>
   <trkpt lat="50.58808212444818" lon="18.447084103540917">
    <ele>228.11</ele>
   </trkpt>
   <trkpt lat="50.587856070001074" lon="18.44843205824643">
    <ele>228.78</ele>
   </trkpt>
   <trkpt lat="50.587630000000004" lon="18.44978">
    <ele>230.11</ele>
   </trkpt>
   <trkpt lat="50.58756" lon="18.45025">
    <ele>230.48000000000002</ele>
   </trkpt>
   <trkpt lat="50.587150001706014" lon="18.45088000547502">
    <ele>231.39000000000001</ele>
   </trkpt>
   <trkpt lat="50.586740000000006" lon="18.451510000000003">
    <ele>230.9</ele>
   </trkpt>
   <trkpt lat="50.5865" lon="18.452150000000003">
    <ele>230.63000000000002</ele>
   </trkpt>
   <trkpt lat="50.58623000000001" lon="18.453030000000002">
    <ele>230.81</ele>
   </trkpt>
   <trkpt lat="50.586090000000006" lon="18.453280000000003">
    <ele>230.77000000000004</ele>
   </trkpt>
   <trkpt lat="50.58587000000001" lon="18.453570000000003">
    <ele>230.9</ele>
   </trkpt>
   <trkpt lat="50.58526000103006" lon="18.454070006510115">
    <ele>230.65</ele>
   </trkpt>
   <trkpt lat="50.58465" lon="18.45457">
    <ele>230.94</ele>
   </trkpt>
   <trkpt lat="50.584120000000006" lon="18.454970000000003">
    <ele>231.54000000000002</ele>
   </trkpt>
   <trkpt lat="50.583890000000004" lon="18.45533">
    <ele>232.04000000000002</ele>
   </trkpt>
   <trkpt lat="50.58377" lon="18.4556">
    <ele>231.95000000000002</ele>
   </trkpt>
   <trkpt lat="50.58345000184887" lon="18.456275004801018">
    <ele>231.06</ele>
   </trkpt>
   <trkpt lat="50.583130000000004" lon="18.456950000000003">
    <ele>230.25</ele>
   </trkpt>
   <trkpt lat="50.58303" lon="18.45721">
    <ele>230.05000000000004</ele>
   </trkpt>
   <trkpt lat="50.582710000000006" lon="18.45815">
    <ele>228.76000000000002</ele>
   </trkpt>
   <trkpt lat="50.582280000000004" lon="18.45937">
    <ele>227.14000000000001</ele>
   </trkpt>
   <trkpt lat="50.581900000000005" lon="18.460330000000003">
    <ele>226.63000000000002</ele>
   </trkpt>
   <trkpt lat="50.581810000000004" lon="18.460520000000002">
    <ele>226.88000000000002</ele>
   </trkpt>
   <trkpt lat="50.58142500183874" lon="18.46118000544007">
    <ele>227.79000000000002</ele>
   </trkpt>
   <trkpt lat="50.58104" lon="18.461840000000002">
    <ele>229.05000000000004</ele>
   </trkpt>
   <trkpt lat="50.58067000115704" lon="18.462390004525968">
    <ele>229.68</ele>
   </trkpt>
   <trkpt lat="50.5803" lon="18.462940000000003">
    <ele>230.9</ele>
   </trkpt>
   <trkpt lat="50.57967000000001" lon="18.463800000000003">
    <ele>232.24000000000004</ele>
   </trkpt>
   <trkpt lat="50.57941" lon="18.46421">
    <ele>232.69</ele>
   </trkpt>
   <trkpt lat="50.578950000000006" lon="18.464850000000002">
    <ele>232.95000000000002</ele>
   </trkpt>
   <trkpt lat="50.57873000000001" lon="18.46525">
    <ele>233.60000000000002</ele>
   </trkpt>
   <trkpt lat="50.578475002321724" lon="18.465985003953133">
    <ele>234.25</ele>
   </trkpt>
   <trkpt lat="50.57822" lon="18.466720000000002">
    <ele>235.16</ele>
   </trkpt>
   <trkpt lat="50.577960000000004" lon="18.46734">
    <ele>235.98000000000002</ele>
   </trkpt>
   <trkpt lat="50.577740000000006" lon="18.46819">
    <ele>236.92000000000002</ele>
   </trkpt>
   <trkpt lat="50.57768" lon="18.46838">
    <ele>235.53</ele>
   </trkpt>
   <trkpt lat="50.577490000000004" lon="18.468780000000002">
    <ele>231.59</ele>
   </trkpt>
   <trkpt lat="50.57717" lon="18.46928">
    <ele>226.99</ele>
   </trkpt>
   <trkpt lat="50.577020000000005" lon="18.469620000000003">
    <ele>227.05</ele>
   </trkpt>
   <trkpt lat="50.57694000000001" lon="18.47004">
    <ele>227.0</ele>
   </trkpt>
   <trkpt lat="50.576890000000006" lon="18.47061">
    <ele>226.74</ele>
   </trkpt>
   <trkpt lat="50.57679" lon="18.47105">
    <ele>226.72</ele>
   </trkpt>
   <trkpt lat="50.5767" lon="18.471330000000002">
    <ele>226.79000000000002</ele>
   </trkpt>
   <trkpt lat="50.576530000000005" lon="18.47176">
    <ele>226.83000000000004</ele>
   </trkpt>
   <trkpt lat="50.57627" lon="18.472150000000003">
    <ele>226.91000000000003</ele>
   </trkpt>
   <trkpt lat="50.576190000000004" lon="18.472250000000003">
    <ele>226.9</ele>
   </trkpt>
   <trkpt lat="50.576080000000005" lon="18.47249">
    <ele>226.92000000000002</ele>
   </trkpt>
   <trkpt lat="50.575765002786" lon="18.47330000547521">
    <ele>227.33000000000004</ele>
   </trkpt>
   <trkpt lat="50.575450000000004" lon="18.474110000000003">
    <ele>227.49</ele>
   </trkpt>
   <trkpt lat="50.575160000000004" lon="18.47471">
    <ele>228.06</ele>
   </trkpt>
   <trkpt lat="50.57468" lon="18.475550000000002">
    <ele>229.63000000000002</ele>
   </trkpt>
   <trkpt lat="50.574560000000005" lon="18.475800000000003">
    <ele>230.25</ele>
   </trkpt>
   <trkpt lat="50.57442" lon="18.47633">
    <ele>231.07000000000002</ele>
   </trkpt>
   <trkpt lat="50.5743" lon="18.47726">
    <ele>233.04000000000002</ele>
   </trkpt>
   <trkpt lat="50.574220000000004" lon="18.47767">
    <ele>233.70000000000002</ele>
   </trkpt>
   <trkpt lat="50.57393334123054" lon="18.478630011662457">
    <ele>235.88</ele>
   </trkpt>
   <trkpt lat="50.573646674570234" lon="18.47959001164095">
    <ele>236.43000000000004</ele>
   </trkpt>
   <trkpt lat="50.57336" lon="18.48055">
    <ele>236.19</ele>
   </trkpt>
   <trkpt lat="50.57303" lon="18.481530000000003">
    <ele>235.95000000000002</ele>
   </trkpt>
   <trkpt lat="50.57274" lon="18.48252">
    <ele>236.11</ele>
   </trkpt>
   <trkpt lat="50.572500000000005" lon="18.483130000000003">
    <ele>236.41</ele>
   </trkpt>
   <trkpt lat="50.57231" lon="18.48348">
    <ele>236.56</ele>
   </trkpt>
   <trkpt lat="50.571980002743615" lon="18.484280005594815">
    <ele>236.04000000000002</ele>
   </trkpt>
   <trkpt lat="50.571650000000005" lon="18.48508">
    <ele>234.61</ele>
   </trkpt>
   <trkpt lat="50.57136333925235" lon="18.48591334355308">
    <ele>233.70000000000002</ele>
   </trkpt>
   <trkpt lat="50.5710766725587" lon="18.486746676964724">
    <ele>232.69</ele>
   </trkpt>
   <trkpt lat="50.57079" lon="18.48758">
    <ele>231.17000000000002</ele>
   </trkpt>
   <trkpt lat="50.57058000000001" lon="18.48818">
    <ele>230.19</ele>
   </trkpt>
   <trkpt lat="50.57021" lon="18.48945">
    <ele>228.39000000000001</ele>
   </trkpt>
   <trkpt lat="50.56989" lon="18.49014">
    <ele>228.33</ele>
   </trkpt>
   <trkpt lat="50.569750000000006" lon="18.490350000000003">
    <ele>229.0</ele>
   </trkpt>
   <trkpt lat="50.56982501567948" lon="18.491454994685277">
    <ele>228.9</ele>
   </trkpt>
   <trkpt lat="50.569900020904306" lon="18.492559992889102">
    <ele>228.59</ele>
   </trkpt>
   <trkpt lat="50.56997501567445" lon="18.49366499461101">
    <ele>228.20000000000002</ele>
   </trkpt>
   <trkpt lat="50.57005" lon="18.494770000000003">
    <ele>227.86</ele>
   </trkpt>
   <trkpt lat="50.57011000000001" lon="18.495260000000002">
    <ele>227.74</ele>
   </trkpt>
   <trkpt lat="50.570190000000004" lon="18.49565">
    <ele>227.63000000000002</ele>
   </trkpt>
   <trkpt lat="50.570460000000004" lon="18.49649">
    <ele>227.37</ele>
   </trkpt>
   <trkpt lat="50.57063" lon="18.49688">
    <ele>227.26000000000002</ele>
   </trkpt>
   <trkpt lat="50.57098000147413" lon="18.497474995509144">
    <ele>227.05</ele>
   </trkpt>
   <trkpt lat="50.57133" lon="18.498070000000002">
    <ele>226.62</ele>
   </trkpt>
   <trkpt lat="50.57155" lon="18.49831">
    <ele>226.45000000000002</ele>
   </trkpt>
   <trkpt lat="50.572100001078226" lon="18.498824993933898">
    <ele>226.11</ele>
   </trkpt>
   <trkpt lat="50.57265" lon="18.49934">
    <ele>225.85000000000002</ele>
   </trkpt>
   <trkpt lat="50.573415010893775" lon="18.500053275414274">
    <ele>225.58</ele>
   </trkpt>
   <trkpt lat="50.5741800174314" lon="18.50076657399543">
    <ele>225.56</ele>
   </trkpt>
   <trkpt lat="50.57494501961257" lon="18.501479895744726">
    <ele>225.57000000000002</ele>
   </trkpt>
   <trkpt lat="50.57571001743706" lon="18.50219324066341">
    <ele>225.49</ele>
   </trkpt>
   <trkpt lat="50.57647501090461" lon="18.502906608752728">
    <ele>225.09</ele>
   </trkpt>
   <trkpt lat="50.57724" lon="18.50362">
    <ele>223.93</ele>
   </trkpt>
   <trkpt lat="50.57764000062834" lon="18.504004996724458">
    <ele>223.10000000000002</ele>
   </trkpt>
   <trkpt lat="50.57804" lon="18.50439">
    <ele>222.70000000000002</ele>
   </trkpt>
   <trkpt lat="50.57829" lon="18.504700000000003">
    <ele>222.74</ele>
   </trkpt>
   <trkpt lat="50.5788" lon="18.50563">
    <ele>222.55</ele>
   </trkpt>
   <trkpt lat="50.57941000184377" lon="18.506289991429156">
    <ele>221.89000000000001</ele>
   </trkpt>
   <trkpt lat="50.580020000000005" lon="18.50695">
    <ele>221.60000000000002</ele>
   </trkpt>
   <trkpt lat="50.58035" lon="18.50719">
    <ele>221.53</ele>
   </trkpt>
   <trkpt lat="50.58043000000001" lon="18.50721">
    <ele>221.53</ele>
   </trkpt>
   <trkpt lat="50.58124333354231" lon="18.5073566616052">
    <ele>221.23000000000002</ele>
   </trkpt>
   <trkpt lat="50.58205666690045" lon="18.507503328276236">
    <ele>221.07000000000002</ele>
   </trkpt>
   <trkpt lat="50.58287000000001" lon="18.50765">
    <ele>220.78000000000003</ele>
   </trkpt>
   <trkpt lat="50.582930000000005" lon="18.5077">
    <ele>220.83</ele>
   </trkpt>
   <trkpt lat="50.58303" lon="18.50788">
    <ele>220.84</ele>
   </trkpt>
   <trkpt lat="50.58306" lon="18.508010000000002">
    <ele>220.75000000000003</ele>
   </trkpt>
   <trkpt lat="50.58315" lon="18.508940000000003">
    <ele>220.3</ele>
   </trkpt>
   <trkpt lat="50.583180000000006" lon="18.509400000000003">
    <ele>220.17</ele>
   </trkpt>
   <trkpt lat="50.58317" lon="18.509770000000003">
    <ele>220.12</ele>
   </trkpt>
   <trkpt lat="50.583070000000006" lon="18.510430000000003">
    <ele>219.22000000000003</ele>
   </trkpt>
   <trkpt lat="50.582980000000006" lon="18.51084">
    <ele>218.69000000000003</ele>
   </trkpt>
   <trkpt lat="50.582730000000005" lon="18.51178">
    <ele>218.25000000000003</ele>
   </trkpt>
   <trkpt lat="50.58272" lon="18.511960000000002">
    <ele>218.25000000000003</ele>
   </trkpt>
   <trkpt lat="50.582750000000004" lon="18.51257">
    <ele>218.27</ele>
   </trkpt>
   <trkpt lat="50.58285000000001" lon="18.51293">
    <ele>218.02</ele>
   </trkpt>
   <trkpt lat="50.58292" lon="18.513830000000002">
    <ele>218.36</ele>
   </trkpt>
   <trkpt lat="50.582950000000004" lon="18.513930000000002">
    <ele>218.36</ele>
   </trkpt>
   <trkpt lat="50.583130000000004" lon="18.514390000000002">
    <ele>218.56</ele>
   </trkpt>
   <trkpt lat="50.583130000000004" lon="18.514400000000002">
    <ele>218.56</ele>
   </trkpt>
   <trkpt lat="50.583200000000005" lon="18.51472">
    <ele>218.59</ele>
   </trkpt>
   <trkpt lat="50.58325000000001" lon="18.51539">
    <ele>218.51000000000002</ele>
   </trkpt>
   <trkpt lat="50.583220000000004" lon="18.516280000000002">
    <ele>218.52</ele>
   </trkpt>
   <trkpt lat="50.58326" lon="18.51687">
    <ele>218.25000000000003</ele>
   </trkpt>
   <trkpt lat="50.58332000000001" lon="18.517220000000002">
    <ele>218.03000000000003</ele>
   </trkpt>
   <trkpt lat="50.58352000000001" lon="18.517650000000003">
    <ele>217.41000000000003</ele>
   </trkpt>
   <trkpt lat="50.58404667529804" lon="18.518653310914676">
    <ele>217.33</ele>
   </trkpt>
   <trkpt lat="50.58457334197771" lon="18.519656644272356">
    <ele>216.41000000000003</ele>
   </trkpt>
   <trkpt lat="50.585100000000004" lon="18.520660000000003">
    <ele>216.91000000000003</ele>
   </trkpt>
   <trkpt lat="50.585550000000005" lon="18.521130000000003">
    <ele>217.2</ele>
   </trkpt>
   <trkpt lat="50.58576000000001" lon="18.5214">
    <ele>217.47000000000003</ele>
   </trkpt>
   <trkpt lat="50.586040000000004" lon="18.52193">
    <ele>217.66000000000003</ele>
   </trkpt>
   <trkpt lat="50.58619" lon="18.522270000000002">
    <ele>217.79000000000002</ele>
   </trkpt>
  </trkseg>
 </trk>
</gpx>
