<?xml version='1.0' encoding='UTF-8'?>
<gpx version="1.1" creator="https://www.komoot.de" xmlns="http://www.topografix.com/GPX/1/1" xmlns:xsi="http://www.w3.org/2001/XMLSchema-instance" xsi:schemaLocation="http://www.topografix.com/GPX/1/1 http://www.topografix.com/GPX/1/1/gpx.xsd">
  <metadata>
    <name>CAMP CZ - GRUBY PSTRĄG</name>
    <author>
      <link href="https://www.komoot.de">
        <text>komoot</text>
        <type>text/html</type>
      </link>
    </author>
  </metadata>
  <wpt lat="50.252360" lon="16.564743">
    <name>Szczyt Jagodna i wieża widokowa</name>
    <sym>Summit</sym>
  </wpt>
  <wpt lat="50.277031" lon="16.537555">
    <name>Schronisko PTTK Jagodna</name>
    <sym>Fishing Hot Spot Facility</sym>
  </wpt>
  <wpt lat="50.144153" lon="16.577288">
    <name>Orlická chata U Rampušáka</name>
    <sym>Fishing Hot Spot Facility</sym>
  </wpt>
  <wpt lat="50.142273" lon="16.579549">
    <name>Kamienny most w Orlickich Górach</name>
    <sym>Bridge</sym>
  </wpt>
  <trk>
    <name>CAMP CZ - GRUBY PSTRĄG</name>
    <trkseg>
      <trkpt lat="50.214025" lon="16.582053">
        <ele>678.474835</ele>
        <time>2026-05-18T17:33:59.538Z</time>
      </trkpt>
      <trkpt lat="50.214174" lon="16.581687">
        <ele>678.474835</ele>
        <time>2026-05-18T17:34:07.001Z</time>
      </trkpt>
      <trkpt lat="50.214541" lon="16.581153">
        <ele>678.474835</ele>
        <time>2026-05-18T17:34:20.094Z</time>
      </trkpt>
      <trkpt lat="50.214679" lon="16.581038">
        <ele>678.259724</ele>
        <time>2026-05-18T17:34:24.082Z</time>
      </trkpt>
      <trkpt lat="50.215171" lon="16.580732">
        <ele>675.106068</ele>
        <time>2026-05-18T17:34:37.527Z</time>
      </trkpt>
      <trkpt lat="50.215290" lon="16.580585">
        <ele>674.202683</ele>
        <time>2026-05-18T17:34:41.439Z</time>
      </trkpt>
      <trkpt lat="50.215390" lon="16.580366">
        <ele>673.177382</ele>
        <time>2026-05-18T17:34:45.953Z</time>
      </trkpt>
      <trkpt lat="50.215456" lon="16.580182">
        <ele>672.373513</ele>
        <time>2026-05-18T17:34:49.549Z</time>
      </trkpt>
      <trkpt lat="50.215633" lon="16.579216">
        <ele>668.544189</ele>
        <time>2026-05-18T17:35:07.249Z</time>
      </trkpt>
      <trkpt lat="50.215800" lon="16.578604">
        <ele>666.944713</ele>
        <time>2026-05-18T17:35:19.466Z</time>
      </trkpt>
      <trkpt lat="50.216161" lon="16.577519">
        <ele>664.770959</ele>
        <time>2026-05-18T17:35:43.262Z</time>
      </trkpt>
      <trkpt lat="50.216451" lon="16.576892">
        <ele>663.395794</ele>
        <time>2026-05-18T17:35:58.940Z</time>
      </trkpt>
      <trkpt lat="50.216711" lon="16.576416">
        <ele>662.075424</ele>
        <time>2026-05-18T17:36:11.485Z</time>
      </trkpt>
      <trkpt lat="50.216914" lon="16.576087">
        <ele>660.913468</ele>
        <time>2026-05-18T17:36:20.479Z</time>
      </trkpt>
      <trkpt lat="50.217067" lon="16.575907">
        <ele>660.152582</ele>
        <time>2026-05-18T17:36:26.219Z</time>
      </trkpt>
      <trkpt lat="50.217396" lon="16.575432">
        <ele>658.372978</ele>
        <time>2026-05-18T17:36:39.186Z</time>
      </trkpt>
      <trkpt lat="50.217524" lon="16.575150">
        <ele>657.493985</ele>
        <time>2026-05-18T17:36:45.338Z</time>
      </trkpt>
      <trkpt lat="50.217808" lon="16.574127">
        <ele>654.132926</ele>
        <time>2026-05-18T17:37:04.376Z</time>
      </trkpt>
      <trkpt lat="50.217859" lon="16.573849">
        <ele>652.995379</ele>
        <time>2026-05-18T17:37:09.224Z</time>
      </trkpt>
      <trkpt lat="50.217881" lon="16.573304">
        <ele>650.847404</ele>
        <time>2026-05-18T17:37:18.332Z</time>
      </trkpt>
      <trkpt lat="50.218038" lon="16.572582">
        <ele>647.847968</ele>
        <time>2026-05-18T17:37:31.105Z</time>
      </trkpt>
      <trkpt lat="50.218170" lon="16.572193">
        <ele>646.116030</ele>
        <time>2026-05-18T17:37:38.531Z</time>
      </trkpt>
      <trkpt lat="50.218597" lon="16.571329">
        <ele>642.815819</ele>
        <time>2026-05-18T17:37:57.554Z</time>
      </trkpt>
      <trkpt lat="50.218698" lon="16.571069">
        <ele>642.053124</ele>
        <time>2026-05-18T17:38:03.052Z</time>
      </trkpt>
      <trkpt lat="50.218773" lon="16.570793">
        <ele>641.301228</ele>
        <time>2026-05-18T17:38:08.561Z</time>
      </trkpt>
      <trkpt lat="50.219086" lon="16.569906">
        <ele>638.761269</ele>
        <time>2026-05-18T17:38:27.757Z</time>
      </trkpt>
      <trkpt lat="50.219162" lon="16.569632">
        <ele>638.012441</ele>
        <time>2026-05-18T17:38:33.559Z</time>
      </trkpt>
      <trkpt lat="50.219260" lon="16.568892">
        <ele>635.967839</ele>
        <time>2026-05-18T17:38:48.194Z</time>
      </trkpt>
      <trkpt lat="50.219301" lon="16.568157">
        <ele>633.919630</ele>
        <time>2026-05-18T17:39:01.903Z</time>
      </trkpt>
      <trkpt lat="50.219304" lon="16.567552">
        <ele>632.240011</ele>
        <time>2026-05-18T17:39:12.708Z</time>
      </trkpt>
      <trkpt lat="50.219403" lon="16.567117">
        <ele>630.958273</ele>
        <time>2026-05-18T17:39:20.721Z</time>
      </trkpt>
      <trkpt lat="50.219609" lon="16.566523">
        <ele>628.876475</ele>
        <time>2026-05-18T17:39:32.224Z</time>
      </trkpt>
      <trkpt lat="50.219800" lon="16.565704">
        <ele>625.662990</ele>
        <time>2026-05-18T17:39:46.943Z</time>
      </trkpt>
      <trkpt lat="50.219805" lon="16.565607">
        <ele>625.304247</ele>
        <time>2026-05-18T17:39:48.578Z</time>
      </trkpt>
      <trkpt lat="50.219730" lon="16.565236">
        <ele>623.869943</ele>
        <time>2026-05-18T17:39:55.125Z</time>
      </trkpt>
      <trkpt lat="50.219734" lon="16.564460">
        <ele>621.009175</ele>
        <time>2026-05-18T17:40:08.351Z</time>
      </trkpt>
      <trkpt lat="50.219626" lon="16.563031">
        <ele>617.156117</ele>
        <time>2026-05-18T17:40:34.177Z</time>
      </trkpt>
      <trkpt lat="50.219604" lon="16.562932">
        <ele>616.923671</ele>
        <time>2026-05-18T17:40:36.143Z</time>
      </trkpt>
      <trkpt lat="50.219554" lon="16.562712">
        <ele>616.405849</ele>
        <time>2026-05-18T17:40:40.547Z</time>
      </trkpt>
      <trkpt lat="50.219468" lon="16.561352">
        <ele>613.374702</ele>
        <time>2026-05-18T17:41:06.762Z</time>
      </trkpt>
      <trkpt lat="50.219502" lon="16.560576">
        <ele>612.754788</ele>
        <time>2026-05-18T17:41:22.218Z</time>
      </trkpt>
      <trkpt lat="50.219552" lon="16.560338">
        <ele>612.618625</ele>
        <time>2026-05-18T17:41:27.281Z</time>
      </trkpt>
      <trkpt lat="50.219860" lon="16.560993">
        <ele>612.176785</ele>
        <time>2026-05-18T17:41:33.345Z</time>
      </trkpt>
      <trkpt lat="50.219956" lon="16.561141">
        <ele>612.062230</ele>
        <time>2026-05-18T17:41:35.081Z</time>
      </trkpt>
      <trkpt lat="50.220107" lon="16.561247">
        <ele>611.921607</ele>
        <time>2026-05-18T17:41:37.346Z</time>
      </trkpt>
      <trkpt lat="50.220192" lon="16.561262">
        <ele>611.848938</ele>
        <time>2026-05-18T17:41:38.659Z</time>
      </trkpt>
      <trkpt lat="50.220350" lon="16.561201">
        <ele>611.710679</ele>
        <time>2026-05-18T17:41:41.246Z</time>
      </trkpt>
      <trkpt lat="50.220415" lon="16.561136">
        <ele>611.645125</ele>
        <time>2026-05-18T17:41:42.682Z</time>
      </trkpt>
      <trkpt lat="50.220524" lon="16.560889">
        <ele>611.930585</ele>
        <time>2026-05-18T17:41:46.704Z</time>
      </trkpt>
      <trkpt lat="50.220564" lon="16.560588">
        <ele>612.487164</ele>
        <time>2026-05-18T17:41:51.375Z</time>
      </trkpt>
      <trkpt lat="50.220600" lon="16.559859">
        <ele>613.810918</ele>
        <time>2026-05-18T17:42:04.364Z</time>
      </trkpt>
      <trkpt lat="50.220805" lon="16.559219">
        <ele>615.106698</ele>
        <time>2026-05-18T17:42:17.791Z</time>
      </trkpt>
      <trkpt lat="50.220956" lon="16.558972">
        <ele>615.725187</ele>
        <time>2026-05-18T17:42:24.132Z</time>
      </trkpt>
      <trkpt lat="50.221099" lon="16.558811">
        <ele>616.223873</ele>
        <time>2026-05-18T17:42:29.182Z</time>
      </trkpt>
      <trkpt lat="50.221264" lon="16.558735">
        <ele>616.714129</ele>
        <time>2026-05-18T17:42:34.056Z</time>
      </trkpt>
      <trkpt lat="50.222480" lon="16.557904">
        <ele>620.841070</ele>
        <time>2026-05-18T17:43:08.266Z</time>
      </trkpt>
      <trkpt lat="50.222736" lon="16.557703">
        <ele>621.731929</ele>
        <time>2026-05-18T17:43:15.675Z</time>
      </trkpt>
      <trkpt lat="50.223338" lon="16.557102">
        <ele>626.013260</ele>
        <time>2026-05-18T17:43:37.892Z</time>
      </trkpt>
      <trkpt lat="50.223492" lon="16.557033">
        <ele>627.120443</ele>
        <time>2026-05-18T17:43:43.860Z</time>
      </trkpt>
      <trkpt lat="50.223149" lon="16.558084">
        <ele>632.337353</ele>
        <time>2026-05-18T17:44:18.439Z</time>
      </trkpt>
      <trkpt lat="50.222825" lon="16.559841">
        <ele>642.162863</ele>
        <time>2026-05-18T17:45:24.662Z</time>
      </trkpt>
      <trkpt lat="50.222731" lon="16.560569">
        <ele>646.445233</ele>
        <time>2026-05-18T17:45:49.498Z</time>
      </trkpt>
      <trkpt lat="50.222353" lon="16.565677">
        <ele>671.847511</ele>
        <time>2026-05-18T17:48:11.928Z</time>
      </trkpt>
      <trkpt lat="50.222292" lon="16.566891">
        <ele>678.184852</ele>
        <time>2026-05-18T17:48:54.226Z</time>
      </trkpt>
      <trkpt lat="50.222318" lon="16.567168">
        <ele>679.293847</ele>
        <time>2026-05-18T17:49:03.642Z</time>
      </trkpt>
      <trkpt lat="50.222415" lon="16.567620">
        <ele>681.092818</ele>
        <time>2026-05-18T17:49:18.456Z</time>
      </trkpt>
      <trkpt lat="50.222606" lon="16.568156">
        <ele>683.407904</ele>
        <time>2026-05-18T17:49:34.962Z</time>
      </trkpt>
      <trkpt lat="50.222767" lon="16.568511">
        <ele>685.049862</ele>
        <time>2026-05-18T17:49:44.975Z</time>
      </trkpt>
      <trkpt lat="50.222911" lon="16.568827">
        <ele>686.513779</ele>
        <time>2026-05-18T17:49:52.744Z</time>
      </trkpt>
      <trkpt lat="50.223091" lon="16.568732">
        <ele>687.634259</ele>
        <time>2026-05-18T17:49:58.144Z</time>
      </trkpt>
      <trkpt lat="50.223327" lon="16.568658">
        <ele>689.019719</ele>
        <time>2026-05-18T17:50:04.163Z</time>
      </trkpt>
      <trkpt lat="50.225395" lon="16.568394">
        <ele>695.384235</ele>
        <time>2026-05-18T17:50:58.844Z</time>
      </trkpt>
      <trkpt lat="50.225836" lon="16.568179">
        <ele>696.944523</ele>
        <time>2026-05-18T17:51:13.637Z</time>
      </trkpt>
      <trkpt lat="50.226498" lon="16.567665">
        <ele>699.441146</ele>
        <time>2026-05-18T17:51:35.226Z</time>
      </trkpt>
      <trkpt lat="50.226614" lon="16.567574">
        <ele>699.879521</ele>
        <time>2026-05-18T17:51:38.847Z</time>
      </trkpt>
      <trkpt lat="50.227167" lon="16.567170">
        <ele>701.725534</ele>
        <time>2026-05-18T17:51:54.545Z</time>
      </trkpt>
      <trkpt lat="50.227409" lon="16.567071">
        <ele>702.445170</ele>
        <time>2026-05-18T17:52:00.210Z</time>
      </trkpt>
      <trkpt lat="50.227675" lon="16.567027">
        <ele>703.214674</ele>
        <time>2026-05-18T17:52:05.969Z</time>
      </trkpt>
      <trkpt lat="50.228000" lon="16.567085">
        <ele>704.155712</ele>
        <time>2026-05-18T17:52:13.666Z</time>
      </trkpt>
      <trkpt lat="50.228464" lon="16.567348">
        <ele>705.575598</ele>
        <time>2026-05-18T17:52:26.885Z</time>
      </trkpt>
      <trkpt lat="50.228795" lon="16.567575">
        <ele>708.890267</ele>
        <time>2026-05-18T17:52:37.319Z</time>
      </trkpt>
      <trkpt lat="50.229826" lon="16.568177">
        <ele>719.599632</ele>
        <time>2026-05-18T17:53:32.766Z</time>
      </trkpt>
      <trkpt lat="50.229887" lon="16.568135">
        <ele>720.248230</ele>
        <time>2026-05-18T17:53:37.418Z</time>
      </trkpt>
      <trkpt lat="50.230280" lon="16.567860">
        <ele>725.578343</ele>
        <time>2026-05-18T17:54:07.648Z</time>
      </trkpt>
      <trkpt lat="50.230489" lon="16.567633">
        <ele>730.268835</ele>
        <time>2026-05-18T17:54:25.630Z</time>
      </trkpt>
      <trkpt lat="50.230731" lon="16.567372">
        <ele>735.687560</ele>
        <time>2026-05-18T17:54:46.418Z</time>
      </trkpt>
      <trkpt lat="50.231127" lon="16.567153">
        <ele>743.429333</ele>
        <time>2026-05-18T17:55:16.154Z</time>
      </trkpt>
      <trkpt lat="50.231293" lon="16.567032">
        <ele>746.805060</ele>
        <time>2026-05-18T17:55:29.109Z</time>
      </trkpt>
      <trkpt lat="50.231412" lon="16.566946">
        <ele>749.221329</ele>
        <time>2026-05-18T17:55:38.372Z</time>
      </trkpt>
      <trkpt lat="50.231633" lon="16.566731">
        <ele>754.018818</ele>
        <time>2026-05-18T17:55:56.702Z</time>
      </trkpt>
      <trkpt lat="50.231831" lon="16.566610">
        <ele>757.392503</ele>
        <time>2026-05-18T17:56:11.579Z</time>
      </trkpt>
      <trkpt lat="50.231922" lon="16.566651">
        <ele>758.552847</ele>
        <time>2026-05-18T17:56:18.212Z</time>
      </trkpt>
      <trkpt lat="50.232117" lon="16.566822">
        <ele>761.292277</ele>
        <time>2026-05-18T17:56:33.916Z</time>
      </trkpt>
      <trkpt lat="50.232891" lon="16.567678">
        <ele>772.908729</ele>
        <time>2026-05-18T17:57:40.135Z</time>
      </trkpt>
      <trkpt lat="50.234753" lon="16.569191">
        <ele>796.173808</ele>
        <time>2026-05-18T18:00:25.362Z</time>
      </trkpt>
      <trkpt lat="50.235087" lon="16.569499">
        <ele>800.781169</ele>
        <time>2026-05-18T18:00:59.724Z</time>
      </trkpt>
      <trkpt lat="50.235294" lon="16.569606">
        <ele>803.514715</ele>
        <time>2026-05-18T18:01:19.305Z</time>
      </trkpt>
      <trkpt lat="50.235511" lon="16.569719">
        <ele>806.382414</ele>
        <time>2026-05-18T18:01:39.912Z</time>
      </trkpt>
      <trkpt lat="50.236038" lon="16.569858">
        <ele>813.083306</ele>
        <time>2026-05-18T18:02:28.411Z</time>
      </trkpt>
      <trkpt lat="50.236993" lon="16.569763">
        <ele>825.220411</ele>
        <time>2026-05-18T18:03:50.905Z</time>
      </trkpt>
      <trkpt lat="50.237825" lon="16.569950">
        <ele>836.064578</ele>
        <time>2026-05-18T18:05:03.624Z</time>
      </trkpt>
      <trkpt lat="50.238041" lon="16.569971">
        <ele>838.856625</ele>
        <time>2026-05-18T18:05:23.493Z</time>
      </trkpt>
      <trkpt lat="50.238333" lon="16.569910">
        <ele>842.657261</ele>
        <time>2026-05-18T18:05:51.102Z</time>
      </trkpt>
      <trkpt lat="50.238956" lon="16.569612">
        <ele>851.987443</ele>
        <time>2026-05-18T18:06:54.400Z</time>
      </trkpt>
      <trkpt lat="50.239326" lon="16.569510">
        <ele>857.426153</ele>
        <time>2026-05-18T18:07:31.986Z</time>
      </trkpt>
      <trkpt lat="50.239745" lon="16.569455">
        <ele>863.512903</ele>
        <time>2026-05-18T18:08:13.085Z</time>
      </trkpt>
      <trkpt lat="50.240127" lon="16.569480">
        <ele>869.047548</ele>
        <time>2026-05-18T18:08:49.400Z</time>
      </trkpt>
      <trkpt lat="50.240545" lon="16.569657">
        <ele>874.432252</ele>
        <time>2026-05-18T18:09:28.189Z</time>
      </trkpt>
      <trkpt lat="50.241049" lon="16.570025">
        <ele>881.255874</ele>
        <time>2026-05-18T18:10:15.202Z</time>
      </trkpt>
      <trkpt lat="50.241153" lon="16.570132">
        <ele>882.783090</ele>
        <time>2026-05-18T18:10:25.484Z</time>
      </trkpt>
      <trkpt lat="50.241848" lon="16.571157">
        <ele>894.551864</ele>
        <time>2026-05-18T18:11:45.559Z</time>
      </trkpt>
      <trkpt lat="50.242129" lon="16.571446">
        <ele>898.746835</ele>
        <time>2026-05-18T18:12:15.968Z</time>
      </trkpt>
      <trkpt lat="50.242328" lon="16.571530">
        <ele>901.317717</ele>
        <time>2026-05-18T18:12:34.837Z</time>
      </trkpt>
      <trkpt lat="50.242563" lon="16.571578">
        <ele>904.273660</ele>
        <time>2026-05-18T18:12:56.760Z</time>
      </trkpt>
      <trkpt lat="50.243019" lon="16.571584">
        <ele>909.961327</ele>
        <time>2026-05-18T18:13:38.759Z</time>
      </trkpt>
      <trkpt lat="50.243393" lon="16.571475">
        <ele>914.399129</ele>
        <time>2026-05-18T18:14:11.731Z</time>
      </trkpt>
      <trkpt lat="50.243600" lon="16.571331">
        <ele>915.961370</ele>
        <time>2026-05-18T18:14:30.109Z</time>
      </trkpt>
      <trkpt lat="50.243754" lon="16.571154">
        <ele>917.279273</ele>
        <time>2026-05-18T18:14:44.655Z</time>
      </trkpt>
      <trkpt lat="50.245457" lon="16.568372">
        <ele>929.997777</ele>
        <time>2026-05-18T18:17:05.334Z</time>
      </trkpt>
      <trkpt lat="50.246123" lon="16.567010">
        <ele>932.294751</ele>
        <time>2026-05-18T18:17:47.141Z</time>
      </trkpt>
      <trkpt lat="50.246362" lon="16.566452">
        <ele>932.507897</ele>
        <time>2026-05-18T18:18:00.791Z</time>
      </trkpt>
      <trkpt lat="50.246575" lon="16.566222">
        <ele>932.636361</ele>
        <time>2026-05-18T18:18:09.446Z</time>
      </trkpt>
      <trkpt lat="50.247028" lon="16.565819">
        <ele>932.895015</ele>
        <time>2026-05-18T18:18:29.582Z</time>
      </trkpt>
      <trkpt lat="50.247130" lon="16.565771">
        <ele>932.947880</ele>
        <time>2026-05-18T18:18:34.336Z</time>
      </trkpt>
      <trkpt lat="50.247323" lon="16.565680">
        <ele>933.963292</ele>
        <time>2026-05-18T18:18:43.949Z</time>
      </trkpt>
      <trkpt lat="50.249595" lon="16.565287">
        <ele>949.291906</ele>
        <time>2026-05-18T18:21:17.748Z</time>
      </trkpt>
      <trkpt lat="50.249633" lon="16.565281">
        <ele>949.572976</ele>
        <time>2026-05-18T18:21:20.530Z</time>
      </trkpt>
      <trkpt lat="50.252361" lon="16.564784">
        <ele>966.866708</ele>
        <time>2026-05-18T18:24:22.032Z</time>
      </trkpt>
      <trkpt lat="50.252422" lon="16.564790">
        <ele>967.206887</ele>
        <time>2026-05-18T18:24:24.674Z</time>
      </trkpt>
      <trkpt lat="50.252468" lon="16.564794">
        <ele>967.463304</ele>
        <time>2026-05-18T18:24:26.593Z</time>
      </trkpt>
      <trkpt lat="50.252561" lon="16.564797">
        <ele>967.744901</ele>
        <time>2026-05-18T18:24:30.376Z</time>
      </trkpt>
      <trkpt lat="50.254913" lon="16.565185">
        <ele>961.572955</ele>
        <time>2026-05-18T18:25:38.135Z</time>
      </trkpt>
      <trkpt lat="50.255094" lon="16.565216">
        <ele>961.158223</ele>
        <time>2026-05-18T18:25:43.383Z</time>
      </trkpt>
      <trkpt lat="50.255189" lon="16.565299">
        <ele>960.910367</ele>
        <time>2026-05-18T18:25:46.538Z</time>
      </trkpt>
      <trkpt lat="50.255910" lon="16.566077">
        <ele>958.915213</ele>
        <time>2026-05-18T18:26:15.018Z</time>
      </trkpt>
      <trkpt lat="50.256063" lon="16.566178">
        <ele>959.045004</ele>
        <time>2026-05-18T18:26:21.442Z</time>
      </trkpt>
      <trkpt lat="50.256240" lon="16.566224">
        <ele>959.342072</ele>
        <time>2026-05-18T18:26:28.704Z</time>
      </trkpt>
      <trkpt lat="50.256404" lon="16.566232">
        <ele>959.613731</ele>
        <time>2026-05-18T18:26:35.679Z</time>
      </trkpt>
      <trkpt lat="50.256590" lon="16.566203">
        <ele>959.923207</ele>
        <time>2026-05-18T18:26:43.898Z</time>
      </trkpt>
      <trkpt lat="50.256848" lon="16.566128">
        <ele>960.357680</ele>
        <time>2026-05-18T18:26:55.878Z</time>
      </trkpt>
      <trkpt lat="50.256976" lon="16.566092">
        <ele>960.573002</ele>
        <time>2026-05-18T18:27:01.972Z</time>
      </trkpt>
      <trkpt lat="50.257167" lon="16.566037">
        <ele>960.894545</ele>
        <time>2026-05-18T18:27:11.371Z</time>
      </trkpt>
      <trkpt lat="50.257380" lon="16.565934">
        <ele>961.263668</ele>
        <time>2026-05-18T18:27:22.584Z</time>
      </trkpt>
      <trkpt lat="50.257582" lon="16.565781">
        <ele>961.635259</ele>
        <time>2026-05-18T18:27:33.862Z</time>
      </trkpt>
      <trkpt lat="50.257983" lon="16.565359">
        <ele>962.478623</ele>
        <time>2026-05-18T18:27:54.933Z</time>
      </trkpt>
      <trkpt lat="50.258180" lon="16.565064">
        <ele>962.961280</ele>
        <time>2026-05-18T18:28:06.413Z</time>
      </trkpt>
      <trkpt lat="50.258409" lon="16.564708">
        <ele>963.532672</ele>
        <time>2026-05-18T18:28:20.576Z</time>
      </trkpt>
      <trkpt lat="50.258670" lon="16.564432">
        <ele>964.090231</ele>
        <time>2026-05-18T18:28:34.783Z</time>
      </trkpt>
      <trkpt lat="50.258880" lon="16.564248">
        <ele>964.516214</ele>
        <time>2026-05-18T18:28:45.416Z</time>
      </trkpt>
      <trkpt lat="50.259110" lon="16.564070">
        <ele>964.970353</ele>
        <time>2026-05-18T18:28:56.096Z</time>
      </trkpt>
      <trkpt lat="50.259383" lon="16.563818">
        <ele>965.333282</ele>
        <time>2026-05-18T18:29:09.355Z</time>
      </trkpt>
      <trkpt lat="50.259588" lon="16.563605">
        <ele>965.608816</ele>
        <time>2026-05-18T18:29:20.311Z</time>
      </trkpt>
      <trkpt lat="50.259987" lon="16.563175">
        <ele>966.151287</ele>
        <time>2026-05-18T18:29:42.898Z</time>
      </trkpt>
      <trkpt lat="50.260172" lon="16.563000">
        <ele>966.393337</ele>
        <time>2026-05-18T18:29:52.315Z</time>
      </trkpt>
      <trkpt lat="50.260486" lon="16.562756">
        <ele>966.785873</ele>
        <time>2026-05-18T18:30:06.105Z</time>
      </trkpt>
      <trkpt lat="50.260731" lon="16.562635">
        <ele>966.846151</ele>
        <time>2026-05-18T18:30:15.256Z</time>
      </trkpt>
      <trkpt lat="50.261527" lon="16.562242">
        <ele>964.636898</ele>
        <time>2026-05-18T18:30:42.147Z</time>
      </trkpt>
      <trkpt lat="50.261871" lon="16.562118">
        <ele>963.702559</ele>
        <time>2026-05-18T18:30:52.287Z</time>
      </trkpt>
      <trkpt lat="50.262050" lon="16.562108">
        <ele>963.228491</ele>
        <time>2026-05-18T18:30:57.334Z</time>
      </trkpt>
      <trkpt lat="50.262230" lon="16.562172">
        <ele>962.739927</ele>
        <time>2026-05-18T18:31:02.535Z</time>
      </trkpt>
      <trkpt lat="50.262499" lon="16.562324">
        <ele>961.934116</ele>
        <time>2026-05-18T18:31:10.507Z</time>
      </trkpt>
      <trkpt lat="50.262729" lon="16.562444">
        <ele>961.173057</ele>
        <time>2026-05-18T18:31:17.247Z</time>
      </trkpt>
      <trkpt lat="50.262919" lon="16.562561">
        <ele>960.532108</ele>
        <time>2026-05-18T18:31:22.981Z</time>
      </trkpt>
      <trkpt lat="50.263238" lon="16.562826">
        <ele>959.398343</ele>
        <time>2026-05-18T18:31:33.420Z</time>
      </trkpt>
      <trkpt lat="50.263438" lon="16.562989">
        <ele>958.690457</ele>
        <time>2026-05-18T18:31:40.243Z</time>
      </trkpt>
      <trkpt lat="50.263704" lon="16.563209">
        <ele>957.745976</ele>
        <time>2026-05-18T18:31:49.630Z</time>
      </trkpt>
      <trkpt lat="50.263905" lon="16.563301">
        <ele>957.088592</ele>
        <time>2026-05-18T18:31:56.357Z</time>
      </trkpt>
      <trkpt lat="50.264045" lon="16.563341">
        <ele>956.641868</ele>
        <time>2026-05-18T18:32:01.019Z</time>
      </trkpt>
      <trkpt lat="50.264179" lon="16.563319">
        <ele>956.119349</ele>
        <time>2026-05-18T18:32:05.416Z</time>
      </trkpt>
      <trkpt lat="50.264382" lon="16.563220">
        <ele>955.277241</ele>
        <time>2026-05-18T18:32:12.338Z</time>
      </trkpt>
      <trkpt lat="50.265167" lon="16.562879">
        <ele>952.050752</ele>
        <time>2026-05-18T18:32:37.052Z</time>
      </trkpt>
      <trkpt lat="50.265540" lon="16.562646">
        <ele>950.460137</ele>
        <time>2026-05-18T18:32:48.008Z</time>
      </trkpt>
      <trkpt lat="50.265857" lon="16.562416">
        <ele>948.632501</ele>
        <time>2026-05-18T18:32:56.946Z</time>
      </trkpt>
      <trkpt lat="50.266216" lon="16.562142">
        <ele>945.295763</ele>
        <time>2026-05-18T18:33:06.975Z</time>
      </trkpt>
      <trkpt lat="50.266483" lon="16.561935">
        <ele>942.806546</ele>
        <time>2026-05-18T18:33:14.392Z</time>
      </trkpt>
      <trkpt lat="50.266800" lon="16.561593">
        <ele>939.589889</ele>
        <time>2026-05-18T18:33:23.924Z</time>
      </trkpt>
      <trkpt lat="50.267136" lon="16.561321">
        <ele>936.429640</ele>
        <time>2026-05-18T18:33:33.356Z</time>
      </trkpt>
      <trkpt lat="50.267224" lon="16.561245">
        <ele>935.589967</ele>
        <time>2026-05-18T18:33:35.879Z</time>
      </trkpt>
      <trkpt lat="50.267381" lon="16.561063">
        <ele>934.007933</ele>
        <time>2026-05-18T18:33:40.804Z</time>
      </trkpt>
      <trkpt lat="50.268125" lon="16.560274">
        <ele>927.263816</ele>
        <time>2026-05-18T18:34:04.134Z</time>
      </trkpt>
      <trkpt lat="50.268518" lon="16.559803">
        <ele>923.549235</ele>
        <time>2026-05-18T18:34:16.986Z</time>
      </trkpt>
      <trkpt lat="50.269288" lon="16.559199">
        <ele>916.105788</ele>
        <time>2026-05-18T18:34:38.885Z</time>
      </trkpt>
      <trkpt lat="50.269576" lon="16.559059">
        <ele>913.269630</ele>
        <time>2026-05-18T18:34:46.402Z</time>
      </trkpt>
      <trkpt lat="50.270018" lon="16.558917">
        <ele>909.026208</ele>
        <time>2026-05-18T18:34:57.484Z</time>
      </trkpt>
      <trkpt lat="50.270733" lon="16.558806">
        <ele>902.194740</ele>
        <time>2026-05-18T18:35:14.835Z</time>
      </trkpt>
      <trkpt lat="50.271776" lon="16.558314">
        <ele>891.519824</ele>
        <time>2026-05-18T18:35:41.267Z</time>
      </trkpt>
      <trkpt lat="50.272359" lon="16.558004">
        <ele>885.868592</ele>
        <time>2026-05-18T18:35:56.781Z</time>
      </trkpt>
      <trkpt lat="50.272583" lon="16.557782">
        <ele>884.339441</ele>
        <time>2026-05-18T18:36:03.665Z</time>
      </trkpt>
      <trkpt lat="50.272654" lon="16.557663">
        <ele>883.739408</ele>
        <time>2026-05-18T18:36:06.396Z</time>
      </trkpt>
      <trkpt lat="50.272663" lon="16.557546">
        <ele>883.305050</ele>
        <time>2026-05-18T18:36:08.379Z</time>
      </trkpt>
      <trkpt lat="50.272650" lon="16.557375">
        <ele>882.670324</ele>
        <time>2026-05-18T18:36:11.319Z</time>
      </trkpt>
      <trkpt lat="50.272201" lon="16.555212">
        <ele>875.593300</ele>
        <time>2026-05-18T18:36:51.331Z</time>
      </trkpt>
      <trkpt lat="50.272177" lon="16.554896">
        <ele>875.292757</ele>
        <time>2026-05-18T18:36:57.373Z</time>
      </trkpt>
      <trkpt lat="50.272250" lon="16.554828">
        <ele>875.167217</ele>
        <time>2026-05-18T18:36:58.664Z</time>
      </trkpt>
      <trkpt lat="50.272529" lon="16.554433">
        <ele>874.611218</ele>
        <time>2026-05-18T18:37:04.621Z</time>
      </trkpt>
      <trkpt lat="50.272791" lon="16.553840">
        <ele>873.930381</ele>
        <time>2026-05-18T18:37:13.299Z</time>
      </trkpt>
      <trkpt lat="50.273162" lon="16.553395">
        <ele>873.553381</ele>
        <time>2026-05-18T18:37:25.345Z</time>
      </trkpt>
      <trkpt lat="50.273217" lon="16.553198">
        <ele>873.787780</ele>
        <time>2026-05-18T18:37:29.225Z</time>
      </trkpt>
      <trkpt lat="50.273260" lon="16.552871">
        <ele>874.151792</ele>
        <time>2026-05-18T18:37:35.384Z</time>
      </trkpt>
      <trkpt lat="50.273555" lon="16.552267">
        <ele>874.980642</ele>
        <time>2026-05-18T18:37:49.645Z</time>
      </trkpt>
      <trkpt lat="50.273601" lon="16.552080">
        <ele>875.199117</ele>
        <time>2026-05-18T18:37:53.469Z</time>
      </trkpt>
      <trkpt lat="50.273683" lon="16.549479">
        <ele>875.564282</ele>
        <time>2026-05-18T18:38:36.727Z</time>
      </trkpt>
      <trkpt lat="50.273584" lon="16.548462">
        <ele>874.934774</ele>
        <time>2026-05-18T18:38:47.021Z</time>
      </trkpt>
      <trkpt lat="50.273416" lon="16.547234">
        <ele>870.673633</ele>
        <time>2026-05-18T18:38:57.697Z</time>
      </trkpt>
      <trkpt lat="50.273229" lon="16.545758">
        <ele>864.063909</ele>
        <time>2026-05-18T18:39:09.802Z</time>
      </trkpt>
      <trkpt lat="50.273232" lon="16.543833">
        <ele>855.179187</ele>
        <time>2026-05-18T18:39:25.244Z</time>
      </trkpt>
      <trkpt lat="50.273203" lon="16.543529">
        <ele>853.743398</ele>
        <time>2026-05-18T18:39:27.758Z</time>
      </trkpt>
      <trkpt lat="50.273202" lon="16.542985">
        <ele>851.202231</ele>
        <time>2026-05-18T18:39:32.232Z</time>
      </trkpt>
      <trkpt lat="50.273120" lon="16.542553">
        <ele>849.118596</ele>
        <time>2026-05-18T18:39:36.000Z</time>
      </trkpt>
      <trkpt lat="50.273123" lon="16.542276">
        <ele>848.043743</ele>
        <time>2026-05-18T18:39:38.333Z</time>
      </trkpt>
      <trkpt lat="50.273197" lon="16.541663">
        <ele>845.623390</ele>
        <time>2026-05-18T18:39:43.661Z</time>
      </trkpt>
      <trkpt lat="50.273286" lon="16.541567">
        <ele>844.967178</ele>
        <time>2026-05-18T18:39:45.113Z</time>
      </trkpt>
      <trkpt lat="50.273359" lon="16.541478">
        <ele>844.405391</ele>
        <time>2026-05-18T18:39:46.352Z</time>
      </trkpt>
      <trkpt lat="50.273454" lon="16.541403">
        <ele>843.759449</ele>
        <time>2026-05-18T18:39:47.796Z</time>
      </trkpt>
      <trkpt lat="50.273670" lon="16.541259">
        <ele>842.334178</ele>
        <time>2026-05-18T18:39:50.917Z</time>
      </trkpt>
      <trkpt lat="50.273714" lon="16.541230">
        <ele>842.044349</ele>
        <time>2026-05-18T18:39:51.544Z</time>
      </trkpt>
      <trkpt lat="50.273846" lon="16.541132">
        <ele>841.157424</ele>
        <time>2026-05-18T18:39:53.468Z</time>
      </trkpt>
      <trkpt lat="50.274422" lon="16.540682">
        <ele>836.883816</ele>
        <time>2026-05-18T18:40:01.784Z</time>
      </trkpt>
      <trkpt lat="50.274951" lon="16.540298">
        <ele>832.118902</ele>
        <time>2026-05-18T18:40:09.082Z</time>
      </trkpt>
      <trkpt lat="50.276060" lon="16.539499">
        <ele>822.563302</ele>
        <time>2026-05-18T18:40:24.204Z</time>
      </trkpt>
      <trkpt lat="50.276081" lon="16.539473">
        <ele>822.407248</ele>
        <time>2026-05-18T18:40:24.541Z</time>
      </trkpt>
      <trkpt lat="50.276149" lon="16.539390">
        <ele>821.904669</ele>
        <time>2026-05-18T18:40:25.628Z</time>
      </trkpt>
      <trkpt lat="50.276159" lon="16.539381">
        <ele>821.837441</ele>
        <time>2026-05-18T18:40:25.772Z</time>
      </trkpt>
      <trkpt lat="50.276163" lon="16.539376">
        <ele>821.807606</ele>
        <time>2026-05-18T18:40:25.831Z</time>
      </trkpt>
      <trkpt lat="50.276604" lon="16.538884">
        <ele>818.651323</ele>
        <time>2026-05-18T18:40:35.795Z</time>
      </trkpt>
      <trkpt lat="50.276964" lon="16.538546">
        <ele>816.204729</ele>
        <time>2026-05-18T18:40:43.845Z</time>
      </trkpt>
      <trkpt lat="50.277049" lon="16.538448">
        <ele>815.589449</ele>
        <time>2026-05-18T18:40:44.872Z</time>
      </trkpt>
      <trkpt lat="50.277114" lon="16.538308">
        <ele>814.944986</ele>
        <time>2026-05-18T18:40:45.973Z</time>
      </trkpt>
      <trkpt lat="50.277358" lon="16.537677">
        <ele>813.093101</ele>
        <time>2026-05-18T18:40:50.953Z</time>
      </trkpt>
      <trkpt lat="50.277048" lon="16.537488">
        <ele>813.022208</ele>
        <time>2026-05-18T18:40:54.722Z</time>
      </trkpt>
      <trkpt lat="50.276860" lon="16.537374">
        <ele>812.979246</ele>
        <time>2026-05-18T18:40:57.195Z</time>
      </trkpt>
      <trkpt lat="50.276688" lon="16.537228">
        <ele>812.937550</ele>
        <time>2026-05-18T18:40:59.668Z</time>
      </trkpt>
      <trkpt lat="50.276606" lon="16.537323">
        <ele>812.915809</ele>
        <time>2026-05-18T18:41:01.763Z</time>
      </trkpt>
      <trkpt lat="50.276527" lon="16.537024">
        <ele>812.871750</ele>
        <time>2026-05-18T18:41:05.319Z</time>
      </trkpt>
      <trkpt lat="50.276225" lon="16.535944">
        <ele>812.947130</ele>
        <time>2026-05-18T18:41:22.072Z</time>
      </trkpt>
      <trkpt lat="50.276208" lon="16.535877">
        <ele>813.008385</ele>
        <time>2026-05-18T18:41:23.122Z</time>
      </trkpt>
      <trkpt lat="50.275626" lon="16.533564">
        <ele>815.120689</ele>
        <time>2026-05-18T18:41:57.858Z</time>
      </trkpt>
      <trkpt lat="50.275355" lon="16.532447">
        <ele>812.826209</ele>
        <time>2026-05-18T18:42:06.581Z</time>
      </trkpt>
      <trkpt lat="50.275222" lon="16.531626">
        <ele>811.165423</ele>
        <time>2026-05-18T18:42:11.837Z</time>
      </trkpt>
      <trkpt lat="50.275204" lon="16.531495">
        <ele>810.902679</ele>
        <time>2026-05-18T18:42:12.647Z</time>
      </trkpt>
      <trkpt lat="50.275074" lon="16.530502">
        <ele>808.402725</ele>
        <time>2026-05-18T18:42:18.667Z</time>
      </trkpt>
      <trkpt lat="50.275025" lon="16.530183">
        <ele>807.289602</ele>
        <time>2026-05-18T18:42:20.616Z</time>
      </trkpt>
      <trkpt lat="50.275044" lon="16.529793">
        <ele>805.962572</ele>
        <time>2026-05-18T18:42:22.945Z</time>
      </trkpt>
      <trkpt lat="50.275236" lon="16.528877">
        <ele>802.691901</ele>
        <time>2026-05-18T18:42:28.687Z</time>
      </trkpt>
      <trkpt lat="50.275451" lon="16.528180">
        <ele>800.066342</ele>
        <time>2026-05-18T18:42:33.308Z</time>
      </trkpt>
      <trkpt lat="50.275860" lon="16.526991">
        <ele>795.983294</ele>
        <time>2026-05-18T18:42:41.453Z</time>
      </trkpt>
      <trkpt lat="50.276115" lon="16.526408">
        <ele>793.847074</ele>
        <time>2026-05-18T18:42:45.758Z</time>
      </trkpt>
      <trkpt lat="50.276235" lon="16.525695">
        <ele>791.617597</ele>
        <time>2026-05-18T18:42:50.294Z</time>
      </trkpt>
      <trkpt lat="50.276327" lon="16.524845">
        <ele>789.157603</ele>
        <time>2026-05-18T18:42:55.642Z</time>
      </trkpt>
      <trkpt lat="50.276347" lon="16.524306">
        <ele>787.619135</ele>
        <time>2026-05-18T18:42:59.026Z</time>
      </trkpt>
      <trkpt lat="50.276216" lon="16.523423">
        <ele>785.036118</ele>
        <time>2026-05-18T18:43:04.649Z</time>
      </trkpt>
      <trkpt lat="50.276080" lon="16.522755">
        <ele>782.805001</ele>
        <time>2026-05-18T18:43:08.908Z</time>
      </trkpt>
      <trkpt lat="50.275611" lon="16.521049">
        <ele>775.043492</ele>
        <time>2026-05-18T18:43:19.634Z</time>
      </trkpt>
      <trkpt lat="50.275401" lon="16.519854">
        <ele>770.581246</ele>
        <time>2026-05-18T18:43:26.671Z</time>
      </trkpt>
      <trkpt lat="50.275398" lon="16.519401">
        <ele>769.398066</ele>
        <time>2026-05-18T18:43:29.306Z</time>
      </trkpt>
      <trkpt lat="50.275283" lon="16.519125">
        <ele>768.537560</ele>
        <time>2026-05-18T18:43:31.272Z</time>
      </trkpt>
      <trkpt lat="50.275101" lon="16.518954">
        <ele>767.670012</ele>
        <time>2026-05-18T18:43:33.386Z</time>
      </trkpt>
      <trkpt lat="50.274901" lon="16.518853">
        <ele>766.811178</ele>
        <time>2026-05-18T18:43:35.631Z</time>
      </trkpt>
      <trkpt lat="50.274534" lon="16.518580">
        <ele>765.150536</ele>
        <time>2026-05-18T18:43:40.412Z</time>
      </trkpt>
      <trkpt lat="50.274439" lon="16.518445">
        <ele>764.626094</ele>
        <time>2026-05-18T18:43:41.961Z</time>
      </trkpt>
      <trkpt lat="50.274374" lon="16.518206">
        <ele>764.061020</ele>
        <time>2026-05-18T18:43:43.942Z</time>
      </trkpt>
      <trkpt lat="50.274335" lon="16.517871">
        <ele>763.382300</ele>
        <time>2026-05-18T18:43:46.508Z</time>
      </trkpt>
      <trkpt lat="50.274351" lon="16.517576">
        <ele>762.792182</ele>
        <time>2026-05-18T18:43:48.649Z</time>
      </trkpt>
      <trkpt lat="50.274451" lon="16.517178">
        <ele>761.939773</ele>
        <time>2026-05-18T18:43:51.607Z</time>
      </trkpt>
      <trkpt lat="50.274614" lon="16.516532">
        <ele>760.555432</ele>
        <time>2026-05-18T18:43:56.112Z</time>
      </trkpt>
      <trkpt lat="50.274982" lon="16.515359">
        <ele>757.247122</ele>
        <time>2026-05-18T18:44:03.977Z</time>
      </trkpt>
      <trkpt lat="50.275456" lon="16.514450">
        <ele>753.007868</ele>
        <time>2026-05-18T18:44:10.992Z</time>
      </trkpt>
      <trkpt lat="50.275530" lon="16.514208">
        <ele>752.038473</ele>
        <time>2026-05-18T18:44:12.577Z</time>
      </trkpt>
      <trkpt lat="50.275573" lon="16.513875">
        <ele>750.810879</ele>
        <time>2026-05-18T18:44:14.580Z</time>
      </trkpt>
      <trkpt lat="50.275600" lon="16.513222">
        <ele>748.413081</ele>
        <time>2026-05-18T18:44:18.378Z</time>
      </trkpt>
      <trkpt lat="50.275747" lon="16.511815">
        <ele>742.407268</ele>
        <time>2026-05-18T18:44:26.531Z</time>
      </trkpt>
      <trkpt lat="50.275738" lon="16.511411">
        <ele>740.704345</ele>
        <time>2026-05-18T18:44:28.853Z</time>
      </trkpt>
      <trkpt lat="50.275765" lon="16.511022">
        <ele>739.056009</ele>
        <time>2026-05-18T18:44:31.112Z</time>
      </trkpt>
      <trkpt lat="50.276001" lon="16.509997">
        <ele>734.960040</ele>
        <time>2026-05-18T18:44:37.550Z</time>
      </trkpt>
      <trkpt lat="50.275996" lon="16.509584">
        <ele>733.589381</ele>
        <time>2026-05-18T18:44:40.052Z</time>
      </trkpt>
      <trkpt lat="50.275970" lon="16.509526">
        <ele>733.354302</ele>
        <time>2026-05-18T18:44:40.484Z</time>
      </trkpt>
      <trkpt lat="50.275933" lon="16.509445">
        <ele>733.023933</ele>
        <time>2026-05-18T18:44:41.086Z</time>
      </trkpt>
      <trkpt lat="50.275329" lon="16.509084">
        <ele>729.666938</ele>
        <time>2026-05-18T18:44:47.122Z</time>
      </trkpt>
      <trkpt lat="50.275113" lon="16.508995">
        <ele>728.507222</ele>
        <time>2026-05-18T18:44:49.180Z</time>
      </trkpt>
      <trkpt lat="50.274977" lon="16.508994">
        <ele>727.801095</ele>
        <time>2026-05-18T18:44:50.444Z</time>
      </trkpt>
      <trkpt lat="50.274761" lon="16.508921">
        <ele>727.148237</ele>
        <time>2026-05-18T18:44:52.578Z</time>
      </trkpt>
      <trkpt lat="50.274486" lon="16.508802">
        <ele>726.583752</ele>
        <time>2026-05-18T18:44:55.400Z</time>
      </trkpt>
      <trkpt lat="50.274275" lon="16.508644">
        <ele>726.120965</ele>
        <time>2026-05-18T18:44:57.785Z</time>
      </trkpt>
      <trkpt lat="50.273298" lon="16.508763">
        <ele>724.182212</ele>
        <time>2026-05-18T18:45:09.611Z</time>
      </trkpt>
      <trkpt lat="50.272881" lon="16.508606">
        <ele>723.500782</ele>
        <time>2026-05-18T18:45:20.260Z</time>
      </trkpt>
      <trkpt lat="50.272536" lon="16.508198">
        <ele>722.900271</ele>
        <time>2026-05-18T18:45:28.938Z</time>
      </trkpt>
      <trkpt lat="50.272238" lon="16.507771">
        <ele>722.339166</ele>
        <time>2026-05-18T18:45:35.624Z</time>
      </trkpt>
      <trkpt lat="50.271915" lon="16.507028">
        <ele>721.541676</ele>
        <time>2026-05-18T18:45:44.236Z</time>
      </trkpt>
      <trkpt lat="50.271494" lon="16.506390">
        <ele>720.843582</ele>
        <time>2026-05-18T18:45:52.664Z</time>
      </trkpt>
      <trkpt lat="50.271141" lon="16.506088">
        <ele>720.381615</ele>
        <time>2026-05-18T18:45:58.548Z</time>
      </trkpt>
      <trkpt lat="50.270520" lon="16.505832">
        <ele>719.644223</ele>
        <time>2026-05-18T18:46:09.623Z</time>
      </trkpt>
      <trkpt lat="50.270285" lon="16.505666">
        <ele>719.348160</ele>
        <time>2026-05-18T18:46:16.728Z</time>
      </trkpt>
      <trkpt lat="50.270106" lon="16.505582">
        <ele>720.049863</ele>
        <time>2026-05-18T18:46:22.947Z</time>
      </trkpt>
      <trkpt lat="50.269999" lon="16.505589">
        <ele>720.496542</ele>
        <time>2026-05-18T18:46:26.936Z</time>
      </trkpt>
      <trkpt lat="50.269906" lon="16.505687">
        <ele>720.964219</ele>
        <time>2026-05-18T18:46:31.306Z</time>
      </trkpt>
      <trkpt lat="50.269818" lon="16.505917">
        <ele>721.678847</ele>
        <time>2026-05-18T18:46:38.478Z</time>
      </trkpt>
      <trkpt lat="50.269498" lon="16.507087">
        <ele>725.071576</ele>
        <time>2026-05-18T18:47:15.009Z</time>
      </trkpt>
      <trkpt lat="50.269293" lon="16.507429">
        <ele>726.321537</ele>
        <time>2026-05-18T18:47:26.687Z</time>
      </trkpt>
      <trkpt lat="50.269099" lon="16.507495">
        <ele>726.769859</ele>
        <time>2026-05-18T18:47:33.263Z</time>
      </trkpt>
      <trkpt lat="50.268784" lon="16.507409">
        <ele>726.501923</ele>
        <time>2026-05-18T18:47:41.348Z</time>
      </trkpt>
      <trkpt lat="50.268461" lon="16.507455">
        <ele>726.230152</ele>
        <time>2026-05-18T18:47:46.949Z</time>
      </trkpt>
      <trkpt lat="50.268387" lon="16.507538">
        <ele>726.153857</ele>
        <time>2026-05-18T18:47:48.334Z</time>
      </trkpt>
      <trkpt lat="50.268209" lon="16.507738">
        <ele>725.970224</ele>
        <time>2026-05-18T18:47:51.598Z</time>
      </trkpt>
      <trkpt lat="50.267940" lon="16.508415">
        <ele>725.543274</ele>
        <time>2026-05-18T18:47:58.988Z</time>
      </trkpt>
      <trkpt lat="50.267830" lon="16.508974">
        <ele>725.354517</ele>
        <time>2026-05-18T18:48:04.734Z</time>
      </trkpt>
      <trkpt lat="50.267792" lon="16.509467">
        <ele>725.432625</ele>
        <time>2026-05-18T18:48:10.225Z</time>
      </trkpt>
      <trkpt lat="50.267860" lon="16.510670">
        <ele>725.622589</ele>
        <time>2026-05-18T18:48:27.907Z</time>
      </trkpt>
      <trkpt lat="50.267759" lon="16.511281">
        <ele>725.721858</ele>
        <time>2026-05-18T18:48:38.840Z</time>
      </trkpt>
      <trkpt lat="50.267755" lon="16.511801">
        <ele>725.937263</ele>
        <time>2026-05-18T18:48:47.811Z</time>
      </trkpt>
      <trkpt lat="50.266393" lon="16.515364">
        <ele>729.907671</ele>
        <time>2026-05-18T18:49:53.335Z</time>
      </trkpt>
      <trkpt lat="50.266175" lon="16.515632">
        <ele>730.463227</ele>
        <time>2026-05-18T18:50:01.943Z</time>
      </trkpt>
      <trkpt lat="50.266098" lon="16.515682">
        <ele>730.630280</ele>
        <time>2026-05-18T18:50:04.613Z</time>
      </trkpt>
      <trkpt lat="50.266093" lon="16.515685">
        <ele>730.641010</ele>
        <time>2026-05-18T18:50:04.797Z</time>
      </trkpt>
      <trkpt lat="50.266018" lon="16.515733">
        <ele>730.803381</ele>
        <time>2026-05-18T18:50:07.378Z</time>
      </trkpt>
      <trkpt lat="50.265985" lon="16.515754">
        <ele>730.874767</ele>
        <time>2026-05-18T18:50:08.554Z</time>
      </trkpt>
      <trkpt lat="50.265605" lon="16.515686">
        <ele>731.663517</ele>
        <time>2026-05-18T18:50:21.207Z</time>
      </trkpt>
      <trkpt lat="50.265312" lon="16.515632">
        <ele>732.359517</ele>
        <time>2026-05-18T18:50:31.260Z</time>
      </trkpt>
      <trkpt lat="50.265134" lon="16.515552">
        <ele>732.796426</ele>
        <time>2026-05-18T18:50:37.596Z</time>
      </trkpt>
      <trkpt lat="50.265013" lon="16.515319">
        <ele>733.249134</ele>
        <time>2026-05-18T18:50:44.260Z</time>
      </trkpt>
      <trkpt lat="50.264941" lon="16.514945">
        <ele>733.838161</ele>
        <time>2026-05-18T18:50:52.434Z</time>
      </trkpt>
      <trkpt lat="50.264775" lon="16.514312">
        <ele>734.869955</ele>
        <time>2026-05-18T18:51:05.382Z</time>
      </trkpt>
      <trkpt lat="50.264711" lon="16.513971">
        <ele>735.405903</ele>
        <time>2026-05-18T18:51:10.776Z</time>
      </trkpt>
      <trkpt lat="50.264813" lon="16.513451">
        <ele>735.751956</ele>
        <time>2026-05-18T18:51:18.271Z</time>
      </trkpt>
      <trkpt lat="50.264691" lon="16.511518">
        <ele>735.712297</ele>
        <time>2026-05-18T18:51:41.981Z</time>
      </trkpt>
      <trkpt lat="50.264687" lon="16.510979">
        <ele>735.701292</ele>
        <time>2026-05-18T18:51:48.780Z</time>
      </trkpt>
      <trkpt lat="50.264616" lon="16.510598">
        <ele>735.618205</ele>
        <time>2026-05-18T18:51:53.813Z</time>
      </trkpt>
      <trkpt lat="50.264384" lon="16.509896">
        <ele>735.443982</ele>
        <time>2026-05-18T18:52:03.949Z</time>
      </trkpt>
      <trkpt lat="50.263665" lon="16.508827">
        <ele>735.101884</ele>
        <time>2026-05-18T18:52:22.599Z</time>
      </trkpt>
      <trkpt lat="50.263490" lon="16.508678">
        <ele>734.922318</ele>
        <time>2026-05-18T18:52:26.115Z</time>
      </trkpt>
      <trkpt lat="50.263359" lon="16.508715">
        <ele>734.768950</ele>
        <time>2026-05-18T18:52:28.473Z</time>
      </trkpt>
      <trkpt lat="50.263342" lon="16.508720">
        <ele>734.749021</ele>
        <time>2026-05-18T18:52:28.788Z</time>
      </trkpt>
      <trkpt lat="50.263226" lon="16.509003">
        <ele>734.501423</ele>
        <time>2026-05-18T18:52:32.627Z</time>
      </trkpt>
      <trkpt lat="50.263202" lon="16.509408">
        <ele>734.201859</ele>
        <time>2026-05-18T18:52:37.142Z</time>
      </trkpt>
      <trkpt lat="50.263122" lon="16.509747">
        <ele>733.935714</ele>
        <time>2026-05-18T18:52:41.088Z</time>
      </trkpt>
      <trkpt lat="50.262847" lon="16.510476">
        <ele>733.312286</ele>
        <time>2026-05-18T18:52:50.203Z</time>
      </trkpt>
      <trkpt lat="50.262474" lon="16.510770">
        <ele>732.715314</ele>
        <time>2026-05-18T18:52:56.954Z</time>
      </trkpt>
      <trkpt lat="50.262043" lon="16.511044">
        <ele>731.829154</ele>
        <time>2026-05-18T18:53:04.139Z</time>
      </trkpt>
      <trkpt lat="50.261190" lon="16.511221">
        <ele>730.190157</ele>
        <time>2026-05-18T18:53:17.378Z</time>
      </trkpt>
      <trkpt lat="50.260706" lon="16.511407">
        <ele>729.509101</ele>
        <time>2026-05-18T18:53:25.773Z</time>
      </trkpt>
      <trkpt lat="50.260352" lon="16.511477">
        <ele>729.363427</ele>
        <time>2026-05-18T18:53:32.149Z</time>
      </trkpt>
      <trkpt lat="50.260022" lon="16.511607">
        <ele>729.224495</ele>
        <time>2026-05-18T18:53:38.431Z</time>
      </trkpt>
      <trkpt lat="50.259749" lon="16.511872">
        <ele>729.093324</ele>
        <time>2026-05-18T18:53:44.566Z</time>
      </trkpt>
      <trkpt lat="50.259463" lon="16.512230">
        <ele>728.943777</ele>
        <time>2026-05-18T18:53:52.188Z</time>
      </trkpt>
      <trkpt lat="50.259318" lon="16.512773">
        <ele>729.023815</ele>
        <time>2026-05-18T18:54:00.331Z</time>
      </trkpt>
      <trkpt lat="50.259371" lon="16.513271">
        <ele>729.424757</ele>
        <time>2026-05-18T18:54:07.499Z</time>
      </trkpt>
      <trkpt lat="50.259624" lon="16.514028">
        <ele>730.103141</ele>
        <time>2026-05-18T18:54:20.839Z</time>
      </trkpt>
      <trkpt lat="50.260298" lon="16.515479">
        <ele>732.002865</ele>
        <time>2026-05-18T18:54:53.013Z</time>
      </trkpt>
      <trkpt lat="50.260455" lon="16.516151">
        <ele>733.177683</ele>
        <time>2026-05-18T18:55:05.859Z</time>
      </trkpt>
      <trkpt lat="50.260512" lon="16.516622">
        <ele>733.964812</ele>
        <time>2026-05-18T18:55:14.726Z</time>
      </trkpt>
      <trkpt lat="50.260509" lon="16.517524">
        <ele>735.445937</ele>
        <time>2026-05-18T18:55:32.672Z</time>
      </trkpt>
      <trkpt lat="50.260575" lon="16.518547">
        <ele>738.404882</ele>
        <time>2026-05-18T18:55:57.355Z</time>
      </trkpt>
      <trkpt lat="50.260887" lon="16.520964">
        <ele>744.895497</ele>
        <time>2026-05-18T18:57:04.360Z</time>
      </trkpt>
      <trkpt lat="50.260899" lon="16.521103">
        <ele>745.022509</ele>
        <time>2026-05-18T18:57:07.461Z</time>
      </trkpt>
      <trkpt lat="50.260922" lon="16.521386">
        <ele>745.280838</ele>
        <time>2026-05-18T18:57:13.157Z</time>
      </trkpt>
      <trkpt lat="50.260891" lon="16.521464">
        <ele>745.364006</ele>
        <time>2026-05-18T18:57:14.879Z</time>
      </trkpt>
      <trkpt lat="50.260788" lon="16.521417">
        <ele>745.515983</ele>
        <time>2026-05-18T18:57:17.854Z</time>
      </trkpt>
      <trkpt lat="50.260402" lon="16.520931">
        <ele>746.217855</ele>
        <time>2026-05-18T18:57:28.993Z</time>
      </trkpt>
      <trkpt lat="50.260183" lon="16.520374">
        <ele>746.810001</ele>
        <time>2026-05-18T18:57:35.956Z</time>
      </trkpt>
      <trkpt lat="50.259808" lon="16.519277">
        <ele>746.023218</ele>
        <time>2026-05-18T18:57:48.370Z</time>
      </trkpt>
      <trkpt lat="50.259600" lon="16.518951">
        <ele>745.616133</ele>
        <time>2026-05-18T18:57:53.130Z</time>
      </trkpt>
      <trkpt lat="50.259267" lon="16.518528">
        <ele>745.023060</ele>
        <time>2026-05-18T18:58:00.419Z</time>
      </trkpt>
      <trkpt lat="50.258518" lon="16.518105">
        <ele>744.127676</ele>
        <time>2026-05-18T18:58:14.912Z</time>
      </trkpt>
      <trkpt lat="50.258025" lon="16.517994">
        <ele>743.692075</ele>
        <time>2026-05-18T18:58:23.671Z</time>
      </trkpt>
      <trkpt lat="50.257380" lon="16.518096">
        <ele>743.125110</ele>
        <time>2026-05-18T18:58:34.578Z</time>
      </trkpt>
      <trkpt lat="50.257233" lon="16.518195">
        <ele>742.985139</ele>
        <time>2026-05-18T18:58:37.314Z</time>
      </trkpt>
      <trkpt lat="50.257214" lon="16.518207">
        <ele>742.967219</ele>
        <time>2026-05-18T18:58:37.676Z</time>
      </trkpt>
      <trkpt lat="50.257178" lon="16.518393">
        <ele>743.006117</ele>
        <time>2026-05-18T18:58:39.877Z</time>
      </trkpt>
      <trkpt lat="50.257166" lon="16.518830">
        <ele>743.483249</ele>
        <time>2026-05-18T18:58:45.096Z</time>
      </trkpt>
      <trkpt lat="50.257300" lon="16.519672">
        <ele>744.429754</ele>
        <time>2026-05-18T18:58:57.603Z</time>
      </trkpt>
      <trkpt lat="50.257853" lon="16.522066">
        <ele>747.953196</ele>
        <time>2026-05-18T18:59:53.030Z</time>
      </trkpt>
      <trkpt lat="50.257885" lon="16.522637">
        <ele>748.958353</ele>
        <time>2026-05-18T19:00:05.733Z</time>
      </trkpt>
      <trkpt lat="50.257960" lon="16.523219">
        <ele>749.999487</ele>
        <time>2026-05-18T19:00:16.618Z</time>
      </trkpt>
      <trkpt lat="50.257890" lon="16.523478">
        <ele>750.492590</ele>
        <time>2026-05-18T19:00:21.479Z</time>
      </trkpt>
      <trkpt lat="50.257787" lon="16.523683">
        <ele>750.923992</ele>
        <time>2026-05-18T19:00:25.827Z</time>
      </trkpt>
      <trkpt lat="50.257660" lon="16.523725">
        <ele>751.044130</ele>
        <time>2026-05-18T19:00:29.107Z</time>
      </trkpt>
      <trkpt lat="50.257481" lon="16.523656">
        <ele>751.214753</ele>
        <time>2026-05-18T19:00:33.578Z</time>
      </trkpt>
      <trkpt lat="50.257279" lon="16.523474">
        <ele>751.430504</ele>
        <time>2026-05-18T19:00:38.871Z</time>
      </trkpt>
      <trkpt lat="50.254911" lon="16.522777">
        <ele>753.652672</ele>
        <time>2026-05-18T19:01:35.071Z</time>
      </trkpt>
      <trkpt lat="50.254719" lon="16.522828">
        <ele>753.831601</ele>
        <time>2026-05-18T19:01:40.454Z</time>
      </trkpt>
      <trkpt lat="50.254456" lon="16.523093">
        <ele>754.119040</ele>
        <time>2026-05-18T19:01:48.765Z</time>
      </trkpt>
      <trkpt lat="50.254007" lon="16.523660">
        <ele>753.295377</ele>
        <time>2026-05-18T19:02:02.152Z</time>
      </trkpt>
      <trkpt lat="50.253886" lon="16.523882">
        <ele>752.915937</ele>
        <time>2026-05-18T19:02:05.762Z</time>
      </trkpt>
      <trkpt lat="50.253796" lon="16.524176">
        <ele>752.491953</ele>
        <time>2026-05-18T19:02:09.360Z</time>
      </trkpt>
      <trkpt lat="50.253752" lon="16.524411">
        <ele>752.173445</ele>
        <time>2026-05-18T19:02:11.848Z</time>
      </trkpt>
      <trkpt lat="50.253757" lon="16.524669">
        <ele>751.837703</ele>
        <time>2026-05-18T19:02:14.334Z</time>
      </trkpt>
      <trkpt lat="50.253941" lon="16.525069">
        <ele>751.196754</ele>
        <time>2026-05-18T19:02:18.844Z</time>
      </trkpt>
      <trkpt lat="50.254091" lon="16.525291">
        <ele>750.776636</ele>
        <time>2026-05-18T19:02:21.667Z</time>
      </trkpt>
      <trkpt lat="50.254124" lon="16.525438">
        <ele>750.573987</ele>
        <time>2026-05-18T19:02:23.019Z</time>
      </trkpt>
      <trkpt lat="50.253813" lon="16.527734">
        <ele>740.085756</ele>
        <time>2026-05-18T19:02:42.259Z</time>
      </trkpt>
      <trkpt lat="50.253733" lon="16.527966">
        <ele>738.906441</ele>
        <time>2026-05-18T19:02:44.361Z</time>
      </trkpt>
      <trkpt lat="50.253574" lon="16.528172">
        <ele>737.486410</ele>
        <time>2026-05-18T19:02:46.924Z</time>
      </trkpt>
      <trkpt lat="50.253209" lon="16.528529">
        <ele>734.616865</ele>
        <time>2026-05-18T19:02:52.261Z</time>
      </trkpt>
      <trkpt lat="50.253023" lon="16.528787">
        <ele>732.959692</ele>
        <time>2026-05-18T19:02:55.363Z</time>
      </trkpt>
      <trkpt lat="50.252857" lon="16.529197">
        <ele>730.891406</ele>
        <time>2026-05-18T19:02:59.282Z</time>
      </trkpt>
      <trkpt lat="50.252808" lon="16.529460">
        <ele>729.723882</ele>
        <time>2026-05-18T19:03:01.558Z</time>
      </trkpt>
      <trkpt lat="50.252791" lon="16.529736">
        <ele>728.542121</ele>
        <time>2026-05-18T19:03:03.905Z</time>
      </trkpt>
      <trkpt lat="50.252832" lon="16.530045">
        <ele>727.197102</ele>
        <time>2026-05-18T19:03:06.654Z</time>
      </trkpt>
      <trkpt lat="50.252887" lon="16.530263">
        <ele>726.198272</ele>
        <time>2026-05-18T19:03:08.762Z</time>
      </trkpt>
      <trkpt lat="50.252981" lon="16.530431">
        <ele>725.616371</ele>
        <time>2026-05-18T19:03:10.835Z</time>
      </trkpt>
      <trkpt lat="50.253121" lon="16.530576">
        <ele>725.050672</ele>
        <time>2026-05-18T19:03:13.398Z</time>
      </trkpt>
      <trkpt lat="50.254303" lon="16.531798">
        <ele>720.277210</ele>
        <time>2026-05-18T19:03:35.586Z</time>
      </trkpt>
      <trkpt lat="50.253999" lon="16.531685">
        <ele>718.246073</ele>
        <time>2026-05-18T19:03:39.647Z</time>
      </trkpt>
      <trkpt lat="50.252957" lon="16.531613">
        <ele>709.889538</ele>
        <time>2026-05-18T19:03:52.524Z</time>
      </trkpt>
      <trkpt lat="50.252543" lon="16.531487">
        <ele>706.510393</ele>
        <time>2026-05-18T19:03:57.698Z</time>
      </trkpt>
      <trkpt lat="50.252271" lon="16.531272">
        <ele>704.238878</ele>
        <time>2026-05-18T19:04:01.506Z</time>
      </trkpt>
      <trkpt lat="50.251945" lon="16.530937">
        <ele>701.479224</ele>
        <time>2026-05-18T19:04:06.457Z</time>
      </trkpt>
      <trkpt lat="50.251677" lon="16.530599">
        <ele>699.043514</ele>
        <time>2026-05-18T19:04:10.888Z</time>
      </trkpt>
      <trkpt lat="50.251135" lon="16.529723">
        <ele>693.529300</ele>
        <time>2026-05-18T19:04:20.959Z</time>
      </trkpt>
      <trkpt lat="50.251016" lon="16.529439">
        <ele>692.252126</ele>
        <time>2026-05-18T19:04:23.785Z</time>
      </trkpt>
      <trkpt lat="50.250870" lon="16.528820">
        <ele>690.226138</ele>
        <time>2026-05-18T19:04:29.330Z</time>
      </trkpt>
      <trkpt lat="50.250669" lon="16.528385">
        <ele>688.578089</ele>
        <time>2026-05-18T19:04:33.971Z</time>
      </trkpt>
      <trkpt lat="50.250573" lon="16.528244">
        <ele>687.945621</ele>
        <time>2026-05-18T19:04:35.781Z</time>
      </trkpt>
      <trkpt lat="50.250230" lon="16.528002">
        <ele>686.138541</ele>
        <time>2026-05-18T19:04:41.052Z</time>
      </trkpt>
      <trkpt lat="50.249713" lon="16.527475">
        <ele>683.244492</ele>
        <time>2026-05-18T19:04:49.942Z</time>
      </trkpt>
      <trkpt lat="50.249385" lon="16.527178">
        <ele>681.552779</ele>
        <time>2026-05-18T19:04:55.327Z</time>
      </trkpt>
      <trkpt lat="50.249114" lon="16.527003">
        <ele>680.244115</ele>
        <time>2026-05-18T19:04:59.378Z</time>
      </trkpt>
      <trkpt lat="50.248909" lon="16.526930">
        <ele>679.305685</ele>
        <time>2026-05-18T19:05:02.236Z</time>
      </trkpt>
      <trkpt lat="50.248475" lon="16.526906">
        <ele>677.367334</ele>
        <time>2026-05-18T19:05:08.077Z</time>
      </trkpt>
      <trkpt lat="50.247972" lon="16.526797">
        <ele>675.186817</ele>
        <time>2026-05-18T19:05:14.906Z</time>
      </trkpt>
      <trkpt lat="50.247734" lon="16.526819">
        <ele>674.211352</ele>
        <time>2026-05-18T19:05:18.152Z</time>
      </trkpt>
      <trkpt lat="50.247360" lon="16.526919">
        <ele>672.658943</ele>
        <time>2026-05-18T19:05:23.419Z</time>
      </trkpt>
      <trkpt lat="50.247137" lon="16.526900">
        <ele>671.745196</ele>
        <time>2026-05-18T19:05:26.587Z</time>
      </trkpt>
      <trkpt lat="50.247010" lon="16.526858">
        <ele>671.214089</ele>
        <time>2026-05-18T19:05:28.469Z</time>
      </trkpt>
      <trkpt lat="50.246456" lon="16.526474">
        <ele>668.722200</ele>
        <time>2026-05-18T19:05:37.306Z</time>
      </trkpt>
      <trkpt lat="50.246095" lon="16.526308">
        <ele>666.693593</ele>
        <time>2026-05-18T19:05:42.644Z</time>
      </trkpt>
      <trkpt lat="50.245893" lon="16.526266">
        <ele>665.594996</ele>
        <time>2026-05-18T19:05:45.473Z</time>
      </trkpt>
      <trkpt lat="50.245505" lon="16.526249">
        <ele>663.502408</ele>
        <time>2026-05-18T19:05:50.714Z</time>
      </trkpt>
      <trkpt lat="50.245013" lon="16.526364">
        <ele>660.820492</ele>
        <time>2026-05-18T19:05:57.255Z</time>
      </trkpt>
      <trkpt lat="50.244665" lon="16.526491">
        <ele>658.813047</ele>
        <time>2026-05-18T19:06:01.821Z</time>
      </trkpt>
      <trkpt lat="50.244136" lon="16.526757">
        <ele>654.496364</ele>
        <time>2026-05-18T19:06:08.785Z</time>
      </trkpt>
      <trkpt lat="50.243766" lon="16.526904">
        <ele>651.530765</ele>
        <time>2026-05-18T19:06:13.555Z</time>
      </trkpt>
      <trkpt lat="50.243080" lon="16.527172">
        <ele>646.037898</ele>
        <time>2026-05-18T19:06:22.441Z</time>
      </trkpt>
      <trkpt lat="50.242634" lon="16.527301">
        <ele>643.166397</ele>
        <time>2026-05-18T19:06:28.213Z</time>
      </trkpt>
      <trkpt lat="50.242402" lon="16.527334">
        <ele>641.812132</ele>
        <time>2026-05-18T19:06:31.229Z</time>
      </trkpt>
      <trkpt lat="50.242238" lon="16.527310">
        <ele>640.854578</ele>
        <time>2026-05-18T19:06:33.384Z</time>
      </trkpt>
      <trkpt lat="50.241260" lon="16.526840">
        <ele>634.906652</ele>
        <time>2026-05-18T19:06:47.208Z</time>
      </trkpt>
      <trkpt lat="50.241062" lon="16.526889">
        <ele>633.864696</ele>
        <time>2026-05-18T19:06:49.952Z</time>
      </trkpt>
      <trkpt lat="50.240688" lon="16.526980">
        <ele>631.963535</ele>
        <time>2026-05-18T19:06:55.098Z</time>
      </trkpt>
      <trkpt lat="50.240178" lon="16.526902">
        <ele>629.389649</ele>
        <time>2026-05-18T19:07:02.014Z</time>
      </trkpt>
      <trkpt lat="50.239812" lon="16.527045">
        <ele>627.494752</ele>
        <time>2026-05-18T19:07:07.052Z</time>
      </trkpt>
      <trkpt lat="50.239662" lon="16.527064">
        <ele>626.738854</ele>
        <time>2026-05-18T19:07:09.059Z</time>
      </trkpt>
      <trkpt lat="50.239062" lon="16.526760">
        <ele>624.388577</ele>
        <time>2026-05-18T19:07:17.541Z</time>
      </trkpt>
      <trkpt lat="50.238508" lon="16.527055">
        <ele>622.625158</ele>
        <time>2026-05-18T19:07:25.821Z</time>
      </trkpt>
      <trkpt lat="50.238377" lon="16.527033">
        <ele>622.228169</ele>
        <time>2026-05-18T19:07:27.816Z</time>
      </trkpt>
      <trkpt lat="50.238262" lon="16.527513">
        <ele>621.240357</ele>
        <time>2026-05-18T19:07:31.485Z</time>
      </trkpt>
      <trkpt lat="50.238208" lon="16.528051">
        <ele>620.194534</ele>
        <time>2026-05-18T19:07:35.816Z</time>
      </trkpt>
      <trkpt lat="50.238200" lon="16.528359">
        <ele>620.122613</ele>
        <time>2026-05-18T19:07:38.497Z</time>
      </trkpt>
      <trkpt lat="50.238262" lon="16.528934">
        <ele>619.986564</ele>
        <time>2026-05-18T19:07:44.182Z</time>
      </trkpt>
      <trkpt lat="50.238388" lon="16.529375">
        <ele>619.873873</ele>
        <time>2026-05-18T19:07:48.938Z</time>
      </trkpt>
      <trkpt lat="50.238601" lon="16.529899">
        <ele>619.729015</ele>
        <time>2026-05-18T19:07:54.619Z</time>
      </trkpt>
      <trkpt lat="50.239211" lon="16.531211">
        <ele>619.373239</ele>
        <time>2026-05-18T19:08:07.937Z</time>
      </trkpt>
      <trkpt lat="50.239752" lon="16.532901">
        <ele>618.985366</ele>
        <time>2026-05-18T19:08:24.719Z</time>
      </trkpt>
      <trkpt lat="50.240000" lon="16.533714">
        <ele>619.032822</ele>
        <time>2026-05-18T19:08:33.593Z</time>
      </trkpt>
      <trkpt lat="50.240053" lon="16.534118">
        <ele>619.070130</ele>
        <time>2026-05-18T19:08:37.588Z</time>
      </trkpt>
      <trkpt lat="50.240054" lon="16.534475">
        <ele>619.102426</ele>
        <time>2026-05-18T19:08:41.143Z</time>
      </trkpt>
      <trkpt lat="50.239989" lon="16.534908">
        <ele>619.142662</ele>
        <time>2026-05-18T19:08:45.763Z</time>
      </trkpt>
      <trkpt lat="50.239785" lon="16.535640">
        <ele>619.214895</ele>
        <time>2026-05-18T19:08:54.008Z</time>
      </trkpt>
      <trkpt lat="50.239317" lon="16.537275">
        <ele>618.251424</ele>
        <time>2026-05-18T19:09:11.067Z</time>
      </trkpt>
      <trkpt lat="50.239198" lon="16.537591">
        <ele>618.052376</ele>
        <time>2026-05-18T19:09:13.727Z</time>
      </trkpt>
      <trkpt lat="50.239111" lon="16.537704">
        <ele>617.956388</ele>
        <time>2026-05-18T19:09:14.946Z</time>
      </trkpt>
      <trkpt lat="50.239010" lon="16.537770">
        <ele>617.863486</ele>
        <time>2026-05-18T19:09:16.087Z</time>
      </trkpt>
      <trkpt lat="50.238744" lon="16.537837">
        <ele>617.577719</ele>
        <time>2026-05-18T19:09:18.930Z</time>
      </trkpt>
      <trkpt lat="50.237989" lon="16.538126">
        <ele>616.231348</ele>
        <time>2026-05-18T19:09:26.925Z</time>
      </trkpt>
      <trkpt lat="50.236644" lon="16.539282">
        <ele>614.727286</ele>
        <time>2026-05-18T19:09:45.950Z</time>
      </trkpt>
      <trkpt lat="50.236411" lon="16.539510">
        <ele>614.800059</ele>
        <time>2026-05-18T19:09:50.610Z</time>
      </trkpt>
      <trkpt lat="50.236143" lon="16.539924">
        <ele>614.899805</ele>
        <time>2026-05-18T19:09:57.262Z</time>
      </trkpt>
      <trkpt lat="50.235519" lon="16.541402">
        <ele>616.119495</ele>
        <time>2026-05-18T19:10:18.931Z</time>
      </trkpt>
      <trkpt lat="50.235073" lon="16.542566">
        <ele>617.765030</ele>
        <time>2026-05-18T19:10:38.819Z</time>
      </trkpt>
      <trkpt lat="50.233906" lon="16.545915">
        <ele>622.973275</ele>
        <time>2026-05-18T19:11:41.953Z</time>
      </trkpt>
      <trkpt lat="50.233821" lon="16.546108">
        <ele>622.936988</ele>
        <time>2026-05-18T19:11:44.409Z</time>
      </trkpt>
      <trkpt lat="50.233547" lon="16.546454">
        <ele>622.851717</ele>
        <time>2026-05-18T19:11:49.135Z</time>
      </trkpt>
      <trkpt lat="50.232433" lon="16.547339">
        <ele>622.623321</ele>
        <time>2026-05-18T19:12:03.286Z</time>
      </trkpt>
      <trkpt lat="50.231662" lon="16.548201">
        <ele>622.703429</ele>
        <time>2026-05-18T19:12:18.501Z</time>
      </trkpt>
      <trkpt lat="50.231491" lon="16.548361">
        <ele>622.720272</ele>
        <time>2026-05-18T19:12:22.672Z</time>
      </trkpt>
      <trkpt lat="50.230867" lon="16.548781">
        <ele>622.077192</ele>
        <time>2026-05-18T19:12:35.299Z</time>
      </trkpt>
      <trkpt lat="50.230377" lon="16.549032">
        <ele>620.703579</ele>
        <time>2026-05-18T19:12:41.756Z</time>
      </trkpt>
      <trkpt lat="50.229743" lon="16.549293">
        <ele>618.957071</ele>
        <time>2026-05-18T19:12:48.258Z</time>
      </trkpt>
      <trkpt lat="50.228561" lon="16.549883">
        <ele>613.574768</ele>
        <time>2026-05-18T19:12:59.642Z</time>
      </trkpt>
      <trkpt lat="50.227531" lon="16.550278">
        <ele>608.719994</ele>
        <time>2026-05-18T19:13:09.700Z</time>
      </trkpt>
      <trkpt lat="50.226762" lon="16.550667">
        <ele>607.782863</ele>
        <time>2026-05-18T19:13:18.525Z</time>
      </trkpt>
      <trkpt lat="50.226540" lon="16.550822">
        <ele>607.500958</ele>
        <time>2026-05-18T19:13:21.783Z</time>
      </trkpt>
      <trkpt lat="50.226358" lon="16.551070">
        <ele>607.221016</ele>
        <time>2026-05-18T19:13:25.662Z</time>
      </trkpt>
      <trkpt lat="50.225935" lon="16.551755">
        <ele>607.351126</ele>
        <time>2026-05-18T19:13:37.577Z</time>
      </trkpt>
      <trkpt lat="50.224893" lon="16.553524">
        <ele>611.078026</ele>
        <time>2026-05-18T19:14:16.333Z</time>
      </trkpt>
      <trkpt lat="50.224512" lon="16.554280">
        <ele>613.300363</ele>
        <time>2026-05-18T19:14:34.490Z</time>
      </trkpt>
      <trkpt lat="50.223492" lon="16.557033">
        <ele>618.970851</ele>
        <time>2026-05-18T19:15:36.017Z</time>
      </trkpt>
      <trkpt lat="50.223338" lon="16.557102">
        <ele>619.211226</ele>
        <time>2026-05-18T19:15:39.334Z</time>
      </trkpt>
      <trkpt lat="50.222736" lon="16.557703">
        <ele>620.283032</ele>
        <time>2026-05-18T19:15:49.631Z</time>
      </trkpt>
      <trkpt lat="50.222480" lon="16.557904">
        <ele>619.946911</ele>
        <time>2026-05-18T19:15:52.795Z</time>
      </trkpt>
      <trkpt lat="50.221264" lon="16.558735">
        <ele>616.531273</ele>
        <time>2026-05-18T19:16:06.601Z</time>
      </trkpt>
      <trkpt lat="50.221099" lon="16.558811">
        <ele>616.088564</ele>
        <time>2026-05-18T19:16:08.330Z</time>
      </trkpt>
      <trkpt lat="50.220956" lon="16.558972">
        <ele>615.624747</ele>
        <time>2026-05-18T19:16:10.096Z</time>
      </trkpt>
      <trkpt lat="50.220805" lon="16.559219">
        <ele>615.027659</ele>
        <time>2026-05-18T19:16:12.272Z</time>
      </trkpt>
      <trkpt lat="50.220600" lon="16.559859">
        <ele>613.776717</ele>
        <time>2026-05-18T19:16:16.822Z</time>
      </trkpt>
      <trkpt lat="50.220564" lon="16.560588">
        <ele>612.498769</ele>
        <time>2026-05-18T19:16:21.559Z</time>
      </trkpt>
      <trkpt lat="50.220524" lon="16.560889">
        <ele>611.961449</ele>
        <time>2026-05-18T19:16:23.670Z</time>
      </trkpt>
      <trkpt lat="50.220415" lon="16.561136">
        <ele>611.437014</ele>
        <time>2026-05-18T19:16:25.884Z</time>
      </trkpt>
      <trkpt lat="50.220350" lon="16.561201">
        <ele>611.226221</ele>
        <time>2026-05-18T19:16:26.835Z</time>
      </trkpt>
      <trkpt lat="50.220192" lon="16.561262">
        <ele>610.826228</ele>
        <time>2026-05-18T19:16:28.772Z</time>
      </trkpt>
      <trkpt lat="50.220107" lon="16.561247">
        <ele>610.690141</ele>
        <time>2026-05-18T19:16:29.756Z</time>
      </trkpt>
      <trkpt lat="50.219956" lon="16.561141">
        <ele>610.426795</ele>
        <time>2026-05-18T19:16:31.710Z</time>
      </trkpt>
      <trkpt lat="50.219860" lon="16.560993">
        <ele>610.212267</ele>
        <time>2026-05-18T19:16:33.355Z</time>
      </trkpt>
      <trkpt lat="50.219552" lon="16.560338">
        <ele>609.384830</ele>
        <time>2026-05-18T19:16:39.641Z</time>
      </trkpt>
      <trkpt lat="50.219514" lon="16.560253">
        <ele>609.279278</ele>
        <time>2026-05-18T19:16:40.461Z</time>
      </trkpt>
      <trkpt lat="50.219498" lon="16.559926">
        <ele>608.945440</ele>
        <time>2026-05-18T19:16:56.072Z</time>
      </trkpt>
      <trkpt lat="50.219403" lon="16.559500">
        <ele>608.486214</ele>
        <time>2026-05-18T19:17:17.376Z</time>
      </trkpt>
      <trkpt lat="50.219059" lon="16.558245">
        <ele>607.369272</ele>
        <time>2026-05-18T19:18:19.627Z</time>
      </trkpt>
      <trkpt lat="50.218993" lon="16.558057">
        <ele>607.214995</ele>
        <time>2026-05-18T19:18:29.575Z</time>
      </trkpt>
      <trkpt lat="50.218878" lon="16.557885">
        <ele>607.036019</ele>
        <time>2026-05-18T19:18:41.272Z</time>
      </trkpt>
      <trkpt lat="50.218750" lon="16.557743">
        <ele>606.859523</ele>
        <time>2026-05-18T19:18:53.088Z</time>
      </trkpt>
      <trkpt lat="50.218604" lon="16.557638">
        <ele>606.678815</ele>
        <time>2026-05-18T19:19:05.435Z</time>
      </trkpt>
      <trkpt lat="50.218154" lon="16.557472">
        <ele>606.158935</ele>
        <time>2026-05-18T19:19:42.489Z</time>
      </trkpt>
      <trkpt lat="50.217512" lon="16.557290">
        <ele>604.867305</ele>
        <time>2026-05-18T19:20:36.474Z</time>
      </trkpt>
      <trkpt lat="50.217150" lon="16.557137">
        <ele>604.039480</ele>
        <time>2026-05-18T19:21:05.505Z</time>
      </trkpt>
      <trkpt lat="50.217016" lon="16.557048">
        <ele>603.718069</ele>
        <time>2026-05-18T19:21:16.209Z</time>
      </trkpt>
      <trkpt lat="50.216742" lon="16.556734">
        <ele>602.968017</ele>
        <time>2026-05-18T19:21:40.140Z</time>
      </trkpt>
      <trkpt lat="50.216041" lon="16.555415">
        <ele>599.698467</ele>
        <time>2026-05-18T19:22:50.472Z</time>
      </trkpt>
      <trkpt lat="50.215753" lon="16.555077">
        <ele>598.450515</ele>
        <time>2026-05-18T19:23:13.939Z</time>
      </trkpt>
      <trkpt lat="50.215312" lon="16.554742">
        <ele>596.751540</ele>
        <time>2026-05-18T19:23:48.263Z</time>
      </trkpt>
      <trkpt lat="50.214971" lon="16.553604">
        <ele>598.238748</ele>
        <time>2026-05-18T19:24:59.477Z</time>
      </trkpt>
      <trkpt lat="50.214901" lon="16.553338">
        <ele>599.084891</ele>
        <time>2026-05-18T19:25:10.476Z</time>
      </trkpt>
      <trkpt lat="50.214882" lon="16.553273">
        <ele>599.295123</ele>
        <time>2026-05-18T19:25:13.010Z</time>
      </trkpt>
      <trkpt lat="50.214742" lon="16.552788">
        <ele>600.860416</ele>
        <time>2026-05-18T19:25:32.202Z</time>
      </trkpt>
      <trkpt lat="50.214965" lon="16.552361">
        <ele>602.481877</ele>
        <time>2026-05-18T19:26:19.955Z</time>
      </trkpt>
      <trkpt lat="50.215092" lon="16.552285">
        <ele>603.107095</ele>
        <time>2026-05-18T19:26:37.919Z</time>
      </trkpt>
      <trkpt lat="50.215122" lon="16.552210">
        <ele>603.367300</ele>
        <time>2026-05-18T19:26:45.466Z</time>
      </trkpt>
      <trkpt lat="50.215146" lon="16.552147">
        <ele>603.582998</ele>
        <time>2026-05-18T19:26:51.793Z</time>
      </trkpt>
      <trkpt lat="50.215161" lon="16.552110">
        <ele>603.711855</ele>
        <time>2026-05-18T19:26:55.529Z</time>
      </trkpt>
      <trkpt lat="50.214850" lon="16.551787">
        <ele>605.995918</ele>
        <time>2026-05-18T19:27:10.139Z</time>
      </trkpt>
      <trkpt lat="50.214666" lon="16.551699">
        <ele>607.250252</ele>
        <time>2026-05-18T19:27:16.871Z</time>
      </trkpt>
      <trkpt lat="50.214460" lon="16.551768">
        <ele>608.623581</ele>
        <time>2026-05-18T19:27:24.238Z</time>
      </trkpt>
      <trkpt lat="50.214331" lon="16.551851">
        <ele>609.532964</ele>
        <time>2026-05-18T19:27:29.414Z</time>
      </trkpt>
      <trkpt lat="50.214290" lon="16.551880">
        <ele>609.826329</ele>
        <time>2026-05-18T19:27:31.122Z</time>
      </trkpt>
      <trkpt lat="50.214218" lon="16.551933">
        <ele>610.345131</ele>
        <time>2026-05-18T19:27:34.090Z</time>
      </trkpt>
      <trkpt lat="50.214121" lon="16.552051">
        <ele>611.146436</ele>
        <time>2026-05-18T19:27:38.833Z</time>
      </trkpt>
      <trkpt lat="50.213903" lon="16.551634">
        <ele>613.392575</ele>
        <time>2026-05-18T19:28:14.804Z</time>
      </trkpt>
      <trkpt lat="50.213637" lon="16.550761">
        <ele>618.484937</ele>
        <time>2026-05-18T19:29:24.971Z</time>
      </trkpt>
      <trkpt lat="50.213457" lon="16.550368">
        <ele>621.810492</ele>
        <time>2026-05-18T19:30:02.027Z</time>
      </trkpt>
      <trkpt lat="50.213037" lon="16.549172">
        <ele>631.198060</ele>
        <time>2026-05-18T19:31:51.464Z</time>
      </trkpt>
      <trkpt lat="50.212831" lon="16.548499">
        <ele>636.445040</ele>
        <time>2026-05-18T19:32:53.421Z</time>
      </trkpt>
      <trkpt lat="50.212685" lon="16.548188">
        <ele>639.351108</ele>
        <time>2026-05-18T19:33:25.881Z</time>
      </trkpt>
      <trkpt lat="50.212248" lon="16.547440">
        <ele>646.982146</ele>
        <time>2026-05-18T19:34:50.310Z</time>
      </trkpt>
      <trkpt lat="50.212103" lon="16.547060">
        <ele>650.315562</ele>
        <time>2026-05-18T19:35:26.375Z</time>
      </trkpt>
      <trkpt lat="50.212000" lon="16.546632">
        <ele>653.760785</ele>
        <time>2026-05-18T19:36:02.761Z</time>
      </trkpt>
      <trkpt lat="50.212025" lon="16.544514">
        <ele>667.821463</ele>
        <time>2026-05-18T19:38:46.991Z</time>
      </trkpt>
      <trkpt lat="50.211992" lon="16.544238">
        <ele>669.637193</ele>
        <time>2026-05-18T19:39:01.979Z</time>
      </trkpt>
      <trkpt lat="50.211920" lon="16.543930">
        <ele>671.757706</ele>
        <time>2026-05-18T19:39:19.105Z</time>
      </trkpt>
      <trkpt lat="50.211496" lon="16.543069">
        <ele>675.668330</ele>
        <time>2026-05-18T19:40:08.994Z</time>
      </trkpt>
      <trkpt lat="50.211338" lon="16.542835">
        <ele>676.272662</ele>
        <time>2026-05-18T19:40:22.627Z</time>
      </trkpt>
      <trkpt lat="50.211257" lon="16.543071">
        <ele>676.748431</ele>
        <time>2026-05-18T19:40:32.351Z</time>
      </trkpt>
      <trkpt lat="50.211060" lon="16.543378">
        <ele>677.520811</ele>
        <time>2026-05-18T19:40:45.932Z</time>
      </trkpt>
      <trkpt lat="50.210957" lon="16.543662">
        <ele>678.100757</ele>
        <time>2026-05-18T19:40:54.169Z</time>
      </trkpt>
      <trkpt lat="50.210818" lon="16.544624">
        <ele>678.712827</ele>
        <time>2026-05-18T19:41:12.723Z</time>
      </trkpt>
      <trkpt lat="50.210690" lon="16.545078">
        <ele>676.887492</ele>
        <time>2026-05-18T19:41:21.278Z</time>
      </trkpt>
      <trkpt lat="50.210478" lon="16.545826">
        <ele>673.877526</ele>
        <time>2026-05-18T19:41:35.085Z</time>
      </trkpt>
      <trkpt lat="50.210417" lon="16.546227">
        <ele>672.360997</ele>
        <time>2026-05-18T19:41:41.940Z</time>
      </trkpt>
      <trkpt lat="50.210345" lon="16.546474">
        <ele>671.362362</ele>
        <time>2026-05-18T19:41:46.439Z</time>
      </trkpt>
      <trkpt lat="50.210253" lon="16.546613">
        <ele>670.626609</ele>
        <time>2026-05-18T19:41:49.774Z</time>
      </trkpt>
      <trkpt lat="50.209682" lon="16.547023">
        <ele>667.654777</ele>
        <time>2026-05-18T19:42:06.377Z</time>
      </trkpt>
      <trkpt lat="50.209362" lon="16.547309">
        <ele>666.174060</ele>
        <time>2026-05-18T19:42:16.513Z</time>
      </trkpt>
      <trkpt lat="50.208995" lon="16.547442">
        <ele>664.660838</ele>
        <time>2026-05-18T19:42:27.274Z</time>
      </trkpt>
      <trkpt lat="50.208278" lon="16.547828">
        <ele>661.966192</ele>
        <time>2026-05-18T19:42:50.496Z</time>
      </trkpt>
      <trkpt lat="50.207965" lon="16.547918">
        <ele>662.177581</ele>
        <time>2026-05-18T19:43:01.012Z</time>
      </trkpt>
      <trkpt lat="50.207714" lon="16.548057">
        <ele>662.354458</ele>
        <time>2026-05-18T19:43:10.427Z</time>
      </trkpt>
      <trkpt lat="50.207402" lon="16.548298">
        <ele>662.585632</ele>
        <time>2026-05-18T19:43:23.731Z</time>
      </trkpt>
      <trkpt lat="50.207180" lon="16.548400">
        <ele>662.739329</ele>
        <time>2026-05-18T19:43:33.346Z</time>
      </trkpt>
      <trkpt lat="50.206900" lon="16.548439">
        <ele>662.926045</ele>
        <time>2026-05-18T19:43:45.968Z</time>
      </trkpt>
      <trkpt lat="50.206493" lon="16.548382">
        <ele>663.464194</ele>
        <time>2026-05-18T19:44:06.329Z</time>
      </trkpt>
      <trkpt lat="50.206196" lon="16.548271">
        <ele>664.292779</ele>
        <time>2026-05-18T19:44:23.284Z</time>
      </trkpt>
      <trkpt lat="50.205911" lon="16.548252">
        <ele>665.066775</ele>
        <time>2026-05-18T19:44:39.637Z</time>
      </trkpt>
      <trkpt lat="50.205303" lon="16.548412">
        <ele>666.739702</ele>
        <time>2026-05-18T19:45:11.346Z</time>
      </trkpt>
      <trkpt lat="50.205060" lon="16.548424">
        <ele>667.399365</ele>
        <time>2026-05-18T19:45:22.318Z</time>
      </trkpt>
      <trkpt lat="50.203995" lon="16.549428">
        <ele>667.892141</ele>
        <time>2026-05-18T19:46:04.330Z</time>
      </trkpt>
      <trkpt lat="50.203624" lon="16.549503">
        <ele>667.855986</ele>
        <time>2026-05-18T19:46:16.669Z</time>
      </trkpt>
      <trkpt lat="50.203095" lon="16.549278">
        <ele>668.363022</ele>
        <time>2026-05-18T19:46:38.871Z</time>
      </trkpt>
      <trkpt lat="50.202594" lon="16.548871">
        <ele>670.425061</ele>
        <time>2026-05-18T19:47:07.364Z</time>
      </trkpt>
      <trkpt lat="50.202120" lon="16.548135">
        <ele>672.865436</ele>
        <time>2026-05-18T19:47:45.577Z</time>
      </trkpt>
      <trkpt lat="50.201976" lon="16.548095">
        <ele>673.399526</ele>
        <time>2026-05-18T19:47:54.108Z</time>
      </trkpt>
      <trkpt lat="50.201847" lon="16.548109">
        <ele>673.871728</ele>
        <time>2026-05-18T19:48:01.566Z</time>
      </trkpt>
      <trkpt lat="50.201596" lon="16.548285">
        <ele>674.645445</ele>
        <time>2026-05-18T19:48:17.242Z</time>
      </trkpt>
      <trkpt lat="50.200614" lon="16.548800">
        <ele>676.648452</ele>
        <time>2026-05-18T19:49:07.672Z</time>
      </trkpt>
      <trkpt lat="50.199739" lon="16.548881">
        <ele>677.352064</ele>
        <time>2026-05-18T19:49:39.266Z</time>
      </trkpt>
      <trkpt lat="50.199143" lon="16.548873">
        <ele>676.123743</ele>
        <time>2026-05-18T19:49:57.046Z</time>
      </trkpt>
      <trkpt lat="50.198694" lon="16.548819">
        <ele>675.195676</ele>
        <time>2026-05-18T19:50:10.233Z</time>
      </trkpt>
      <trkpt lat="50.198478" lon="16.548744">
        <ele>674.739666</ele>
        <time>2026-05-18T19:50:16.846Z</time>
      </trkpt>
      <trkpt lat="50.198312" lon="16.548460">
        <ele>674.232315</ele>
        <time>2026-05-18T19:50:24.509Z</time>
      </trkpt>
      <trkpt lat="50.198137" lon="16.547800">
        <ele>674.484118</ele>
        <time>2026-05-18T19:50:40.058Z</time>
      </trkpt>
      <trkpt lat="50.198146" lon="16.547333">
        <ele>674.716887</ele>
        <time>2026-05-18T19:50:51.449Z</time>
      </trkpt>
      <trkpt lat="50.197873" lon="16.546384">
        <ele>675.235238</ele>
        <time>2026-05-18T19:51:20.764Z</time>
      </trkpt>
      <trkpt lat="50.197749" lon="16.546185">
        <ele>675.373598</ele>
        <time>2026-05-18T19:51:29.061Z</time>
      </trkpt>
      <trkpt lat="50.197608" lon="16.546022">
        <ele>675.510118</ele>
        <time>2026-05-18T19:51:37.407Z</time>
      </trkpt>
      <trkpt lat="50.197010" lon="16.545706">
        <ele>676.029428</ele>
        <time>2026-05-18T19:52:06.566Z</time>
      </trkpt>
      <trkpt lat="50.196784" lon="16.545516">
        <ele>676.241743</ele>
        <time>2026-05-18T19:52:17.193Z</time>
      </trkpt>
      <trkpt lat="50.196462" lon="16.545420">
        <ele>676.512927</ele>
        <time>2026-05-18T19:52:30.021Z</time>
      </trkpt>
      <trkpt lat="50.196227" lon="16.545428">
        <ele>676.707378</ele>
        <time>2026-05-18T19:52:38.844Z</time>
      </trkpt>
      <trkpt lat="50.195990" lon="16.545555">
        <ele>676.914653</ele>
        <time>2026-05-18T19:52:47.902Z</time>
      </trkpt>
      <trkpt lat="50.195494" lon="16.545980">
        <ele>676.580134</ele>
        <time>2026-05-18T19:53:07.611Z</time>
      </trkpt>
      <trkpt lat="50.194946" lon="16.546553">
        <ele>675.830798</ele>
        <time>2026-05-18T19:53:29.292Z</time>
      </trkpt>
      <trkpt lat="50.194718" lon="16.546740">
        <ele>675.538175</ele>
        <time>2026-05-18T19:53:37.676Z</time>
      </trkpt>
      <trkpt lat="50.194178" lon="16.547107">
        <ele>674.898450</ele>
        <time>2026-05-18T19:53:56.868Z</time>
      </trkpt>
      <trkpt lat="50.192881" lon="16.547903">
        <ele>673.669048</ele>
        <time>2026-05-18T19:54:42.910Z</time>
      </trkpt>
      <trkpt lat="50.192393" lon="16.548385">
        <ele>674.095399</ele>
        <time>2026-05-18T19:55:04.144Z</time>
      </trkpt>
      <trkpt lat="50.190965" lon="16.549488">
        <ele>678.049985</ele>
        <time>2026-05-18T19:56:20.662Z</time>
      </trkpt>
      <trkpt lat="50.190647" lon="16.549717">
        <ele>679.671199</ele>
        <time>2026-05-18T19:56:41.700Z</time>
      </trkpt>
      <trkpt lat="50.190315" lon="16.549783">
        <ele>681.220686</ele>
        <time>2026-05-18T19:57:02.204Z</time>
      </trkpt>
      <trkpt lat="50.190056" lon="16.549922">
        <ele>682.488612</ele>
        <time>2026-05-18T19:57:18.918Z</time>
      </trkpt>
      <trkpt lat="50.189680" lon="16.550528">
        <ele>684.990028</ele>
        <time>2026-05-18T19:57:50.698Z</time>
      </trkpt>
      <trkpt lat="50.189474" lon="16.550953">
        <ele>685.679968</ele>
        <time>2026-05-18T19:58:08.162Z</time>
      </trkpt>
      <trkpt lat="50.189226" lon="16.551222">
        <ele>684.914406</ele>
        <time>2026-05-18T19:58:21.361Z</time>
      </trkpt>
      <trkpt lat="50.189069" lon="16.551393">
        <ele>684.429100</ele>
        <time>2026-05-18T19:58:28.742Z</time>
      </trkpt>
      <trkpt lat="50.188766" lon="16.551604">
        <ele>683.587944</ele>
        <time>2026-05-18T19:58:39.606Z</time>
      </trkpt>
      <trkpt lat="50.188088" lon="16.551613">
        <ele>681.868815</ele>
        <time>2026-05-18T19:58:58.199Z</time>
      </trkpt>
      <trkpt lat="50.187697" lon="16.551522">
        <ele>678.786777</ele>
        <time>2026-05-18T19:59:08.111Z</time>
      </trkpt>
      <trkpt lat="50.187392" lon="16.551498">
        <ele>675.177433</ele>
        <time>2026-05-18T19:59:15.486Z</time>
      </trkpt>
      <trkpt lat="50.187081" lon="16.551547">
        <ele>671.483092</ele>
        <time>2026-05-18T19:59:22.900Z</time>
      </trkpt>
      <trkpt lat="50.186483" lon="16.551336">
        <ele>664.237252</ele>
        <time>2026-05-18T19:59:37.241Z</time>
      </trkpt>
      <trkpt lat="50.186385" lon="16.551351">
        <ele>663.073448</ele>
        <time>2026-05-18T19:59:39.524Z</time>
      </trkpt>
      <trkpt lat="50.185566" lon="16.552680">
        <ele>648.407099</ele>
        <time>2026-05-18T20:00:07.253Z</time>
      </trkpt>
      <trkpt lat="50.185182" lon="16.553187">
        <ele>642.083976</ele>
        <time>2026-05-18T20:00:19.220Z</time>
      </trkpt>
      <trkpt lat="50.183997" lon="16.555034">
        <ele>623.652979</ele>
        <time>2026-05-18T20:00:59.533Z</time>
      </trkpt>
      <trkpt lat="50.183729" lon="16.555285">
        <ele>620.346710</ele>
        <time>2026-05-18T20:01:07.194Z</time>
      </trkpt>
      <trkpt lat="50.183415" lon="16.555477">
        <ele>617.215216</ele>
        <time>2026-05-18T20:01:15.661Z</time>
      </trkpt>
      <trkpt lat="50.183231" lon="16.555632">
        <ele>615.554734</ele>
        <time>2026-05-18T20:01:20.948Z</time>
      </trkpt>
      <trkpt lat="50.183143" lon="16.555777">
        <ele>614.538684</ele>
        <time>2026-05-18T20:01:24.179Z</time>
      </trkpt>
      <trkpt lat="50.183107" lon="16.555970">
        <ele>613.516309</ele>
        <time>2026-05-18T20:01:27.450Z</time>
      </trkpt>
      <trkpt lat="50.183095" lon="16.556233">
        <ele>612.175328</ele>
        <time>2026-05-18T20:01:31.745Z</time>
      </trkpt>
      <trkpt lat="50.183106" lon="16.556455">
        <ele>611.042884</ele>
        <time>2026-05-18T20:01:35.393Z</time>
      </trkpt>
      <trkpt lat="50.183155" lon="16.556624">
        <ele>610.099363</ele>
        <time>2026-05-18T20:01:38.432Z</time>
      </trkpt>
      <trkpt lat="50.183231" lon="16.556736">
        <ele>609.269400</ele>
        <time>2026-05-18T20:01:41.108Z</time>
      </trkpt>
      <trkpt lat="50.182799" lon="16.557424">
        <ele>604.368720</ele>
        <time>2026-05-18T20:01:46.625Z</time>
      </trkpt>
      <trkpt lat="50.182622" lon="16.557613">
        <ele>602.987116</ele>
        <time>2026-05-18T20:01:48.541Z</time>
      </trkpt>
      <trkpt lat="50.182418" lon="16.557737">
        <ele>601.602737</ele>
        <time>2026-05-18T20:01:50.491Z</time>
      </trkpt>
      <trkpt lat="50.182119" lon="16.557735">
        <ele>599.711839</ele>
        <time>2026-05-18T20:01:53.147Z</time>
      </trkpt>
      <trkpt lat="50.181982" lon="16.557670">
        <ele>598.806346</ele>
        <time>2026-05-18T20:01:54.436Z</time>
      </trkpt>
      <trkpt lat="50.181873" lon="16.557567">
        <ele>598.000655</ele>
        <time>2026-05-18T20:01:55.581Z</time>
      </trkpt>
      <trkpt lat="50.181800" lon="16.557453">
        <ele>597.347777</ele>
        <time>2026-05-18T20:01:56.514Z</time>
      </trkpt>
      <trkpt lat="50.181669" lon="16.557186">
        <ele>595.985640</ele>
        <time>2026-05-18T20:01:58.485Z</time>
      </trkpt>
      <trkpt lat="50.181591" lon="16.556905">
        <ele>594.745385</ele>
        <time>2026-05-18T20:02:00.297Z</time>
      </trkpt>
      <trkpt lat="50.181550" lon="16.556615">
        <ele>593.542711</ele>
        <time>2026-05-18T20:02:02.068Z</time>
      </trkpt>
      <trkpt lat="50.181536" lon="16.556312">
        <ele>592.806745</ele>
        <time>2026-05-18T20:02:03.904Z</time>
      </trkpt>
      <trkpt lat="50.181547" lon="16.556025">
        <ele>592.677602</ele>
        <time>2026-05-18T20:02:05.665Z</time>
      </trkpt>
      <trkpt lat="50.181788" lon="16.554975">
        <ele>592.176592</ele>
        <time>2026-05-18T20:02:13.547Z</time>
      </trkpt>
      <trkpt lat="50.181824" lon="16.554701">
        <ele>592.050955</ele>
        <time>2026-05-18T20:02:16.351Z</time>
      </trkpt>
      <trkpt lat="50.181841" lon="16.554495">
        <ele>591.957661</ele>
        <time>2026-05-18T20:02:18.924Z</time>
      </trkpt>
      <trkpt lat="50.181830" lon="16.554317">
        <ele>591.877337</ele>
        <time>2026-05-18T20:02:21.446Z</time>
      </trkpt>
      <trkpt lat="50.181753" lon="16.554088">
        <ele>591.761159</ele>
        <time>2026-05-18T20:02:25.432Z</time>
      </trkpt>
      <trkpt lat="50.181674" lon="16.553906">
        <ele>591.662399</ele>
        <time>2026-05-18T20:02:29.131Z</time>
      </trkpt>
      <trkpt lat="50.181578" lon="16.553731">
        <ele>591.875492</ele>
        <time>2026-05-18T20:02:33.294Z</time>
      </trkpt>
      <trkpt lat="50.181430" lon="16.553509">
        <ele>592.683537</ele>
        <time>2026-05-18T20:02:39.640Z</time>
      </trkpt>
      <trkpt lat="50.181351" lon="16.553440">
        <ele>593.039952</ele>
        <time>2026-05-18T20:02:42.580Z</time>
      </trkpt>
      <trkpt lat="50.181203" lon="16.553403">
        <ele>593.630130</ele>
        <time>2026-05-18T20:02:47.753Z</time>
      </trkpt>
      <trkpt lat="50.181084" lon="16.553420">
        <ele>594.100655</ele>
        <time>2026-05-18T20:02:52.185Z</time>
      </trkpt>
      <trkpt lat="50.177763" lon="16.554163">
        <ele>605.392470</ele>
        <time>2026-05-18T20:04:36.105Z</time>
      </trkpt>
      <trkpt lat="50.177384" lon="16.554164">
        <ele>605.167706</ele>
        <time>2026-05-18T20:04:41.579Z</time>
      </trkpt>
      <trkpt lat="50.175782" lon="16.553569">
        <ele>602.768148</ele>
        <time>2026-05-18T20:04:58.598Z</time>
      </trkpt>
      <trkpt lat="50.175296" lon="16.553331">
        <ele>601.293357</ele>
        <time>2026-05-18T20:05:03.770Z</time>
      </trkpt>
      <trkpt lat="50.175076" lon="16.553183">
        <ele>600.599744</ele>
        <time>2026-05-18T20:05:06.229Z</time>
      </trkpt>
      <trkpt lat="50.174560" lon="16.552748">
        <ele>599.033105</ele>
        <time>2026-05-18T20:05:12.334Z</time>
      </trkpt>
      <trkpt lat="50.174088" lon="16.552296">
        <ele>597.899796</ele>
        <time>2026-05-18T20:05:18.166Z</time>
      </trkpt>
      <trkpt lat="50.172889" lon="16.551079">
        <ele>595.709998</ele>
        <time>2026-05-18T20:05:34.216Z</time>
      </trkpt>
      <trkpt lat="50.172211" lon="16.550455">
        <ele>595.806593</ele>
        <time>2026-05-18T20:05:46.688Z</time>
      </trkpt>
      <trkpt lat="50.171172" lon="16.549716">
        <ele>595.989579</ele>
        <time>2026-05-18T20:06:08.986Z</time>
      </trkpt>
      <trkpt lat="50.170958" lon="16.549627">
        <ele>596.036956</ele>
        <time>2026-05-18T20:06:12.861Z</time>
      </trkpt>
      <trkpt lat="50.168252" lon="16.549266">
        <ele>595.791884</ele>
        <time>2026-05-18T20:06:50.329Z</time>
      </trkpt>
      <trkpt lat="50.167010" lon="16.549226">
        <ele>594.503673</ele>
        <time>2026-05-18T20:07:07.243Z</time>
      </trkpt>
      <trkpt lat="50.166825" lon="16.549200">
        <ele>594.286321</ele>
        <time>2026-05-18T20:07:09.509Z</time>
      </trkpt>
      <trkpt lat="50.166180" lon="16.549112">
        <ele>593.172668</ele>
        <time>2026-05-18T20:07:16.650Z</time>
      </trkpt>
      <trkpt lat="50.166127" lon="16.549103">
        <ele>592.891645</ele>
        <time>2026-05-18T20:07:17.193Z</time>
      </trkpt>
      <trkpt lat="50.165370" lon="16.548944">
        <ele>588.865366</ele>
        <time>2026-05-18T20:07:24.512Z</time>
      </trkpt>
      <trkpt lat="50.165198" lon="16.548820">
        <ele>587.866703</ele>
        <time>2026-05-18T20:07:26.212Z</time>
      </trkpt>
      <trkpt lat="50.164983" lon="16.548529">
        <ele>586.366734</ele>
        <time>2026-05-18T20:07:28.734Z</time>
      </trkpt>
      <trkpt lat="50.164900" lon="16.548443">
        <ele>585.841621</ele>
        <time>2026-05-18T20:07:29.616Z</time>
      </trkpt>
      <trkpt lat="50.164815" lon="16.548403">
        <ele>585.373651</ele>
        <time>2026-05-18T20:07:30.406Z</time>
      </trkpt>
      <trkpt lat="50.164791" lon="16.548405">
        <ele>585.246961</ele>
        <time>2026-05-18T20:07:30.621Z</time>
      </trkpt>
      <trkpt lat="50.164297" lon="16.548474">
        <ele>583.914370</ele>
        <time>2026-05-18T20:07:35.079Z</time>
      </trkpt>
      <trkpt lat="50.164173" lon="16.548454">
        <ele>583.812618</ele>
        <time>2026-05-18T20:07:36.260Z</time>
      </trkpt>
      <trkpt lat="50.164118" lon="16.548390">
        <ele>583.756625</ele>
        <time>2026-05-18T20:07:36.925Z</time>
      </trkpt>
      <trkpt lat="50.164093" lon="16.548308">
        <ele>583.709141</ele>
        <time>2026-05-18T20:07:37.529Z</time>
      </trkpt>
      <trkpt lat="50.164091" lon="16.547976">
        <ele>583.535540</ele>
        <time>2026-05-18T20:07:39.767Z</time>
      </trkpt>
      <trkpt lat="50.164095" lon="16.547728">
        <ele>583.405826</ele>
        <time>2026-05-18T20:07:41.528Z</time>
      </trkpt>
      <trkpt lat="50.164090" lon="16.547652">
        <ele>583.365879</ele>
        <time>2026-05-18T20:07:42.107Z</time>
      </trkpt>
      <trkpt lat="50.164065" lon="16.547466">
        <ele>583.266506</ele>
        <time>2026-05-18T20:07:43.950Z</time>
      </trkpt>
      <trkpt lat="50.163966" lon="16.547038">
        <ele>583.028574</ele>
        <time>2026-05-18T20:07:50.542Z</time>
      </trkpt>
      <trkpt lat="50.163876" lon="16.546754">
        <ele>582.862900</ele>
        <time>2026-05-18T20:07:56.610Z</time>
      </trkpt>
      <trkpt lat="50.163859" lon="16.546700">
        <ele>582.831439</ele>
        <time>2026-05-18T20:07:58.086Z</time>
      </trkpt>
      <trkpt lat="50.163809" lon="16.546501">
        <ele>582.719669</ele>
        <time>2026-05-18T20:08:02.880Z</time>
      </trkpt>
      <trkpt lat="50.163763" lon="16.546079">
        <ele>583.537046</ele>
        <time>2026-05-18T20:08:12.930Z</time>
      </trkpt>
      <trkpt lat="50.163768" lon="16.545930">
        <ele>583.897499</ele>
        <time>2026-05-18T20:08:16.848Z</time>
      </trkpt>
      <trkpt lat="50.163578" lon="16.545841">
        <ele>584.645597</ele>
        <time>2026-05-18T20:08:24.658Z</time>
      </trkpt>
      <trkpt lat="50.163416" lon="16.545745">
        <ele>585.299077</ele>
        <time>2026-05-18T20:08:31.547Z</time>
      </trkpt>
      <trkpt lat="50.161997" lon="16.545255">
        <ele>590.073499</ele>
        <time>2026-05-18T20:09:10.277Z</time>
      </trkpt>
      <trkpt lat="50.161753" lon="16.545115">
        <ele>590.527532</ele>
        <time>2026-05-18T20:09:14.578Z</time>
      </trkpt>
      <trkpt lat="50.160962" lon="16.544299">
        <ele>592.183481</ele>
        <time>2026-05-18T20:09:31.990Z</time>
      </trkpt>
      <trkpt lat="50.160054" lon="16.543523">
        <ele>595.724655</ele>
        <time>2026-05-18T20:09:59.134Z</time>
      </trkpt>
      <trkpt lat="50.159606" lon="16.543071">
        <ele>597.821489</ele>
        <time>2026-05-18T20:10:16.992Z</time>
      </trkpt>
      <trkpt lat="50.159429" lon="16.542841">
        <ele>598.726775</ele>
        <time>2026-05-18T20:10:25.006Z</time>
      </trkpt>
      <trkpt lat="50.159178" lon="16.542459">
        <ele>600.352075</ele>
        <time>2026-05-18T20:10:37.540Z</time>
      </trkpt>
      <trkpt lat="50.158514" lon="16.541058">
        <ele>607.270343</ele>
        <time>2026-05-18T20:11:20.675Z</time>
      </trkpt>
      <trkpt lat="50.158237" lon="16.540577">
        <ele>609.837917</ele>
        <time>2026-05-18T20:11:38.111Z</time>
      </trkpt>
      <trkpt lat="50.158075" lon="16.540322">
        <ele>611.404661</ele>
        <time>2026-05-18T20:11:48.083Z</time>
      </trkpt>
      <trkpt lat="50.157456" lon="16.539680">
        <ele>617.478036</ele>
        <time>2026-05-18T20:12:22.030Z</time>
      </trkpt>
      <trkpt lat="50.157247" lon="16.539415">
        <ele>619.678504</ele>
        <time>2026-05-18T20:12:34.866Z</time>
      </trkpt>
      <trkpt lat="50.156535" lon="16.538238">
        <ele>628.492729</ele>
        <time>2026-05-18T20:13:27.476Z</time>
      </trkpt>
      <trkpt lat="50.156111" lon="16.537485">
        <ele>634.416911</ele>
        <time>2026-05-18T20:14:01.952Z</time>
      </trkpt>
      <trkpt lat="50.154950" lon="16.535189">
        <ele>648.962344</ele>
        <time>2026-05-18T20:15:38.443Z</time>
      </trkpt>
      <trkpt lat="50.154762" lon="16.534944">
        <ele>650.576168</ele>
        <time>2026-05-18T20:15:47.801Z</time>
      </trkpt>
      <trkpt lat="50.152801" lon="16.532906">
        <ele>657.613279</ele>
        <time>2026-05-18T20:16:42.220Z</time>
      </trkpt>
      <trkpt lat="50.151641" lon="16.536106">
        <ele>659.841482</ele>
        <time>2026-05-18T20:17:25.224Z</time>
      </trkpt>
      <trkpt lat="50.150182" lon="16.540132">
        <ele>661.535015</ele>
        <time>2026-05-18T20:18:17.539Z</time>
      </trkpt>
      <trkpt lat="50.149319" lon="16.542520">
        <ele>659.030707</ele>
        <time>2026-05-18T20:18:38.269Z</time>
      </trkpt>
      <trkpt lat="50.149311" lon="16.544070">
        <ele>655.880902</ele>
        <time>2026-05-18T20:18:47.892Z</time>
      </trkpt>
      <trkpt lat="50.149481" lon="16.545039">
        <ele>653.749890</ele>
        <time>2026-05-18T20:18:54.200Z</time>
      </trkpt>
      <trkpt lat="50.149701" lon="16.546042">
        <ele>652.736333</ele>
        <time>2026-05-18T20:19:01.775Z</time>
      </trkpt>
      <trkpt lat="50.149743" lon="16.546488">
        <ele>652.585427</ele>
        <time>2026-05-18T20:19:05.462Z</time>
      </trkpt>
      <trkpt lat="50.149742" lon="16.548429">
        <ele>651.813625</ele>
        <time>2026-05-18T20:19:25.945Z</time>
      </trkpt>
      <trkpt lat="50.149773" lon="16.549053">
        <ele>651.327630</ele>
        <time>2026-05-18T20:19:32.691Z</time>
      </trkpt>
      <trkpt lat="50.149753" lon="16.549478">
        <ele>650.996726</ele>
        <time>2026-05-18T20:19:36.525Z</time>
      </trkpt>
      <trkpt lat="50.149771" lon="16.549740">
        <ele>650.792115</ele>
        <time>2026-05-18T20:19:38.683Z</time>
      </trkpt>
      <trkpt lat="50.149806" lon="16.549968">
        <ele>650.610061</ele>
        <time>2026-05-18T20:19:40.505Z</time>
      </trkpt>
      <trkpt lat="50.149898" lon="16.550286">
        <ele>650.339131</ele>
        <time>2026-05-18T20:19:43.066Z</time>
      </trkpt>
      <trkpt lat="50.150348" lon="16.551645">
        <ele>646.664458</ele>
        <time>2026-05-18T20:19:52.664Z</time>
      </trkpt>
      <trkpt lat="50.150455" lon="16.552140">
        <ele>644.811979</ele>
        <time>2026-05-18T20:19:55.736Z</time>
      </trkpt>
      <trkpt lat="50.150461" lon="16.552393">
        <ele>643.914217</ele>
        <time>2026-05-18T20:19:57.220Z</time>
      </trkpt>
      <trkpt lat="50.150387" lon="16.552896">
        <ele>642.084150</ele>
        <time>2026-05-18T20:20:00.219Z</time>
      </trkpt>
      <trkpt lat="50.150259" lon="16.553465">
        <ele>639.945719</ele>
        <time>2026-05-18T20:20:03.700Z</time>
      </trkpt>
      <trkpt lat="50.149971" lon="16.554384">
        <ele>635.646206</ele>
        <time>2026-05-18T20:20:09.597Z</time>
      </trkpt>
      <trkpt lat="50.149863" lon="16.554820">
        <ele>633.677276</ele>
        <time>2026-05-18T20:20:12.300Z</time>
      </trkpt>
      <trkpt lat="50.149747" lon="16.556102">
        <ele>628.223748</ele>
        <time>2026-05-18T20:20:19.872Z</time>
      </trkpt>
      <trkpt lat="50.149336" lon="16.558757">
        <ele>616.117441</ele>
        <time>2026-05-18T20:20:35.760Z</time>
      </trkpt>
      <trkpt lat="50.149145" lon="16.559433">
        <ele>612.862467</ele>
        <time>2026-05-18T20:20:39.855Z</time>
      </trkpt>
      <trkpt lat="50.148987" lon="16.559740">
        <ele>611.129720</ele>
        <time>2026-05-18T20:20:42.028Z</time>
      </trkpt>
      <trkpt lat="50.148788" lon="16.560053">
        <ele>609.189424</ele>
        <time>2026-05-18T20:20:44.462Z</time>
      </trkpt>
      <trkpt lat="50.148686" lon="16.560366">
        <ele>607.644165</ele>
        <time>2026-05-18T20:20:46.421Z</time>
      </trkpt>
      <trkpt lat="50.148512" lon="16.560333">
        <ele>606.440458</ele>
        <time>2026-05-18T20:20:50.949Z</time>
      </trkpt>
      <trkpt lat="50.148155" lon="16.560654">
        <ele>603.610979</ele>
        <time>2026-05-18T20:21:02.559Z</time>
      </trkpt>
      <trkpt lat="50.147956" lon="16.560730">
        <ele>603.609978</ele>
        <time>2026-05-18T20:21:09.446Z</time>
      </trkpt>
      <trkpt lat="50.147736" lon="16.560730">
        <ele>604.091391</ele>
        <time>2026-05-18T20:21:18.389Z</time>
      </trkpt>
      <trkpt lat="50.147357" lon="16.560633">
        <ele>604.931814</ele>
        <time>2026-05-18T20:21:36.976Z</time>
      </trkpt>
      <trkpt lat="50.147027" lon="16.560633">
        <ele>605.653934</ele>
        <time>2026-05-18T20:21:55.046Z</time>
      </trkpt>
      <trkpt lat="50.146725" lon="16.560805">
        <ele>606.357421</ele>
        <time>2026-05-18T20:22:13.553Z</time>
      </trkpt>
      <trkpt lat="50.146017" lon="16.561384">
        <ele>607.442967</ele>
        <time>2026-05-18T20:22:54.211Z</time>
      </trkpt>
      <trkpt lat="50.145419" lon="16.561920">
        <ele>607.839925</ele>
        <time>2026-05-18T20:23:21.480Z</time>
      </trkpt>
      <trkpt lat="50.145095" lon="16.562253">
        <ele>608.063241</ele>
        <time>2026-05-18T20:23:35.055Z</time>
      </trkpt>
      <trkpt lat="50.144855" lon="16.562435">
        <ele>608.216837</ele>
        <time>2026-05-18T20:23:43.723Z</time>
      </trkpt>
      <trkpt lat="50.144506" lon="16.562433">
        <ele>606.662937</ele>
        <time>2026-05-18T20:23:54.600Z</time>
      </trkpt>
      <trkpt lat="50.144025" lon="16.563432">
        <ele>602.536055</ele>
        <time>2026-05-18T20:24:17.594Z</time>
      </trkpt>
      <trkpt lat="50.143629" lon="16.564133">
        <ele>599.449741</ele>
        <time>2026-05-18T20:24:32.968Z</time>
      </trkpt>
      <trkpt lat="50.143504" lon="16.564354">
        <ele>597.958966</ele>
        <time>2026-05-18T20:24:37.669Z</time>
      </trkpt>
      <trkpt lat="50.143267" lon="16.564849">
        <ele>593.788738</ele>
        <time>2026-05-18T20:24:47.327Z</time>
      </trkpt>
      <trkpt lat="50.142585" lon="16.566033">
        <ele>583.044270</ele>
        <time>2026-05-18T20:25:11.706Z</time>
      </trkpt>
      <trkpt lat="50.142437" lon="16.566279">
        <ele>580.766988</ele>
        <time>2026-05-18T20:25:16.921Z</time>
      </trkpt>
      <trkpt lat="50.142003" lon="16.566882">
        <ele>575.721210</ele>
        <time>2026-05-18T20:25:31.247Z</time>
      </trkpt>
      <trkpt lat="50.141442" lon="16.567881">
        <ele>568.545355</ele>
        <time>2026-05-18T20:25:53.210Z</time>
      </trkpt>
      <trkpt lat="50.141084" lon="16.568861">
        <ele>561.805083</ele>
        <time>2026-05-18T20:26:11.781Z</time>
      </trkpt>
      <trkpt lat="50.140809" lon="16.569657">
        <ele>555.613515</ele>
        <time>2026-05-18T20:26:25.795Z</time>
      </trkpt>
      <trkpt lat="50.140703" lon="16.570178">
        <ele>551.870817</ele>
        <time>2026-05-18T20:26:34.072Z</time>
      </trkpt>
      <trkpt lat="50.140679" lon="16.570733">
        <ele>548.062109</ele>
        <time>2026-05-18T20:26:42.461Z</time>
      </trkpt>
      <trkpt lat="50.140743" lon="16.571336">
        <ele>544.934570</ele>
        <time>2026-05-18T20:26:51.907Z</time>
      </trkpt>
      <trkpt lat="50.141123" lon="16.571704">
        <ele>543.002531</ele>
        <time>2026-05-18T20:27:02.986Z</time>
      </trkpt>
      <trkpt lat="50.141230" lon="16.571879">
        <ele>542.332903</ele>
        <time>2026-05-18T20:27:06.964Z</time>
      </trkpt>
      <trkpt lat="50.141254" lon="16.572056">
        <ele>541.832012</ele>
        <time>2026-05-18T20:27:10.051Z</time>
      </trkpt>
      <trkpt lat="50.141336" lon="16.571795">
        <ele>541.027252</ele>
        <time>2026-05-18T20:27:11.861Z</time>
      </trkpt>
      <trkpt lat="50.141466" lon="16.571540">
        <ele>540.125142</ele>
        <time>2026-05-18T20:27:14.261Z</time>
      </trkpt>
      <trkpt lat="50.141479" lon="16.571525">
        <ele>540.055296</ele>
        <time>2026-05-18T20:27:14.538Z</time>
      </trkpt>
      <trkpt lat="50.141466" lon="16.571540">
        <ele>539.985450</ele>
        <time>2026-05-18T20:27:14.738Z</time>
      </trkpt>
      <trkpt lat="50.141336" lon="16.571795">
        <ele>539.083340</ele>
        <time>2026-05-18T20:27:18.469Z</time>
      </trkpt>
      <trkpt lat="50.141254" lon="16.572056">
        <ele>538.278580</ele>
        <time>2026-05-18T20:27:22.827Z</time>
      </trkpt>
      <trkpt lat="50.141333" lon="16.572978">
        <ele>540.753158</ele>
        <time>2026-05-18T20:27:50.043Z</time>
      </trkpt>
      <trkpt lat="50.141445" lon="16.573896">
        <ele>544.161245</ele>
        <time>2026-05-18T20:28:20.989Z</time>
      </trkpt>
      <trkpt lat="50.141850" lon="16.574713">
        <ele>547.928134</ele>
        <time>2026-05-18T20:29:33.350Z</time>
      </trkpt>
      <trkpt lat="50.142127" lon="16.575149">
        <ele>551.229691</ele>
        <time>2026-05-18T20:30:16.324Z</time>
      </trkpt>
      <trkpt lat="50.142399" lon="16.575768">
        <ele>555.385961</ele>
        <time>2026-05-18T20:31:10.324Z</time>
      </trkpt>
      <trkpt lat="50.142598" lon="16.576071">
        <ele>557.788529</ele>
        <time>2026-05-18T20:31:42.808Z</time>
      </trkpt>
      <trkpt lat="50.143220" lon="16.576664">
        <ele>563.934309</ele>
        <time>2026-05-18T20:33:09.396Z</time>
      </trkpt>
      <trkpt lat="50.143445" lon="16.576776">
        <ele>565.246055</ele>
        <time>2026-05-18T20:33:37.795Z</time>
      </trkpt>
      <trkpt lat="50.143830" lon="16.576797">
        <ele>567.385731</ele>
        <time>2026-05-18T20:34:20.955Z</time>
      </trkpt>
      <trkpt lat="50.143909" lon="16.576838">
        <ele>567.848146</ele>
        <time>2026-05-18T20:34:29.739Z</time>
      </trkpt>
      <trkpt lat="50.143943" lon="16.576835">
        <ele>568.037291</ele>
        <time>2026-05-18T20:34:32.057Z</time>
      </trkpt>
      <trkpt lat="50.143953" lon="16.576876">
        <ele>568.193441</ele>
        <time>2026-05-18T20:34:34.029Z</time>
      </trkpt>
      <trkpt lat="50.144151" lon="16.577098">
        <ele>569.547632</ele>
        <time>2026-05-18T20:34:59.045Z</time>
      </trkpt>
      <trkpt lat="50.144313" lon="16.577279">
        <ele>570.654284</ele>
        <time>2026-05-18T20:35:19.164Z</time>
      </trkpt>
      <trkpt lat="50.144300" lon="16.577308">
        <ele>570.780255</ele>
        <time>2026-05-18T20:35:20.757Z</time>
      </trkpt>
      <trkpt lat="50.144284" lon="16.577341">
        <ele>570.927547</ele>
        <time>2026-05-18T20:35:23.991Z</time>
      </trkpt>
      <trkpt lat="50.144412" lon="16.577499">
        <ele>571.834034</ele>
        <time>2026-05-18T20:35:35.295Z</time>
      </trkpt>
      <trkpt lat="50.144326" lon="16.577653">
        <ele>572.561106</ele>
        <time>2026-05-18T20:35:44.390Z</time>
      </trkpt>
      <trkpt lat="50.144309" lon="16.577630">
        <ele>572.686077</ele>
        <time>2026-05-18T20:35:45.945Z</time>
      </trkpt>
      <trkpt lat="50.144267" lon="16.577574">
        <ele>572.992916</ele>
        <time>2026-05-18T20:35:49.802Z</time>
      </trkpt>
      <trkpt lat="50.144135" lon="16.577399">
        <ele>573.353969</ele>
        <time>2026-05-18T20:36:01.837Z</time>
      </trkpt>
      <trkpt lat="50.144145" lon="16.577378">
        <ele>573.263806</ele>
        <time>2026-05-18T20:36:03.843Z</time>
      </trkpt>
      <trkpt lat="50.144135" lon="16.577399">
        <ele>573.173644</ele>
        <time>2026-05-18T20:36:05.850Z</time>
      </trkpt>
      <trkpt lat="50.144267" lon="16.577574">
        <ele>572.242207</ele>
        <time>2026-05-18T20:36:17.884Z</time>
      </trkpt>
      <trkpt lat="50.144309" lon="16.577630">
        <ele>571.945130</ele>
        <time>2026-05-18T20:36:21.740Z</time>
      </trkpt>
      <trkpt lat="50.144326" lon="16.577653">
        <ele>571.824135</ele>
        <time>2026-05-18T20:36:23.295Z</time>
      </trkpt>
      <trkpt lat="50.144412" lon="16.577499">
        <ele>571.120194</ele>
        <time>2026-05-18T20:36:32.389Z</time>
      </trkpt>
      <trkpt lat="50.144284" lon="16.577341">
        <ele>570.242546</ele>
        <time>2026-05-18T20:36:43.694Z</time>
      </trkpt>
      <trkpt lat="50.144300" lon="16.577308">
        <ele>570.099941</ele>
        <time>2026-05-18T20:36:46.928Z</time>
      </trkpt>
      <trkpt lat="50.144313" lon="16.577279">
        <ele>569.977977</ele>
        <time>2026-05-18T20:36:48.521Z</time>
      </trkpt>
      <trkpt lat="50.144447" lon="16.577427">
        <ele>569.095151</ele>
        <time>2026-05-18T20:36:59.306Z</time>
      </trkpt>
      <trkpt lat="50.144503" lon="16.577490">
        <ele>568.723907</ele>
        <time>2026-05-18T20:37:03.776Z</time>
      </trkpt>
      <trkpt lat="50.144392" lon="16.577776">
        <ele>567.571637</ele>
        <time>2026-05-18T20:37:05.742Z</time>
      </trkpt>
      <trkpt lat="50.144357" lon="16.577956">
        <ele>566.923396</ele>
        <time>2026-05-18T20:37:06.828Z</time>
      </trkpt>
      <trkpt lat="50.144359" lon="16.578384">
        <ele>565.448381</ele>
        <time>2026-05-18T20:37:09.241Z</time>
      </trkpt>
      <trkpt lat="50.144417" lon="16.579173">
        <ele>561.297787</ele>
        <time>2026-05-18T20:37:13.566Z</time>
      </trkpt>
      <trkpt lat="50.144472" lon="16.579502">
        <ele>558.817484</ele>
        <time>2026-05-18T20:37:15.393Z</time>
      </trkpt>
      <trkpt lat="50.144541" lon="16.579794">
        <ele>556.547214</ele>
        <time>2026-05-18T20:37:17.070Z</time>
      </trkpt>
      <trkpt lat="50.145046" lon="16.581221">
        <ele>544.655881</ele>
        <time>2026-05-18T20:37:25.891Z</time>
      </trkpt>
      <trkpt lat="50.145477" lon="16.582232">
        <ele>539.061959</ele>
        <time>2026-05-18T20:37:32.683Z</time>
      </trkpt>
      <trkpt lat="50.145598" lon="16.582391">
        <ele>538.024019</ele>
        <time>2026-05-18T20:37:34.110Z</time>
      </trkpt>
      <trkpt lat="50.146014" lon="16.582667">
        <ele>535.057986</ele>
        <time>2026-05-18T20:37:38.299Z</time>
      </trkpt>
      <trkpt lat="50.146234" lon="16.582757">
        <ele>533.565686</ele>
        <time>2026-05-18T20:37:40.465Z</time>
      </trkpt>
      <trkpt lat="50.146353" lon="16.582853">
        <ele>532.686704</ele>
        <time>2026-05-18T20:37:41.766Z</time>
      </trkpt>
      <trkpt lat="50.145792" lon="16.583782">
        <ele>530.938170</ele>
        <time>2026-05-18T20:37:50.404Z</time>
      </trkpt>
      <trkpt lat="50.145614" lon="16.583908">
        <ele>530.714689</ele>
        <time>2026-05-18T20:37:52.694Z</time>
      </trkpt>
      <trkpt lat="50.145498" lon="16.583870">
        <ele>530.579167</ele>
        <time>2026-05-18T20:37:54.107Z</time>
      </trkpt>
      <trkpt lat="50.145436" lon="16.583807">
        <ele>530.494573</ele>
        <time>2026-05-18T20:37:55.019Z</time>
      </trkpt>
      <trkpt lat="50.145352" lon="16.583662">
        <ele>530.351353</ele>
        <time>2026-05-18T20:37:56.610Z</time>
      </trkpt>
      <trkpt lat="50.145204" lon="16.583407">
        <ele>530.099270</ele>
        <time>2026-05-18T20:37:59.599Z</time>
      </trkpt>
      <trkpt lat="50.144208" lon="16.581427">
        <ele>531.850648</ele>
        <time>2026-05-18T20:38:31.964Z</time>
      </trkpt>
      <trkpt lat="50.143857" lon="16.580452">
        <ele>533.505655</ele>
        <time>2026-05-18T20:38:51.065Z</time>
      </trkpt>
      <trkpt lat="50.143766" lon="16.580254">
        <ele>534.202556</ele>
        <time>2026-05-18T20:38:55.183Z</time>
      </trkpt>
      <trkpt lat="50.143387" lon="16.579929">
        <ele>536.132660</ele>
        <time>2026-05-18T20:39:07.118Z</time>
      </trkpt>
      <trkpt lat="50.143108" lon="16.579764">
        <ele>537.464293</ele>
        <time>2026-05-18T20:39:16.577Z</time>
      </trkpt>
      <trkpt lat="50.142955" lon="16.579712">
        <ele>538.163154</ele>
        <time>2026-05-18T20:39:22.675Z</time>
      </trkpt>
      <trkpt lat="50.142762" lon="16.579647">
        <ele>539.044363</ele>
        <time>2026-05-18T20:39:31.080Z</time>
      </trkpt>
      <trkpt lat="50.142717" lon="16.579630">
        <ele>539.251004</ele>
        <time>2026-05-18T20:39:33.053Z</time>
      </trkpt>
      <trkpt lat="50.142698" lon="16.579623">
        <ele>539.338134</ele>
        <time>2026-05-18T20:39:33.772Z</time>
      </trkpt>
      <trkpt lat="50.142277" lon="16.579510">
        <ele>541.352520</ele>
        <time>2026-05-18T20:39:49.600Z</time>
      </trkpt>
      <trkpt lat="50.142222" lon="16.579496">
        <ele>541.687726</ele>
        <time>2026-05-18T20:39:51.469Z</time>
      </trkpt>
      <trkpt lat="50.142000" lon="16.579498">
        <ele>543.023109</ele>
        <time>2026-05-18T20:39:59.403Z</time>
      </trkpt>
      <trkpt lat="50.141942" lon="16.579519">
        <ele>543.381257</ele>
        <time>2026-05-18T20:40:01.565Z</time>
      </trkpt>
      <trkpt lat="50.141905" lon="16.579577">
        <ele>543.696735</ele>
        <time>2026-05-18T20:40:03.473Z</time>
      </trkpt>
      <trkpt lat="50.141858" lon="16.579774">
        <ele>544.507091</ele>
        <time>2026-05-18T20:40:08.626Z</time>
      </trkpt>
      <trkpt lat="50.141881" lon="16.579910">
        <ele>545.049323</ele>
        <time>2026-05-18T20:40:12.292Z</time>
      </trkpt>
      <trkpt lat="50.142027" lon="16.580223">
        <ele>546.541702</ele>
        <time>2026-05-18T20:40:22.435Z</time>
      </trkpt>
      <trkpt lat="50.142069" lon="16.580386">
        <ele>547.218955</ele>
        <time>2026-05-18T20:40:27.205Z</time>
      </trkpt>
      <trkpt lat="50.142081" lon="16.580625">
        <ele>548.143128</ele>
        <time>2026-05-18T20:40:33.762Z</time>
      </trkpt>
      <trkpt lat="50.142032" lon="16.581008">
        <ele>549.648732</ele>
        <time>2026-05-18T20:40:44.328Z</time>
      </trkpt>
      <trkpt lat="50.141819" lon="16.581907">
        <ele>553.412157</ele>
        <time>2026-05-18T20:41:05.801Z</time>
      </trkpt>
      <trkpt lat="50.141683" lon="16.582360">
        <ele>555.423694</ele>
        <time>2026-05-18T20:41:18.638Z</time>
      </trkpt>
      <trkpt lat="50.141176" lon="16.584899">
        <ele>565.771787</ele>
        <time>2026-05-18T20:42:29.018Z</time>
      </trkpt>
      <trkpt lat="50.140945" lon="16.586059">
        <ele>570.107785</ele>
        <time>2026-05-18T20:42:58.626Z</time>
      </trkpt>
      <trkpt lat="50.140865" lon="16.586371">
        <ele>571.307324</ele>
        <time>2026-05-18T20:43:06.262Z</time>
      </trkpt>
      <trkpt lat="50.140753" lon="16.586689">
        <ele>572.602568</ele>
        <time>2026-05-18T20:43:14.194Z</time>
      </trkpt>
      <trkpt lat="50.140219" lon="16.587954">
        <ele>575.093030</ele>
        <time>2026-05-18T20:43:42.296Z</time>
      </trkpt>
      <trkpt lat="50.140157" lon="16.588151">
        <ele>575.415124</ele>
        <time>2026-05-18T20:43:45.557Z</time>
      </trkpt>
      <trkpt lat="50.139835" lon="16.589338">
        <ele>577.249695</ele>
        <time>2026-05-18T20:43:59.867Z</time>
      </trkpt>
      <trkpt lat="50.139806" lon="16.589562">
        <ele>577.439371</ele>
        <time>2026-05-18T20:44:02.133Z</time>
      </trkpt>
      <trkpt lat="50.139784" lon="16.590267">
        <ele>578.025217</ele>
        <time>2026-05-18T20:44:09.271Z</time>
      </trkpt>
      <trkpt lat="50.139803" lon="16.590524">
        <ele>578.239943</ele>
        <time>2026-05-18T20:44:12.120Z</time>
      </trkpt>
      <trkpt lat="50.139870" lon="16.590820">
        <ele>578.500495</ele>
        <time>2026-05-18T20:44:15.785Z</time>
      </trkpt>
      <trkpt lat="50.140070" lon="16.591485">
        <ele>579.110195</ele>
        <time>2026-05-18T20:44:25.535Z</time>
      </trkpt>
      <trkpt lat="50.140107" lon="16.591692">
        <ele>579.288561</ele>
        <time>2026-05-18T20:44:28.761Z</time>
      </trkpt>
      <trkpt lat="50.140127" lon="16.592129">
        <ele>579.972521</ele>
        <time>2026-05-18T20:44:36.078Z</time>
      </trkpt>
      <trkpt lat="50.140192" lon="16.592685">
        <ele>581.460195</ele>
        <time>2026-05-18T20:44:46.750Z</time>
      </trkpt>
      <trkpt lat="50.140164" lon="16.592973">
        <ele>582.226953</ele>
        <time>2026-05-18T20:44:52.588Z</time>
      </trkpt>
      <trkpt lat="50.140152" lon="16.593094">
        <ele>582.549245</ele>
        <time>2026-05-18T20:44:55.090Z</time>
      </trkpt>
      <trkpt lat="50.140313" lon="16.593210">
        <ele>583.277571</ele>
        <time>2026-05-18T20:45:04.830Z</time>
      </trkpt>
      <trkpt lat="50.140430" lon="16.593341">
        <ele>583.869013</ele>
        <time>2026-05-18T20:45:12.786Z</time>
      </trkpt>
      <trkpt lat="50.140724" lon="16.593416">
        <ele>585.092511</ele>
        <time>2026-05-18T20:45:29.481Z</time>
      </trkpt>
      <trkpt lat="50.141020" lon="16.593604">
        <ele>586.405049</ele>
        <time>2026-05-18T20:45:47.174Z</time>
      </trkpt>
      <trkpt lat="50.141063" lon="16.593644">
        <ele>586.610655</ele>
        <time>2026-05-18T20:45:49.954Z</time>
      </trkpt>
      <trkpt lat="50.141115" lon="16.593792">
        <ele>587.132024</ele>
        <time>2026-05-18T20:45:55.908Z</time>
      </trkpt>
      <trkpt lat="50.141147" lon="16.593969">
        <ele>587.844848</ele>
        <time>2026-05-18T20:46:02.528Z</time>
      </trkpt>
      <trkpt lat="50.141111" lon="16.594395">
        <ele>589.510312</ele>
        <time>2026-05-18T20:46:18.663Z</time>
      </trkpt>
      <trkpt lat="50.141032" lon="16.594926">
        <ele>591.623192</ele>
        <time>2026-05-18T20:46:39.844Z</time>
      </trkpt>
      <trkpt lat="50.141005" lon="16.595366">
        <ele>593.336431</ele>
        <time>2026-05-18T20:46:57.395Z</time>
      </trkpt>
      <trkpt lat="50.141030" lon="16.596042">
        <ele>595.960965</ele>
        <time>2026-05-18T20:47:24.978Z</time>
      </trkpt>
      <trkpt lat="50.141065" lon="16.596099">
        <ele>596.266931</ele>
        <time>2026-05-18T20:47:28.175Z</time>
      </trkpt>
      <trkpt lat="50.141161" lon="16.596155">
        <ele>596.886762</ele>
        <time>2026-05-18T20:47:34.778Z</time>
      </trkpt>
      <trkpt lat="50.141319" lon="16.596359">
        <ele>598.150897</ele>
        <time>2026-05-18T20:47:48.073Z</time>
      </trkpt>
      <trkpt lat="50.141415" lon="16.596428">
        <ele>598.832781</ele>
        <time>2026-05-18T20:47:55.001Z</time>
      </trkpt>
      <trkpt lat="50.141800" lon="16.596605">
        <ele>601.422141</ele>
        <time>2026-05-18T20:48:21.569Z</time>
      </trkpt>
      <trkpt lat="50.142173" lon="16.596729">
        <ele>603.882522</ele>
        <time>2026-05-18T20:48:46.732Z</time>
      </trkpt>
      <trkpt lat="50.142263" lon="16.596804">
        <ele>604.540766</ele>
        <time>2026-05-18T20:48:53.367Z</time>
      </trkpt>
      <trkpt lat="50.142569" lon="16.596901">
        <ele>606.555220</ele>
        <time>2026-05-18T20:49:13.353Z</time>
      </trkpt>
      <trkpt lat="50.143183" lon="16.597196">
        <ele>609.720118</ele>
        <time>2026-05-18T20:49:51.338Z</time>
      </trkpt>
      <trkpt lat="50.143485" lon="16.597410">
        <ele>610.279606</ele>
        <time>2026-05-18T20:50:09.619Z</time>
      </trkpt>
      <trkpt lat="50.144460" lon="16.597998">
        <ele>612.042818</ele>
        <time>2026-05-18T20:50:54.999Z</time>
      </trkpt>
      <trkpt lat="50.144680" lon="16.598290">
        <ele>612.214094</ele>
        <time>2026-05-18T20:51:03.710Z</time>
      </trkpt>
      <trkpt lat="50.144814" lon="16.598537">
        <ele>611.663777</ele>
        <time>2026-05-18T20:51:09.475Z</time>
      </trkpt>
      <trkpt lat="50.144896" lon="16.598808">
        <ele>611.154156</ele>
        <time>2026-05-18T20:51:14.699Z</time>
      </trkpt>
      <trkpt lat="50.144924" lon="16.599263">
        <ele>610.376872</ele>
        <time>2026-05-18T20:51:22.777Z</time>
      </trkpt>
      <trkpt lat="50.144946" lon="16.599355">
        <ele>610.209890</ele>
        <time>2026-05-18T20:51:24.533Z</time>
      </trkpt>
      <trkpt lat="50.145003" lon="16.599422">
        <ele>610.020530</ele>
        <time>2026-05-18T20:51:26.531Z</time>
      </trkpt>
      <trkpt lat="50.145087" lon="16.599462">
        <ele>609.787488</ele>
        <time>2026-05-18T20:51:29.026Z</time>
      </trkpt>
      <trkpt lat="50.145493" lon="16.599518">
        <ele>608.705964</ele>
        <time>2026-05-18T20:51:41.000Z</time>
      </trkpt>
      <trkpt lat="50.145286" lon="16.599659">
        <ele>608.106637</ele>
        <time>2026-05-18T20:51:48.126Z</time>
      </trkpt>
      <trkpt lat="50.144813" lon="16.600219">
        <ele>608.989170</ele>
        <time>2026-05-18T20:52:10.498Z</time>
      </trkpt>
      <trkpt lat="50.144657" lon="16.600446">
        <ele>609.684080</ele>
        <time>2026-05-18T20:52:20.921Z</time>
      </trkpt>
      <trkpt lat="50.144507" lon="16.600807">
        <ele>610.582336</ele>
        <time>2026-05-18T20:52:36.340Z</time>
      </trkpt>
      <trkpt lat="50.144350" lon="16.601060">
        <ele>611.317608</ele>
        <time>2026-05-18T20:52:49.359Z</time>
      </trkpt>
      <trkpt lat="50.143915" lon="16.601554">
        <ele>613.070349</ele>
        <time>2026-05-18T20:53:19.883Z</time>
      </trkpt>
      <trkpt lat="50.143909" lon="16.601560">
        <ele>613.093565</ele>
        <time>2026-05-18T20:53:20.283Z</time>
      </trkpt>
      <trkpt lat="50.143590" lon="16.601989">
        <ele>615.036117</ele>
        <time>2026-05-18T20:53:44.276Z</time>
      </trkpt>
      <trkpt lat="50.143284" lon="16.602190">
        <ele>616.753139</ele>
        <time>2026-05-18T20:54:03.685Z</time>
      </trkpt>
      <trkpt lat="50.142818" lon="16.602598">
        <ele>619.516582</ele>
        <time>2026-05-18T20:54:35.373Z</time>
      </trkpt>
      <trkpt lat="50.142239" lon="16.602917">
        <ele>622.692138</ele>
        <time>2026-05-18T20:55:10.789Z</time>
      </trkpt>
      <trkpt lat="50.142092" lon="16.603036">
        <ele>623.465974</ele>
        <time>2026-05-18T20:55:20.060Z</time>
      </trkpt>
      <trkpt lat="50.141938" lon="16.603235">
        <ele>624.386518</ele>
        <time>2026-05-18T20:55:31.153Z</time>
      </trkpt>
      <trkpt lat="50.141640" lon="16.603816">
        <ele>626.582159</ele>
        <time>2026-05-18T20:55:57.374Z</time>
      </trkpt>
      <trkpt lat="50.141306" lon="16.604567">
        <ele>629.279271</ele>
        <time>2026-05-18T20:56:29.505Z</time>
      </trkpt>
      <trkpt lat="50.141212" lon="16.604813">
        <ele>630.124324</ele>
        <time>2026-05-18T20:56:39.673Z</time>
      </trkpt>
      <trkpt lat="50.140849" lon="16.606030">
        <ele>634.404410</ele>
        <time>2026-05-18T20:57:27.557Z</time>
      </trkpt>
      <trkpt lat="50.140590" lon="16.606576">
        <ele>636.621504</ele>
        <time>2026-05-18T20:57:52.255Z</time>
      </trkpt>
      <trkpt lat="50.140498" lon="16.606745">
        <ele>637.345222</ele>
        <time>2026-05-18T20:58:00.453Z</time>
      </trkpt>
      <trkpt lat="50.140418" lon="16.606834">
        <ele>637.845586</ele>
        <time>2026-05-18T20:58:06.212Z</time>
      </trkpt>
      <trkpt lat="50.140230" lon="16.606903">
        <ele>638.829126</ele>
        <time>2026-05-18T20:58:14.233Z</time>
      </trkpt>
      <trkpt lat="50.139601" lon="16.607489">
        <ele>643.125717</ele>
        <time>2026-05-18T20:58:46.405Z</time>
      </trkpt>
      <trkpt lat="50.139531" lon="16.607678">
        <ele>644.011687</ele>
        <time>2026-05-18T20:58:52.904Z</time>
      </trkpt>
      <trkpt lat="50.139437" lon="16.608488">
        <ele>647.352715</ele>
        <time>2026-05-18T20:59:18.665Z</time>
      </trkpt>
      <trkpt lat="50.139331" lon="16.608919">
        <ele>649.226401</ele>
        <time>2026-05-18T20:59:32.970Z</time>
      </trkpt>
      <trkpt lat="50.138832" lon="16.609465">
        <ele>652.329179</ele>
        <time>2026-05-18T21:00:00.236Z</time>
      </trkpt>
      <trkpt lat="50.138491" lon="16.610000">
        <ele>653.803388</ele>
        <time>2026-05-18T21:00:19.011Z</time>
      </trkpt>
      <trkpt lat="50.138254" lon="16.610157">
        <ele>654.588299</ele>
        <time>2026-05-18T21:00:27.865Z</time>
      </trkpt>
      <trkpt lat="50.138064" lon="16.610283">
        <ele>655.217656</ele>
        <time>2026-05-18T21:00:34.257Z</time>
      </trkpt>
      <trkpt lat="50.137296" lon="16.611119">
        <ele>657.456700</ele>
        <time>2026-05-18T21:00:54.414Z</time>
      </trkpt>
      <trkpt lat="50.136549" lon="16.611724">
        <ele>658.381415</ele>
        <time>2026-05-18T21:01:10.922Z</time>
      </trkpt>
      <trkpt lat="50.137057" lon="16.618838">
        <ele>670.472497</ele>
        <time>2026-05-18T21:03:36.218Z</time>
      </trkpt>
      <trkpt lat="50.137840" lon="16.623478">
        <ele>679.593041</ele>
        <time>2026-05-18T21:05:19.612Z</time>
      </trkpt>
      <trkpt lat="50.137931" lon="16.623925">
        <ele>679.948102</ele>
        <time>2026-05-18T21:05:26.490Z</time>
      </trkpt>
      <trkpt lat="50.137814" lon="16.623883">
        <ele>679.839632</ele>
        <time>2026-05-18T21:05:28.935Z</time>
      </trkpt>
      <trkpt lat="50.137044" lon="16.623206">
        <ele>679.041089</ele>
        <time>2026-05-18T21:05:43.942Z</time>
      </trkpt>
      <trkpt lat="50.136407" lon="16.622486">
        <ele>678.296867</ele>
        <time>2026-05-18T21:05:56.156Z</time>
      </trkpt>
      <trkpt lat="50.134499" lon="16.620587">
        <ele>675.832070</ele>
        <time>2026-05-18T21:06:35.361Z</time>
      </trkpt>
      <trkpt lat="50.134274" lon="16.620399">
        <ele>675.622913</ele>
        <time>2026-05-18T21:06:40.138Z</time>
      </trkpt>
      <trkpt lat="50.133757" lon="16.620090">
        <ele>675.169227</ele>
        <time>2026-05-18T21:06:50.342Z</time>
      </trkpt>
      <trkpt lat="50.133637" lon="16.620050">
        <ele>675.068673</ele>
        <time>2026-05-18T21:06:52.573Z</time>
      </trkpt>
      <trkpt lat="50.133386" lon="16.620064">
        <ele>674.862858</ele>
        <time>2026-05-18T21:06:57.079Z</time>
      </trkpt>
      <trkpt lat="50.133153" lon="16.620145">
        <ele>674.598571</ele>
        <time>2026-05-18T21:07:01.192Z</time>
      </trkpt>
      <trkpt lat="50.132694" lon="16.620487">
        <ele>674.013306</ele>
        <time>2026-05-18T21:07:09.348Z</time>
      </trkpt>
      <trkpt lat="50.132281" lon="16.620874">
        <ele>673.458979</ele>
        <time>2026-05-18T21:07:17.002Z</time>
      </trkpt>
      <trkpt lat="50.131949" lon="16.621276">
        <ele>672.975420</ele>
        <time>2026-05-18T21:07:23.982Z</time>
      </trkpt>
      <trkpt lat="50.131513" lon="16.622120">
        <ele>673.945482</ele>
        <time>2026-05-18T21:07:38.392Z</time>
      </trkpt>
      <trkpt lat="50.131256" lon="16.622757">
        <ele>675.050428</ele>
        <time>2026-05-18T21:07:53.268Z</time>
      </trkpt>
      <trkpt lat="50.131172" lon="16.623166">
        <ele>675.680926</ele>
        <time>2026-05-18T21:08:03.099Z</time>
      </trkpt>
      <trkpt lat="50.131146" lon="16.623793">
        <ele>676.603319</ele>
        <time>2026-05-18T21:08:18.094Z</time>
      </trkpt>
      <trkpt lat="50.131110" lon="16.624095">
        <ele>676.949031</ele>
        <time>2026-05-18T21:08:25.420Z</time>
      </trkpt>
      <trkpt lat="50.130957" lon="16.624656">
        <ele>677.281528</ele>
        <time>2026-05-18T21:08:38.971Z</time>
      </trkpt>
      <trkpt lat="50.130777" lon="16.625058">
        <ele>677.548960</ele>
        <time>2026-05-18T21:08:48.369Z</time>
      </trkpt>
      <trkpt lat="50.130620" lon="16.625314">
        <ele>677.742183</ele>
        <time>2026-05-18T21:08:54.020Z</time>
      </trkpt>
      <trkpt lat="50.130523" lon="16.625409">
        <ele>677.839625</ele>
        <time>2026-05-18T21:08:56.478Z</time>
      </trkpt>
      <trkpt lat="50.130137" lon="16.625652">
        <ele>678.193760</ele>
        <time>2026-05-18T21:09:03.718Z</time>
      </trkpt>
      <trkpt lat="50.129794" lon="16.625783">
        <ele>678.191011</ele>
        <time>2026-05-18T21:09:09.116Z</time>
      </trkpt>
      <trkpt lat="50.129399" lon="16.626026">
        <ele>677.132054</ele>
        <time>2026-05-18T21:09:15.231Z</time>
      </trkpt>
      <trkpt lat="50.129056" lon="16.626298">
        <ele>676.172432</ele>
        <time>2026-05-18T21:09:20.753Z</time>
      </trkpt>
      <trkpt lat="50.128670" lon="16.626485">
        <ele>675.164402</ele>
        <time>2026-05-18T21:09:32.774Z</time>
      </trkpt>
      <trkpt lat="50.127796" lon="16.626795">
        <ele>673.801898</ele>
        <time>2026-05-18T21:10:01.772Z</time>
      </trkpt>
      <trkpt lat="50.127376" lon="16.627009">
        <ele>673.659613</ele>
        <time>2026-05-18T21:10:17.531Z</time>
      </trkpt>
      <trkpt lat="50.127259" lon="16.627188">
        <ele>673.606838</ele>
        <time>2026-05-18T21:10:23.597Z</time>
      </trkpt>
      <trkpt lat="50.126845" lon="16.627552">
        <ele>673.453798</ele>
        <time>2026-05-18T21:10:41.879Z</time>
      </trkpt>
      <trkpt lat="50.126621" lon="16.627854">
        <ele>673.358453</ele>
        <time>2026-05-18T21:10:53.563Z</time>
      </trkpt>
      <trkpt lat="50.126451" lon="16.628172">
        <ele>673.683272</ele>
        <time>2026-05-18T21:11:03.837Z</time>
      </trkpt>
      <trkpt lat="50.126260" lon="16.628990">
        <ele>674.435479</ele>
        <time>2026-05-18T21:11:26.340Z</time>
      </trkpt>
      <trkpt lat="50.126083" lon="16.630509">
        <ele>675.769471</ele>
        <time>2026-05-18T21:12:10.627Z</time>
      </trkpt>
      <trkpt lat="50.125889" lon="16.631790">
        <ele>675.099978</ele>
        <time>2026-05-18T21:12:48.114Z</time>
      </trkpt>
      <trkpt lat="50.125758" lon="16.632176">
        <ele>674.874243</ele>
        <time>2026-05-18T21:12:59.250Z</time>
      </trkpt>
      <trkpt lat="50.125250" lon="16.633335">
        <ele>672.305129</ele>
        <time>2026-05-18T21:13:25.217Z</time>
      </trkpt>
      <trkpt lat="50.125028" lon="16.633792">
        <ele>668.932603</ele>
        <time>2026-05-18T21:13:34.537Z</time>
      </trkpt>
      <trkpt lat="50.124915" lon="16.633958">
        <ele>667.508467</ele>
        <time>2026-05-18T21:13:38.355Z</time>
      </trkpt>
      <trkpt lat="50.124758" lon="16.634123">
        <ele>665.771606</ele>
        <time>2026-05-18T21:13:42.991Z</time>
      </trkpt>
      <trkpt lat="50.124592" lon="16.634228">
        <ele>664.128164</ele>
        <time>2026-05-18T21:13:47.296Z</time>
      </trkpt>
      <trkpt lat="50.124149" lon="16.634252">
        <ele>660.061383</ele>
        <time>2026-05-18T21:13:57.794Z</time>
      </trkpt>
      <trkpt lat="50.123153" lon="16.634155">
        <ele>651.673038</ele>
        <time>2026-05-18T21:14:22.039Z</time>
      </trkpt>
      <trkpt lat="50.122746" lon="16.634253">
        <ele>648.313785</ele>
        <time>2026-05-18T21:14:32.517Z</time>
      </trkpt>
      <trkpt lat="50.122738" lon="16.634255">
        <ele>648.247695</ele>
        <time>2026-05-18T21:14:32.725Z</time>
      </trkpt>
      <trkpt lat="50.122516" lon="16.634197">
        <ele>646.411598</ele>
        <time>2026-05-18T21:14:38.611Z</time>
      </trkpt>
      <trkpt lat="50.122359" lon="16.634215">
        <ele>645.127484</ele>
        <time>2026-05-18T21:14:42.782Z</time>
      </trkpt>
      <trkpt lat="50.121981" lon="16.634489">
        <ele>642.533367</ele>
        <time>2026-05-18T21:14:54.307Z</time>
      </trkpt>
      <trkpt lat="50.121690" lon="16.634779">
        <ele>641.309277</ele>
        <time>2026-05-18T21:15:04.294Z</time>
      </trkpt>
      <trkpt lat="50.121603" lon="16.634900">
        <ele>640.896085</ele>
        <time>2026-05-18T21:15:07.778Z</time>
      </trkpt>
      <trkpt lat="50.121420" lon="16.635351">
        <ele>639.683071</ele>
        <time>2026-05-18T21:15:18.371Z</time>
      </trkpt>
      <trkpt lat="50.121164" lon="16.635791">
        <ele>638.332718</ele>
        <time>2026-05-18T21:15:30.520Z</time>
      </trkpt>
      <trkpt lat="50.120957" lon="16.635905">
        <ele>637.554566</ele>
        <time>2026-05-18T21:15:37.021Z</time>
      </trkpt>
      <trkpt lat="50.120696" lon="16.635965">
        <ele>636.510856</ele>
        <time>2026-05-18T21:15:44.458Z</time>
      </trkpt>
      <trkpt lat="50.120523" lon="16.635956">
        <ele>635.475037</ele>
        <time>2026-05-18T21:15:49.268Z</time>
      </trkpt>
      <trkpt lat="50.120304" lon="16.636032">
        <ele>634.132477</ele>
        <time>2026-05-18T21:15:55.364Z</time>
      </trkpt>
      <trkpt lat="50.120333" lon="16.636160">
        <ele>633.611602</ele>
        <time>2026-05-18T21:15:56.178Z</time>
      </trkpt>
      <trkpt lat="50.120508" lon="16.636978">
        <ele>630.302968</ele>
        <time>2026-05-18T21:16:01.295Z</time>
      </trkpt>
      <trkpt lat="50.120512" lon="16.637230">
        <ele>629.335790</ele>
        <time>2026-05-18T21:16:02.758Z</time>
      </trkpt>
      <trkpt lat="50.120456" lon="16.637579">
        <ele>627.955440</ele>
        <time>2026-05-18T21:16:04.813Z</time>
      </trkpt>
      <trkpt lat="50.120375" lon="16.637881">
        <ele>626.699419</ele>
        <time>2026-05-18T21:16:06.654Z</time>
      </trkpt>
      <trkpt lat="50.120288" lon="16.638130">
        <ele>625.514575</ele>
        <time>2026-05-18T21:16:08.261Z</time>
      </trkpt>
      <trkpt lat="50.120165" lon="16.638336">
        <ele>624.174745</ele>
        <time>2026-05-18T21:16:09.867Z</time>
      </trkpt>
      <trkpt lat="50.119394" lon="16.639388">
        <ele>616.570007</ele>
        <time>2026-05-18T21:16:19.072Z</time>
      </trkpt>
      <trkpt lat="50.119251" lon="16.639676">
        <ele>614.836190</ele>
        <time>2026-05-18T21:16:21.138Z</time>
      </trkpt>
      <trkpt lat="50.119213" lon="16.639968">
        <ele>613.417966</ele>
        <time>2026-05-18T21:16:22.825Z</time>
      </trkpt>
      <trkpt lat="50.119221" lon="16.640216">
        <ele>612.205745</ele>
        <time>2026-05-18T21:16:24.234Z</time>
      </trkpt>
      <trkpt lat="50.119302" lon="16.640655">
        <ele>609.876722</ele>
        <time>2026-05-18T21:16:26.820Z</time>
      </trkpt>
      <trkpt lat="50.119281" lon="16.640986">
        <ele>608.180911</ele>
        <time>2026-05-18T21:16:28.710Z</time>
      </trkpt>
      <trkpt lat="50.119188" lon="16.641499">
        <ele>605.462901</ele>
        <time>2026-05-18T21:16:31.727Z</time>
      </trkpt>
      <trkpt lat="50.119004" lon="16.642865">
        <ele>598.344930</ele>
        <time>2026-05-18T21:16:39.652Z</time>
      </trkpt>
      <trkpt lat="50.118970" lon="16.643511">
        <ele>594.669144</ele>
        <time>2026-05-18T21:16:43.302Z</time>
      </trkpt>
      <trkpt lat="50.118960" lon="16.643632">
        <ele>593.977277</ele>
        <time>2026-05-18T21:16:43.985Z</time>
      </trkpt>
      <trkpt lat="50.118949" lon="16.644123">
        <ele>591.191116</ele>
        <time>2026-05-18T21:16:46.737Z</time>
      </trkpt>
      <trkpt lat="50.118974" lon="16.644995">
        <ele>586.241062</ele>
        <time>2026-05-18T21:16:51.585Z</time>
      </trkpt>
      <trkpt lat="50.118891" lon="16.645622">
        <ele>582.610355</ele>
        <time>2026-05-18T21:16:55.138Z</time>
      </trkpt>
      <trkpt lat="50.118898" lon="16.645756">
        <ele>581.909205</ele>
        <time>2026-05-18T21:16:55.894Z</time>
      </trkpt>
      <trkpt lat="50.119018" lon="16.646359">
        <ele>578.691937</ele>
        <time>2026-05-18T21:16:59.430Z</time>
      </trkpt>
      <trkpt lat="50.119053" lon="16.646809">
        <ele>576.382088</ele>
        <time>2026-05-18T21:17:01.990Z</time>
      </trkpt>
      <trkpt lat="50.119055" lon="16.647322">
        <ele>573.767975</ele>
        <time>2026-05-18T21:17:04.902Z</time>
      </trkpt>
      <trkpt lat="50.118957" lon="16.648553">
        <ele>567.468478</ele>
        <time>2026-05-18T21:17:12.030Z</time>
      </trkpt>
      <trkpt lat="50.118760" lon="16.649410">
        <ele>562.969063</ele>
        <time>2026-05-18T21:17:17.269Z</time>
      </trkpt>
      <trkpt lat="50.118689" lon="16.650008">
        <ele>559.963385</ele>
        <time>2026-05-18T21:17:20.709Z</time>
      </trkpt>
      <trkpt lat="50.118552" lon="16.650857">
        <ele>555.636609</ele>
        <time>2026-05-18T21:17:25.650Z</time>
      </trkpt>
      <trkpt lat="50.118543" lon="16.651183">
        <ele>554.061553</ele>
        <time>2026-05-18T21:17:27.483Z</time>
      </trkpt>
      <trkpt lat="50.118569" lon="16.651681">
        <ele>551.935449</ele>
        <time>2026-05-18T21:17:30.316Z</time>
      </trkpt>
      <trkpt lat="50.118677" lon="16.652373">
        <ele>548.904884</ele>
        <time>2026-05-18T21:17:34.396Z</time>
      </trkpt>
      <trkpt lat="50.118684" lon="16.652684">
        <ele>547.580704</ele>
        <time>2026-05-18T21:17:36.213Z</time>
      </trkpt>
      <trkpt lat="50.118659" lon="16.653145">
        <ele>545.612058</ele>
        <time>2026-05-18T21:17:39.022Z</time>
      </trkpt>
      <trkpt lat="50.118566" lon="16.653800">
        <ele>542.757390</ele>
        <time>2026-05-18T21:17:43.065Z</time>
      </trkpt>
      <trkpt lat="50.118569" lon="16.654189">
        <ele>540.626310</ele>
        <time>2026-05-18T21:17:45.349Z</time>
      </trkpt>
      <trkpt lat="50.118627" lon="16.654469">
        <ele>538.900063</ele>
        <time>2026-05-18T21:17:47.049Z</time>
      </trkpt>
      <trkpt lat="50.118744" lon="16.654791">
        <ele>536.728784</ele>
        <time>2026-05-18T21:17:49.161Z</time>
      </trkpt>
      <trkpt lat="50.118936" lon="16.655202">
        <ele>533.745543</ele>
        <time>2026-05-18T21:17:52.004Z</time>
      </trkpt>
      <trkpt lat="50.119130" lon="16.655493">
        <ele>531.282813</ele>
        <time>2026-05-18T21:17:54.313Z</time>
      </trkpt>
      <trkpt lat="50.119236" lon="16.655589">
        <ele>530.161307</ele>
        <time>2026-05-18T21:17:55.352Z</time>
      </trkpt>
      <trkpt lat="50.119770" lon="16.655766">
        <ele>525.024680</ele>
        <time>2026-05-18T21:17:59.985Z</time>
      </trkpt>
      <trkpt lat="50.119870" lon="16.655836">
        <ele>523.828498</ele>
        <time>2026-05-18T21:18:00.904Z</time>
      </trkpt>
      <trkpt lat="50.120050" lon="16.656050">
        <ele>521.358504</ele>
        <time>2026-05-18T21:18:02.812Z</time>
      </trkpt>
      <trkpt lat="50.120283" lon="16.656410">
        <ele>517.779285</ele>
        <time>2026-05-18T21:18:05.594Z</time>
      </trkpt>
      <trkpt lat="50.120413" lon="16.656606">
        <ele>515.806077</ele>
        <time>2026-05-18T21:18:07.133Z</time>
      </trkpt>
      <trkpt lat="50.120557" lon="16.656759">
        <ele>513.904593</ele>
        <time>2026-05-18T21:18:08.614Z</time>
      </trkpt>
      <trkpt lat="50.120822" lon="16.656952">
        <ele>510.712875</ele>
        <time>2026-05-18T21:18:11.128Z</time>
      </trkpt>
      <trkpt lat="50.120929" lon="16.657138">
        <ele>508.964360</ele>
        <time>2026-05-18T21:18:12.510Z</time>
      </trkpt>
      <trkpt lat="50.121005" lon="16.658110">
        <ele>503.019817</ele>
        <time>2026-05-18T21:18:17.925Z</time>
      </trkpt>
      <trkpt lat="50.121105" lon="16.658736">
        <ele>499.489933</ele>
        <time>2026-05-18T21:18:21.512Z</time>
      </trkpt>
      <trkpt lat="50.121090" lon="16.659120">
        <ele>497.384972</ele>
        <time>2026-05-18T21:18:23.673Z</time>
      </trkpt>
      <trkpt lat="50.121119" lon="16.659269">
        <ele>496.532980</ele>
        <time>2026-05-18T21:18:24.553Z</time>
      </trkpt>
      <trkpt lat="50.121180" lon="16.659331">
        <ele>495.911645</ele>
        <time>2026-05-18T21:18:25.192Z</time>
      </trkpt>
      <trkpt lat="50.121482" lon="16.659354">
        <ele>493.331398</ele>
        <time>2026-05-18T21:18:27.870Z</time>
      </trkpt>
      <trkpt lat="50.121823" lon="16.659495">
        <ele>490.468650</ele>
        <time>2026-05-18T21:18:31.040Z</time>
      </trkpt>
      <trkpt lat="50.122421" lon="16.659348">
        <ele>486.568612</ele>
        <time>2026-05-18T21:18:36.536Z</time>
      </trkpt>
      <trkpt lat="50.122789" lon="16.659179">
        <ele>484.097223</ele>
        <time>2026-05-18T21:18:40.034Z</time>
      </trkpt>
      <trkpt lat="50.122880" lon="16.659169">
        <ele>483.509522</ele>
        <time>2026-05-18T21:18:40.864Z</time>
      </trkpt>
      <trkpt lat="50.123045" lon="16.659283">
        <ele>482.346924</ele>
        <time>2026-05-18T21:18:42.509Z</time>
      </trkpt>
      <trkpt lat="50.123183" lon="16.659475">
        <ele>481.155585</ele>
        <time>2026-05-18T21:18:44.198Z</time>
      </trkpt>
      <trkpt lat="50.123514" lon="16.660070">
        <ele>478.261407</ele>
        <time>2026-05-18T21:18:48.800Z</time>
      </trkpt>
      <trkpt lat="50.123646" lon="16.660261">
        <ele>477.392167</ele>
        <time>2026-05-18T21:18:50.448Z</time>
      </trkpt>
      <trkpt lat="50.124197" lon="16.660721">
        <ele>474.375063</ele>
        <time>2026-05-18T21:18:56.210Z</time>
      </trkpt>
      <trkpt lat="50.124387" lon="16.660947">
        <ele>473.221523</ele>
        <time>2026-05-18T21:18:58.452Z</time>
      </trkpt>
      <trkpt lat="50.125013" lon="16.662229">
        <ele>469.722268</ele>
        <time>2026-05-18T21:19:09.171Z</time>
      </trkpt>
      <trkpt lat="50.125144" lon="16.662377">
        <ele>469.421792</ele>
        <time>2026-05-18T21:19:11.303Z</time>
      </trkpt>
      <trkpt lat="50.125197" lon="16.662491">
        <ele>469.254084</ele>
        <time>2026-05-18T21:19:12.568Z</time>
      </trkpt>
      <trkpt lat="50.125250" lon="16.662732">
        <ele>468.950651</ele>
        <time>2026-05-18T21:19:14.898Z</time>
      </trkpt>
      <trkpt lat="50.125333" lon="16.663120">
        <ele>468.463523</ele>
        <time>2026-05-18T21:19:18.266Z</time>
      </trkpt>
      <trkpt lat="50.125387" lon="16.663266">
        <ele>468.262785</ele>
        <time>2026-05-18T21:19:19.534Z</time>
      </trkpt>
      <trkpt lat="50.125490" lon="16.663415">
        <ele>468.001831</ele>
        <time>2026-05-18T21:19:21.134Z</time>
      </trkpt>
      <trkpt lat="50.125880" lon="16.663923">
        <ele>466.786126</ele>
        <time>2026-05-18T21:19:26.689Z</time>
      </trkpt>
      <trkpt lat="50.126362" lon="16.664473">
        <ele>464.489816</ele>
        <time>2026-05-18T21:19:32.662Z</time>
      </trkpt>
      <trkpt lat="50.126601" lon="16.664677">
        <ele>463.442247</ele>
        <time>2026-05-18T21:19:35.253Z</time>
      </trkpt>
      <trkpt lat="50.127007" lon="16.665281">
        <ele>461.284967</ele>
        <time>2026-05-18T21:19:40.503Z</time>
      </trkpt>
      <trkpt lat="50.127572" lon="16.665907">
        <ele>459.181841</ele>
        <time>2026-05-18T21:19:47.331Z</time>
      </trkpt>
      <trkpt lat="50.128249" lon="16.666889">
        <ele>456.751319</ele>
        <time>2026-05-18T21:19:57.129Z</time>
      </trkpt>
      <trkpt lat="50.128975" lon="16.667771">
        <ele>455.154593</ele>
        <time>2026-05-18T21:20:07.914Z</time>
      </trkpt>
      <trkpt lat="50.129396" lon="16.667537">
        <ele>454.703428</ele>
        <time>2026-05-18T21:20:13.602Z</time>
      </trkpt>
      <trkpt lat="50.130124" lon="16.667223">
        <ele>453.940951</ele>
        <time>2026-05-18T21:20:23.285Z</time>
      </trkpt>
      <trkpt lat="50.130723" lon="16.666811">
        <ele>453.180765</ele>
        <time>2026-05-18T21:20:31.151Z</time>
      </trkpt>
      <trkpt lat="50.131101" lon="16.666511">
        <ele>452.678219</ele>
        <time>2026-05-18T21:20:36.188Z</time>
      </trkpt>
      <trkpt lat="50.131362" lon="16.666242">
        <ele>452.307544</ele>
        <time>2026-05-18T21:20:39.864Z</time>
      </trkpt>
      <trkpt lat="50.131879" lon="16.665374">
        <ele>451.411918</ele>
        <time>2026-05-18T21:20:48.697Z</time>
      </trkpt>
      <trkpt lat="50.131928" lon="16.665292">
        <ele>451.327958</ele>
        <time>2026-05-18T21:20:49.558Z</time>
      </trkpt>
      <trkpt lat="50.132065" lon="16.665082">
        <ele>451.103551</ele>
        <time>2026-05-18T21:20:51.881Z</time>
      </trkpt>
      <trkpt lat="50.132271" lon="16.664842">
        <ele>450.803154</ele>
        <time>2026-05-18T21:20:55.019Z</time>
      </trkpt>
      <trkpt lat="50.134742" lon="16.663304">
        <ele>447.643248</ele>
        <time>2026-05-18T21:21:27.001Z</time>
      </trkpt>
      <trkpt lat="50.134983" lon="16.663156">
        <ele>447.318702</ele>
        <time>2026-05-18T21:21:30.013Z</time>
      </trkpt>
      <trkpt lat="50.135139" lon="16.663067">
        <ele>447.097981</ele>
        <time>2026-05-18T21:21:31.941Z</time>
      </trkpt>
      <trkpt lat="50.135435" lon="16.662936">
        <ele>446.689132</ele>
        <time>2026-05-18T21:21:35.487Z</time>
      </trkpt>
      <trkpt lat="50.135630" lon="16.662885">
        <ele>446.426398</ele>
        <time>2026-05-18T21:21:37.752Z</time>
      </trkpt>
      <trkpt lat="50.135954" lon="16.662853">
        <ele>445.995000</ele>
        <time>2026-05-18T21:21:41.440Z</time>
      </trkpt>
      <trkpt lat="50.136961" lon="16.662851">
        <ele>444.833371</ele>
        <time>2026-05-18T21:21:53.346Z</time>
      </trkpt>
      <trkpt lat="50.140099" lon="16.662821">
        <ele>442.728897</ele>
        <time>2026-05-18T21:22:34.145Z</time>
      </trkpt>
      <trkpt lat="50.140122" lon="16.662821">
        <ele>442.715374</ele>
        <time>2026-05-18T21:22:34.462Z</time>
      </trkpt>
      <trkpt lat="50.140152" lon="16.662822">
        <ele>442.697732</ele>
        <time>2026-05-18T21:22:34.854Z</time>
      </trkpt>
      <trkpt lat="50.140463" lon="16.662856">
        <ele>442.505037</ele>
        <time>2026-05-18T21:22:39.019Z</time>
      </trkpt>
      <trkpt lat="50.140727" lon="16.662969">
        <ele>442.332242</ele>
        <time>2026-05-18T21:22:42.614Z</time>
      </trkpt>
      <trkpt lat="50.140880" lon="16.663053">
        <ele>442.229863</ele>
        <time>2026-05-18T21:22:44.714Z</time>
      </trkpt>
      <trkpt lat="50.141168" lon="16.663178">
        <ele>442.041173</ele>
        <time>2026-05-18T21:22:48.551Z</time>
      </trkpt>
      <trkpt lat="50.141346" lon="16.663195">
        <ele>441.928607</ele>
        <time>2026-05-18T21:22:50.821Z</time>
      </trkpt>
      <trkpt lat="50.142096" lon="16.662954">
        <ele>441.434282</ele>
        <time>2026-05-18T21:23:00.646Z</time>
      </trkpt>
      <trkpt lat="50.142427" lon="16.663004">
        <ele>441.186895</ele>
        <time>2026-05-18T21:23:05.078Z</time>
      </trkpt>
      <trkpt lat="50.142699" lon="16.662998">
        <ele>440.984529</ele>
        <time>2026-05-18T21:23:08.665Z</time>
      </trkpt>
      <trkpt lat="50.142838" lon="16.663022">
        <ele>440.880494</ele>
        <time>2026-05-18T21:23:13.564Z</time>
      </trkpt>
      <trkpt lat="50.143233" lon="16.663215">
        <ele>440.572578</ele>
        <time>2026-05-18T21:23:27.784Z</time>
      </trkpt>
      <trkpt lat="50.143451" lon="16.663316">
        <ele>440.403406</ele>
        <time>2026-05-18T21:23:35.564Z</time>
      </trkpt>
      <trkpt lat="50.143753" lon="16.663440">
        <ele>440.171096</ele>
        <time>2026-05-18T21:23:46.249Z</time>
      </trkpt>
      <trkpt lat="50.144345" lon="16.663567">
        <ele>439.864005</ele>
        <time>2026-05-18T21:24:06.192Z</time>
      </trkpt>
      <trkpt lat="50.144422" lon="16.663581">
        <ele>439.824262</ele>
        <time>2026-05-18T21:24:08.785Z</time>
      </trkpt>
      <trkpt lat="50.144683" lon="16.663638">
        <ele>439.689149</ele>
        <time>2026-05-18T21:24:17.758Z</time>
      </trkpt>
      <trkpt lat="50.144440" lon="16.663348">
        <ele>439.532310</ele>
        <time>2026-05-18T21:24:28.408Z</time>
      </trkpt>
      <trkpt lat="50.143984" lon="16.662943">
        <ele>439.263313</ele>
        <time>2026-05-18T21:24:35.956Z</time>
      </trkpt>
      <trkpt lat="50.143470" lon="16.662420">
        <ele>440.590268</ele>
        <time>2026-05-18T21:24:47.249Z</time>
      </trkpt>
      <trkpt lat="50.143258" lon="16.662146">
        <ele>441.226822</ele>
        <time>2026-05-18T21:24:53.408Z</time>
      </trkpt>
      <trkpt lat="50.143075" lon="16.661880">
        <ele>441.805149</ele>
        <time>2026-05-18T21:24:59.383Z</time>
      </trkpt>
      <trkpt lat="50.142892" lon="16.661543">
        <ele>442.459740</ele>
        <time>2026-05-18T21:25:07.002Z</time>
      </trkpt>
      <trkpt lat="50.142769" lon="16.661214">
        <ele>443.024200</ele>
        <time>2026-05-18T21:25:14.264Z</time>
      </trkpt>
      <trkpt lat="50.142594" lon="16.660603">
        <ele>444.734587</ele>
        <time>2026-05-18T21:25:28.565Z</time>
      </trkpt>
      <trkpt lat="50.142257" lon="16.659358">
        <ele>449.096107</ele>
        <time>2026-05-18T21:25:59.364Z</time>
      </trkpt>
      <trkpt lat="50.142102" lon="16.658771">
        <ele>451.144969</ele>
        <time>2026-05-18T21:26:14.248Z</time>
      </trkpt>
      <trkpt lat="50.141907" lon="16.658051">
        <ele>453.900878</ele>
        <time>2026-05-18T21:26:32.424Z</time>
      </trkpt>
      <trkpt lat="50.141580" lon="16.656923">
        <ele>458.670282</ele>
        <time>2026-05-18T21:27:02.482Z</time>
      </trkpt>
      <trkpt lat="50.141498" lon="16.656686">
        <ele>459.707863</ele>
        <time>2026-05-18T21:27:09.401Z</time>
      </trkpt>
      <trkpt lat="50.141252" lon="16.655980">
        <ele>462.803676</ele>
        <time>2026-05-18T21:27:29.971Z</time>
      </trkpt>
      <trkpt lat="50.141106" lon="16.655533">
        <ele>464.746970</ele>
        <time>2026-05-18T21:27:43.442Z</time>
      </trkpt>
      <trkpt lat="50.140993" lon="16.655280">
        <ele>465.943520</ele>
        <time>2026-05-18T21:27:52.137Z</time>
      </trkpt>
      <trkpt lat="50.140915" lon="16.655200">
        <ele>466.508639</ele>
        <time>2026-05-18T21:27:56.221Z</time>
      </trkpt>
      <trkpt lat="50.140658" lon="16.655077">
        <ele>468.136133</ele>
        <time>2026-05-18T21:28:07.327Z</time>
      </trkpt>
      <trkpt lat="50.140620" lon="16.655031">
        <ele>468.427314</ele>
        <time>2026-05-18T21:28:09.295Z</time>
      </trkpt>
      <trkpt lat="50.140524" lon="16.654615">
        <ele>470.142928</ele>
        <time>2026-05-18T21:28:20.288Z</time>
      </trkpt>
      <trkpt lat="50.140405" lon="16.654269">
        <ele>471.666578</ele>
        <time>2026-05-18T21:28:29.341Z</time>
      </trkpt>
      <trkpt lat="50.140423" lon="16.654178">
        <ele>472.036112</ele>
        <time>2026-05-18T21:28:31.478Z</time>
      </trkpt>
      <trkpt lat="50.140479" lon="16.654076">
        <ele>472.557255</ele>
        <time>2026-05-18T21:28:34.302Z</time>
      </trkpt>
      <trkpt lat="50.140880" lon="16.653745">
        <ele>475.590332</ele>
        <time>2026-05-18T21:28:50.219Z</time>
      </trkpt>
      <trkpt lat="50.141180" lon="16.653547">
        <ele>478.058200</ele>
        <time>2026-05-18T21:29:02.864Z</time>
      </trkpt>
      <trkpt lat="50.141398" lon="16.653454">
        <ele>479.770455</ele>
        <time>2026-05-18T21:29:11.795Z</time>
      </trkpt>
      <trkpt lat="50.141478" lon="16.653450">
        <ele>480.376871</ele>
        <time>2026-05-18T21:29:14.876Z</time>
      </trkpt>
      <trkpt lat="50.141620" lon="16.653196">
        <ele>482.013486</ele>
        <time>2026-05-18T21:29:28.709Z</time>
      </trkpt>
      <trkpt lat="50.141686" lon="16.652988">
        <ele>483.140456</ele>
        <time>2026-05-18T21:29:38.646Z</time>
      </trkpt>
      <trkpt lat="50.141716" lon="16.652658">
        <ele>484.758841</ele>
        <time>2026-05-18T21:29:53.700Z</time>
      </trkpt>
      <trkpt lat="50.141681" lon="16.652306">
        <ele>486.488456</ele>
        <time>2026-05-18T21:30:10.756Z</time>
      </trkpt>
      <trkpt lat="50.141509" lon="16.651512">
        <ele>492.336701</ele>
        <time>2026-05-18T21:30:55.743Z</time>
      </trkpt>
      <trkpt lat="50.141427" lon="16.651256">
        <ele>494.619627</ele>
        <time>2026-05-18T21:31:12.323Z</time>
      </trkpt>
      <trkpt lat="50.141385" lon="16.650739">
        <ele>498.776682</ele>
        <time>2026-05-18T21:31:43.000Z</time>
      </trkpt>
      <trkpt lat="50.141199" lon="16.649820">
        <ele>506.464324</ele>
        <time>2026-05-18T21:32:40.259Z</time>
      </trkpt>
      <trkpt lat="50.141185" lon="16.649749">
        <ele>507.056886</ele>
        <time>2026-05-18T21:32:44.565Z</time>
      </trkpt>
      <trkpt lat="50.141339" lon="16.649604">
        <ele>509.295595</ele>
        <time>2026-05-18T21:32:59.004Z</time>
      </trkpt>
      <trkpt lat="50.141465" lon="16.649394">
        <ele>510.989124</ele>
        <time>2026-05-18T21:33:13.323Z</time>
      </trkpt>
      <trkpt lat="50.141816" lon="16.649319">
        <ele>513.521717</ele>
        <time>2026-05-18T21:33:38.899Z</time>
      </trkpt>
      <trkpt lat="50.142015" lon="16.649212">
        <ele>515.026393</ele>
        <time>2026-05-18T21:33:52.758Z</time>
      </trkpt>
      <trkpt lat="50.142373" lon="16.649351">
        <ele>517.663651</ele>
        <time>2026-05-18T21:34:14.536Z</time>
      </trkpt>
      <trkpt lat="50.142641" lon="16.649362">
        <ele>519.580150</ele>
        <time>2026-05-18T21:34:28.055Z</time>
      </trkpt>
      <trkpt lat="50.143459" lon="16.649244">
        <ele>523.684909</ele>
        <time>2026-05-18T21:34:57.670Z</time>
      </trkpt>
      <trkpt lat="50.143879" lon="16.649383">
        <ele>524.509195</ele>
        <time>2026-05-18T21:35:09.591Z</time>
      </trkpt>
      <trkpt lat="50.144016" lon="16.649480">
        <ele>524.798029</ele>
        <time>2026-05-18T21:35:14.004Z</time>
      </trkpt>
      <trkpt lat="50.144243" lon="16.649512">
        <ele>525.235616</ele>
        <time>2026-05-18T21:35:21.128Z</time>
      </trkpt>
      <trkpt lat="50.144388" lon="16.649609">
        <ele>525.538502</ele>
        <time>2026-05-18T21:35:26.454Z</time>
      </trkpt>
      <trkpt lat="50.144491" lon="16.649630">
        <ele>525.737931</ele>
        <time>2026-05-18T21:35:30.163Z</time>
      </trkpt>
      <trkpt lat="50.144587" lon="16.649609">
        <ele>525.924041</ele>
        <time>2026-05-18T21:35:33.621Z</time>
      </trkpt>
      <trkpt lat="50.144532" lon="16.649437">
        <ele>526.160545</ele>
        <time>2026-05-18T21:35:38.290Z</time>
      </trkpt>
      <trkpt lat="50.144408" lon="16.649118">
        <ele>526.942043</ele>
        <time>2026-05-18T21:35:46.328Z</time>
      </trkpt>
      <trkpt lat="50.144417" lon="16.649075">
        <ele>527.135131</ele>
        <time>2026-05-18T21:35:47.338Z</time>
      </trkpt>
      <trkpt lat="50.144554" lon="16.649086">
        <ele>528.048856</ele>
        <time>2026-05-18T21:35:52.544Z</time>
      </trkpt>
      <trkpt lat="50.144637" lon="16.649040">
        <ele>528.635529</ele>
        <time>2026-05-18T21:35:56.049Z</time>
      </trkpt>
      <trkpt lat="50.144638" lon="16.649000">
        <ele>528.806399</ele>
        <time>2026-05-18T21:35:57.154Z</time>
      </trkpt>
      <trkpt lat="50.144527" lon="16.648828">
        <ele>529.848346</ele>
        <time>2026-05-18T21:36:04.008Z</time>
      </trkpt>
      <trkpt lat="50.144085" lon="16.648471">
        <ele>533.163392</ele>
        <time>2026-05-18T21:36:29.306Z</time>
      </trkpt>
      <trkpt lat="50.144076" lon="16.648418">
        <ele>533.397434</ele>
        <time>2026-05-18T21:36:31.220Z</time>
      </trkpt>
      <trkpt lat="50.144317" lon="16.648318">
        <ele>535.058449</ele>
        <time>2026-05-18T21:36:44.738Z</time>
      </trkpt>
      <trkpt lat="50.144511" lon="16.648117">
        <ele>536.609529</ele>
        <time>2026-05-18T21:36:57.527Z</time>
      </trkpt>
      <trkpt lat="50.144516" lon="16.648050">
        <ele>536.897454</ele>
        <time>2026-05-18T21:36:59.873Z</time>
      </trkpt>
      <trkpt lat="50.144449" lon="16.647967">
        <ele>537.467257</ele>
        <time>2026-05-18T21:37:04.432Z</time>
      </trkpt>
      <trkpt lat="50.144161" lon="16.647889">
        <ele>539.312131</ele>
        <time>2026-05-18T21:37:19.516Z</time>
      </trkpt>
      <trkpt lat="50.143873" lon="16.647710">
        <ele>541.153911</ele>
        <time>2026-05-18T21:37:34.585Z</time>
      </trkpt>
      <trkpt lat="50.143624" lon="16.647600">
        <ele>542.691396</ele>
        <time>2026-05-18T21:37:46.383Z</time>
      </trkpt>
      <trkpt lat="50.143640" lon="16.647565">
        <ele>542.855086</ele>
        <time>2026-05-18T21:37:47.571Z</time>
      </trkpt>
      <trkpt lat="50.143889" lon="16.647549">
        <ele>544.335680</ele>
        <time>2026-05-18T21:37:58.340Z</time>
      </trkpt>
      <trkpt lat="50.144258" lon="16.647441">
        <ele>546.566187</ele>
        <time>2026-05-18T21:38:13.634Z</time>
      </trkpt>
      <trkpt lat="50.144692" lon="16.647267">
        <ele>549.214546</ele>
        <time>2026-05-18T21:38:30.747Z</time>
      </trkpt>
      <trkpt lat="50.144699" lon="16.647216">
        <ele>549.375575</ele>
        <time>2026-05-18T21:38:32.016Z</time>
      </trkpt>
      <trkpt lat="50.144319" lon="16.647162">
        <ele>551.213870</ele>
        <time>2026-05-18T21:38:46.607Z</time>
      </trkpt>
      <trkpt lat="50.143982" lon="16.647026">
        <ele>552.890847</ele>
        <time>2026-05-18T21:39:00.448Z</time>
      </trkpt>
      <trkpt lat="50.143985" lon="16.646980">
        <ele>553.033604</ele>
        <time>2026-05-18T21:39:01.657Z</time>
      </trkpt>
      <trkpt lat="50.144222" lon="16.646900">
        <ele>554.201805</ele>
        <time>2026-05-18T21:39:11.759Z</time>
      </trkpt>
      <trkpt lat="50.144353" lon="16.646747">
        <ele>554.990125</ele>
        <time>2026-05-18T21:39:18.607Z</time>
      </trkpt>
      <trkpt lat="50.143715" lon="16.646457">
        <ele>558.092169</ele>
        <time>2026-05-18T21:39:45.206Z</time>
      </trkpt>
      <trkpt lat="50.143547" lon="16.646428">
        <ele>558.688359</ele>
        <time>2026-05-18T21:39:51.643Z</time>
      </trkpt>
      <trkpt lat="50.143550" lon="16.646369">
        <ele>558.822146</ele>
        <time>2026-05-18T21:39:53.054Z</time>
      </trkpt>
      <trkpt lat="50.143722" lon="16.646326">
        <ele>559.436567</ele>
        <time>2026-05-18T21:39:59.345Z</time>
      </trkpt>
      <trkpt lat="50.144016" lon="16.646146">
        <ele>560.550540</ele>
        <time>2026-05-18T21:40:10.166Z</time>
      </trkpt>
      <trkpt lat="50.144179" lon="16.645985">
        <ele>561.230982</ele>
        <time>2026-05-18T21:40:16.516Z</time>
      </trkpt>
      <trkpt lat="50.144155" lon="16.645945">
        <ele>561.354843</ele>
        <time>2026-05-18T21:40:17.659Z</time>
      </trkpt>
      <trkpt lat="50.143337" lon="16.645805">
        <ele>564.277332</ele>
        <time>2026-05-18T21:40:43.265Z</time>
      </trkpt>
      <trkpt lat="50.143322" lon="16.645743">
        <ele>564.459317</ele>
        <time>2026-05-18T21:40:44.655Z</time>
      </trkpt>
      <trkpt lat="50.143351" lon="16.645663">
        <ele>564.711711</ele>
        <time>2026-05-18T21:40:46.603Z</time>
      </trkpt>
      <trkpt lat="50.143518" lon="16.645524">
        <ele>565.522730</ele>
        <time>2026-05-18T21:40:52.992Z</time>
      </trkpt>
      <trkpt lat="50.143613" lon="16.645406">
        <ele>566.043020</ele>
        <time>2026-05-18T21:40:57.212Z</time>
      </trkpt>
      <trkpt lat="50.143681" lon="16.645322">
        <ele>566.414647</ele>
        <time>2026-05-18T21:41:00.244Z</time>
      </trkpt>
      <trkpt lat="50.143868" lon="16.644762">
        <ele>568.148667</ele>
        <time>2026-05-18T21:41:14.848Z</time>
      </trkpt>
      <trkpt lat="50.144182" lon="16.644220">
        <ele>570.155018</ele>
        <time>2026-05-18T21:41:32.812Z</time>
      </trkpt>
      <trkpt lat="50.144202" lon="16.644137">
        <ele>570.398517</ele>
        <time>2026-05-18T21:41:35.169Z</time>
      </trkpt>
      <trkpt lat="50.144150" lon="16.643981">
        <ele>570.881378</ele>
        <time>2026-05-18T21:41:39.716Z</time>
      </trkpt>
      <trkpt lat="50.143628" lon="16.642855">
        <ele>575.095493</ele>
        <time>2026-05-18T21:42:18.875Z</time>
      </trkpt>
      <trkpt lat="50.143647" lon="16.642796">
        <ele>575.302345</ele>
        <time>2026-05-18T21:42:20.710Z</time>
      </trkpt>
      <trkpt lat="50.143837" lon="16.642841">
        <ele>576.241746</ele>
        <time>2026-05-18T21:42:28.807Z</time>
      </trkpt>
      <trkpt lat="50.143863" lon="16.642793">
        <ele>576.438631</ele>
        <time>2026-05-18T21:42:30.483Z</time>
      </trkpt>
      <trkpt lat="50.143851" lon="16.642681">
        <ele>576.794361</ele>
        <time>2026-05-18T21:42:33.465Z</time>
      </trkpt>
      <trkpt lat="50.143763" lon="16.642460">
        <ele>577.609440</ele>
        <time>2026-05-18T21:42:40.092Z</time>
      </trkpt>
      <trkpt lat="50.143451" lon="16.642152">
        <ele>579.414153</ele>
        <time>2026-05-18T21:42:53.985Z</time>
      </trkpt>
      <trkpt lat="50.143138" lon="16.641900">
        <ele>581.045418</ele>
        <time>2026-05-18T21:43:06.246Z</time>
      </trkpt>
      <trkpt lat="50.142598" lon="16.641632">
        <ele>583.284655</ele>
        <time>2026-05-18T21:43:24.770Z</time>
      </trkpt>
      <trkpt lat="50.142445" lon="16.641441">
        <ele>584.058947</ele>
        <time>2026-05-18T21:43:31.043Z</time>
      </trkpt>
      <trkpt lat="50.142261" lon="16.641034">
        <ele>585.320346</ele>
        <time>2026-05-18T21:43:41.730Z</time>
      </trkpt>
      <trkpt lat="50.142058" lon="16.640816">
        <ele>586.294163</ele>
        <time>2026-05-18T21:43:50.502Z</time>
      </trkpt>
      <trkpt lat="50.142005" lon="16.640674">
        <ele>586.710330</ele>
        <time>2026-05-18T21:43:54.450Z</time>
      </trkpt>
      <trkpt lat="50.142019" lon="16.640551">
        <ele>587.026711</ele>
        <time>2026-05-18T21:43:57.525Z</time>
      </trkpt>
      <trkpt lat="50.142170" lon="16.640232">
        <ele>588.224073</ele>
        <time>2026-05-18T21:44:07.943Z</time>
      </trkpt>
      <trkpt lat="50.142185" lon="16.640296">
        <ele>588.525015</ele>
        <time>2026-05-18T21:44:09.818Z</time>
      </trkpt>
      <trkpt lat="50.142108" lon="16.640503">
        <ele>589.581988</ele>
        <time>2026-05-18T21:44:16.662Z</time>
      </trkpt>
      <trkpt lat="50.142142" lon="16.640535">
        <ele>589.855595</ele>
        <time>2026-05-18T21:44:18.507Z</time>
      </trkpt>
      <trkpt lat="50.142352" lon="16.640183">
        <ele>591.979371</ele>
        <time>2026-05-18T21:44:33.127Z</time>
      </trkpt>
      <trkpt lat="50.142376" lon="16.640001">
        <ele>592.799950</ele>
        <time>2026-05-18T21:44:38.960Z</time>
      </trkpt>
      <trkpt lat="50.142208" lon="16.639620">
        <ele>594.842290</ele>
        <time>2026-05-18T21:44:53.851Z</time>
      </trkpt>
      <trkpt lat="50.142199" lon="16.639529">
        <ele>595.248919</ele>
        <time>2026-05-18T21:44:56.860Z</time>
      </trkpt>
      <trkpt lat="50.142198" lon="16.639507">
        <ele>595.346319</ele>
        <time>2026-05-18T21:44:57.561Z</time>
      </trkpt>
      <trkpt lat="50.142246" lon="16.639422">
        <ele>595.846624</ele>
        <time>2026-05-18T21:45:01.233Z</time>
      </trkpt>
      <trkpt lat="50.142748" lon="16.638858">
        <ele>600.109182</ele>
        <time>2026-05-18T21:45:32.556Z</time>
      </trkpt>
      <trkpt lat="50.142895" lon="16.638633">
        <ele>601.551994</ele>
        <time>2026-05-18T21:45:43.122Z</time>
      </trkpt>
      <trkpt lat="50.143143" lon="16.637533">
        <ele>606.791816</ele>
        <time>2026-05-18T21:46:20.828Z</time>
      </trkpt>
      <trkpt lat="50.143150" lon="16.637233">
        <ele>608.140764</ele>
        <time>2026-05-18T21:46:30.201Z</time>
      </trkpt>
      <trkpt lat="50.143115" lon="16.636981">
        <ele>609.299417</ele>
        <time>2026-05-18T21:46:38.151Z</time>
      </trkpt>
      <trkpt lat="50.143126" lon="16.636900">
        <ele>609.671474</ele>
        <time>2026-05-18T21:46:40.665Z</time>
      </trkpt>
      <trkpt lat="50.143177" lon="16.636868">
        <ele>610.056892</ele>
        <time>2026-05-18T21:46:43.263Z</time>
      </trkpt>
      <trkpt lat="50.143222" lon="16.636916">
        <ele>610.439089</ele>
        <time>2026-05-18T21:46:45.784Z</time>
      </trkpt>
      <trkpt lat="50.143267" lon="16.637276">
        <ele>612.087235</ele>
        <time>2026-05-18T21:46:56.470Z</time>
      </trkpt>
      <trkpt lat="50.143322" lon="16.637281">
        <ele>612.473525</ele>
        <time>2026-05-18T21:46:58.894Z</time>
      </trkpt>
      <trkpt lat="50.143349" lon="16.637093">
        <ele>613.182916</ele>
        <time>2026-05-18T21:47:04.315Z</time>
      </trkpt>
      <trkpt lat="50.143397" lon="16.636943">
        <ele>613.726855</ele>
        <time>2026-05-18T21:47:08.977Z</time>
      </trkpt>
      <trkpt lat="50.143439" lon="16.636959">
        <ele>613.945718</ele>
        <time>2026-05-18T21:47:10.795Z</time>
      </trkpt>
      <trkpt lat="50.143421" lon="16.637303">
        <ele>615.065471</ele>
        <time>2026-05-18T21:47:20.178Z</time>
      </trkpt>
      <trkpt lat="50.143480" lon="16.637286">
        <ele>615.369199</ele>
        <time>2026-05-18T21:47:22.705Z</time>
      </trkpt>
      <trkpt lat="50.143549" lon="16.637131">
        <ele>615.981478</ele>
        <time>2026-05-18T21:47:27.788Z</time>
      </trkpt>
      <trkpt lat="50.143590" lon="16.636401">
        <ele>618.358886</ele>
        <time>2026-05-18T21:47:46.766Z</time>
      </trkpt>
      <trkpt lat="50.143638" lon="16.636364">
        <ele>618.629911</ele>
        <time>2026-05-18T21:47:48.882Z</time>
      </trkpt>
      <trkpt lat="50.143662" lon="16.636477">
        <ele>619.016123</ele>
        <time>2026-05-18T21:47:51.897Z</time>
      </trkpt>
      <trkpt lat="50.143648" lon="16.636836">
        <ele>620.182975</ele>
        <time>2026-05-18T21:48:00.930Z</time>
      </trkpt>
      <trkpt lat="50.143703" lon="16.636916">
        <ele>620.563613</ele>
        <time>2026-05-18T21:48:03.832Z</time>
      </trkpt>
      <trkpt lat="50.143786" lon="16.636734">
        <ele>621.288311</ele>
        <time>2026-05-18T21:48:09.229Z</time>
      </trkpt>
      <trkpt lat="50.143789" lon="16.636080">
        <ele>622.984011</ele>
        <time>2026-05-18T21:48:24.327Z</time>
      </trkpt>
      <trkpt lat="50.143721" lon="16.635591">
        <ele>624.154637</ele>
        <time>2026-05-18T21:48:35.556Z</time>
      </trkpt>
      <trkpt lat="50.143769" lon="16.635634">
        <ele>624.356685</ele>
        <time>2026-05-18T21:48:37.464Z</time>
      </trkpt>
      <trkpt lat="50.143882" lon="16.636063">
        <ele>625.441785</ele>
        <time>2026-05-18T21:48:47.549Z</time>
      </trkpt>
      <trkpt lat="50.143954" lon="16.636155">
        <ele>625.781502</ele>
        <time>2026-05-18T21:48:50.645Z</time>
      </trkpt>
      <trkpt lat="50.143992" lon="16.635978">
        <ele>626.218205</ele>
        <time>2026-05-18T21:48:54.643Z</time>
      </trkpt>
      <trkpt lat="50.143954" lon="16.635050">
        <ele>628.393656</ele>
        <time>2026-05-18T21:49:14.874Z</time>
      </trkpt>
      <trkpt lat="50.143989" lon="16.634905">
        <ele>628.716693</ele>
        <time>2026-05-18T21:49:18.293Z</time>
      </trkpt>
      <trkpt lat="50.144088" lon="16.634889">
        <ele>629.033481</ele>
        <time>2026-05-18T21:49:21.723Z</time>
      </trkpt>
      <trkpt lat="50.144167" lon="16.634980">
        <ele>629.346017</ele>
        <time>2026-05-18T21:49:25.105Z</time>
      </trkpt>
      <trkpt lat="50.144226" lon="16.634926">
        <ele>629.563724</ele>
        <time>2026-05-18T21:49:27.447Z</time>
      </trkpt>
      <trkpt lat="50.144212" lon="16.634733">
        <ele>629.959910</ele>
        <time>2026-05-18T21:49:31.753Z</time>
      </trkpt>
      <trkpt lat="50.144157" lon="16.634465">
        <ele>630.533909</ele>
        <time>2026-05-18T21:49:38.078Z</time>
      </trkpt>
      <trkpt lat="50.143696" lon="16.634266">
        <ele>632.056313</ele>
        <time>2026-05-18T21:49:53.629Z</time>
      </trkpt>
      <trkpt lat="50.143439" lon="16.634261">
        <ele>632.874369</ele>
        <time>2026-05-18T21:50:01.865Z</time>
      </trkpt>
      <trkpt lat="50.143463" lon="16.634175">
        <ele>633.065701</ele>
        <time>2026-05-18T21:50:03.788Z</time>
      </trkpt>
      <trkpt lat="50.143717" lon="16.633971">
        <ele>633.974949</ele>
        <time>2026-05-18T21:50:12.913Z</time>
      </trkpt>
      <trkpt lat="50.144030" lon="16.633886">
        <ele>635.199952</ele>
        <time>2026-05-18T21:50:22.959Z</time>
      </trkpt>
      <trkpt lat="50.144111" lon="16.633888">
        <ele>635.525589</ele>
        <time>2026-05-18T21:50:25.504Z</time>
      </trkpt>
      <trkpt lat="50.144182" lon="16.633891">
        <ele>635.811093</ele>
        <time>2026-05-18T21:50:27.754Z</time>
      </trkpt>
      <trkpt lat="50.144284" lon="16.633853">
        <ele>636.232627</ele>
        <time>2026-05-18T21:50:31.099Z</time>
      </trkpt>
      <trkpt lat="50.144240" lon="16.633789">
        <ele>636.474419</ele>
        <time>2026-05-18T21:50:33.068Z</time>
      </trkpt>
      <trkpt lat="50.144281" lon="16.633746">
        <ele>636.672993</ele>
        <time>2026-05-18T21:50:34.672Z</time>
      </trkpt>
      <trkpt lat="50.144601" lon="16.633993">
        <ele>638.108069</ele>
        <time>2026-05-18T21:50:46.828Z</time>
      </trkpt>
      <trkpt lat="50.144652" lon="16.633950">
        <ele>638.341086</ele>
        <time>2026-05-18T21:50:48.921Z</time>
      </trkpt>
      <trkpt lat="50.144807" lon="16.634020">
        <ele>638.989710</ele>
        <time>2026-05-18T21:50:54.800Z</time>
      </trkpt>
      <trkpt lat="50.144858" lon="16.634003">
        <ele>639.199340</ele>
        <time>2026-05-18T21:50:56.797Z</time>
      </trkpt>
      <trkpt lat="50.144755" lon="16.633773">
        <ele>639.922155</ele>
        <time>2026-05-18T21:51:04.032Z</time>
      </trkpt>
      <trkpt lat="50.144766" lon="16.633703">
        <ele>640.107819</ele>
        <time>2026-05-18T21:51:05.949Z</time>
      </trkpt>
      <trkpt lat="50.144841" lon="16.633768">
        <ele>640.452675</ele>
        <time>2026-05-18T21:51:09.628Z</time>
      </trkpt>
      <trkpt lat="50.145202" lon="16.634422">
        <ele>643.078455</ele>
        <time>2026-05-18T21:51:33.551Z</time>
      </trkpt>
      <trkpt lat="50.145398" lon="16.635076">
        <ele>645.525920</ele>
        <time>2026-05-18T21:51:53.470Z</time>
      </trkpt>
      <trkpt lat="50.145474" lon="16.635227">
        <ele>646.176797</ele>
        <time>2026-05-18T21:51:58.677Z</time>
      </trkpt>
      <trkpt lat="50.145522" lon="16.635205">
        <ele>646.441433</ele>
        <time>2026-05-18T21:52:00.804Z</time>
      </trkpt>
      <trkpt lat="50.145536" lon="16.634974">
        <ele>647.227995</ele>
        <time>2026-05-18T21:52:07.049Z</time>
      </trkpt>
      <trkpt lat="50.145508" lon="16.634304">
        <ele>649.504058</ele>
        <time>2026-05-18T21:52:24.645Z</time>
      </trkpt>
      <trkpt lat="50.145529" lon="16.634239">
        <ele>649.750820</ele>
        <time>2026-05-18T21:52:26.485Z</time>
      </trkpt>
      <trkpt lat="50.145604" lon="16.634309">
        <ele>650.213104</ele>
        <time>2026-05-18T21:52:29.964Z</time>
      </trkpt>
      <trkpt lat="50.145735" lon="16.634599">
        <ele>651.279628</ele>
        <time>2026-05-18T21:52:38.872Z</time>
      </trkpt>
      <trkpt lat="50.145766" lon="16.634524">
        <ele>651.499468</ele>
        <time>2026-05-18T21:52:41.086Z</time>
      </trkpt>
      <trkpt lat="50.145772" lon="16.634455">
        <ele>651.670991</ele>
        <time>2026-05-18T21:52:42.813Z</time>
      </trkpt>
      <trkpt lat="50.145783" lon="16.634325">
        <ele>651.993995</ele>
        <time>2026-05-18T21:52:46.035Z</time>
      </trkpt>
      <trkpt lat="50.145766" lon="16.634127">
        <ele>652.486080</ele>
        <time>2026-05-18T21:52:50.918Z</time>
      </trkpt>
      <trkpt lat="50.145721" lon="16.633950">
        <ele>652.955137</ele>
        <time>2026-05-18T21:52:55.484Z</time>
      </trkpt>
      <trkpt lat="50.145756" lon="16.633886">
        <ele>653.162387</ele>
        <time>2026-05-18T21:52:57.470Z</time>
      </trkpt>
      <trkpt lat="50.146165" lon="16.634803">
        <ele>655.914440</ele>
        <time>2026-05-18T21:53:22.819Z</time>
      </trkpt>
      <trkpt lat="50.146196" lon="16.634771">
        <ele>656.057311</ele>
        <time>2026-05-18T21:53:24.058Z</time>
      </trkpt>
      <trkpt lat="50.146178" lon="16.634594">
        <ele>656.498761</ele>
        <time>2026-05-18T21:53:27.875Z</time>
      </trkpt>
      <trkpt lat="50.146058" lon="16.633880">
        <ele>658.207116</ele>
        <time>2026-05-18T21:53:43.072Z</time>
      </trkpt>
      <trkpt lat="50.145924" lon="16.633413">
        <ele>659.182439</ele>
        <time>2026-05-18T21:53:53.388Z</time>
      </trkpt>
      <trkpt lat="50.145756" lon="16.632936">
        <ele>660.219937</ele>
        <time>2026-05-18T21:54:04.256Z</time>
      </trkpt>
      <trkpt lat="50.145721" lon="16.632775">
        <ele>660.544003</ele>
        <time>2026-05-18T21:54:07.663Z</time>
      </trkpt>
      <trkpt lat="50.145742" lon="16.632732">
        <ele>660.647056</ele>
        <time>2026-05-18T21:54:08.748Z</time>
      </trkpt>
      <trkpt lat="50.146553" lon="16.633837">
        <ele>664.112314</ele>
        <time>2026-05-18T21:54:43.522Z</time>
      </trkpt>
      <trkpt lat="50.146638" lon="16.634067">
        <ele>664.817430</ele>
        <time>2026-05-18T21:54:49.353Z</time>
      </trkpt>
      <trkpt lat="50.146701" lon="16.634229">
        <ele>665.320684</ele>
        <time>2026-05-18T21:54:53.566Z</time>
      </trkpt>
      <trkpt lat="50.146749" lon="16.634250">
        <ele>665.527277</ele>
        <time>2026-05-18T21:54:55.322Z</time>
      </trkpt>
      <trkpt lat="50.146708" lon="16.633896">
        <ele>666.482638</ele>
        <time>2026-05-18T21:55:03.560Z</time>
      </trkpt>
      <trkpt lat="50.146773" lon="16.633891">
        <ele>666.752341</ele>
        <time>2026-05-18T21:55:05.928Z</time>
      </trkpt>
      <trkpt lat="50.146938" lon="16.633961">
        <ele>667.460962</ele>
        <time>2026-05-18T21:55:12.201Z</time>
      </trkpt>
      <trkpt lat="50.146842" lon="16.633660">
        <ele>668.353867</ele>
        <time>2026-05-18T21:55:20.267Z</time>
      </trkpt>
      <trkpt lat="50.146746" lon="16.633462">
        <ele>669.013249</ele>
        <time>2026-05-18T21:55:26.365Z</time>
      </trkpt>
      <trkpt lat="50.146732" lon="16.633317">
        <ele>669.402676</ele>
        <time>2026-05-18T21:55:30.046Z</time>
      </trkpt>
      <trkpt lat="50.146581" lon="16.632791">
        <ele>670.993002</ele>
        <time>2026-05-18T21:55:45.204Z</time>
      </trkpt>
      <trkpt lat="50.146515" lon="16.631927">
        <ele>673.766028</ele>
        <time>2026-05-18T21:56:08.498Z</time>
      </trkpt>
      <trkpt lat="50.146540" lon="16.631815">
        <ele>674.144002</ele>
        <time>2026-05-18T21:56:11.737Z</time>
      </trkpt>
      <trkpt lat="50.146594" lon="16.631874">
        <ele>674.471837</ele>
        <time>2026-05-18T21:56:14.580Z</time>
      </trkpt>
      <trkpt lat="50.146650" lon="16.632046">
        <ele>675.086684</ele>
        <time>2026-05-18T21:56:19.817Z</time>
      </trkpt>
      <trkpt lat="50.146746" lon="16.632206">
        <ele>675.785217</ele>
        <time>2026-05-18T21:56:25.779Z</time>
      </trkpt>
      <trkpt lat="50.146773" lon="16.632131">
        <ele>676.059372</ele>
        <time>2026-05-18T21:56:28.085Z</time>
      </trkpt>
      <trkpt lat="50.146753" lon="16.631987">
        <ele>676.528947</ele>
        <time>2026-05-18T21:56:32.031Z</time>
      </trkpt>
      <trkpt lat="50.146760" lon="16.631573">
        <ele>677.848801</ele>
        <time>2026-05-18T21:56:42.700Z</time>
      </trkpt>
      <trkpt lat="50.146804" lon="16.631316">
        <ele>678.696573</ele>
        <time>2026-05-18T21:56:49.365Z</time>
      </trkpt>
      <trkpt lat="50.146760" lon="16.631032">
        <ele>679.608345</ele>
        <time>2026-05-18T21:56:56.455Z</time>
      </trkpt>
      <trkpt lat="50.146777" lon="16.630544">
        <ele>680.530645</ele>
        <time>2026-05-18T21:57:07.598Z</time>
      </trkpt>
      <trkpt lat="50.146738" lon="16.630314">
        <ele>680.979633</ele>
        <time>2026-05-18T21:57:12.696Z</time>
      </trkpt>
      <trkpt lat="50.146722" lon="16.630215">
        <ele>681.172313</ele>
        <time>2026-05-18T21:57:14.824Z</time>
      </trkpt>
      <trkpt lat="50.146834" lon="16.629798">
        <ele>682.025590</ele>
        <time>2026-05-18T21:57:24.067Z</time>
      </trkpt>
      <trkpt lat="50.146849" lon="16.629599">
        <ele>682.403726</ele>
        <time>2026-05-18T21:57:28.026Z</time>
      </trkpt>
      <trkpt lat="50.146770" lon="16.629347">
        <ele>682.933150</ele>
        <time>2026-05-18T21:57:33.449Z</time>
      </trkpt>
      <trkpt lat="50.146440" lon="16.628961">
        <ele>684.147680</ele>
        <time>2026-05-18T21:57:45.309Z</time>
      </trkpt>
      <trkpt lat="50.146244" lon="16.628800">
        <ele>684.799970</ele>
        <time>2026-05-18T21:57:51.589Z</time>
      </trkpt>
      <trkpt lat="50.146196" lon="16.628714">
        <ele>684.994535</ele>
        <time>2026-05-18T21:57:53.700Z</time>
      </trkpt>
      <trkpt lat="50.146185" lon="16.628484">
        <ele>685.364703</ele>
        <time>2026-05-18T21:57:58.042Z</time>
      </trkpt>
      <trkpt lat="50.146144" lon="16.628419">
        <ele>685.511084</ele>
        <time>2026-05-18T21:57:59.770Z</time>
      </trkpt>
      <trkpt lat="50.145938" lon="16.628620">
        <ele>686.119565</ele>
        <time>2026-05-18T21:58:07.168Z</time>
      </trkpt>
      <trkpt lat="50.145897" lon="16.628660">
        <ele>686.240667</ele>
        <time>2026-05-18T21:58:08.583Z</time>
      </trkpt>
      <trkpt lat="50.145615" lon="16.628838">
        <ele>687.002528</ele>
        <time>2026-05-18T21:58:17.692Z</time>
      </trkpt>
      <trkpt lat="50.144989" lon="16.629036">
        <ele>688.602228</ele>
        <time>2026-05-18T21:58:37.080Z</time>
      </trkpt>
      <trkpt lat="50.144948" lon="16.629096">
        <ele>688.743004</ele>
        <time>2026-05-18T21:58:38.873Z</time>
      </trkpt>
      <trkpt lat="50.144821" lon="16.629278">
        <ele>689.174858</ele>
        <time>2026-05-18T21:58:44.226Z</time>
      </trkpt>
      <trkpt lat="50.144411" lon="16.629379">
        <ele>689.980624</ele>
        <time>2026-05-18T21:58:57.415Z</time>
      </trkpt>
      <trkpt lat="50.144233" lon="16.629514">
        <ele>690.337120</ele>
        <time>2026-05-18T21:59:03.615Z</time>
      </trkpt>
      <trkpt lat="50.143889" lon="16.629583">
        <ele>690.961863</ele>
        <time>2026-05-18T21:59:13.870Z</time>
      </trkpt>
      <trkpt lat="50.143607" lon="16.629771">
        <ele>691.514247</ele>
        <time>2026-05-18T21:59:22.353Z</time>
      </trkpt>
      <trkpt lat="50.143160" lon="16.630270">
        <ele>692.504264</ele>
        <time>2026-05-18T21:59:36.246Z</time>
      </trkpt>
      <trkpt lat="50.142847" lon="16.630452">
        <ele>692.542576</ele>
        <time>2026-05-18T21:59:43.264Z</time>
      </trkpt>
      <trkpt lat="50.142479" lon="16.630560">
        <ele>692.432480</ele>
        <time>2026-05-18T21:59:50.071Z</time>
      </trkpt>
      <trkpt lat="50.141713" lon="16.630613">
        <ele>692.207040</ele>
        <time>2026-05-18T22:00:03.400Z</time>
      </trkpt>
      <trkpt lat="50.141589" lon="16.630507">
        <ele>692.165469</ele>
        <time>2026-05-18T22:00:05.977Z</time>
      </trkpt>
      <trkpt lat="50.141414" lon="16.630356">
        <ele>692.106672</ele>
        <time>2026-05-18T22:00:09.813Z</time>
      </trkpt>
      <trkpt lat="50.141249" lon="16.630264">
        <ele>692.061832</ele>
        <time>2026-05-18T22:00:13.411Z</time>
      </trkpt>
      <trkpt lat="50.140970" lon="16.629927">
        <ele>691.976497</ele>
        <time>2026-05-18T22:00:21.350Z</time>
      </trkpt>
      <trkpt lat="50.140891" lon="16.629701">
        <ele>691.936593</ele>
        <time>2026-05-18T22:00:25.093Z</time>
      </trkpt>
      <trkpt lat="50.140519" lon="16.628934">
        <ele>691.787496</ele>
        <time>2026-05-18T22:00:37.808Z</time>
      </trkpt>
      <trkpt lat="50.140386" lon="16.628487">
        <ele>691.711104</ele>
        <time>2026-05-18T22:00:43.808Z</time>
      </trkpt>
      <trkpt lat="50.139843" lon="16.628651">
        <ele>691.009372</ele>
        <time>2026-05-18T22:01:02.210Z</time>
      </trkpt>
      <trkpt lat="50.139462" lon="16.628657">
        <ele>690.266551</ele>
        <time>2026-05-18T22:01:14.189Z</time>
      </trkpt>
      <trkpt lat="50.138541" lon="16.625811">
        <ele>686.027761</ele>
        <time>2026-05-18T22:01:45.582Z</time>
      </trkpt>
      <trkpt lat="50.137931" lon="16.623925">
        <ele>683.307226</ele>
        <time>2026-05-18T22:02:06.738Z</time>
      </trkpt>
      <trkpt lat="50.137975" lon="16.623916">
        <ele>683.233045</ele>
        <time>2026-05-18T22:02:07.448Z</time>
      </trkpt>
      <trkpt lat="50.138081" lon="16.623783">
        <ele>683.005663</ele>
        <time>2026-05-18T22:02:09.614Z</time>
      </trkpt>
      <trkpt lat="50.140785" lon="16.619618">
        <ele>677.728549</ele>
        <time>2026-05-18T22:03:12.783Z</time>
      </trkpt>
      <trkpt lat="50.141233" lon="16.618699">
        <ele>676.967556</ele>
        <time>2026-05-18T22:03:27.595Z</time>
      </trkpt>
      <trkpt lat="50.141328" lon="16.618541">
        <ele>676.824769</ele>
        <time>2026-05-18T22:03:30.071Z</time>
      </trkpt>
      <trkpt lat="50.141396" lon="16.618479">
        <ele>676.571388</ele>
        <time>2026-05-18T22:03:31.445Z</time>
      </trkpt>
      <trkpt lat="50.141503" lon="16.618428">
        <ele>676.108737</ele>
        <time>2026-05-18T22:03:33.295Z</time>
      </trkpt>
      <trkpt lat="50.142134" lon="16.618283">
        <ele>673.471276</ele>
        <time>2026-05-18T22:03:42.743Z</time>
      </trkpt>
      <trkpt lat="50.143413" lon="16.617320">
        <ele>668.089749</ele>
        <time>2026-05-18T22:04:01.377Z</time>
      </trkpt>
      <trkpt lat="50.143566" lon="16.617269">
        <ele>667.622819</ele>
        <time>2026-05-18T22:04:03.504Z</time>
      </trkpt>
      <trkpt lat="50.144171" lon="16.617175">
        <ele>665.808274</ele>
        <time>2026-05-18T22:04:12.421Z</time>
      </trkpt>
      <trkpt lat="50.144324" lon="16.617200">
        <ele>665.349150</ele>
        <time>2026-05-18T22:04:14.988Z</time>
      </trkpt>
      <trkpt lat="50.144567" lon="16.617257">
        <ele>664.615771</ele>
        <time>2026-05-18T22:04:19.629Z</time>
      </trkpt>
      <trkpt lat="50.145683" lon="16.617674">
        <ele>663.328775</ele>
        <time>2026-05-18T22:04:44.526Z</time>
      </trkpt>
      <trkpt lat="50.146540" lon="16.617822">
        <ele>662.710352</ele>
        <time>2026-05-18T22:04:59.119Z</time>
      </trkpt>
      <trkpt lat="50.146792" lon="16.617975">
        <ele>661.919017</ele>
        <time>2026-05-18T22:05:03.191Z</time>
      </trkpt>
      <trkpt lat="50.147253" lon="16.618675">
        <ele>660.036604</ele>
        <time>2026-05-18T22:05:12.470Z</time>
      </trkpt>
      <trkpt lat="50.147370" lon="16.618801">
        <ele>659.620581</ele>
        <time>2026-05-18T22:05:14.494Z</time>
      </trkpt>
      <trkpt lat="50.148214" lon="16.619482">
        <ele>657.194995</ele>
        <time>2026-05-18T22:05:28.293Z</time>
      </trkpt>
      <trkpt lat="50.148961" lon="16.620406">
        <ele>656.013573</ele>
        <time>2026-05-18T22:05:43.378Z</time>
      </trkpt>
      <trkpt lat="50.149027" lon="16.620488">
        <ele>655.909012</ele>
        <time>2026-05-18T22:05:44.906Z</time>
      </trkpt>
      <trkpt lat="50.149537" lon="16.621590">
        <ele>655.592691</ele>
        <time>2026-05-18T22:06:05.071Z</time>
      </trkpt>
      <trkpt lat="50.149597" lon="16.621802">
        <ele>655.762399</ele>
        <time>2026-05-18T22:06:09.022Z</time>
      </trkpt>
      <trkpt lat="50.149652" lon="16.622065">
        <ele>655.964981</ele>
        <time>2026-05-18T22:06:13.722Z</time>
      </trkpt>
      <trkpt lat="50.149669" lon="16.622266">
        <ele>656.113443</ele>
        <time>2026-05-18T22:06:17.143Z</time>
      </trkpt>
      <trkpt lat="50.149632" lon="16.622886">
        <ele>656.569411</ele>
        <time>2026-05-18T22:06:27.482Z</time>
      </trkpt>
      <trkpt lat="50.149668" lon="16.623068">
        <ele>656.708888</ele>
        <time>2026-05-18T22:06:30.592Z</time>
      </trkpt>
      <trkpt lat="50.149720" lon="16.623189">
        <ele>656.815574</ele>
        <time>2026-05-18T22:06:32.938Z</time>
      </trkpt>
      <trkpt lat="50.149846" lon="16.623304">
        <ele>656.982379</ele>
        <time>2026-05-18T22:06:36.627Z</time>
      </trkpt>
      <trkpt lat="50.150458" lon="16.623725">
        <ele>658.088417</ele>
        <time>2026-05-18T22:06:52.343Z</time>
      </trkpt>
      <trkpt lat="50.151055" lon="16.623988">
        <ele>659.318585</ele>
        <time>2026-05-18T22:07:08.947Z</time>
      </trkpt>
      <trkpt lat="50.151066" lon="16.624589">
        <ele>660.082584</ele>
        <time>2026-05-18T22:07:19.064Z</time>
      </trkpt>
      <trkpt lat="50.150962" lon="16.625856">
        <ele>661.453417</ele>
        <time>2026-05-18T22:07:41.145Z</time>
      </trkpt>
      <trkpt lat="50.151415" lon="16.625878">
        <ele>662.087564</ele>
        <time>2026-05-18T22:08:01.920Z</time>
      </trkpt>
      <trkpt lat="50.151836" lon="16.625724">
        <ele>662.692594</ele>
        <time>2026-05-18T22:08:19.220Z</time>
      </trkpt>
      <trkpt lat="50.152031" lon="16.625859">
        <ele>662.991080</ele>
        <time>2026-05-18T22:08:26.976Z</time>
      </trkpt>
      <trkpt lat="50.152506" lon="16.625965">
        <ele>663.621677</ele>
        <time>2026-05-18T22:08:43.894Z</time>
      </trkpt>
      <trkpt lat="50.152875" lon="16.626009">
        <ele>664.068372</ele>
        <time>2026-05-18T22:08:57.824Z</time>
      </trkpt>
      <trkpt lat="50.153290" lon="16.625833">
        <ele>664.587458</ele>
        <time>2026-05-18T22:09:15.482Z</time>
      </trkpt>
      <trkpt lat="50.153442" lon="16.625809">
        <ele>664.771864</ele>
        <time>2026-05-18T22:09:22.117Z</time>
      </trkpt>
      <trkpt lat="50.153556" lon="16.625833">
        <ele>664.910713</ele>
        <time>2026-05-18T22:09:27.225Z</time>
      </trkpt>
      <trkpt lat="50.154427" lon="16.626692">
        <ele>665.745139</ele>
        <time>2026-05-18T22:10:16.447Z</time>
      </trkpt>
      <trkpt lat="50.155073" lon="16.627175">
        <ele>666.037079</ele>
        <time>2026-05-18T22:10:46.287Z</time>
      </trkpt>
      <trkpt lat="50.155413" lon="16.626402">
        <ele>666.132283</ele>
        <time>2026-05-18T22:11:06.036Z</time>
      </trkpt>
      <trkpt lat="50.155874" lon="16.625108">
        <ele>661.826724</ele>
        <time>2026-05-18T22:11:32.652Z</time>
      </trkpt>
      <trkpt lat="50.156019" lon="16.624700">
        <ele>660.469961</ele>
        <time>2026-05-18T22:11:40.683Z</time>
      </trkpt>
      <trkpt lat="50.156152" lon="16.624231">
        <ele>658.978498</ele>
        <time>2026-05-18T22:11:49.458Z</time>
      </trkpt>
      <trkpt lat="50.156346" lon="16.623265">
        <ele>656.315379</ele>
        <time>2026-05-18T22:12:06.929Z</time>
      </trkpt>
      <trkpt lat="50.156482" lon="16.622703">
        <ele>654.805198</ele>
        <time>2026-05-18T22:12:17.529Z</time>
      </trkpt>
      <trkpt lat="50.156729" lon="16.621965">
        <ele>652.712127</ele>
        <time>2026-05-18T22:12:32.758Z</time>
      </trkpt>
      <trkpt lat="50.157276" lon="16.619759">
        <ele>651.088790</ele>
        <time>2026-05-18T22:13:22.864Z</time>
      </trkpt>
      <trkpt lat="50.157742" lon="16.618270">
        <ele>652.222880</ele>
        <time>2026-05-18T22:14:10.932Z</time>
      </trkpt>
      <trkpt lat="50.157802" lon="16.617819">
        <ele>653.145026</ele>
        <time>2026-05-18T22:14:26.107Z</time>
      </trkpt>
      <trkpt lat="50.157785" lon="16.617366">
        <ele>654.053470</ele>
        <time>2026-05-18T22:14:41.141Z</time>
      </trkpt>
      <trkpt lat="50.157829" lon="16.616993">
        <ele>654.812754</ele>
        <time>2026-05-18T22:14:53.781Z</time>
      </trkpt>
      <trkpt lat="50.158059" lon="16.615633">
        <ele>657.384231</ele>
        <time>2026-05-18T22:15:39.413Z</time>
      </trkpt>
      <trkpt lat="50.158090" lon="16.615246">
        <ele>657.951449</ele>
        <time>2026-05-18T22:15:51.635Z</time>
      </trkpt>
      <trkpt lat="50.158087" lon="16.615009">
        <ele>658.296199</ele>
        <time>2026-05-18T22:15:58.945Z</time>
      </trkpt>
      <trkpt lat="50.158125" lon="16.614120">
        <ele>659.591996</ele>
        <time>2026-05-18T22:16:25.708Z</time>
      </trkpt>
      <trkpt lat="50.158173" lon="16.613573">
        <ele>660.394956</ele>
        <time>2026-05-18T22:16:41.152Z</time>
      </trkpt>
      <trkpt lat="50.158154" lon="16.612937">
        <ele>660.677721</ele>
        <time>2026-05-18T22:16:58.006Z</time>
      </trkpt>
      <trkpt lat="50.158183" lon="16.612651">
        <ele>660.560238</ele>
        <time>2026-05-18T22:17:05.425Z</time>
      </trkpt>
      <trkpt lat="50.158781" lon="16.610352">
        <ele>659.170209</ele>
        <time>2026-05-18T22:17:58.544Z</time>
      </trkpt>
      <trkpt lat="50.158938" lon="16.610011">
        <ele>658.479198</ele>
        <time>2026-05-18T22:18:06.618Z</time>
      </trkpt>
      <trkpt lat="50.159210" lon="16.609662">
        <ele>657.574806</ele>
        <time>2026-05-18T22:18:17.153Z</time>
      </trkpt>
      <trkpt lat="50.159499" lon="16.609129">
        <ele>656.425767</ele>
        <time>2026-05-18T22:18:30.460Z</time>
      </trkpt>
      <trkpt lat="50.160005" lon="16.607853">
        <ele>653.547438</ele>
        <time>2026-05-18T22:18:59.526Z</time>
      </trkpt>
      <trkpt lat="50.160427" lon="16.606551">
        <ele>650.255964</ele>
        <time>2026-05-18T22:19:27.410Z</time>
      </trkpt>
      <trkpt lat="50.160590" lon="16.606416">
        <ele>649.606244</ele>
        <time>2026-05-18T22:19:32.591Z</time>
      </trkpt>
      <trkpt lat="50.160843" lon="16.606125">
        <ele>648.355106</ele>
        <time>2026-05-18T22:19:41.257Z</time>
      </trkpt>
      <trkpt lat="50.161068" lon="16.605950">
        <ele>646.904233</ele>
        <time>2026-05-18T22:19:48.013Z</time>
      </trkpt>
      <trkpt lat="50.161584" lon="16.605661">
        <ele>643.740219</ele>
        <time>2026-05-18T22:20:02.385Z</time>
      </trkpt>
      <trkpt lat="50.161874" lon="16.605465">
        <ele>641.916320</ele>
        <time>2026-05-18T22:20:10.623Z</time>
      </trkpt>
      <trkpt lat="50.161959" lon="16.605408">
        <ele>641.382386</ele>
        <time>2026-05-18T22:20:13.048Z</time>
      </trkpt>
      <trkpt lat="50.162338" lon="16.605248">
        <ele>639.116388</ele>
        <time>2026-05-18T22:20:23.463Z</time>
      </trkpt>
      <trkpt lat="50.162498" lon="16.605124">
        <ele>638.259732</ele>
        <time>2026-05-18T22:20:28.284Z</time>
      </trkpt>
      <trkpt lat="50.162664" lon="16.604928">
        <ele>637.865334</ele>
        <time>2026-05-18T22:20:34.055Z</time>
      </trkpt>
      <trkpt lat="50.163244" lon="16.604063">
        <ele>636.345335</ele>
        <time>2026-05-18T22:20:58.334Z</time>
      </trkpt>
      <trkpt lat="50.163443" lon="16.603622">
        <ele>635.690540</ele>
        <time>2026-05-18T22:21:25.010Z</time>
      </trkpt>
      <trkpt lat="50.163872" lon="16.603029">
        <ele>635.768852</ele>
        <time>2026-05-18T22:22:12.466Z</time>
      </trkpt>
      <trkpt lat="50.163987" lon="16.602851">
        <ele>636.538073</ele>
        <time>2026-05-18T22:22:26.686Z</time>
      </trkpt>
      <trkpt lat="50.164102" lon="16.602607">
        <ele>637.459785</ele>
        <time>2026-05-18T22:22:44.314Z</time>
      </trkpt>
      <trkpt lat="50.164158" lon="16.602262">
        <ele>638.542691</ele>
        <time>2026-05-18T22:23:05.580Z</time>
      </trkpt>
      <trkpt lat="50.164186" lon="16.601791">
        <ele>639.981957</ele>
        <time>2026-05-18T22:23:35.247Z</time>
      </trkpt>
      <trkpt lat="50.164324" lon="16.601342">
        <ele>641.497234</ele>
        <time>2026-05-18T22:24:08.259Z</time>
      </trkpt>
      <trkpt lat="50.164424" lon="16.601163">
        <ele>642.219896</ele>
        <time>2026-05-18T22:24:24.825Z</time>
      </trkpt>
      <trkpt lat="50.164596" lon="16.600972">
        <ele>643.222482</ele>
        <time>2026-05-18T22:24:48.695Z</time>
      </trkpt>
      <trkpt lat="50.165055" lon="16.600487">
        <ele>647.947897</ele>
        <time>2026-05-18T22:25:53.396Z</time>
      </trkpt>
      <trkpt lat="50.165256" lon="16.600339">
        <ele>649.933568</ele>
        <time>2026-05-18T22:26:20.045Z</time>
      </trkpt>
      <trkpt lat="50.165491" lon="16.600420">
        <ele>652.083852</ele>
        <time>2026-05-18T22:26:48.831Z</time>
      </trkpt>
      <trkpt lat="50.166094" lon="16.600764">
        <ele>657.820098</ele>
        <time>2026-05-18T22:28:05.109Z</time>
      </trkpt>
      <trkpt lat="50.167363" lon="16.601155">
        <ele>666.872565</ele>
        <time>2026-05-18T22:30:25.159Z</time>
      </trkpt>
      <trkpt lat="50.167581" lon="16.601223">
        <ele>668.352585</ele>
        <time>2026-05-18T22:30:38.263Z</time>
      </trkpt>
      <trkpt lat="50.167838" lon="16.601250">
        <ele>670.067432</ele>
        <time>2026-05-18T22:30:53.187Z</time>
      </trkpt>
      <trkpt lat="50.168182" lon="16.601216">
        <ele>672.495274</ele>
        <time>2026-05-18T22:31:13.140Z</time>
      </trkpt>
      <trkpt lat="50.168548" lon="16.601257">
        <ele>675.326596</ele>
        <time>2026-05-18T22:31:34.825Z</time>
      </trkpt>
      <trkpt lat="50.168979" lon="16.601243">
        <ele>678.652918</ele>
        <time>2026-05-18T22:32:02.201Z</time>
      </trkpt>
      <trkpt lat="50.169680" lon="16.601025">
        <ele>684.168106</ele>
        <time>2026-05-18T22:32:54.542Z</time>
      </trkpt>
      <trkpt lat="50.169828" lon="16.600998">
        <ele>685.317846</ele>
        <time>2026-05-18T22:33:06.481Z</time>
      </trkpt>
      <trkpt lat="50.170520" lon="16.600869">
        <ele>690.956820</ele>
        <time>2026-05-18T22:34:03.207Z</time>
      </trkpt>
      <trkpt lat="50.171116" lon="16.600828">
        <ele>695.787560</ele>
        <time>2026-05-18T22:34:46.581Z</time>
      </trkpt>
      <trkpt lat="50.171282" lon="16.600883">
        <ele>697.161664</ele>
        <time>2026-05-18T22:34:57.589Z</time>
      </trkpt>
      <trkpt lat="50.172235" lon="16.601658">
        <ele>701.200927</ele>
        <time>2026-05-18T22:35:53.119Z</time>
      </trkpt>
      <trkpt lat="50.172488" lon="16.601814">
        <ele>701.661661</ele>
        <time>2026-05-18T22:36:03.993Z</time>
      </trkpt>
      <trkpt lat="50.172618" lon="16.601882">
        <ele>701.893881</ele>
        <time>2026-05-18T22:36:09.350Z</time>
      </trkpt>
      <trkpt lat="50.172940" lon="16.601855">
        <ele>702.440065</ele>
        <time>2026-05-18T22:36:21.463Z</time>
      </trkpt>
      <trkpt lat="50.173249" lon="16.601664">
        <ele>703.002965</ele>
        <time>2026-05-18T22:36:33.312Z</time>
      </trkpt>
      <trkpt lat="50.173471" lon="16.601447">
        <ele>702.798484</ele>
        <time>2026-05-18T22:36:42.300Z</time>
      </trkpt>
      <trkpt lat="50.174420" lon="16.600155">
        <ele>701.732847</ele>
        <time>2026-05-18T22:37:24.398Z</time>
      </trkpt>
      <trkpt lat="50.174856" lon="16.599714">
        <ele>701.519300</ele>
        <time>2026-05-18T22:37:42.375Z</time>
      </trkpt>
      <trkpt lat="50.175148" lon="16.599530">
        <ele>701.555678</ele>
        <time>2026-05-18T22:37:53.748Z</time>
      </trkpt>
      <trkpt lat="50.175517" lon="16.599394">
        <ele>701.599480</ele>
        <time>2026-05-18T22:38:08.174Z</time>
      </trkpt>
      <trkpt lat="50.175853" lon="16.599435">
        <ele>701.638417</ele>
        <time>2026-05-18T22:38:21.481Z</time>
      </trkpt>
      <trkpt lat="50.176549" lon="16.599782">
        <ele>701.770818</ele>
        <time>2026-05-18T22:38:50.388Z</time>
      </trkpt>
      <trkpt lat="50.176989" lon="16.600088">
        <ele>701.943156</ele>
        <time>2026-05-18T22:39:08.783Z</time>
      </trkpt>
      <trkpt lat="50.177672" lon="16.600659">
        <ele>702.220350</ele>
        <time>2026-05-18T22:39:37.614Z</time>
      </trkpt>
      <trkpt lat="50.177890" lon="16.600896">
        <ele>702.315391</ele>
        <time>2026-05-18T22:39:47.836Z</time>
      </trkpt>
      <trkpt lat="50.178047" lon="16.601121">
        <ele>702.636212</ele>
        <time>2026-05-18T22:39:56.142Z</time>
      </trkpt>
      <trkpt lat="50.178221" lon="16.601345">
        <ele>703.126684</ele>
        <time>2026-05-18T22:40:05.297Z</time>
      </trkpt>
      <trkpt lat="50.178299" lon="16.601345">
        <ele>703.296331</ele>
        <time>2026-05-18T22:40:08.574Z</time>
      </trkpt>
      <trkpt lat="50.178382" lon="16.601297">
        <ele>703.488836</ele>
        <time>2026-05-18T22:40:12.304Z</time>
      </trkpt>
      <trkpt lat="50.179518" lon="16.599911">
        <ele>706.511958</ele>
        <time>2026-05-18T22:41:21.992Z</time>
      </trkpt>
      <trkpt lat="50.179875" lon="16.599632">
        <ele>707.115717</ele>
        <time>2026-05-18T22:41:41.897Z</time>
      </trkpt>
      <trkpt lat="50.180210" lon="16.599421">
        <ele>707.662023</ele>
        <time>2026-05-18T22:41:58.821Z</time>
      </trkpt>
      <trkpt lat="50.180397" lon="16.599324">
        <ele>707.960031</ele>
        <time>2026-05-18T22:42:07.452Z</time>
      </trkpt>
      <trkpt lat="50.180562" lon="16.599238">
        <ele>708.223106</ele>
        <time>2026-05-18T22:42:14.661Z</time>
      </trkpt>
      <trkpt lat="50.180993" lon="16.599102">
        <ele>708.888114</ele>
        <time>2026-05-18T22:42:31.023Z</time>
      </trkpt>
      <trkpt lat="50.181481" lon="16.599102">
        <ele>708.676115</ele>
        <time>2026-05-18T22:42:46.914Z</time>
      </trkpt>
      <trkpt lat="50.182390" lon="16.599571">
        <ele>708.009309</ele>
        <time>2026-05-18T22:43:18.193Z</time>
      </trkpt>
      <trkpt lat="50.182782" lon="16.599639">
        <ele>707.734590</ele>
        <time>2026-05-18T22:43:33.110Z</time>
      </trkpt>
      <trkpt lat="50.183202" lon="16.599653">
        <ele>708.071749</ele>
        <time>2026-05-18T22:43:50.523Z</time>
      </trkpt>
      <trkpt lat="50.183505" lon="16.599653">
        <ele>708.333863</ele>
        <time>2026-05-18T22:44:03.547Z</time>
      </trkpt>
      <trkpt lat="50.184049" lon="16.599557">
        <ele>708.807452</ele>
        <time>2026-05-18T22:44:26.373Z</time>
      </trkpt>
      <trkpt lat="50.184232" lon="16.599489">
        <ele>708.970178</ele>
        <time>2026-05-18T22:44:34.064Z</time>
      </trkpt>
      <trkpt lat="50.184410" lon="16.599313">
        <ele>709.152426</ele>
        <time>2026-05-18T22:44:42.471Z</time>
      </trkpt>
      <trkpt lat="50.184636" lon="16.598898">
        <ele>709.629721</ele>
        <time>2026-05-18T22:44:56.135Z</time>
      </trkpt>
      <trkpt lat="50.184619" lon="16.598619">
        <ele>709.940336</ele>
        <time>2026-05-18T22:45:03.255Z</time>
      </trkpt>
      <trkpt lat="50.184340" lon="16.597946">
        <ele>710.828911</ele>
        <time>2026-05-18T22:45:24.181Z</time>
      </trkpt>
      <trkpt lat="50.183535" lon="16.596601">
        <ele>713.373423</ele>
        <time>2026-05-18T22:46:19.728Z</time>
      </trkpt>
      <trkpt lat="50.183261" lon="16.595690">
        <ele>715.666794</ele>
        <time>2026-05-18T22:46:52.763Z</time>
      </trkpt>
      <trkpt lat="50.183154" lon="16.595117">
        <ele>717.026812</ele>
        <time>2026-05-18T22:47:12.913Z</time>
      </trkpt>
      <trkpt lat="50.183117" lon="16.594918">
        <ele>717.498981</ele>
        <time>2026-05-18T22:47:19.937Z</time>
      </trkpt>
      <trkpt lat="50.183045" lon="16.594302">
        <ele>718.978343</ele>
        <time>2026-05-18T22:47:41.239Z</time>
      </trkpt>
      <trkpt lat="50.183063" lon="16.593794">
        <ele>720.594440</ele>
        <time>2026-05-18T22:47:58.869Z</time>
      </trkpt>
      <trkpt lat="50.183185" lon="16.593234">
        <ele>722.473372</ele>
        <time>2026-05-18T22:48:19.376Z</time>
      </trkpt>
      <trkpt lat="50.183208" lon="16.593153">
        <ele>722.754825</ele>
        <time>2026-05-18T22:48:22.473Z</time>
      </trkpt>
      <trkpt lat="50.183738" lon="16.592196">
        <ele>726.773865</ele>
        <time>2026-05-18T22:49:09.093Z</time>
      </trkpt>
      <trkpt lat="50.183929" lon="16.591735">
        <ele>728.976899</ele>
        <time>2026-05-18T22:49:30.808Z</time>
      </trkpt>
      <trkpt lat="50.184039" lon="16.591363">
        <ele>731.022011</ele>
        <time>2026-05-18T22:49:47.695Z</time>
      </trkpt>
      <trkpt lat="50.184155" lon="16.591106">
        <ele>732.591375</ele>
        <time>2026-05-18T22:50:01.001Z</time>
      </trkpt>
      <trkpt lat="50.184388" lon="16.590760">
        <ele>735.097503</ele>
        <time>2026-05-18T22:50:22.887Z</time>
      </trkpt>
      <trkpt lat="50.184576" lon="16.590609">
        <ele>736.745346</ele>
        <time>2026-05-18T22:50:37.801Z</time>
      </trkpt>
      <trkpt lat="50.184818" lon="16.590456">
        <ele>738.780365</ele>
        <time>2026-05-18T22:50:56.655Z</time>
      </trkpt>
      <trkpt lat="50.184956" lon="16.590403">
        <ele>739.888078</ele>
        <time>2026-05-18T22:51:07.075Z</time>
      </trkpt>
      <trkpt lat="50.185398" lon="16.590232">
        <ele>743.634784</ele>
        <time>2026-05-18T22:51:41.312Z</time>
      </trkpt>
      <trkpt lat="50.187362" lon="16.589870">
        <ele>758.060838</ele>
        <time>2026-05-18T22:54:05.787Z</time>
      </trkpt>
      <trkpt lat="50.187245" lon="16.589740">
        <ele>758.307193</ele>
        <time>2026-05-18T22:54:13.159Z</time>
      </trkpt>
      <trkpt lat="50.186586" lon="16.589268">
        <ele>759.551077</ele>
        <time>2026-05-18T22:54:41.593Z</time>
      </trkpt>
      <trkpt lat="50.186301" lon="16.589003">
        <ele>760.120156</ele>
        <time>2026-05-18T22:54:51.517Z</time>
      </trkpt>
      <trkpt lat="50.185711" lon="16.588598">
        <ele>759.011632</ele>
        <time>2026-05-18T22:55:10.225Z</time>
      </trkpt>
      <trkpt lat="50.185111" lon="16.587909">
        <ele>756.571612</ele>
        <time>2026-05-18T22:55:32.255Z</time>
      </trkpt>
      <trkpt lat="50.184841" lon="16.587537">
        <ele>755.391955</ele>
        <time>2026-05-18T22:55:42.985Z</time>
      </trkpt>
      <trkpt lat="50.184228" lon="16.586398">
        <ele>752.619481</ele>
        <time>2026-05-18T22:56:10.310Z</time>
      </trkpt>
      <trkpt lat="50.184061" lon="16.586214">
        <ele>752.051406</ele>
        <time>2026-05-18T22:56:16.112Z</time>
      </trkpt>
      <trkpt lat="50.183766" lon="16.586077">
        <ele>751.195958</ele>
        <time>2026-05-18T22:56:25.189Z</time>
      </trkpt>
      <trkpt lat="50.183340" lon="16.585682">
        <ele>749.818899</ele>
        <time>2026-05-18T22:56:40.776Z</time>
      </trkpt>
      <trkpt lat="50.183189" lon="16.585519">
        <ele>749.653056</ele>
        <time>2026-05-18T22:56:46.923Z</time>
      </trkpt>
      <trkpt lat="50.183071" lon="16.585334">
        <ele>749.794969</ele>
        <time>2026-05-18T22:56:52.894Z</time>
      </trkpt>
      <trkpt lat="50.183192" lon="16.585081">
        <ele>749.966588</ele>
        <time>2026-05-18T22:57:09.339Z</time>
      </trkpt>
      <trkpt lat="50.183349" lon="16.584618">
        <ele>750.251323</ele>
        <time>2026-05-18T22:57:37.943Z</time>
      </trkpt>
      <trkpt lat="50.183781" lon="16.582996">
        <ele>750.829766</ele>
        <time>2026-05-18T22:59:16.194Z</time>
      </trkpt>
      <trkpt lat="50.183903" lon="16.581947">
        <ele>749.370971</ele>
        <time>2026-05-18T22:59:40.948Z</time>
      </trkpt>
      <trkpt lat="50.183949" lon="16.581344">
        <ele>748.540073</ele>
        <time>2026-05-18T22:59:53.120Z</time>
      </trkpt>
      <trkpt lat="50.183969" lon="16.580677">
        <ele>747.626440</ele>
        <time>2026-05-18T23:00:05.199Z</time>
      </trkpt>
      <trkpt lat="50.183988" lon="16.580025">
        <ele>745.322676</ele>
        <time>2026-05-18T23:00:16.264Z</time>
      </trkpt>
      <trkpt lat="50.183819" lon="16.579329">
        <ele>741.553152</ele>
        <time>2026-05-18T23:00:28.323Z</time>
      </trkpt>
      <trkpt lat="50.183380" lon="16.578896">
        <ele>737.446782</ele>
        <time>2026-05-18T23:00:41.059Z</time>
      </trkpt>
      <trkpt lat="50.182911" lon="16.576926">
        <ele>731.960181</ele>
        <time>2026-05-18T23:01:15.389Z</time>
      </trkpt>
      <trkpt lat="50.182988" lon="16.576638">
        <ele>731.688455</ele>
        <time>2026-05-18T23:01:21.867Z</time>
      </trkpt>
      <trkpt lat="50.183296" lon="16.576194">
        <ele>731.118533</ele>
        <time>2026-05-18T23:01:39.310Z</time>
      </trkpt>
      <trkpt lat="50.183719" lon="16.575713">
        <ele>731.935570</ele>
        <time>2026-05-18T23:02:11.898Z</time>
      </trkpt>
      <trkpt lat="50.184057" lon="16.575089">
        <ele>737.326829</ele>
        <time>2026-05-18T23:02:53.986Z</time>
      </trkpt>
      <trkpt lat="50.185226" lon="16.573503">
        <ele>751.176620</ele>
        <time>2026-05-18T23:05:05.571Z</time>
      </trkpt>
      <trkpt lat="50.185380" lon="16.573095">
        <ele>752.723832</ele>
        <time>2026-05-18T23:05:24.865Z</time>
      </trkpt>
      <trkpt lat="50.185380" lon="16.572639">
        <ele>754.213505</ele>
        <time>2026-05-18T23:05:40.836Z</time>
      </trkpt>
      <trkpt lat="50.185280" lon="16.571786">
        <ele>757.046431</ele>
        <time>2026-05-18T23:06:05.071Z</time>
      </trkpt>
      <trkpt lat="50.185403" lon="16.571437">
        <ele>758.323728</ele>
        <time>2026-05-18T23:06:14.277Z</time>
      </trkpt>
      <trkpt lat="50.185657" lon="16.570873">
        <ele>759.627745</ele>
        <time>2026-05-18T23:06:30.313Z</time>
      </trkpt>
      <trkpt lat="50.185761" lon="16.570693">
        <ele>760.086252</ele>
        <time>2026-05-18T23:06:36.643Z</time>
      </trkpt>
      <trkpt lat="50.185880" lon="16.570560">
        <ele>760.518449</ele>
        <time>2026-05-18T23:06:43.084Z</time>
      </trkpt>
      <trkpt lat="50.186310" lon="16.570308">
        <ele>761.874939</ele>
        <time>2026-05-18T23:07:06.438Z</time>
      </trkpt>
      <trkpt lat="50.186703" lon="16.570224">
        <ele>763.046496</ele>
        <time>2026-05-18T23:07:29.227Z</time>
      </trkpt>
      <trkpt lat="50.187072" lon="16.570272">
        <ele>764.931151</ele>
        <time>2026-05-18T23:07:51.397Z</time>
      </trkpt>
      <trkpt lat="50.187510" lon="16.570416">
        <ele>768.199775</ele>
        <time>2026-05-18T23:08:19.288Z</time>
      </trkpt>
      <trkpt lat="50.187910" lon="16.570464">
        <ele>771.129413</ele>
        <time>2026-05-18T23:08:45.619Z</time>
      </trkpt>
      <trkpt lat="50.188364" lon="16.570789">
        <ele>774.776434</ele>
        <time>2026-05-18T23:09:19.912Z</time>
      </trkpt>
      <trkpt lat="50.188793" lon="16.571372">
        <ele>779.855149</ele>
        <time>2026-05-18T23:10:01.580Z</time>
      </trkpt>
      <trkpt lat="50.189410" lon="16.572734">
        <ele>790.952353</ele>
        <time>2026-05-18T23:11:28.305Z</time>
      </trkpt>
      <trkpt lat="50.189667" lon="16.573206">
        <ele>795.073443</ele>
        <time>2026-05-18T23:12:00.815Z</time>
      </trkpt>
      <trkpt lat="50.190079" lon="16.574194">
        <ele>802.389015</ele>
        <time>2026-05-18T23:13:00.541Z</time>
      </trkpt>
      <trkpt lat="50.190503" lon="16.574811">
        <ele>807.985983</ele>
        <time>2026-05-18T23:13:44.430Z</time>
      </trkpt>
      <trkpt lat="50.190825" lon="16.575209">
        <ele>811.951905</ele>
        <time>2026-05-18T23:14:14.544Z</time>
      </trkpt>
      <trkpt lat="50.191302" lon="16.575737">
        <ele>815.042810</ele>
        <time>2026-05-18T23:14:55.181Z</time>
      </trkpt>
      <trkpt lat="50.191864" lon="16.576200">
        <ele>817.914963</ele>
        <time>2026-05-18T23:15:33.896Z</time>
      </trkpt>
      <trkpt lat="50.191886" lon="16.576218">
        <ele>818.027228</ele>
        <time>2026-05-18T23:15:35.289Z</time>
      </trkpt>
      <trkpt lat="50.192232" lon="16.576170">
        <ele>819.597427</ele>
        <time>2026-05-18T23:15:53.380Z</time>
      </trkpt>
      <trkpt lat="50.192624" lon="16.576223">
        <ele>820.167901</ele>
        <time>2026-05-18T23:16:07.592Z</time>
      </trkpt>
      <trkpt lat="50.193193" lon="16.576470">
        <ele>815.689609</ele>
        <time>2026-05-18T23:16:23.952Z</time>
      </trkpt>
      <trkpt lat="50.193562" lon="16.576782">
        <ele>812.507810</ele>
        <time>2026-05-18T23:16:34.468Z</time>
      </trkpt>
      <trkpt lat="50.193816" lon="16.577049">
        <ele>810.186180</ele>
        <time>2026-05-18T23:16:41.893Z</time>
      </trkpt>
      <trkpt lat="50.194316" lon="16.577095">
        <ele>805.717078</ele>
        <time>2026-05-18T23:16:53.697Z</time>
      </trkpt>
      <trkpt lat="50.194823" lon="16.577095">
        <ele>798.998148</ele>
        <time>2026-05-18T23:17:05.635Z</time>
      </trkpt>
      <trkpt lat="50.195231" lon="16.577251">
        <ele>793.431578</ele>
        <time>2026-05-18T23:17:15.485Z</time>
      </trkpt>
      <trkpt lat="50.195554" lon="16.577503">
        <ele>788.646879</ele>
        <time>2026-05-18T23:17:23.921Z</time>
      </trkpt>
      <trkpt lat="50.195785" lon="16.577554">
        <ele>785.555166</ele>
        <time>2026-05-18T23:17:29.349Z</time>
      </trkpt>
      <trkpt lat="50.196038" lon="16.577515">
        <ele>782.553417</ele>
        <time>2026-05-18T23:17:35.294Z</time>
      </trkpt>
      <trkpt lat="50.196577" lon="16.577263">
        <ele>777.265559</ele>
        <time>2026-05-18T23:17:48.566Z</time>
      </trkpt>
      <trkpt lat="50.196953" lon="16.576975">
        <ele>773.329743</ele>
        <time>2026-05-18T23:17:58.725Z</time>
      </trkpt>
      <trkpt lat="50.197401" lon="16.576285">
        <ele>767.416819</ele>
        <time>2026-05-18T23:18:14.997Z</time>
      </trkpt>
      <trkpt lat="50.197522" lon="16.576098">
        <ele>766.761921</ele>
        <time>2026-05-18T23:18:19.882Z</time>
      </trkpt>
      <trkpt lat="50.198007" lon="16.575509">
        <ele>768.485715</ele>
        <time>2026-05-18T23:18:40.878Z</time>
      </trkpt>
      <trkpt lat="50.198530" lon="16.575113">
        <ele>770.116566</ele>
        <time>2026-05-18T23:19:10.323Z</time>
      </trkpt>
      <trkpt lat="50.199114" lon="16.575005">
        <ele>772.444049</ele>
        <time>2026-05-18T23:19:50.435Z</time>
      </trkpt>
      <trkpt lat="50.199264" lon="16.575005">
        <ele>774.494131</ele>
        <time>2026-05-18T23:20:02.335Z</time>
      </trkpt>
      <trkpt lat="50.199921" lon="16.575005">
        <ele>783.473490</ele>
        <time>2026-05-18T23:21:01.542Z</time>
      </trkpt>
      <trkpt lat="50.200438" lon="16.575122">
        <ele>790.613192</ele>
        <time>2026-05-18T23:21:54.459Z</time>
      </trkpt>
      <trkpt lat="50.201154" lon="16.575285">
        <ele>799.843177</ele>
        <time>2026-05-18T23:23:10.706Z</time>
      </trkpt>
      <trkpt lat="50.201122" lon="16.575806">
        <ele>803.724709</ele>
        <time>2026-05-18T23:23:44.211Z</time>
      </trkpt>
      <trkpt lat="50.201052" lon="16.576264">
        <ele>807.216766</ele>
        <time>2026-05-18T23:24:11.512Z</time>
      </trkpt>
      <trkpt lat="50.200961" lon="16.576716">
        <ele>810.730746</ele>
        <time>2026-05-18T23:24:36.033Z</time>
      </trkpt>
      <trkpt lat="50.200925" lon="16.576807">
        <ele>811.524101</ele>
        <time>2026-05-18T23:24:41.135Z</time>
      </trkpt>
      <trkpt lat="50.200663" lon="16.577181">
        <ele>815.635965</ele>
        <time>2026-05-18T23:25:04.710Z</time>
      </trkpt>
      <trkpt lat="50.200209" lon="16.578016">
        <ele>819.689117</ele>
        <time>2026-05-18T23:25:41.763Z</time>
      </trkpt>
      <trkpt lat="50.199730" lon="16.578735">
        <ele>822.741215</ele>
        <time>2026-05-18T23:26:15.810Z</time>
      </trkpt>
      <trkpt lat="50.199840" lon="16.579734">
        <ele>825.358953</ele>
        <time>2026-05-18T23:26:53.432Z</time>
      </trkpt>
      <trkpt lat="50.199900" lon="16.580000">
        <ele>825.511157</ele>
        <time>2026-05-18T23:27:04.130Z</time>
      </trkpt>
      <trkpt lat="50.200046" lon="16.580344">
        <ele>825.733904</ele>
        <time>2026-05-18T23:27:19.409Z</time>
      </trkpt>
      <trkpt lat="50.200221" lon="16.581043">
        <ele>826.138960</ele>
        <time>2026-05-18T23:27:43.323Z</time>
      </trkpt>
      <trkpt lat="50.200295" lon="16.581210">
        <ele>826.248572</ele>
        <time>2026-05-18T23:27:48.388Z</time>
      </trkpt>
      <trkpt lat="50.200461" lon="16.581416">
        <ele>826.427306</ele>
        <time>2026-05-18T23:27:55.574Z</time>
      </trkpt>
      <trkpt lat="50.201440" lon="16.582080">
        <ele>822.721798</ele>
        <time>2026-05-18T23:28:24.494Z</time>
      </trkpt>
      <trkpt lat="50.201734" lon="16.582245">
        <ele>820.711416</ele>
        <time>2026-05-18T23:28:32.455Z</time>
      </trkpt>
      <trkpt lat="50.202552" lon="16.582435">
        <ele>815.389406</ele>
        <time>2026-05-18T23:28:53.780Z</time>
      </trkpt>
      <trkpt lat="50.203063" lon="16.582446">
        <ele>811.963609</ele>
        <time>2026-05-18T23:29:26.225Z</time>
      </trkpt>
      <trkpt lat="50.204780" lon="16.583208">
        <ele>799.464316</ele>
        <time>2026-05-18T23:31:19.963Z</time>
      </trkpt>
      <trkpt lat="50.205067" lon="16.583607">
        <ele>796.468971</ele>
        <time>2026-05-18T23:31:43.996Z</time>
      </trkpt>
      <trkpt lat="50.205215" lon="16.584135">
        <ele>793.592460</ele>
        <time>2026-05-18T23:32:06.873Z</time>
      </trkpt>
      <trkpt lat="50.205385" lon="16.584758">
        <ele>790.212721</ele>
        <time>2026-05-18T23:32:33.544Z</time>
      </trkpt>
      <trkpt lat="50.205414" lon="16.586201">
        <ele>781.188198</ele>
        <time>2026-05-18T23:33:29.026Z</time>
      </trkpt>
      <trkpt lat="50.205438" lon="16.586422">
        <ele>779.736004</ele>
        <time>2026-05-18T23:33:37.550Z</time>
      </trkpt>
      <trkpt lat="50.205723" lon="16.587357">
        <ele>773.026850</ele>
        <time>2026-05-18T23:34:16.733Z</time>
      </trkpt>
      <trkpt lat="50.206614" lon="16.590376">
        <ele>751.184535</ele>
        <time>2026-05-18T23:35:08.193Z</time>
      </trkpt>
      <trkpt lat="50.206851" lon="16.591308">
        <ele>747.077817</ele>
        <time>2026-05-18T23:35:24.632Z</time>
      </trkpt>
      <trkpt lat="50.206867" lon="16.591420">
        <ele>746.607896</ele>
        <time>2026-05-18T23:35:26.560Z</time>
      </trkpt>
      <trkpt lat="50.207266" lon="16.593498">
        <ele>739.648294</ele>
        <time>2026-05-18T23:36:05.257Z</time>
      </trkpt>
      <trkpt lat="50.207309" lon="16.594042">
        <ele>738.993210</ele>
        <time>2026-05-18T23:36:16.361Z</time>
      </trkpt>
      <trkpt lat="50.207309" lon="16.594438">
        <ele>738.519943</ele>
        <time>2026-05-18T23:36:24.879Z</time>
      </trkpt>
      <trkpt lat="50.208087" lon="16.593713">
        <ele>736.762101</ele>
        <time>2026-05-18T23:36:57.351Z</time>
      </trkpt>
      <trkpt lat="50.208455" lon="16.593298">
        <ele>735.693737</ele>
        <time>2026-05-18T23:37:13.436Z</time>
      </trkpt>
      <trkpt lat="50.208997" lon="16.592837">
        <ele>734.241041</ele>
        <time>2026-05-18T23:37:32.517Z</time>
      </trkpt>
      <trkpt lat="50.209396" lon="16.592421">
        <ele>733.111865</ele>
        <time>2026-05-18T23:37:46.142Z</time>
      </trkpt>
      <trkpt lat="50.209891" lon="16.591713">
        <ele>730.098869</ele>
        <time>2026-05-18T23:38:04.782Z</time>
      </trkpt>
      <trkpt lat="50.210134" lon="16.591075">
        <ele>727.762589</ele>
        <time>2026-05-18T23:38:17.914Z</time>
      </trkpt>
      <trkpt lat="50.210387" lon="16.590309">
        <ele>725.050103</ele>
        <time>2026-05-18T23:38:32.983Z</time>
      </trkpt>
      <trkpt lat="50.210572" lon="16.589621">
        <ele>722.705973</ele>
        <time>2026-05-18T23:38:45.866Z</time>
      </trkpt>
      <trkpt lat="50.211069" lon="16.588234">
        <ele>717.719877</ele>
        <time>2026-05-18T23:39:13.156Z</time>
      </trkpt>
      <trkpt lat="50.211357" lon="16.587627">
        <ele>715.349744</ele>
        <time>2026-05-18T23:39:26.906Z</time>
      </trkpt>
      <trkpt lat="50.211513" lon="16.587360">
        <ele>714.678348</ele>
        <time>2026-05-18T23:39:33.850Z</time>
      </trkpt>
      <trkpt lat="50.212218" lon="16.585797">
        <ele>711.531521</ele>
        <time>2026-05-18T23:40:13.937Z</time>
      </trkpt>
      <trkpt lat="50.212476" lon="16.585050">
        <ele>710.563736</ele>
        <time>2026-05-18T23:40:29.937Z</time>
      </trkpt>
      <trkpt lat="50.212710" lon="16.584470">
        <ele>710.563736</ele>
        <time>2026-05-18T23:40:41.629Z</time>
      </trkpt>
      <trkpt lat="50.212843" lon="16.584191">
        <ele>710.563736</ele>
        <time>2026-05-18T23:40:47.298Z</time>
      </trkpt>
      <trkpt lat="50.213216" lon="16.583748">
        <ele>710.563736</ele>
        <time>2026-05-18T23:40:58.905Z</time>
      </trkpt>
      <trkpt lat="50.213658" lon="16.582960">
        <ele>710.563736</ele>
        <time>2026-05-18T23:41:15.406Z</time>
      </trkpt>
      <trkpt lat="50.214025" lon="16.582053">
        <ele>710.563736</ele>
        <time>2026-05-18T23:41:33.230Z</time>
      </trkpt>
    </trkseg>
  </trk>
</gpx>