<?xml version='1.0' encoding='UTF-8'?>
<gpx version="1.1" creator="https://www.komoot.de" xmlns="http://www.topografix.com/GPX/1/1" xmlns:xsi="http://www.w3.org/2001/XMLSchema-instance" xsi:schemaLocation="http://www.topografix.com/GPX/1/1 http://www.topografix.com/GPX/1/1/gpx.xsd">
  <metadata>
    <name>GB - 120 - v.24.08.2025</name>
    <author>
      <link href="https://www.komoot.de">
        <text>komoot</text>
        <type>text/html</type>
      </link>
    </author>
  </metadata>
  <trk>
    <name>GB - 120 - v.24.08.2025</name>
    <trkseg>
      <trkpt lat="50.615675" lon="17.603724">
        <ele>172.516498</ele>
        <time>2025-08-24T18:36:05.123Z</time>
      </trkpt>
      <trkpt lat="50.615115" lon="17.602618">
        <ele>172.516498</ele>
        <time>2025-08-24T18:36:43.644Z</time>
      </trkpt>
      <trkpt lat="50.614993" lon="17.602449">
        <ele>172.663460</ele>
        <time>2025-08-24T18:36:51.012Z</time>
      </trkpt>
      <trkpt lat="50.613655" lon="17.601870">
        <ele>173.930490</ele>
        <time>2025-08-24T18:37:52.963Z</time>
      </trkpt>
      <trkpt lat="50.612639" lon="17.601491">
        <ele>172.449814</ele>
        <time>2025-08-24T18:38:28.477Z</time>
      </trkpt>
      <trkpt lat="50.611812" lon="17.601225">
        <ele>170.632707</ele>
        <time>2025-08-24T18:38:54.269Z</time>
      </trkpt>
      <trkpt lat="50.611497" lon="17.601126">
        <ele>169.920505</ele>
        <time>2025-08-24T18:39:04.103Z</time>
      </trkpt>
      <trkpt lat="50.610473" lon="17.600882">
        <ele>167.557356</ele>
        <time>2025-08-24T18:39:37.062Z</time>
      </trkpt>
      <trkpt lat="50.609299" lon="17.600405">
        <ele>165.515699</ele>
        <time>2025-08-24T18:40:17.525Z</time>
      </trkpt>
      <trkpt lat="50.608846" lon="17.600292">
        <ele>165.014221</ele>
        <time>2025-08-24T18:40:32.888Z</time>
      </trkpt>
      <trkpt lat="50.608472" lon="17.600228">
        <ele>164.602885</ele>
        <time>2025-08-24T18:40:45.826Z</time>
      </trkpt>
      <trkpt lat="50.607910" lon="17.600237">
        <ele>164.405362</ele>
        <time>2025-08-24T18:41:05.807Z</time>
      </trkpt>
      <trkpt lat="50.607160" lon="17.600339">
        <ele>165.090554</ele>
        <time>2025-08-24T18:41:36.465Z</time>
      </trkpt>
      <trkpt lat="50.606961" lon="17.600385">
        <ele>165.273624</ele>
        <time>2025-08-24T18:41:45.636Z</time>
      </trkpt>
      <trkpt lat="50.606746" lon="17.600483">
        <ele>165.477342</ele>
        <time>2025-08-24T18:41:56.219Z</time>
      </trkpt>
      <trkpt lat="50.605875" lon="17.601239">
        <ele>166.314824</ele>
        <time>2025-08-24T18:42:41.335Z</time>
      </trkpt>
      <trkpt lat="50.605403" lon="17.600298">
        <ele>166.919169</ele>
        <time>2025-08-24T18:43:01.393Z</time>
      </trkpt>
      <trkpt lat="50.605319" lon="17.600170">
        <ele>167.011944</ele>
        <time>2025-08-24T18:43:04.040Z</time>
      </trkpt>
      <trkpt lat="50.604527" lon="17.599138">
        <ele>167.536970</ele>
        <time>2025-08-24T18:43:27.847Z</time>
      </trkpt>
      <trkpt lat="50.603934" lon="17.598401">
        <ele>167.817596</ele>
        <time>2025-08-24T18:43:48.224Z</time>
      </trkpt>
      <trkpt lat="50.603616" lon="17.598116">
        <ele>167.945015</ele>
        <time>2025-08-24T18:43:57.805Z</time>
      </trkpt>
      <trkpt lat="50.603261" lon="17.597873">
        <ele>167.796405</ele>
        <time>2025-08-24T18:44:07.213Z</time>
      </trkpt>
      <trkpt lat="50.602632" lon="17.597604">
        <ele>167.546160</ele>
        <time>2025-08-24T18:44:21.342Z</time>
      </trkpt>
      <trkpt lat="50.601901" lon="17.597454">
        <ele>167.263121</ele>
        <time>2025-08-24T18:44:36.831Z</time>
      </trkpt>
      <trkpt lat="50.601642" lon="17.597475">
        <ele>167.336839</ele>
        <time>2025-08-24T18:44:42.379Z</time>
      </trkpt>
      <trkpt lat="50.600910" lon="17.597720">
        <ele>167.572524</ele>
        <time>2025-08-24T18:44:59.151Z</time>
      </trkpt>
      <trkpt lat="50.600555" lon="17.597659">
        <ele>167.684993</ele>
        <time>2025-08-24T18:45:08.871Z</time>
      </trkpt>
      <trkpt lat="50.600054" lon="17.597440">
        <ele>167.948830</ele>
        <time>2025-08-24T18:45:25.228Z</time>
      </trkpt>
      <trkpt lat="50.599901" lon="17.597295">
        <ele>168.244369</ele>
        <time>2025-08-24T18:45:30.737Z</time>
      </trkpt>
      <trkpt lat="50.599535" lon="17.596625">
        <ele>169.173087</ele>
        <time>2025-08-24T18:45:47.253Z</time>
      </trkpt>
      <trkpt lat="50.599459" lon="17.596505">
        <ele>169.351189</ele>
        <time>2025-08-24T18:45:50.422Z</time>
      </trkpt>
      <trkpt lat="50.599366" lon="17.596305">
        <ele>169.611669</ele>
        <time>2025-08-24T18:45:57.288Z</time>
      </trkpt>
      <trkpt lat="50.599640" lon="17.595728">
        <ele>170.368763</ele>
        <time>2025-08-24T18:46:18.087Z</time>
      </trkpt>
      <trkpt lat="50.599876" lon="17.595300">
        <ele>171.245166</ele>
        <time>2025-08-24T18:46:35.148Z</time>
      </trkpt>
      <trkpt lat="50.600080" lon="17.594751">
        <ele>173.071680</ele>
        <time>2025-08-24T18:46:54.829Z</time>
      </trkpt>
      <trkpt lat="50.600464" lon="17.592670">
        <ele>179.313833</ele>
        <time>2025-08-24T18:48:22.903Z</time>
      </trkpt>
      <trkpt lat="50.600429" lon="17.592311">
        <ele>180.415112</ele>
        <time>2025-08-24T18:48:39.624Z</time>
      </trkpt>
      <trkpt lat="50.600441" lon="17.592131">
        <ele>180.963887</ele>
        <time>2025-08-24T18:48:47.746Z</time>
      </trkpt>
      <trkpt lat="50.600554" lon="17.591374">
        <ele>183.321783</ele>
        <time>2025-08-24T18:49:21.496Z</time>
      </trkpt>
      <trkpt lat="50.600602" lon="17.591225">
        <ele>183.828418</ele>
        <time>2025-08-24T18:49:28.275Z</time>
      </trkpt>
      <trkpt lat="50.600818" lon="17.590766">
        <ele>185.560912</ele>
        <time>2025-08-24T18:49:50.453Z</time>
      </trkpt>
      <trkpt lat="50.601002" lon="17.590251">
        <ele>187.352801</ele>
        <time>2025-08-24T18:50:10.763Z</time>
      </trkpt>
      <trkpt lat="50.602283" lon="17.588562">
        <ele>188.629902</ele>
        <time>2025-08-24T18:51:16.968Z</time>
      </trkpt>
      <trkpt lat="50.602635" lon="17.587905">
        <ele>188.556645</ele>
        <time>2025-08-24T18:51:35.969Z</time>
      </trkpt>
      <trkpt lat="50.602805" lon="17.587654">
        <ele>188.443514</ele>
        <time>2025-08-24T18:51:43.950Z</time>
      </trkpt>
      <trkpt lat="50.603235" lon="17.587194">
        <ele>188.191131</ele>
        <time>2025-08-24T18:52:02.398Z</time>
      </trkpt>
      <trkpt lat="50.603422" lon="17.586945">
        <ele>188.072243</ele>
        <time>2025-08-24T18:52:11.376Z</time>
      </trkpt>
      <trkpt lat="50.603527" lon="17.586720">
        <ele>187.986172</ele>
        <time>2025-08-24T18:52:17.881Z</time>
      </trkpt>
      <trkpt lat="50.603585" lon="17.586524">
        <ele>187.919523</ele>
        <time>2025-08-24T18:52:22.866Z</time>
      </trkpt>
      <trkpt lat="50.603601" lon="17.586263">
        <ele>187.768436</ele>
        <time>2025-08-24T18:52:28.872Z</time>
      </trkpt>
      <trkpt lat="50.603580" lon="17.586053">
        <ele>187.545112</ele>
        <time>2025-08-24T18:52:33.714Z</time>
      </trkpt>
      <trkpt lat="50.603507" lon="17.585607">
        <ele>187.061265</ele>
        <time>2025-08-24T18:52:44.072Z</time>
      </trkpt>
      <trkpt lat="50.603443" lon="17.585488">
        <ele>186.897411</ele>
        <time>2025-08-24T18:52:47.553Z</time>
      </trkpt>
      <trkpt lat="50.603186" lon="17.585241">
        <ele>186.399148</ele>
        <time>2025-08-24T18:52:57.871Z</time>
      </trkpt>
      <trkpt lat="50.603045" lon="17.585040">
        <ele>186.084428</ele>
        <time>2025-08-24T18:53:04.237Z</time>
      </trkpt>
      <trkpt lat="50.602911" lon="17.584815">
        <ele>185.760302</ele>
        <time>2025-08-24T18:53:10.610Z</time>
      </trkpt>
      <trkpt lat="50.602692" lon="17.584281">
        <ele>185.092412</ele>
        <time>2025-08-24T18:53:23.238Z</time>
      </trkpt>
      <trkpt lat="50.602590" lon="17.584103">
        <ele>184.788516</ele>
        <time>2025-08-24T18:53:27.869Z</time>
      </trkpt>
      <trkpt lat="50.602368" lon="17.583881">
        <ele>183.904506</ele>
        <time>2025-08-24T18:53:35.834Z</time>
      </trkpt>
      <trkpt lat="50.602152" lon="17.583611">
        <ele>182.977519</ele>
        <time>2025-08-24T18:53:44.209Z</time>
      </trkpt>
      <trkpt lat="50.602010" lon="17.583577">
        <ele>182.494632</ele>
        <time>2025-08-24T18:53:48.534Z</time>
      </trkpt>
      <trkpt lat="50.601524" lon="17.583592">
        <ele>180.860377</ele>
        <time>2025-08-24T18:54:03.365Z</time>
      </trkpt>
      <trkpt lat="50.601251" lon="17.583667">
        <ele>179.928698</ele>
        <time>2025-08-24T18:54:11.872Z</time>
      </trkpt>
      <trkpt lat="50.601080" lon="17.583679">
        <ele>179.353223</ele>
        <time>2025-08-24T18:54:17.123Z</time>
      </trkpt>
      <trkpt lat="50.600824" lon="17.583586">
        <ele>178.552798</ele>
        <time>2025-08-24T18:54:25.078Z</time>
      </trkpt>
      <trkpt lat="50.600973" lon="17.583478">
        <ele>178.123566</ele>
        <time>2025-08-24T18:54:30.046Z</time>
      </trkpt>
      <trkpt lat="50.601070" lon="17.583357">
        <ele>177.799774</ele>
        <time>2025-08-24T18:54:33.796Z</time>
      </trkpt>
      <trkpt lat="50.601530" lon="17.582576">
        <ele>176.029948</ele>
        <time>2025-08-24T18:54:54.485Z</time>
      </trkpt>
      <trkpt lat="50.601756" lon="17.582039">
        <ele>174.959675</ele>
        <time>2025-08-24T18:55:07.481Z</time>
      </trkpt>
      <trkpt lat="50.602149" lon="17.581410">
        <ele>174.603789</ele>
        <time>2025-08-24T18:55:26.319Z</time>
      </trkpt>
      <trkpt lat="50.602327" lon="17.581242">
        <ele>174.998283</ele>
        <time>2025-08-24T18:55:34.301Z</time>
      </trkpt>
      <trkpt lat="50.602842" lon="17.580981">
        <ele>176.026820</ele>
        <time>2025-08-24T18:55:59.558Z</time>
      </trkpt>
      <trkpt lat="50.602950" lon="17.580871">
        <ele>176.271320</ele>
        <time>2025-08-24T18:56:06.428Z</time>
      </trkpt>
      <trkpt lat="50.602989" lon="17.580806">
        <ele>176.379255</ele>
        <time>2025-08-24T18:56:09.529Z</time>
      </trkpt>
      <trkpt lat="50.602987" lon="17.580544">
        <ele>176.695430</ele>
        <time>2025-08-24T18:56:18.793Z</time>
      </trkpt>
      <trkpt lat="50.602803" lon="17.579895">
        <ele>177.553154</ele>
        <time>2025-08-24T18:56:44.715Z</time>
      </trkpt>
      <trkpt lat="50.602599" lon="17.579137">
        <ele>178.984325</ele>
        <time>2025-08-24T18:57:15.527Z</time>
      </trkpt>
      <trkpt lat="50.602029" lon="17.577287">
        <ele>182.493079</ele>
        <time>2025-08-24T18:58:20.057Z</time>
      </trkpt>
      <trkpt lat="50.601832" lon="17.576539">
        <ele>182.606354</ele>
        <time>2025-08-24T18:58:39.418Z</time>
      </trkpt>
      <trkpt lat="50.601715" lon="17.575337">
        <ele>182.776448</ele>
        <time>2025-08-24T18:59:07.503Z</time>
      </trkpt>
      <trkpt lat="50.601642" lon="17.574499">
        <ele>182.921554</ele>
        <time>2025-08-24T18:59:19.563Z</time>
      </trkpt>
      <trkpt lat="50.601653" lon="17.574340">
        <ele>182.996641</ele>
        <time>2025-08-24T18:59:21.914Z</time>
      </trkpt>
      <trkpt lat="50.601644" lon="17.574236">
        <ele>183.045918</ele>
        <time>2025-08-24T18:59:23.464Z</time>
      </trkpt>
      <trkpt lat="50.601696" lon="17.573812">
        <ele>183.248655</ele>
        <time>2025-08-24T18:59:29.987Z</time>
      </trkpt>
      <trkpt lat="50.602218" lon="17.571798">
        <ele>184.518651</ele>
        <time>2025-08-24T19:00:06.972Z</time>
      </trkpt>
      <trkpt lat="50.602233" lon="17.571461">
        <ele>185.379354</ele>
        <time>2025-08-24T19:00:14.660Z</time>
      </trkpt>
      <trkpt lat="50.602103" lon="17.571389">
        <ele>185.932491</ele>
        <time>2025-08-24T19:00:21.724Z</time>
      </trkpt>
      <trkpt lat="50.601631" lon="17.570868">
        <ele>188.245865</ele>
        <time>2025-08-24T19:00:54.523Z</time>
      </trkpt>
      <trkpt lat="50.601294" lon="17.570604">
        <ele>189.756614</ele>
        <time>2025-08-24T19:01:18.934Z</time>
      </trkpt>
      <trkpt lat="50.601085" lon="17.570523">
        <ele>190.620573</ele>
        <time>2025-08-24T19:01:33.249Z</time>
      </trkpt>
      <trkpt lat="50.600796" lon="17.570427">
        <ele>191.815864</ele>
        <time>2025-08-24T19:01:52.433Z</time>
      </trkpt>
      <trkpt lat="50.600453" lon="17.570384">
        <ele>193.233062</ele>
        <time>2025-08-24T19:02:13.843Z</time>
      </trkpt>
      <trkpt lat="50.600178" lon="17.570366">
        <ele>194.366697</ele>
        <time>2025-08-24T19:02:30.701Z</time>
      </trkpt>
      <trkpt lat="50.599988" lon="17.570303">
        <ele>195.166404</ele>
        <time>2025-08-24T19:02:42.501Z</time>
      </trkpt>
      <trkpt lat="50.599824" lon="17.570179">
        <ele>195.915642</ele>
        <time>2025-08-24T19:02:53.306Z</time>
      </trkpt>
      <trkpt lat="50.599714" lon="17.570191">
        <ele>196.369789</ele>
        <time>2025-08-24T19:02:59.641Z</time>
      </trkpt>
      <trkpt lat="50.599547" lon="17.570350">
        <ele>197.173469</ele>
        <time>2025-08-24T19:03:10.367Z</time>
      </trkpt>
      <trkpt lat="50.599306" lon="17.570791">
        <ele>198.694823</ele>
        <time>2025-08-24T19:03:29.190Z</time>
      </trkpt>
      <trkpt lat="50.599221" lon="17.570895">
        <ele>198.918279</ele>
        <time>2025-08-24T19:03:34.393Z</time>
      </trkpt>
      <trkpt lat="50.598487" lon="17.571110">
        <ele>199.711225</ele>
        <time>2025-08-24T19:04:08.923Z</time>
      </trkpt>
      <trkpt lat="50.598195" lon="17.571161">
        <ele>200.023260</ele>
        <time>2025-08-24T19:04:21.109Z</time>
      </trkpt>
      <trkpt lat="50.597660" lon="17.571400">
        <ele>200.613890</ele>
        <time>2025-08-24T19:04:41.943Z</time>
      </trkpt>
      <trkpt lat="50.597436" lon="17.571634">
        <ele>200.720701</ele>
        <time>2025-08-24T19:04:51.618Z</time>
      </trkpt>
      <trkpt lat="50.597068" lon="17.571871">
        <ele>200.630149</ele>
        <time>2025-08-24T19:05:05.708Z</time>
      </trkpt>
      <trkpt lat="50.596620" lon="17.572171">
        <ele>200.519273</ele>
        <time>2025-08-24T19:05:23.025Z</time>
      </trkpt>
      <trkpt lat="50.596262" lon="17.572361">
        <ele>200.433229</ele>
        <time>2025-08-24T19:05:36.666Z</time>
      </trkpt>
      <trkpt lat="50.595848" lon="17.572571">
        <ele>200.362767</ele>
        <time>2025-08-24T19:05:52.760Z</time>
      </trkpt>
      <trkpt lat="50.594541" lon="17.573098">
        <ele>201.100604</ele>
        <time>2025-08-24T19:06:46.560Z</time>
      </trkpt>
      <trkpt lat="50.594541" lon="17.573098">
        <ele>201.100604</ele>
        <time>2025-08-24T19:06:46.581Z</time>
      </trkpt>
      <trkpt lat="50.593622" lon="17.573342">
        <ele>201.696426</ele>
        <time>2025-08-24T19:07:24.713Z</time>
      </trkpt>
      <trkpt lat="50.593524" lon="17.573444">
        <ele>201.780144</ele>
        <time>2025-08-24T19:07:29.586Z</time>
      </trkpt>
      <trkpt lat="50.593472" lon="17.573564">
        <ele>201.845883</ele>
        <time>2025-08-24T19:07:33.398Z</time>
      </trkpt>
      <trkpt lat="50.592911" lon="17.575182">
        <ele>202.599697</ele>
        <time>2025-08-24T19:08:21.406Z</time>
      </trkpt>
      <trkpt lat="50.592729" lon="17.575401">
        <ele>202.580344</ele>
        <time>2025-08-24T19:08:30.290Z</time>
      </trkpt>
      <trkpt lat="50.592556" lon="17.576246">
        <ele>202.532717</ele>
        <time>2025-08-24T19:08:51.012Z</time>
      </trkpt>
      <trkpt lat="50.592477" lon="17.576478">
        <ele>202.518595</ele>
        <time>2025-08-24T19:08:57.023Z</time>
      </trkpt>
      <trkpt lat="50.592307" lon="17.576728">
        <ele>202.498943</ele>
        <time>2025-08-24T19:09:05.322Z</time>
      </trkpt>
      <trkpt lat="50.591892" lon="17.577166">
        <ele>202.456732</ele>
        <time>2025-08-24T19:09:23.114Z</time>
      </trkpt>
      <trkpt lat="50.591752" lon="17.577246">
        <ele>202.464245</ele>
        <time>2025-08-24T19:09:28.449Z</time>
      </trkpt>
      <trkpt lat="50.591639" lon="17.577256">
        <ele>202.470591</ele>
        <time>2025-08-24T19:09:32.552Z</time>
      </trkpt>
      <trkpt lat="50.590807" lon="17.576830">
        <ele>202.519645</ele>
        <time>2025-08-24T19:10:04.958Z</time>
      </trkpt>
      <trkpt lat="50.590673" lon="17.576819">
        <ele>202.527169</ele>
        <time>2025-08-24T19:10:10.259Z</time>
      </trkpt>
      <trkpt lat="50.590390" lon="17.577020">
        <ele>202.544576</ele>
        <time>2025-08-24T19:10:22.561Z</time>
      </trkpt>
      <trkpt lat="50.590305" lon="17.577108">
        <ele>202.550279</ele>
        <time>2025-08-24T19:10:26.536Z</time>
      </trkpt>
      <trkpt lat="50.590230" lon="17.577265">
        <ele>202.556904</ele>
        <time>2025-08-24T19:10:31.434Z</time>
      </trkpt>
      <trkpt lat="50.590217" lon="17.577393">
        <ele>202.552678</ele>
        <time>2025-08-24T19:10:34.657Z</time>
      </trkpt>
      <trkpt lat="50.590242" lon="17.577533">
        <ele>202.547936</ele>
        <time>2025-08-24T19:10:38.233Z</time>
      </trkpt>
      <trkpt lat="50.590336" lon="17.577831">
        <ele>202.537087</ele>
        <time>2025-08-24T19:10:46.387Z</time>
      </trkpt>
      <trkpt lat="50.590525" lon="17.577999">
        <ele>202.525941</ele>
        <time>2025-08-24T19:10:54.601Z</time>
      </trkpt>
      <trkpt lat="50.590933" lon="17.578966">
        <ele>202.488085</ele>
        <time>2025-08-24T19:11:21.688Z</time>
      </trkpt>
      <trkpt lat="50.591302" lon="17.579635">
        <ele>202.429014</ele>
        <time>2025-08-24T19:11:41.861Z</time>
      </trkpt>
      <trkpt lat="50.591513" lon="17.579943">
        <ele>202.333435</ele>
        <time>2025-08-24T19:11:52.198Z</time>
      </trkpt>
      <trkpt lat="50.591936" lon="17.580393">
        <ele>202.163843</ele>
        <time>2025-08-24T19:12:10.627Z</time>
      </trkpt>
      <trkpt lat="50.592610" lon="17.580826">
        <ele>201.921997</ele>
        <time>2025-08-24T19:12:37.135Z</time>
      </trkpt>
      <trkpt lat="50.592967" lon="17.581136">
        <ele>201.241174</ele>
        <time>2025-08-24T19:12:52.178Z</time>
      </trkpt>
      <trkpt lat="50.593048" lon="17.581233">
        <ele>200.978476</ele>
        <time>2025-08-24T19:12:55.788Z</time>
      </trkpt>
      <trkpt lat="50.593436" lon="17.581573">
        <ele>199.832161</ele>
        <time>2025-08-24T19:13:10.876Z</time>
      </trkpt>
      <trkpt lat="50.593892" lon="17.581790">
        <ele>198.602300</ele>
        <time>2025-08-24T19:13:25.874Z</time>
      </trkpt>
      <trkpt lat="50.594009" lon="17.581899">
        <ele>198.251353</ele>
        <time>2025-08-24T19:13:29.987Z</time>
      </trkpt>
      <trkpt lat="50.594557" lon="17.582715">
        <ele>194.923454</ele>
        <time>2025-08-24T19:13:51.579Z</time>
      </trkpt>
      <trkpt lat="50.595218" lon="17.583671">
        <ele>189.124712</ele>
        <time>2025-08-24T19:14:15.918Z</time>
      </trkpt>
      <trkpt lat="50.595580" lon="17.584005">
        <ele>186.413700</ele>
        <time>2025-08-24T19:14:27.346Z</time>
      </trkpt>
      <trkpt lat="50.596006" lon="17.584491">
        <ele>183.850440</ele>
        <time>2025-08-24T19:14:41.902Z</time>
      </trkpt>
      <trkpt lat="50.596457" lon="17.585314">
        <ele>180.832088</ele>
        <time>2025-08-24T19:15:01.732Z</time>
      </trkpt>
      <trkpt lat="50.596592" lon="17.585444">
        <ele>180.140117</ele>
        <time>2025-08-24T19:15:06.502Z</time>
      </trkpt>
      <trkpt lat="50.596990" lon="17.585646">
        <ele>178.311412</ele>
        <time>2025-08-24T19:15:19.622Z</time>
      </trkpt>
      <trkpt lat="50.597251" lon="17.586132">
        <ele>177.637644</ele>
        <time>2025-08-24T19:15:33.017Z</time>
      </trkpt>
      <trkpt lat="50.597659" lon="17.587286">
        <ele>177.340611</ele>
        <time>2025-08-24T19:16:03.410Z</time>
      </trkpt>
      <trkpt lat="50.596382" lon="17.588806">
        <ele>177.903044</ele>
        <time>2025-08-24T19:17:07.304Z</time>
      </trkpt>
      <trkpt lat="50.592821" lon="17.593109">
        <ele>182.701456</ele>
        <time>2025-08-24T19:20:21.017Z</time>
      </trkpt>
      <trkpt lat="50.590729" lon="17.595599">
        <ele>181.650917</ele>
        <time>2025-08-24T19:21:54.347Z</time>
      </trkpt>
      <trkpt lat="50.590302" lon="17.596134">
        <ele>181.327101</ele>
        <time>2025-08-24T19:22:14.081Z</time>
      </trkpt>
      <trkpt lat="50.589772" lon="17.596773">
        <ele>180.767059</ele>
        <time>2025-08-24T19:22:37.617Z</time>
      </trkpt>
      <trkpt lat="50.588000" lon="17.598888">
        <ele>178.970421</ele>
        <time>2025-08-24T19:23:52.085Z</time>
      </trkpt>
      <trkpt lat="50.587605" lon="17.599361">
        <ele>179.104158</ele>
        <time>2025-08-24T19:24:11.945Z</time>
      </trkpt>
      <trkpt lat="50.585763" lon="17.601574">
        <ele>181.467293</ele>
        <time>2025-08-24T19:25:59.138Z</time>
      </trkpt>
      <trkpt lat="50.585717" lon="17.601651">
        <ele>181.554809</ele>
        <time>2025-08-24T19:26:01.524Z</time>
      </trkpt>
      <trkpt lat="50.585688" lon="17.601771">
        <ele>181.577912</ele>
        <time>2025-08-24T19:26:04.401Z</time>
      </trkpt>
      <trkpt lat="50.585662" lon="17.601994">
        <ele>181.382367</ele>
        <time>2025-08-24T19:26:09.380Z</time>
      </trkpt>
      <trkpt lat="50.585617" lon="17.602640">
        <ele>180.821873</ele>
        <time>2025-08-24T19:26:22.954Z</time>
      </trkpt>
      <trkpt lat="50.585572" lon="17.602906">
        <ele>180.584454</ele>
        <time>2025-08-24T19:26:28.528Z</time>
      </trkpt>
      <trkpt lat="50.585102" lon="17.604013">
        <ele>179.435912</ele>
        <time>2025-08-24T19:26:55.391Z</time>
      </trkpt>
      <trkpt lat="50.584854" lon="17.604593">
        <ele>179.409628</ele>
        <time>2025-08-24T19:27:10.944Z</time>
      </trkpt>
      <trkpt lat="50.583548" lon="17.607611">
        <ele>180.915089</ele>
        <time>2025-08-24T19:28:54.628Z</time>
      </trkpt>
      <trkpt lat="50.583376" lon="17.608009">
        <ele>180.949923</ele>
        <time>2025-08-24T19:29:06.340Z</time>
      </trkpt>
      <trkpt lat="50.582875" lon="17.610143">
        <ele>179.651684</ele>
        <time>2025-08-24T19:29:54.728Z</time>
      </trkpt>
      <trkpt lat="50.582812" lon="17.610765">
        <ele>178.890862</ele>
        <time>2025-08-24T19:30:07.603Z</time>
      </trkpt>
      <trkpt lat="50.582816" lon="17.610942">
        <ele>178.676925</ele>
        <time>2025-08-24T19:30:11.207Z</time>
      </trkpt>
      <trkpt lat="50.582600" lon="17.611626">
        <ele>177.754169</ele>
        <time>2025-08-24T19:30:26.738Z</time>
      </trkpt>
      <trkpt lat="50.582576" lon="17.611804">
        <ele>177.549867</ele>
        <time>2025-08-24T19:30:30.467Z</time>
      </trkpt>
      <trkpt lat="50.582603" lon="17.612553">
        <ele>176.828848</ele>
        <time>2025-08-24T19:30:45.927Z</time>
      </trkpt>
      <trkpt lat="50.582504" lon="17.612935">
        <ele>176.432307</ele>
        <time>2025-08-24T19:30:50.993Z</time>
      </trkpt>
      <trkpt lat="50.582481" lon="17.613217">
        <ele>176.159051</ele>
        <time>2025-08-24T19:30:54.537Z</time>
      </trkpt>
      <trkpt lat="50.582535" lon="17.613893">
        <ele>175.504229</ele>
        <time>2025-08-24T19:31:03.163Z</time>
      </trkpt>
      <trkpt lat="50.582520" lon="17.614185">
        <ele>175.222673</ele>
        <time>2025-08-24T19:31:06.982Z</time>
      </trkpt>
      <trkpt lat="50.582432" lon="17.614742">
        <ele>174.963529</ele>
        <time>2025-08-24T19:31:14.759Z</time>
      </trkpt>
      <trkpt lat="50.582363" lon="17.616119">
        <ele>175.427504</ele>
        <time>2025-08-24T19:31:35.649Z</time>
      </trkpt>
      <trkpt lat="50.582283" lon="17.616391">
        <ele>175.528195</ele>
        <time>2025-08-24T19:31:40.716Z</time>
      </trkpt>
      <trkpt lat="50.582195" lon="17.616507">
        <ele>175.588903</ele>
        <time>2025-08-24T19:31:43.906Z</time>
      </trkpt>
      <trkpt lat="50.581356" lon="17.617180">
        <ele>176.612266</ele>
        <time>2025-08-24T19:32:14.154Z</time>
      </trkpt>
      <trkpt lat="50.581082" lon="17.617359">
        <ele>177.101925</ele>
        <time>2025-08-24T19:32:24.494Z</time>
      </trkpt>
      <trkpt lat="50.580389" lon="17.617619">
        <ele>178.277867</ele>
        <time>2025-08-24T19:32:48.249Z</time>
      </trkpt>
      <trkpt lat="50.578865" lon="17.618192">
        <ele>179.725592</ele>
        <time>2025-08-24T19:33:29.727Z</time>
      </trkpt>
      <trkpt lat="50.578326" lon="17.618347">
        <ele>180.129132</ele>
        <time>2025-08-24T19:33:43.540Z</time>
      </trkpt>
      <trkpt lat="50.577317" lon="17.618392">
        <ele>180.813055</ele>
        <time>2025-08-24T19:34:11.874Z</time>
      </trkpt>
      <trkpt lat="50.577019" lon="17.618469">
        <ele>181.017574</ele>
        <time>2025-08-24T19:34:20.555Z</time>
      </trkpt>
      <trkpt lat="50.576293" lon="17.618848">
        <ele>181.239467</ele>
        <time>2025-08-24T19:34:39.487Z</time>
      </trkpt>
      <trkpt lat="50.575708" lon="17.619125">
        <ele>180.989117</ele>
        <time>2025-08-24T19:34:52.729Z</time>
      </trkpt>
      <trkpt lat="50.575423" lon="17.619191">
        <ele>180.871062</ele>
        <time>2025-08-24T19:34:58.780Z</time>
      </trkpt>
      <trkpt lat="50.575215" lon="17.619192">
        <ele>180.785819</ele>
        <time>2025-08-24T19:35:03.093Z</time>
      </trkpt>
      <trkpt lat="50.575074" lon="17.619150">
        <ele>180.727009</ele>
        <time>2025-08-24T19:35:06.089Z</time>
      </trkpt>
      <trkpt lat="50.574925" lon="17.619049">
        <ele>180.660528</ele>
        <time>2025-08-24T19:35:09.514Z</time>
      </trkpt>
      <trkpt lat="50.574625" lon="17.618729">
        <ele>180.792372</ele>
        <time>2025-08-24T19:35:17.525Z</time>
      </trkpt>
      <trkpt lat="50.574320" lon="17.618504">
        <ele>181.033919</ele>
        <time>2025-08-24T19:35:25.599Z</time>
      </trkpt>
      <trkpt lat="50.574002" lon="17.618251">
        <ele>181.289432</ele>
        <time>2025-08-24T19:35:35.303Z</time>
      </trkpt>
      <trkpt lat="50.573966" lon="17.618233">
        <ele>181.316520</ele>
        <time>2025-08-24T19:35:36.409Z</time>
      </trkpt>
      <trkpt lat="50.573379" lon="17.618065">
        <ele>181.744388</ele>
        <time>2025-08-24T19:35:54.326Z</time>
      </trkpt>
      <trkpt lat="50.572882" lon="17.617921">
        <ele>181.969730</ele>
        <time>2025-08-24T19:36:10.293Z</time>
      </trkpt>
      <trkpt lat="50.572692" lon="17.617832">
        <ele>182.015864</ele>
        <time>2025-08-24T19:36:16.428Z</time>
      </trkpt>
      <trkpt lat="50.571850" lon="17.617218">
        <ele>182.231816</ele>
        <time>2025-08-24T19:36:39.845Z</time>
      </trkpt>
      <trkpt lat="50.571855" lon="17.617545">
        <ele>182.280163</ele>
        <time>2025-08-24T19:36:43.990Z</time>
      </trkpt>
      <trkpt lat="50.572055" lon="17.619349">
        <ele>180.722329</ele>
        <time>2025-08-24T19:37:05.523Z</time>
      </trkpt>
      <trkpt lat="50.572055" lon="17.619349">
        <ele>180.722329</ele>
        <time>2025-08-24T19:37:05.527Z</time>
      </trkpt>
      <trkpt lat="50.572210" lon="17.620055">
        <ele>179.948684</ele>
        <time>2025-08-24T19:37:14.176Z</time>
      </trkpt>
      <trkpt lat="50.572561" lon="17.621260">
        <ele>179.074770</ele>
        <time>2025-08-24T19:37:30.516Z</time>
      </trkpt>
      <trkpt lat="50.572595" lon="17.621446">
        <ele>178.997262</ele>
        <time>2025-08-24T19:37:33.016Z</time>
      </trkpt>
      <trkpt lat="50.572587" lon="17.621584">
        <ele>178.941770</ele>
        <time>2025-08-24T19:37:34.834Z</time>
      </trkpt>
      <trkpt lat="50.572495" lon="17.622067">
        <ele>178.739840</ele>
        <time>2025-08-24T19:37:41.562Z</time>
      </trkpt>
      <trkpt lat="50.572441" lon="17.622324">
        <ele>178.631438</ele>
        <time>2025-08-24T19:37:45.257Z</time>
      </trkpt>
      <trkpt lat="50.572191" lon="17.623616">
        <ele>178.271507</ele>
        <time>2025-08-24T19:38:04.096Z</time>
      </trkpt>
      <trkpt lat="50.572139" lon="17.624101">
        <ele>178.290898</ele>
        <time>2025-08-24T19:38:10.956Z</time>
      </trkpt>
      <trkpt lat="50.571970" lon="17.624144">
        <ele>178.301526</ele>
        <time>2025-08-24T19:38:17.304Z</time>
      </trkpt>
      <trkpt lat="50.571672" lon="17.624993">
        <ele>178.339770</ele>
        <time>2025-08-24T19:38:40.674Z</time>
      </trkpt>
      <trkpt lat="50.571484" lon="17.625781">
        <ele>178.323363</ele>
        <time>2025-08-24T19:39:01.198Z</time>
      </trkpt>
      <trkpt lat="50.571461" lon="17.626140">
        <ele>178.220256</ele>
        <time>2025-08-24T19:39:10.132Z</time>
      </trkpt>
      <trkpt lat="50.571601" lon="17.628846">
        <ele>177.077039</ele>
        <time>2025-08-24T19:40:11.683Z</time>
      </trkpt>
      <trkpt lat="50.570119" lon="17.629076">
        <ele>174.233235</ele>
        <time>2025-08-24T19:40:58.556Z</time>
      </trkpt>
      <trkpt lat="50.569950" lon="17.629070">
        <ele>174.238736</ele>
        <time>2025-08-24T19:41:04.148Z</time>
      </trkpt>
      <trkpt lat="50.569094" lon="17.628819">
        <ele>175.144918</ele>
        <time>2025-08-24T19:41:37.387Z</time>
      </trkpt>
      <trkpt lat="50.568358" lon="17.628501">
        <ele>175.939213</ele>
        <time>2025-08-24T19:42:16.272Z</time>
      </trkpt>
      <trkpt lat="50.568194" lon="17.628395">
        <ele>176.246373</ele>
        <time>2025-08-24T19:42:25.775Z</time>
      </trkpt>
      <trkpt lat="50.568033" lon="17.628517">
        <ele>176.609289</ele>
        <time>2025-08-24T19:42:35.490Z</time>
      </trkpt>
      <trkpt lat="50.567849" lon="17.629059">
        <ele>177.402129</ele>
        <time>2025-08-24T19:42:56.187Z</time>
      </trkpt>
      <trkpt lat="50.567739" lon="17.629235">
        <ele>177.720678</ele>
        <time>2025-08-24T19:43:04.177Z</time>
      </trkpt>
      <trkpt lat="50.567285" lon="17.629641">
        <ele>178.781184</ele>
        <time>2025-08-24T19:43:28.902Z</time>
      </trkpt>
      <trkpt lat="50.566643" lon="17.630128">
        <ele>179.413050</ele>
        <time>2025-08-24T19:43:56.750Z</time>
      </trkpt>
      <trkpt lat="50.566242" lon="17.630263">
        <ele>179.075839</ele>
        <time>2025-08-24T19:44:11.168Z</time>
      </trkpt>
      <trkpt lat="50.565856" lon="17.630183">
        <ele>178.755679</ele>
        <time>2025-08-24T19:44:24.417Z</time>
      </trkpt>
      <trkpt lat="50.564731" lon="17.632672">
        <ele>176.896282</ele>
        <time>2025-08-24T19:45:29.564Z</time>
      </trkpt>
      <trkpt lat="50.564134" lon="17.634009">
        <ele>176.376852</ele>
        <time>2025-08-24T19:46:07.219Z</time>
      </trkpt>
      <trkpt lat="50.562709" lon="17.637171">
        <ele>176.819136</ele>
        <time>2025-08-24T19:47:42.979Z</time>
      </trkpt>
      <trkpt lat="50.562236" lon="17.638220">
        <ele>177.070711</ele>
        <time>2025-08-24T19:48:12.403Z</time>
      </trkpt>
      <trkpt lat="50.560621" lon="17.641867">
        <ele>180.316909</ele>
        <time>2025-08-24T19:50:10.958Z</time>
      </trkpt>
      <trkpt lat="50.559866" lon="17.643576">
        <ele>181.942996</ele>
        <time>2025-08-24T19:51:19.579Z</time>
      </trkpt>
      <trkpt lat="50.559880" lon="17.643810">
        <ele>182.065569</ele>
        <time>2025-08-24T19:51:26.285Z</time>
      </trkpt>
      <trkpt lat="50.559921" lon="17.643824">
        <ele>182.100009</ele>
        <time>2025-08-24T19:51:27.466Z</time>
      </trkpt>
      <trkpt lat="50.560139" lon="17.645336">
        <ele>182.737967</ele>
        <time>2025-08-24T19:51:48.699Z</time>
      </trkpt>
      <trkpt lat="50.560182" lon="17.645591">
        <ele>182.498604</ele>
        <time>2025-08-24T19:51:51.866Z</time>
      </trkpt>
      <trkpt lat="50.560281" lon="17.646245">
        <ele>181.888643</ele>
        <time>2025-08-24T19:51:59.987Z</time>
      </trkpt>
      <trkpt lat="50.560340" lon="17.646630">
        <ele>181.529329</ele>
        <time>2025-08-24T19:52:04.790Z</time>
      </trkpt>
      <trkpt lat="50.560379" lon="17.646901">
        <ele>181.277232</ele>
        <time>2025-08-24T19:52:08.179Z</time>
      </trkpt>
      <trkpt lat="50.560840" lon="17.649927">
        <ele>180.177833</ele>
        <time>2025-08-24T19:52:49.556Z</time>
      </trkpt>
      <trkpt lat="50.561178" lon="17.652160">
        <ele>181.716871</ele>
        <time>2025-08-24T19:53:36.374Z</time>
      </trkpt>
      <trkpt lat="50.561487" lon="17.654199">
        <ele>183.700935</ele>
        <time>2025-08-24T19:54:18.979Z</time>
      </trkpt>
      <trkpt lat="50.561679" lon="17.655415">
        <ele>184.598747</ele>
        <time>2025-08-24T19:54:42.747Z</time>
      </trkpt>
      <trkpt lat="50.561709" lon="17.655624">
        <ele>184.752277</ele>
        <time>2025-08-24T19:54:46.661Z</time>
      </trkpt>
      <trkpt lat="50.562237" lon="17.659115">
        <ele>184.535706</ele>
        <time>2025-08-24T19:55:39.871Z</time>
      </trkpt>
      <trkpt lat="50.562370" lon="17.659966">
        <ele>182.613222</ele>
        <time>2025-08-24T19:55:50.334Z</time>
      </trkpt>
      <trkpt lat="50.562734" lon="17.662335">
        <ele>177.273659</ele>
        <time>2025-08-24T19:56:16.423Z</time>
      </trkpt>
      <trkpt lat="50.562898" lon="17.663455">
        <ele>174.765596</ele>
        <time>2025-08-24T19:56:28.723Z</time>
      </trkpt>
      <trkpt lat="50.563019" lon="17.664340">
        <ele>172.790203</ele>
        <time>2025-08-24T19:56:39.259Z</time>
      </trkpt>
      <trkpt lat="50.563160" lon="17.666901">
        <ele>173.186328</ele>
        <time>2025-08-24T19:57:20.546Z</time>
      </trkpt>
      <trkpt lat="50.563219" lon="17.667560">
        <ele>173.708280</ele>
        <time>2025-08-24T19:57:34.713Z</time>
      </trkpt>
      <trkpt lat="50.563255" lon="17.667711">
        <ele>173.968121</ele>
        <time>2025-08-24T19:57:39.666Z</time>
      </trkpt>
      <trkpt lat="50.563275" lon="17.667768">
        <ele>174.073030</ele>
        <time>2025-08-24T19:57:41.677Z</time>
      </trkpt>
      <trkpt lat="50.563364" lon="17.668059">
        <ele>174.593360</ele>
        <time>2025-08-24T19:57:51.796Z</time>
      </trkpt>
      <trkpt lat="50.563964" lon="17.669432">
        <ele>177.278227</ele>
        <time>2025-08-24T19:58:47.381Z</time>
      </trkpt>
      <trkpt lat="50.564317" lon="17.670268">
        <ele>178.280625</ele>
        <time>2025-08-24T19:59:18.766Z</time>
      </trkpt>
      <trkpt lat="50.564358" lon="17.670530">
        <ele>178.452085</ele>
        <time>2025-08-24T19:59:26.574Z</time>
      </trkpt>
      <trkpt lat="50.564151" lon="17.672604">
        <ele>179.819410</ele>
        <time>2025-08-24T20:00:17.738Z</time>
      </trkpt>
      <trkpt lat="50.564056" lon="17.674321">
        <ele>181.256051</ele>
        <time>2025-08-24T20:01:00.238Z</time>
      </trkpt>
      <trkpt lat="50.564026" lon="17.674401">
        <ele>181.333489</ele>
        <time>2025-08-24T20:01:02.844Z</time>
      </trkpt>
      <trkpt lat="50.562239" lon="17.677165">
        <ele>189.551510</ele>
        <time>2025-08-24T20:03:17.930Z</time>
      </trkpt>
      <trkpt lat="50.561582" lon="17.678215">
        <ele>194.998995</ele>
        <time>2025-08-24T20:04:25.959Z</time>
      </trkpt>
      <trkpt lat="50.561329" lon="17.678619">
        <ele>197.095854</ele>
        <time>2025-08-24T20:04:52.258Z</time>
      </trkpt>
      <trkpt lat="50.560885" lon="17.679328">
        <ele>199.644116</ele>
        <time>2025-08-24T20:05:33.216Z</time>
      </trkpt>
      <trkpt lat="50.559216" lon="17.681977">
        <ele>201.742596</ele>
        <time>2025-08-24T20:07:11.818Z</time>
      </trkpt>
      <trkpt lat="50.558228" lon="17.683506">
        <ele>199.367877</ele>
        <time>2025-08-24T20:07:54.966Z</time>
      </trkpt>
      <trkpt lat="50.557411" lon="17.684798">
        <ele>195.915698</ele>
        <time>2025-08-24T20:08:30.320Z</time>
      </trkpt>
      <trkpt lat="50.557301" lon="17.685085">
        <ele>195.346054</ele>
        <time>2025-08-24T20:08:37.099Z</time>
      </trkpt>
      <trkpt lat="50.557235" lon="17.685114">
        <ele>195.292541</ele>
        <time>2025-08-24T20:08:39.299Z</time>
      </trkpt>
      <trkpt lat="50.556965" lon="17.684959">
        <ele>195.068103</ele>
        <time>2025-08-24T20:08:48.792Z</time>
      </trkpt>
      <trkpt lat="50.556792" lon="17.684964">
        <ele>194.932978</ele>
        <time>2025-08-24T20:08:54.670Z</time>
      </trkpt>
      <trkpt lat="50.556583" lon="17.685092">
        <ele>194.757843</ele>
        <time>2025-08-24T20:09:02.553Z</time>
      </trkpt>
      <trkpt lat="50.556492" lon="17.685187">
        <ele>194.672568</ele>
        <time>2025-08-24T20:09:06.472Z</time>
      </trkpt>
      <trkpt lat="50.556222" lon="17.685280">
        <ele>194.456726</ele>
        <time>2025-08-24T20:09:16.708Z</time>
      </trkpt>
      <trkpt lat="50.555853" lon="17.685212">
        <ele>194.166593</ele>
        <time>2025-08-24T20:09:30.789Z</time>
      </trkpt>
      <trkpt lat="50.555673" lon="17.685074">
        <ele>194.010236</ele>
        <time>2025-08-24T20:09:38.436Z</time>
      </trkpt>
      <trkpt lat="50.555552" lon="17.685046">
        <ele>193.940564</ele>
        <time>2025-08-24T20:09:43.045Z</time>
      </trkpt>
      <trkpt lat="50.555006" lon="17.685064">
        <ele>193.735267</ele>
        <time>2025-08-24T20:10:03.338Z</time>
      </trkpt>
      <trkpt lat="50.554551" lon="17.685150">
        <ele>193.562994</ele>
        <time>2025-08-24T20:10:19.732Z</time>
      </trkpt>
      <trkpt lat="50.553729" lon="17.686860">
        <ele>193.526039</ele>
        <time>2025-08-24T20:11:07.363Z</time>
      </trkpt>
      <trkpt lat="50.551212" lon="17.692127">
        <ele>195.594951</ele>
        <time>2025-08-24T20:13:55.807Z</time>
      </trkpt>
      <trkpt lat="50.550099" lon="17.694407">
        <ele>196.941829</ele>
        <time>2025-08-24T20:15:13.725Z</time>
      </trkpt>
      <trkpt lat="50.547513" lon="17.699747">
        <ele>197.020137</ele>
        <time>2025-08-24T20:17:51.056Z</time>
      </trkpt>
      <trkpt lat="50.547035" lon="17.698938">
        <ele>196.458343</ele>
        <time>2025-08-24T20:18:07.380Z</time>
      </trkpt>
      <trkpt lat="50.546701" lon="17.698246">
        <ele>196.016413</ele>
        <time>2025-08-24T20:18:19.680Z</time>
      </trkpt>
      <trkpt lat="50.546568" lon="17.697910">
        <ele>195.815095</ele>
        <time>2025-08-24T20:18:25.162Z</time>
      </trkpt>
      <trkpt lat="50.545807" lon="17.695639">
        <ele>194.537039</ele>
        <time>2025-08-24T20:19:00.793Z</time>
      </trkpt>
      <trkpt lat="50.545518" lon="17.695163">
        <ele>194.299116</ele>
        <time>2025-08-24T20:19:12.038Z</time>
      </trkpt>
      <trkpt lat="50.544918" lon="17.694459">
        <ele>194.559008</ele>
        <time>2025-08-24T20:19:33.652Z</time>
      </trkpt>
      <trkpt lat="50.544800" lon="17.694242">
        <ele>194.622032</ele>
        <time>2025-08-24T20:19:39.060Z</time>
      </trkpt>
      <trkpt lat="50.543630" lon="17.696547">
        <ele>194.924568</ele>
        <time>2025-08-24T20:20:48.580Z</time>
      </trkpt>
      <trkpt lat="50.541538" lon="17.700669">
        <ele>194.957455</ele>
        <time>2025-08-24T20:22:54.153Z</time>
      </trkpt>
      <trkpt lat="50.542061" lon="17.702271">
        <ele>194.881415</ele>
        <time>2025-08-24T20:23:21.161Z</time>
      </trkpt>
      <trkpt lat="50.543746" lon="17.707495">
        <ele>196.127734</ele>
        <time>2025-08-24T20:24:58.076Z</time>
      </trkpt>
      <trkpt lat="50.544113" lon="17.708695">
        <ele>197.278818</ele>
        <time>2025-08-24T20:25:24.396Z</time>
      </trkpt>
      <trkpt lat="50.544961" lon="17.711337">
        <ele>200.780382</ele>
        <time>2025-08-24T20:26:31.461Z</time>
      </trkpt>
      <trkpt lat="50.544993" lon="17.711437">
        <ele>200.931271</ele>
        <time>2025-08-24T20:26:34.258Z</time>
      </trkpt>
      <trkpt lat="50.545465" lon="17.712923">
        <ele>202.049567</ele>
        <time>2025-08-24T20:27:11.023Z</time>
      </trkpt>
      <trkpt lat="50.547143" lon="17.718094">
        <ele>200.422159</ele>
        <time>2025-08-24T20:28:34.968Z</time>
      </trkpt>
      <trkpt lat="50.548844" lon="17.723434">
        <ele>198.506766</ele>
        <time>2025-08-24T20:30:03.543Z</time>
      </trkpt>
      <trkpt lat="50.547013" lon="17.727262">
        <ele>197.928168</ele>
        <time>2025-08-24T20:31:54.128Z</time>
      </trkpt>
      <trkpt lat="50.546455" lon="17.728405">
        <ele>198.496258</ele>
        <time>2025-08-24T20:32:29.697Z</time>
      </trkpt>
      <trkpt lat="50.546250" lon="17.728677">
        <ele>198.662570</ele>
        <time>2025-08-24T20:32:41.012Z</time>
      </trkpt>
      <trkpt lat="50.544667" lon="17.730055">
        <ele>201.103172</ele>
        <time>2025-08-24T20:34:04.658Z</time>
      </trkpt>
      <trkpt lat="50.543664" lon="17.731082">
        <ele>201.173199</ele>
        <time>2025-08-24T20:34:52.244Z</time>
      </trkpt>
      <trkpt lat="50.541384" lon="17.734025">
        <ele>197.850702</ele>
        <time>2025-08-24T20:36:30.586Z</time>
      </trkpt>
      <trkpt lat="50.539841" lon="17.732216">
        <ele>196.230667</ele>
        <time>2025-08-24T20:37:14.474Z</time>
      </trkpt>
      <trkpt lat="50.537528" lon="17.729470">
        <ele>194.921524</ele>
        <time>2025-08-24T20:38:22.794Z</time>
      </trkpt>
      <trkpt lat="50.534799" lon="17.726230">
        <ele>193.965443</ele>
        <time>2025-08-24T20:39:43.763Z</time>
      </trkpt>
      <trkpt lat="50.532065" lon="17.723048">
        <ele>195.104171</ele>
        <time>2025-08-24T20:41:13.472Z</time>
      </trkpt>
      <trkpt lat="50.530267" lon="17.720931">
        <ele>196.829957</ele>
        <time>2025-08-24T20:42:20.391Z</time>
      </trkpt>
      <trkpt lat="50.529305" lon="17.719827">
        <ele>196.812929</ele>
        <time>2025-08-24T20:42:50.788Z</time>
      </trkpt>
      <trkpt lat="50.526555" lon="17.716538">
        <ele>194.469543</ele>
        <time>2025-08-24T20:44:09.229Z</time>
      </trkpt>
      <trkpt lat="50.523815" lon="17.713336">
        <ele>191.583731</ele>
        <time>2025-08-24T20:45:26.114Z</time>
      </trkpt>
      <trkpt lat="50.521108" lon="17.710134">
        <ele>189.140082</ele>
        <time>2025-08-24T20:46:43.937Z</time>
      </trkpt>
      <trkpt lat="50.520879" lon="17.710762">
        <ele>188.790911</ele>
        <time>2025-08-24T20:46:59.737Z</time>
      </trkpt>
      <trkpt lat="50.520589" lon="17.711437">
        <ele>188.397990</ele>
        <time>2025-08-24T20:47:17.645Z</time>
      </trkpt>
      <trkpt lat="50.520167" lon="17.712871">
        <ele>187.908043</ele>
        <time>2025-08-24T20:47:53.574Z</time>
      </trkpt>
      <trkpt lat="50.519997" lon="17.713606">
        <ele>187.761498</ele>
        <time>2025-08-24T20:48:12.015Z</time>
      </trkpt>
      <trkpt lat="50.519762" lon="17.714827">
        <ele>187.602056</ele>
        <time>2025-08-24T20:48:41.290Z</time>
      </trkpt>
      <trkpt lat="50.519657" lon="17.715144">
        <ele>187.722545</ele>
        <time>2025-08-24T20:48:49.334Z</time>
      </trkpt>
      <trkpt lat="50.519047" lon="17.716889">
        <ele>188.393816</ele>
        <time>2025-08-24T20:49:37.975Z</time>
      </trkpt>
      <trkpt lat="50.518808" lon="17.717474">
        <ele>189.106589</ele>
        <time>2025-08-24T20:49:59.203Z</time>
      </trkpt>
      <trkpt lat="50.518636" lon="17.717974">
        <ele>190.039182</ele>
        <time>2025-08-24T20:50:18.070Z</time>
      </trkpt>
      <trkpt lat="50.518744" lon="17.719861">
        <ele>193.145519</ele>
        <time>2025-08-24T20:51:22.070Z</time>
      </trkpt>
      <trkpt lat="50.518689" lon="17.720268">
        <ele>193.266843</ele>
        <time>2025-08-24T20:51:34.018Z</time>
      </trkpt>
      <trkpt lat="50.518549" lon="17.720646">
        <ele>193.394397</ele>
        <time>2025-08-24T20:51:45.735Z</time>
      </trkpt>
      <trkpt lat="50.518395" lon="17.721093">
        <ele>193.542638</ele>
        <time>2025-08-24T20:51:58.369Z</time>
      </trkpt>
      <trkpt lat="50.518275" lon="17.721659">
        <ele>193.716607</ele>
        <time>2025-08-24T20:52:12.097Z</time>
      </trkpt>
      <trkpt lat="50.518157" lon="17.722405">
        <ele>193.940759</ele>
        <time>2025-08-24T20:52:29.282Z</time>
      </trkpt>
      <trkpt lat="50.518010" lon="17.723044">
        <ele>193.847620</ele>
        <time>2025-08-24T20:52:44.589Z</time>
      </trkpt>
      <trkpt lat="50.517956" lon="17.723587">
        <ele>193.731554</ele>
        <time>2025-08-24T20:52:57.210Z</time>
      </trkpt>
      <trkpt lat="50.518038" lon="17.724346">
        <ele>193.568970</ele>
        <time>2025-08-24T20:53:15.101Z</time>
      </trkpt>
      <trkpt lat="50.518045" lon="17.724849">
        <ele>193.462720</ele>
        <time>2025-08-24T20:53:26.800Z</time>
      </trkpt>
      <trkpt lat="50.518001" lon="17.725472">
        <ele>193.329458</ele>
        <time>2025-08-24T20:53:41.277Z</time>
      </trkpt>
      <trkpt lat="50.517786" lon="17.727763">
        <ele>192.830135</ele>
        <time>2025-08-24T20:54:34.112Z</time>
      </trkpt>
      <trkpt lat="50.517715" lon="17.728220">
        <ele>192.677425</ele>
        <time>2025-08-24T20:54:45.202Z</time>
      </trkpt>
      <trkpt lat="50.517569" lon="17.728537">
        <ele>192.465585</ele>
        <time>2025-08-24T20:54:54.322Z</time>
      </trkpt>
      <trkpt lat="50.517433" lon="17.728728">
        <ele>192.310390</ele>
        <time>2025-08-24T20:55:00.960Z</time>
      </trkpt>
      <trkpt lat="50.517345" lon="17.729016">
        <ele>192.137460</ele>
        <time>2025-08-24T20:55:08.306Z</time>
      </trkpt>
      <trkpt lat="50.517269" lon="17.729461">
        <ele>191.888087</ele>
        <time>2025-08-24T20:55:18.778Z</time>
      </trkpt>
      <trkpt lat="50.517066" lon="17.731363">
        <ele>190.623448</ele>
        <time>2025-08-24T20:55:59.600Z</time>
      </trkpt>
      <trkpt lat="50.517116" lon="17.731732">
        <ele>190.302851</ele>
        <time>2025-08-24T20:56:07.407Z</time>
      </trkpt>
      <trkpt lat="50.516706" lon="17.731881">
        <ele>189.740489</ele>
        <time>2025-08-24T20:56:21.310Z</time>
      </trkpt>
      <trkpt lat="50.515711" lon="17.732338">
        <ele>188.575853</ele>
        <time>2025-08-24T20:56:57.634Z</time>
      </trkpt>
      <trkpt lat="50.514659" lon="17.732367">
        <ele>187.825905</ele>
        <time>2025-08-24T20:57:35.542Z</time>
      </trkpt>
      <trkpt lat="50.514493" lon="17.732362">
        <ele>187.707564</ele>
        <time>2025-08-24T20:57:41.298Z</time>
      </trkpt>
      <trkpt lat="50.514237" lon="17.732258">
        <ele>187.480384</ele>
        <time>2025-08-24T20:57:50.294Z</time>
      </trkpt>
      <trkpt lat="50.513705" lon="17.732009">
        <ele>186.515149</ele>
        <time>2025-08-24T20:58:08.652Z</time>
      </trkpt>
      <trkpt lat="50.511112" lon="17.730578">
        <ele>182.247708</ele>
        <time>2025-08-24T20:59:38.467Z</time>
      </trkpt>
      <trkpt lat="50.510878" lon="17.730457">
        <ele>181.901023</ele>
        <time>2025-08-24T20:59:47.410Z</time>
      </trkpt>
      <trkpt lat="50.510094" lon="17.730068">
        <ele>183.103485</ele>
        <time>2025-08-24T21:00:21.672Z</time>
      </trkpt>
      <trkpt lat="50.507079" lon="17.728890">
        <ele>188.292351</ele>
        <time>2025-08-24T21:02:54.363Z</time>
      </trkpt>
      <trkpt lat="50.506360" lon="17.728619">
        <ele>187.556782</ele>
        <time>2025-08-24T21:03:19.984Z</time>
      </trkpt>
      <trkpt lat="50.505790" lon="17.728404">
        <ele>186.973623</ele>
        <time>2025-08-24T21:03:38.282Z</time>
      </trkpt>
      <trkpt lat="50.505215" lon="17.728246">
        <ele>185.986949</ele>
        <time>2025-08-24T21:03:56.234Z</time>
      </trkpt>
      <trkpt lat="50.505027" lon="17.728226">
        <ele>185.622410</ele>
        <time>2025-08-24T21:04:02.071Z</time>
      </trkpt>
      <trkpt lat="50.503273" lon="17.728405">
        <ele>183.248968</ele>
        <time>2025-08-24T21:05:01.425Z</time>
      </trkpt>
      <trkpt lat="50.501958" lon="17.728517">
        <ele>183.066517</ele>
        <time>2025-08-24T21:05:52.869Z</time>
      </trkpt>
      <trkpt lat="50.501283" lon="17.728579">
        <ele>183.172991</ele>
        <time>2025-08-24T21:06:19.372Z</time>
      </trkpt>
      <trkpt lat="50.501207" lon="17.731166">
        <ele>183.142670</ele>
        <time>2025-08-24T21:07:20.370Z</time>
      </trkpt>
      <trkpt lat="50.501180" lon="17.731389">
        <ele>183.098208</ele>
        <time>2025-08-24T21:07:25.583Z</time>
      </trkpt>
      <trkpt lat="50.501117" lon="17.731501">
        <ele>183.068924</ele>
        <time>2025-08-24T21:07:28.979Z</time>
      </trkpt>
      <trkpt lat="50.500976" lon="17.731580">
        <ele>183.022831</ele>
        <time>2025-08-24T21:07:34.352Z</time>
      </trkpt>
      <trkpt lat="50.499762" lon="17.731919">
        <ele>182.682186</ele>
        <time>2025-08-24T21:08:18.291Z</time>
      </trkpt>
      <trkpt lat="50.497996" lon="17.732552">
        <ele>181.995036</ele>
        <time>2025-08-24T21:09:25.013Z</time>
      </trkpt>
      <trkpt lat="50.497271" lon="17.732709">
        <ele>181.374384</ele>
        <time>2025-08-24T21:09:50.678Z</time>
      </trkpt>
      <trkpt lat="50.497084" lon="17.732900">
        <ele>181.185262</ele>
        <time>2025-08-24T21:09:58.135Z</time>
      </trkpt>
      <trkpt lat="50.496830" lon="17.733368">
        <ele>180.852344</ele>
        <time>2025-08-24T21:10:11.179Z</time>
      </trkpt>
      <trkpt lat="50.496437" lon="17.734298">
        <ele>180.131761</ele>
        <time>2025-08-24T21:10:34.734Z</time>
      </trkpt>
      <trkpt lat="50.498659" lon="17.736876">
        <ele>178.263637</ele>
        <time>2025-08-24T21:11:34.265Z</time>
      </trkpt>
      <trkpt lat="50.501522" lon="17.740244">
        <ele>179.091387</ele>
        <time>2025-08-24T21:13:03.228Z</time>
      </trkpt>
      <trkpt lat="50.502185" lon="17.741001">
        <ele>178.707038</ele>
        <time>2025-08-24T21:13:21.639Z</time>
      </trkpt>
      <trkpt lat="50.504827" lon="17.744126">
        <ele>176.874096</ele>
        <time>2025-08-24T21:14:30.991Z</time>
      </trkpt>
      <trkpt lat="50.507481" lon="17.747255">
        <ele>180.050952</ele>
        <time>2025-08-24T21:16:09.069Z</time>
      </trkpt>
      <trkpt lat="50.508877" lon="17.748902">
        <ele>180.598101</ele>
        <time>2025-08-24T21:16:53.153Z</time>
      </trkpt>
      <trkpt lat="50.510251" lon="17.750559">
        <ele>179.055378</ele>
        <time>2025-08-24T21:17:28.194Z</time>
      </trkpt>
      <trkpt lat="50.512998" lon="17.753812">
        <ele>179.014690</ele>
        <time>2025-08-24T21:18:46.302Z</time>
      </trkpt>
      <trkpt lat="50.515741" lon="17.757047">
        <ele>185.451268</ele>
        <time>2025-08-24T21:20:46.185Z</time>
      </trkpt>
      <trkpt lat="50.518459" lon="17.760253">
        <ele>186.535629</ele>
        <time>2025-08-24T21:22:03.746Z</time>
      </trkpt>
      <trkpt lat="50.521187" lon="17.763511">
        <ele>191.245828</ele>
        <time>2025-08-24T21:23:47.800Z</time>
      </trkpt>
      <trkpt lat="50.522736" lon="17.765382">
        <ele>193.853854</ele>
        <time>2025-08-24T21:24:54.962Z</time>
      </trkpt>
      <trkpt lat="50.517162" lon="17.772359">
        <ele>186.153077</ele>
        <time>2025-08-24T21:28:56.058Z</time>
      </trkpt>
      <trkpt lat="50.516776" lon="17.772657">
        <ele>185.647955</ele>
        <time>2025-08-24T21:29:10.059Z</time>
      </trkpt>
      <trkpt lat="50.515656" lon="17.773364">
        <ele>187.283640</ele>
        <time>2025-08-24T21:29:54.662Z</time>
      </trkpt>
      <trkpt lat="50.513662" lon="17.774550">
        <ele>193.835747</ele>
        <time>2025-08-24T21:31:32.824Z</time>
      </trkpt>
      <trkpt lat="50.513331" lon="17.774674">
        <ele>195.126108</ele>
        <time>2025-08-24T21:31:46.791Z</time>
      </trkpt>
      <trkpt lat="50.512730" lon="17.774665">
        <ele>194.694036</ele>
        <time>2025-08-24T21:32:04.233Z</time>
      </trkpt>
      <trkpt lat="50.511564" lon="17.774542">
        <ele>192.586452</ele>
        <time>2025-08-24T21:32:25.198Z</time>
      </trkpt>
      <trkpt lat="50.510810" lon="17.774480">
        <ele>190.950212</ele>
        <time>2025-08-24T21:32:38.108Z</time>
      </trkpt>
      <trkpt lat="50.510224" lon="17.774488">
        <ele>189.629369</ele>
        <time>2025-08-24T21:32:49.115Z</time>
      </trkpt>
      <trkpt lat="50.510021" lon="17.774540">
        <ele>189.165794</ele>
        <time>2025-08-24T21:32:53.313Z</time>
      </trkpt>
      <trkpt lat="50.509539" lon="17.774773">
        <ele>188.254490</ele>
        <time>2025-08-24T21:33:04.497Z</time>
      </trkpt>
      <trkpt lat="50.508525" lon="17.775286">
        <ele>188.099097</ele>
        <time>2025-08-24T21:33:31.163Z</time>
      </trkpt>
      <trkpt lat="50.506442" lon="17.776340">
        <ele>186.743362</ele>
        <time>2025-08-24T21:34:18.457Z</time>
      </trkpt>
      <trkpt lat="50.505875" lon="17.776663">
        <ele>186.323411</ele>
        <time>2025-08-24T21:34:30.083Z</time>
      </trkpt>
      <trkpt lat="50.504984" lon="17.777086">
        <ele>185.743563</ele>
        <time>2025-08-24T21:34:48.914Z</time>
      </trkpt>
      <trkpt lat="50.501432" lon="17.778526">
        <ele>188.797646</ele>
        <time>2025-08-24T21:36:36.049Z</time>
      </trkpt>
      <trkpt lat="50.500572" lon="17.778954">
        <ele>189.092549</ele>
        <time>2025-08-24T21:37:10.843Z</time>
      </trkpt>
      <trkpt lat="50.497882" lon="17.780354">
        <ele>188.284204</ele>
        <time>2025-08-24T21:38:52.073Z</time>
      </trkpt>
      <trkpt lat="50.496835" lon="17.780857">
        <ele>188.826806</ele>
        <time>2025-08-24T21:39:33.487Z</time>
      </trkpt>
      <trkpt lat="50.496589" lon="17.781013">
        <ele>189.038798</ele>
        <time>2025-08-24T21:39:44.744Z</time>
      </trkpt>
      <trkpt lat="50.494874" lon="17.782500">
        <ele>190.393452</ele>
        <time>2025-08-24T21:41:12.358Z</time>
      </trkpt>
      <trkpt lat="50.492999" lon="17.784123">
        <ele>189.404136</ele>
        <time>2025-08-24T21:42:25.360Z</time>
      </trkpt>
      <trkpt lat="50.492998" lon="17.784175">
        <ele>189.375708</ele>
        <time>2025-08-24T21:42:26.067Z</time>
      </trkpt>
      <trkpt lat="50.493073" lon="17.788448">
        <ele>189.470900</ele>
        <time>2025-08-24T21:43:31.888Z</time>
      </trkpt>
      <trkpt lat="50.493120" lon="17.789203">
        <ele>189.540119</ele>
        <time>2025-08-24T21:43:43.122Z</time>
      </trkpt>
      <trkpt lat="50.493107" lon="17.789538">
        <ele>189.570743</ele>
        <time>2025-08-24T21:43:48.059Z</time>
      </trkpt>
      <trkpt lat="50.493043" lon="17.789752">
        <ele>189.592319</ele>
        <time>2025-08-24T21:43:51.403Z</time>
      </trkpt>
      <trkpt lat="50.492555" lon="17.790559">
        <ele>189.819606</ele>
        <time>2025-08-24T21:44:07.668Z</time>
      </trkpt>
      <trkpt lat="50.492417" lon="17.790849">
        <ele>189.912905</ele>
        <time>2025-08-24T21:44:13.428Z</time>
      </trkpt>
      <trkpt lat="50.492264" lon="17.791481">
        <ele>190.087113</ele>
        <time>2025-08-24T21:44:24.282Z</time>
      </trkpt>
      <trkpt lat="50.492125" lon="17.792193">
        <ele>190.278984</ele>
        <time>2025-08-24T21:44:36.108Z</time>
      </trkpt>
      <trkpt lat="50.492076" lon="17.792374">
        <ele>190.329660</ele>
        <time>2025-08-24T21:44:39.211Z</time>
      </trkpt>
      <trkpt lat="50.491938" lon="17.792701">
        <ele>190.414814</ele>
        <time>2025-08-24T21:44:45.362Z</time>
      </trkpt>
      <trkpt lat="50.491510" lon="17.793648">
        <ele>190.652459</ele>
        <time>2025-08-24T21:45:03.005Z</time>
      </trkpt>
      <trkpt lat="50.491104" lon="17.794758">
        <ele>190.914396</ele>
        <time>2025-08-24T21:45:21.902Z</time>
      </trkpt>
      <trkpt lat="50.490821" lon="17.795488">
        <ele>191.026821</ele>
        <time>2025-08-24T21:45:35.101Z</time>
      </trkpt>
      <trkpt lat="50.490762" lon="17.795641">
        <ele>191.048912</ele>
        <time>2025-08-24T21:45:37.814Z</time>
      </trkpt>
      <trkpt lat="50.490425" lon="17.796241">
        <ele>191.147739</ele>
        <time>2025-08-24T21:45:49.701Z</time>
      </trkpt>
      <trkpt lat="50.490290" lon="17.796411">
        <ele>191.181312</ele>
        <time>2025-08-24T21:45:53.657Z</time>
      </trkpt>
      <trkpt lat="50.489770" lon="17.797649">
        <ele>191.458352</ele>
        <time>2025-08-24T21:46:28.753Z</time>
      </trkpt>
      <trkpt lat="50.489401" lon="17.798428">
        <ele>191.712803</ele>
        <time>2025-08-24T21:46:51.530Z</time>
      </trkpt>
      <trkpt lat="50.489352" lon="17.798666">
        <ele>191.778342</ele>
        <time>2025-08-24T21:46:57.635Z</time>
      </trkpt>
      <trkpt lat="50.489369" lon="17.798776">
        <ele>191.808000</ele>
        <time>2025-08-24T21:47:00.458Z</time>
      </trkpt>
      <trkpt lat="50.490047" lon="17.799209">
        <ele>192.425694</ele>
        <time>2025-08-24T21:47:25.682Z</time>
      </trkpt>
      <trkpt lat="50.490214" lon="17.799278">
        <ele>192.752782</ele>
        <time>2025-08-24T21:47:33.672Z</time>
      </trkpt>
      <trkpt lat="50.490611" lon="17.799539">
        <ele>193.567934</ele>
        <time>2025-08-24T21:47:54.082Z</time>
      </trkpt>
      <trkpt lat="50.491203" lon="17.800072">
        <ele>194.860271</ele>
        <time>2025-08-24T21:48:27.281Z</time>
      </trkpt>
      <trkpt lat="50.492266" lon="17.801130">
        <ele>197.025313</ele>
        <time>2025-08-24T21:49:25.902Z</time>
      </trkpt>
      <trkpt lat="50.493448" lon="17.802565">
        <ele>199.256469</ele>
        <time>2025-08-24T21:50:31.578Z</time>
      </trkpt>
      <trkpt lat="50.494030" lon="17.803221">
        <ele>200.167313</ele>
        <time>2025-08-24T21:51:03.132Z</time>
      </trkpt>
      <trkpt lat="50.494375" lon="17.803514">
        <ele>200.666046</ele>
        <time>2025-08-24T21:51:20.127Z</time>
      </trkpt>
      <trkpt lat="50.495539" lon="17.805211">
        <ele>201.724687</ele>
        <time>2025-08-24T21:52:24.913Z</time>
      </trkpt>
      <trkpt lat="50.496609" lon="17.806888">
        <ele>201.642483</ele>
        <time>2025-08-24T21:53:20.583Z</time>
      </trkpt>
      <trkpt lat="50.496873" lon="17.807381">
        <ele>201.563174</ele>
        <time>2025-08-24T21:53:35.293Z</time>
      </trkpt>
      <trkpt lat="50.497124" lon="17.807919">
        <ele>201.159981</ele>
        <time>2025-08-24T21:53:50.239Z</time>
      </trkpt>
      <trkpt lat="50.497315" lon="17.808427">
        <ele>200.683179</ele>
        <time>2025-08-24T21:54:03.230Z</time>
      </trkpt>
      <trkpt lat="50.497797" lon="17.809840">
        <ele>199.387686</ele>
        <time>2025-08-24T21:54:37.211Z</time>
      </trkpt>
      <trkpt lat="50.498828" lon="17.812115">
        <ele>196.485745</ele>
        <time>2025-08-24T21:55:35.430Z</time>
      </trkpt>
      <trkpt lat="50.498928" lon="17.812363">
        <ele>196.268689</ele>
        <time>2025-08-24T21:55:41.859Z</time>
      </trkpt>
      <trkpt lat="50.499133" lon="17.812760">
        <ele>196.231778</ele>
        <time>2025-08-24T21:55:53.257Z</time>
      </trkpt>
      <trkpt lat="50.499375" lon="17.813142">
        <ele>196.192862</ele>
        <time>2025-08-24T21:56:05.663Z</time>
      </trkpt>
      <trkpt lat="50.500013" lon="17.813809">
        <ele>196.105915</ele>
        <time>2025-08-24T21:56:35.229Z</time>
      </trkpt>
      <trkpt lat="50.500987" lon="17.814778">
        <ele>196.435356</ele>
        <time>2025-08-24T21:57:21.310Z</time>
      </trkpt>
      <trkpt lat="50.501204" lon="17.814974">
        <ele>196.542753</ele>
        <time>2025-08-24T21:57:31.364Z</time>
      </trkpt>
      <trkpt lat="50.501512" lon="17.815179">
        <ele>196.686285</ele>
        <time>2025-08-24T21:57:44.613Z</time>
      </trkpt>
      <trkpt lat="50.501711" lon="17.815412">
        <ele>196.792763</ele>
        <time>2025-08-24T21:57:54.163Z</time>
      </trkpt>
      <trkpt lat="50.501974" lon="17.815814">
        <ele>196.755420</ele>
        <time>2025-08-24T21:58:07.963Z</time>
      </trkpt>
      <trkpt lat="50.502249" lon="17.816171">
        <ele>196.629750</ele>
        <time>2025-08-24T21:58:21.141Z</time>
      </trkpt>
      <trkpt lat="50.503228" lon="17.816872">
        <ele>196.250674</ele>
        <time>2025-08-24T21:58:59.574Z</time>
      </trkpt>
      <trkpt lat="50.503509" lon="17.817147">
        <ele>195.978173</ele>
        <time>2025-08-24T21:59:11.038Z</time>
      </trkpt>
      <trkpt lat="50.503847" lon="17.817565">
        <ele>195.513319</ele>
        <time>2025-08-24T21:59:25.812Z</time>
      </trkpt>
      <trkpt lat="50.504352" lon="17.818151">
        <ele>194.834848</ele>
        <time>2025-08-24T21:59:47.093Z</time>
      </trkpt>
      <trkpt lat="50.505593" lon="17.819443">
        <ele>193.465357</ele>
        <time>2025-08-24T22:00:37.735Z</time>
      </trkpt>
      <trkpt lat="50.505801" lon="17.819627">
        <ele>193.266810</ele>
        <time>2025-08-24T22:00:46.161Z</time>
      </trkpt>
      <trkpt lat="50.506782" lon="17.820298">
        <ele>192.819657</ele>
        <time>2025-08-24T22:01:24.951Z</time>
      </trkpt>
      <trkpt lat="50.507381" lon="17.820649">
        <ele>192.888662</ele>
        <time>2025-08-24T22:01:49.189Z</time>
      </trkpt>
      <trkpt lat="50.507539" lon="17.820797">
        <ele>192.908515</ele>
        <time>2025-08-24T22:01:56.187Z</time>
      </trkpt>
      <trkpt lat="50.508379" lon="17.822092">
        <ele>193.128497</ele>
        <time>2025-08-24T22:02:41.768Z</time>
      </trkpt>
      <trkpt lat="50.508379" lon="17.822093">
        <ele>193.128653</ele>
        <time>2025-08-24T22:02:41.790Z</time>
      </trkpt>
      <trkpt lat="50.508503" lon="17.822218">
        <ele>193.164934</ele>
        <time>2025-08-24T22:02:47.513Z</time>
      </trkpt>
      <trkpt lat="50.509681" lon="17.823119">
        <ele>193.430578</ele>
        <time>2025-08-24T22:03:37.487Z</time>
      </trkpt>
      <trkpt lat="50.507441" lon="17.827783">
        <ele>193.755490</ele>
        <time>2025-08-24T22:05:03.966Z</time>
      </trkpt>
      <trkpt lat="50.505486" lon="17.831783">
        <ele>195.426525</ele>
        <time>2025-08-24T22:06:30.391Z</time>
      </trkpt>
      <trkpt lat="50.504850" lon="17.833110">
        <ele>197.376660</ele>
        <time>2025-08-24T22:07:08.119Z</time>
      </trkpt>
      <trkpt lat="50.504348" lon="17.834157">
        <ele>198.736637</ele>
        <time>2025-08-24T22:07:38.896Z</time>
      </trkpt>
      <trkpt lat="50.503109" lon="17.836710">
        <ele>199.355077</ele>
        <time>2025-08-24T22:08:33.867Z</time>
      </trkpt>
      <trkpt lat="50.505273" lon="17.839288">
        <ele>196.429602</ele>
        <time>2025-08-24T22:10:02.745Z</time>
      </trkpt>
      <trkpt lat="50.507502" lon="17.841929">
        <ele>199.132177</ele>
        <time>2025-08-24T22:12:07.397Z</time>
      </trkpt>
      <trkpt lat="50.510370" lon="17.845332">
        <ele>202.192088</ele>
        <time>2025-08-24T22:14:36.486Z</time>
      </trkpt>
      <trkpt lat="50.513317" lon="17.848828">
        <ele>202.430868</ele>
        <time>2025-08-24T22:16:54.687Z</time>
      </trkpt>
      <trkpt lat="50.514765" lon="17.850525">
        <ele>200.748749</ele>
        <time>2025-08-24T22:17:57.890Z</time>
      </trkpt>
      <trkpt lat="50.516242" lon="17.852170">
        <ele>198.161943</ele>
        <time>2025-08-24T22:18:55.710Z</time>
      </trkpt>
      <trkpt lat="50.517040" lon="17.853110">
        <ele>197.428927</ele>
        <time>2025-08-24T22:19:32.118Z</time>
      </trkpt>
      <trkpt lat="50.517679" lon="17.853831">
        <ele>197.580181</ele>
        <time>2025-08-24T22:20:04.846Z</time>
      </trkpt>
      <trkpt lat="50.519156" lon="17.855500">
        <ele>198.226031</ele>
        <time>2025-08-24T22:21:16.045Z</time>
      </trkpt>
      <trkpt lat="50.520297" lon="17.856794">
        <ele>198.301100</ele>
        <time>2025-08-24T22:22:08.213Z</time>
      </trkpt>
      <trkpt lat="50.520879" lon="17.857453">
        <ele>198.100686</ele>
        <time>2025-08-24T22:22:34.166Z</time>
      </trkpt>
      <trkpt lat="50.522113" lon="17.858861">
        <ele>197.524738</ele>
        <time>2025-08-24T22:23:28.941Z</time>
      </trkpt>
      <trkpt lat="50.522720" lon="17.859554">
        <ele>197.147900</ele>
        <time>2025-08-24T22:23:55.742Z</time>
      </trkpt>
      <trkpt lat="50.523499" lon="17.860449">
        <ele>196.598714</ele>
        <time>2025-08-24T22:24:29.891Z</time>
      </trkpt>
      <trkpt lat="50.524906" lon="17.862033">
        <ele>195.772860</ele>
        <time>2025-08-24T22:25:30.960Z</time>
      </trkpt>
      <trkpt lat="50.522887" lon="17.862307">
        <ele>195.629232</ele>
        <time>2025-08-24T22:26:21.418Z</time>
      </trkpt>
      <trkpt lat="50.521193" lon="17.862537">
        <ele>195.730993</ele>
        <time>2025-08-24T22:27:04.232Z</time>
      </trkpt>
      <trkpt lat="50.515500" lon="17.863311">
        <ele>195.891365</ele>
        <time>2025-08-24T22:29:25.854Z</time>
      </trkpt>
      <trkpt lat="50.514817" lon="17.863403">
        <ele>195.956080</ele>
        <time>2025-08-24T22:29:44.279Z</time>
      </trkpt>
      <trkpt lat="50.511874" lon="17.863816">
        <ele>195.606562</ele>
        <time>2025-08-24T22:31:32.068Z</time>
      </trkpt>
      <trkpt lat="50.510558" lon="17.863957">
        <ele>195.808431</ele>
        <time>2025-08-24T22:32:20.946Z</time>
      </trkpt>
      <trkpt lat="50.508220" lon="17.864200">
        <ele>197.723678</ele>
        <time>2025-08-24T22:33:56.398Z</time>
      </trkpt>
      <trkpt lat="50.506093" lon="17.864397">
        <ele>201.154891</ele>
        <time>2025-08-24T22:35:33.970Z</time>
      </trkpt>
      <trkpt lat="50.505856" lon="17.864381">
        <ele>201.591520</ele>
        <time>2025-08-24T22:35:45.641Z</time>
      </trkpt>
      <trkpt lat="50.505624" lon="17.864277">
        <ele>202.008624</ele>
        <time>2025-08-24T22:35:57.407Z</time>
      </trkpt>
      <trkpt lat="50.505315" lon="17.864022">
        <ele>202.543513</ele>
        <time>2025-08-24T22:36:14.305Z</time>
      </trkpt>
      <trkpt lat="50.503890" lon="17.862471">
        <ele>204.801557</ele>
        <time>2025-08-24T22:37:29.987Z</time>
      </trkpt>
      <trkpt lat="50.503754" lon="17.862364">
        <ele>204.871324</ele>
        <time>2025-08-24T22:37:35.988Z</time>
      </trkpt>
      <trkpt lat="50.503559" lon="17.862272">
        <ele>204.964724</ele>
        <time>2025-08-24T22:37:43.954Z</time>
      </trkpt>
      <trkpt lat="50.502475" lon="17.861978">
        <ele>205.457209</ele>
        <time>2025-08-24T22:38:25.494Z</time>
      </trkpt>
      <trkpt lat="50.499698" lon="17.861224">
        <ele>205.759418</ele>
        <time>2025-08-24T22:40:10.188Z</time>
      </trkpt>
      <trkpt lat="50.499426" lon="17.861172">
        <ele>205.827281</ele>
        <time>2025-08-24T22:40:21.065Z</time>
      </trkpt>
      <trkpt lat="50.498353" lon="17.861082">
        <ele>206.006381</ele>
        <time>2025-08-24T22:41:04.187Z</time>
      </trkpt>
      <trkpt lat="50.496531" lon="17.860982">
        <ele>205.325500</ele>
        <time>2025-08-24T22:42:11.036Z</time>
      </trkpt>
      <trkpt lat="50.494940" lon="17.860867">
        <ele>203.042472</ele>
        <time>2025-08-24T22:43:03.003Z</time>
      </trkpt>
      <trkpt lat="50.493948" lon="17.860795">
        <ele>201.221509</ele>
        <time>2025-08-24T22:43:35.365Z</time>
      </trkpt>
      <trkpt lat="50.493741" lon="17.860731">
        <ele>200.834662</ele>
        <time>2025-08-24T22:43:42.297Z</time>
      </trkpt>
      <trkpt lat="50.492027" lon="17.859718">
        <ele>198.565262</ele>
        <time>2025-08-24T22:44:44.041Z</time>
      </trkpt>
      <trkpt lat="50.490335" lon="17.863194">
        <ele>197.483400</ele>
        <time>2025-08-24T22:45:48.084Z</time>
      </trkpt>
      <trkpt lat="50.489559" lon="17.862688">
        <ele>196.907218</ele>
        <time>2025-08-24T22:46:16.767Z</time>
      </trkpt>
      <trkpt lat="50.489301" lon="17.862591">
        <ele>196.696737</ele>
        <time>2025-08-24T22:46:25.653Z</time>
      </trkpt>
      <trkpt lat="50.488874" lon="17.862561">
        <ele>196.320202</ele>
        <time>2025-08-24T22:46:39.948Z</time>
      </trkpt>
      <trkpt lat="50.485391" lon="17.863649">
        <ele>194.248761</ele>
        <time>2025-08-24T22:48:45.559Z</time>
      </trkpt>
      <trkpt lat="50.484194" lon="17.864054">
        <ele>194.410955</ele>
        <time>2025-08-24T22:49:35.527Z</time>
      </trkpt>
      <trkpt lat="50.481467" lon="17.864890">
        <ele>192.961205</ele>
        <time>2025-08-24T22:51:14.375Z</time>
      </trkpt>
      <trkpt lat="50.479357" lon="17.865510">
        <ele>190.937444</ele>
        <time>2025-08-24T22:52:28.015Z</time>
      </trkpt>
      <trkpt lat="50.477045" lon="17.866204">
        <ele>188.424563</ele>
        <time>2025-08-24T22:53:49.361Z</time>
      </trkpt>
      <trkpt lat="50.474929" lon="17.866842">
        <ele>185.238602</ele>
        <time>2025-08-24T22:55:00.540Z</time>
      </trkpt>
      <trkpt lat="50.472671" lon="17.867485">
        <ele>182.730121</ele>
        <time>2025-08-24T22:56:20.856Z</time>
      </trkpt>
      <trkpt lat="50.468124" lon="17.868923">
        <ele>177.391926</ele>
        <time>2025-08-24T22:58:57.450Z</time>
      </trkpt>
      <trkpt lat="50.468447" lon="17.871643">
        <ele>177.943521</ele>
        <time>2025-08-24T23:00:06.378Z</time>
      </trkpt>
      <trkpt lat="50.468566" lon="17.872571">
        <ele>178.908405</ele>
        <time>2025-08-24T23:00:33.224Z</time>
      </trkpt>
      <trkpt lat="50.468998" lon="17.875927">
        <ele>183.000344</ele>
        <time>2025-08-24T23:02:14.839Z</time>
      </trkpt>
      <trkpt lat="50.469102" lon="17.876738">
        <ele>184.137740</ele>
        <time>2025-08-24T23:02:40.992Z</time>
      </trkpt>
      <trkpt lat="50.469170" lon="17.877272">
        <ele>184.921822</ele>
        <time>2025-08-24T23:02:58.532Z</time>
      </trkpt>
      <trkpt lat="50.469524" lon="17.880026">
        <ele>189.052834</ele>
        <time>2025-08-24T23:04:26.689Z</time>
      </trkpt>
      <trkpt lat="50.469899" lon="17.882942">
        <ele>191.275822</ele>
        <time>2025-08-24T23:05:49.081Z</time>
      </trkpt>
      <trkpt lat="50.470198" lon="17.885282">
        <ele>191.139616</ele>
        <time>2025-08-24T23:06:43.720Z</time>
      </trkpt>
      <trkpt lat="50.470568" lon="17.888170">
        <ele>190.294808</ele>
        <time>2025-08-24T23:07:50.260Z</time>
      </trkpt>
      <trkpt lat="50.470799" lon="17.889912">
        <ele>190.838362</ele>
        <time>2025-08-24T23:08:33.348Z</time>
      </trkpt>
      <trkpt lat="50.471219" lon="17.893118">
        <ele>192.630240</ele>
        <time>2025-08-24T23:10:03.593Z</time>
      </trkpt>
      <trkpt lat="50.471149" lon="17.893958">
        <ele>192.985916</ele>
        <time>2025-08-24T23:10:24.825Z</time>
      </trkpt>
      <trkpt lat="50.471104" lon="17.894240">
        <ele>192.984716</ele>
        <time>2025-08-24T23:10:31.829Z</time>
      </trkpt>
      <trkpt lat="50.470790" lon="17.898191">
        <ele>192.295992</ele>
        <time>2025-08-24T23:12:04.463Z</time>
      </trkpt>
      <trkpt lat="50.472678" lon="17.898269">
        <ele>190.695636</ele>
        <time>2025-08-24T23:12:42.652Z</time>
      </trkpt>
      <trkpt lat="50.476560" lon="17.898488">
        <ele>188.913285</ele>
        <time>2025-08-24T23:14:08.942Z</time>
      </trkpt>
      <trkpt lat="50.480921" lon="17.898691">
        <ele>187.668280</ele>
        <time>2025-08-24T23:15:46.061Z</time>
      </trkpt>
      <trkpt lat="50.480965" lon="17.898815">
        <ele>187.669139</ele>
        <time>2025-08-24T23:15:49.409Z</time>
      </trkpt>
      <trkpt lat="50.480987" lon="17.899008">
        <ele>187.670325</ele>
        <time>2025-08-24T23:15:54.003Z</time>
      </trkpt>
      <trkpt lat="50.480981" lon="17.899296">
        <ele>187.672069</ele>
        <time>2025-08-24T23:16:00.823Z</time>
      </trkpt>
      <trkpt lat="50.480826" lon="17.900584">
        <ele>187.680002</ele>
        <time>2025-08-24T23:16:32.421Z</time>
      </trkpt>
      <trkpt lat="50.480686" lon="17.901284">
        <ele>187.759093</ele>
        <time>2025-08-24T23:16:50.300Z</time>
      </trkpt>
      <trkpt lat="50.479150" lon="17.906538">
        <ele>188.531152</ele>
        <time>2025-08-24T23:19:10.118Z</time>
      </trkpt>
      <trkpt lat="50.479142" lon="17.906665">
        <ele>188.553084</ele>
        <time>2025-08-24T23:19:13.247Z</time>
      </trkpt>
      <trkpt lat="50.479190" lon="17.906803">
        <ele>188.580110</ele>
        <time>2025-08-24T23:19:15.570Z</time>
      </trkpt>
      <trkpt lat="50.480811" lon="17.907923">
        <ele>189.158521</ele>
        <time>2025-08-24T23:19:59.718Z</time>
      </trkpt>
      <trkpt lat="50.481100" lon="17.908174">
        <ele>189.303550</ele>
        <time>2025-08-24T23:20:07.887Z</time>
      </trkpt>
      <trkpt lat="50.481678" lon="17.908176">
        <ele>189.557419</ele>
        <time>2025-08-24T23:20:22.432Z</time>
      </trkpt>
      <trkpt lat="50.482019" lon="17.908245">
        <ele>189.731764</ele>
        <time>2025-08-24T23:20:31.265Z</time>
      </trkpt>
      <trkpt lat="50.484294" lon="17.909549">
        <ele>191.629579</ele>
        <time>2025-08-24T23:21:39.573Z</time>
      </trkpt>
      <trkpt lat="50.484464" lon="17.909674">
        <ele>191.695539</ele>
        <time>2025-08-24T23:21:44.342Z</time>
      </trkpt>
      <trkpt lat="50.484659" lon="17.909855">
        <ele>191.775129</ele>
        <time>2025-08-24T23:21:49.860Z</time>
      </trkpt>
      <trkpt lat="50.485056" lon="17.910367">
        <ele>191.955611</ele>
        <time>2025-08-24T23:22:01.594Z</time>
      </trkpt>
      <trkpt lat="50.485695" lon="17.911736">
        <ele>191.841060</ele>
        <time>2025-08-24T23:22:25.594Z</time>
      </trkpt>
      <trkpt lat="50.485859" lon="17.912045">
        <ele>191.786945</ele>
        <time>2025-08-24T23:22:31.272Z</time>
      </trkpt>
      <trkpt lat="50.486041" lon="17.912299">
        <ele>191.735500</ele>
        <time>2025-08-24T23:22:36.738Z</time>
      </trkpt>
      <trkpt lat="50.486267" lon="17.912525">
        <ele>191.678883</ele>
        <time>2025-08-24T23:22:42.819Z</time>
      </trkpt>
      <trkpt lat="50.486299" lon="17.912463">
        <ele>191.668147</ele>
        <time>2025-08-24T23:22:43.992Z</time>
      </trkpt>
      <trkpt lat="50.487126" lon="17.910790">
        <ele>191.709394</ele>
        <time>2025-08-24T23:23:34.562Z</time>
      </trkpt>
      <trkpt lat="50.487499" lon="17.909968">
        <ele>191.736412</ele>
        <time>2025-08-24T23:23:58.796Z</time>
      </trkpt>
      <trkpt lat="50.488348" lon="17.907874">
        <ele>191.720279</ele>
        <time>2025-08-24T23:24:56.813Z</time>
      </trkpt>
      <trkpt lat="50.489607" lon="17.905233">
        <ele>192.419032</ele>
        <time>2025-08-24T23:26:18.062Z</time>
      </trkpt>
      <trkpt lat="50.489955" lon="17.904547">
        <ele>192.803080</ele>
        <time>2025-08-24T23:26:41.072Z</time>
      </trkpt>
      <trkpt lat="50.490585" lon="17.903653">
        <ele>193.387040</ele>
        <time>2025-08-24T23:27:16.455Z</time>
      </trkpt>
      <trkpt lat="50.491434" lon="17.902574">
        <ele>193.642079</ele>
        <time>2025-08-24T23:27:59.098Z</time>
      </trkpt>
      <trkpt lat="50.492402" lon="17.901256">
        <ele>193.820051</ele>
        <time>2025-08-24T23:28:45.633Z</time>
      </trkpt>
      <trkpt lat="50.493260" lon="17.900326">
        <ele>194.020134</ele>
        <time>2025-08-24T23:29:25.198Z</time>
      </trkpt>
      <trkpt lat="50.493930" lon="17.899846">
        <ele>194.225295</ele>
        <time>2025-08-24T23:29:54.847Z</time>
      </trkpt>
      <trkpt lat="50.494378" lon="17.899424">
        <ele>194.425505</ele>
        <time>2025-08-24T23:30:15.674Z</time>
      </trkpt>
      <trkpt lat="50.495040" lon="17.899030">
        <ele>194.696856</ele>
        <time>2025-08-24T23:30:43.119Z</time>
      </trkpt>
      <trkpt lat="50.496570" lon="17.898043">
        <ele>194.881384</ele>
        <time>2025-08-24T23:31:44.928Z</time>
      </trkpt>
      <trkpt lat="50.497247" lon="17.897682">
        <ele>194.662466</ele>
        <time>2025-08-24T23:32:11.529Z</time>
      </trkpt>
      <trkpt lat="50.497553" lon="17.897495">
        <ele>194.423138</ele>
        <time>2025-08-24T23:32:23.614Z</time>
      </trkpt>
      <trkpt lat="50.499603" lon="17.896865">
        <ele>191.247021</ele>
        <time>2025-08-24T23:33:35.024Z</time>
      </trkpt>
      <trkpt lat="50.500199" lon="17.896847">
        <ele>189.778729</ele>
        <time>2025-08-24T23:33:52.782Z</time>
      </trkpt>
      <trkpt lat="50.500745" lon="17.896939">
        <ele>188.582378</ele>
        <time>2025-08-24T23:34:08.990Z</time>
      </trkpt>
      <trkpt lat="50.501189" lon="17.897088">
        <ele>187.700484</ele>
        <time>2025-08-24T23:34:22.840Z</time>
      </trkpt>
      <trkpt lat="50.501220" lon="17.898142">
        <ele>186.396831</ele>
        <time>2025-08-24T23:34:45.191Z</time>
      </trkpt>
      <trkpt lat="50.501246" lon="17.899019">
        <ele>185.818967</ele>
        <time>2025-08-24T23:35:07.239Z</time>
      </trkpt>
      <trkpt lat="50.501256" lon="17.899348">
        <ele>185.986135</ele>
        <time>2025-08-24T23:35:16.311Z</time>
      </trkpt>
      <trkpt lat="50.501491" lon="17.900875">
        <ele>186.783493</ele>
        <time>2025-08-24T23:35:59.221Z</time>
      </trkpt>
      <trkpt lat="50.501672" lon="17.901748">
        <ele>187.106566</ele>
        <time>2025-08-24T23:36:23.043Z</time>
      </trkpt>
      <trkpt lat="50.501952" lon="17.903297">
        <ele>187.106586</ele>
        <time>2025-08-24T23:37:01.000Z</time>
      </trkpt>
      <trkpt lat="50.502085" lon="17.903689">
        <ele>187.106592</ele>
        <time>2025-08-24T23:37:11.225Z</time>
      </trkpt>
      <trkpt lat="50.502372" lon="17.904032">
        <ele>187.097342</ele>
        <time>2025-08-24T23:37:24.204Z</time>
      </trkpt>
      <trkpt lat="50.503192" lon="17.904859">
        <ele>186.908941</ele>
        <time>2025-08-24T23:37:58.853Z</time>
      </trkpt>
      <trkpt lat="50.503277" lon="17.905004">
        <ele>186.884686</ele>
        <time>2025-08-24T23:38:03.459Z</time>
      </trkpt>
      <trkpt lat="50.503478" lon="17.905497">
        <ele>186.812658</ele>
        <time>2025-08-24T23:38:17.312Z</time>
      </trkpt>
      <trkpt lat="50.503888" lon="17.906887">
        <ele>186.703772</ele>
        <time>2025-08-24T23:38:55.311Z</time>
      </trkpt>
      <trkpt lat="50.504086" lon="17.907404">
        <ele>186.673439</ele>
        <time>2025-08-24T23:39:10.404Z</time>
      </trkpt>
      <trkpt lat="50.504229" lon="17.907686">
        <ele>186.655311</ele>
        <time>2025-08-24T23:39:19.069Z</time>
      </trkpt>
      <trkpt lat="50.504925" lon="17.908747">
        <ele>185.642266</ele>
        <time>2025-08-24T23:39:52.647Z</time>
      </trkpt>
      <trkpt lat="50.505068" lon="17.909035">
        <ele>185.170391</ele>
        <time>2025-08-24T23:40:00.110Z</time>
      </trkpt>
      <trkpt lat="50.505112" lon="17.909182">
        <ele>184.960568</ele>
        <time>2025-08-24T23:40:03.429Z</time>
      </trkpt>
      <trkpt lat="50.505334" lon="17.910232">
        <ele>183.531540</ele>
        <time>2025-08-24T23:40:25.530Z</time>
      </trkpt>
      <trkpt lat="50.505547" lon="17.911327">
        <ele>181.912143</ele>
        <time>2025-08-24T23:40:48.623Z</time>
      </trkpt>
      <trkpt lat="50.505698" lon="17.911845">
        <ele>181.062763</ele>
        <time>2025-08-24T23:41:00.455Z</time>
      </trkpt>
      <trkpt lat="50.505816" lon="17.912103">
        <ele>180.589069</ele>
        <time>2025-08-24T23:41:07.067Z</time>
      </trkpt>
      <trkpt lat="50.506208" lon="17.912817">
        <ele>179.183081</ele>
        <time>2025-08-24T23:41:26.598Z</time>
      </trkpt>
      <trkpt lat="50.507823" lon="17.915195">
        <ele>173.027966</ele>
        <time>2025-08-24T23:42:34.797Z</time>
      </trkpt>
      <trkpt lat="50.507961" lon="17.915567">
        <ele>172.628888</ele>
        <time>2025-08-24T23:42:43.549Z</time>
      </trkpt>
      <trkpt lat="50.508114" lon="17.916121">
        <ele>172.069202</ele>
        <time>2025-08-24T23:42:56.176Z</time>
      </trkpt>
      <trkpt lat="50.508133" lon="17.916313">
        <ele>171.889142</ele>
        <time>2025-08-24T23:43:00.356Z</time>
      </trkpt>
      <trkpt lat="50.508118" lon="17.916466">
        <ele>171.745688</ele>
        <time>2025-08-24T23:43:03.691Z</time>
      </trkpt>
      <trkpt lat="50.509643" lon="17.914392">
        <ele>170.632984</ele>
        <time>2025-08-24T23:44:17.013Z</time>
      </trkpt>
      <trkpt lat="50.510049" lon="17.913498">
        <ele>170.908836</ele>
        <time>2025-08-24T23:44:43.491Z</time>
      </trkpt>
      <trkpt lat="50.510183" lon="17.913100">
        <ele>171.306413</ele>
        <time>2025-08-24T23:44:54.683Z</time>
      </trkpt>
      <trkpt lat="50.510500" lon="17.911095">
        <ele>173.165828</ele>
        <time>2025-08-24T23:45:54.343Z</time>
      </trkpt>
      <trkpt lat="50.510581" lon="17.910068">
        <ele>174.916758</ele>
        <time>2025-08-24T23:46:28.942Z</time>
      </trkpt>
      <trkpt lat="50.510735" lon="17.909639">
        <ele>175.750253</ele>
        <time>2025-08-24T23:46:45.474Z</time>
      </trkpt>
      <trkpt lat="50.511178" lon="17.908850">
        <ele>177.531031</ele>
        <time>2025-08-24T23:47:19.546Z</time>
      </trkpt>
      <trkpt lat="50.511311" lon="17.908753">
        <ele>177.909547</ele>
        <time>2025-08-24T23:47:26.655Z</time>
      </trkpt>
      <trkpt lat="50.511887" lon="17.908807">
        <ele>179.042090</ele>
        <time>2025-08-24T23:47:53.568Z</time>
      </trkpt>
      <trkpt lat="50.511658" lon="17.907487">
        <ele>180.749847</ele>
        <time>2025-08-24T23:48:33.562Z</time>
      </trkpt>
      <trkpt lat="50.510738" lon="17.902343">
        <ele>187.530611</ele>
        <time>2025-08-24T23:51:14.233Z</time>
      </trkpt>
      <trkpt lat="50.510684" lon="17.902026">
        <ele>187.942929</ele>
        <time>2025-08-24T23:51:23.781Z</time>
      </trkpt>
      <trkpt lat="50.509857" lon="17.897143">
        <ele>193.462128</ele>
        <time>2025-08-24T23:53:52.132Z</time>
      </trkpt>
      <trkpt lat="50.508970" lon="17.892031">
        <ele>196.313326</ele>
        <time>2025-08-24T23:56:11.509Z</time>
      </trkpt>
      <trkpt lat="50.508093" lon="17.886993">
        <ele>196.722038</ele>
        <time>2025-08-24T23:58:14.080Z</time>
      </trkpt>
      <trkpt lat="50.507995" lon="17.886416">
        <ele>196.789107</ele>
        <time>2025-08-24T23:58:28.259Z</time>
      </trkpt>
      <trkpt lat="50.511128" lon="17.881415">
        <ele>198.392811</ele>
        <time>2025-08-25T00:01:22.856Z</time>
      </trkpt>
      <trkpt lat="50.512006" lon="17.880064">
        <ele>198.606089</ele>
        <time>2025-08-25T00:02:10.733Z</time>
      </trkpt>
      <trkpt lat="50.512572" lon="17.879431">
        <ele>198.617051</ele>
        <time>2025-08-25T00:02:36.027Z</time>
      </trkpt>
      <trkpt lat="50.513038" lon="17.879501">
        <ele>198.375716</ele>
        <time>2025-08-25T00:02:52.866Z</time>
      </trkpt>
      <trkpt lat="50.513485" lon="17.879734">
        <ele>198.132939</ele>
        <time>2025-08-25T00:03:09.650Z</time>
      </trkpt>
      <trkpt lat="50.514397" lon="17.879944">
        <ele>197.459592</ele>
        <time>2025-08-25T00:03:42.119Z</time>
      </trkpt>
      <trkpt lat="50.515279" lon="17.880353">
        <ele>196.161719</ele>
        <time>2025-08-25T00:04:13.397Z</time>
      </trkpt>
      <trkpt lat="50.515965" lon="17.880910">
        <ele>195.057164</ele>
        <time>2025-08-25T00:04:38.514Z</time>
      </trkpt>
      <trkpt lat="50.517004" lon="17.881453">
        <ele>193.369066</ele>
        <time>2025-08-25T00:05:14.113Z</time>
      </trkpt>
      <trkpt lat="50.517673" lon="17.881592">
        <ele>192.441642</ele>
        <time>2025-08-25T00:05:37.585Z</time>
      </trkpt>
      <trkpt lat="50.519561" lon="17.882305">
        <ele>192.033081</ele>
        <time>2025-08-25T00:06:49.335Z</time>
      </trkpt>
      <trkpt lat="50.520383" lon="17.882619">
        <ele>191.882178</ele>
        <time>2025-08-25T00:07:19.669Z</time>
      </trkpt>
      <trkpt lat="50.521794" lon="17.883117">
        <ele>191.673605</ele>
        <time>2025-08-25T00:08:13.059Z</time>
      </trkpt>
      <trkpt lat="50.522609" lon="17.883272">
        <ele>191.583361</ele>
        <time>2025-08-25T00:08:43.341Z</time>
      </trkpt>
      <trkpt lat="50.523351" lon="17.883363">
        <ele>191.411198</ele>
        <time>2025-08-25T00:09:10.075Z</time>
      </trkpt>
      <trkpt lat="50.525331" lon="17.883760">
        <ele>191.539140</ele>
        <time>2025-08-25T00:10:22.398Z</time>
      </trkpt>
      <trkpt lat="50.525917" lon="17.884009">
        <ele>191.994859</ele>
        <time>2025-08-25T00:10:48.560Z</time>
      </trkpt>
      <trkpt lat="50.526504" lon="17.884282">
        <ele>192.420131</ele>
        <time>2025-08-25T00:11:16.752Z</time>
      </trkpt>
      <trkpt lat="50.527118" lon="17.884718">
        <ele>192.707841</ele>
        <time>2025-08-25T00:11:46.568Z</time>
      </trkpt>
      <trkpt lat="50.529259" lon="17.886602">
        <ele>192.633173</ele>
        <time>2025-08-25T00:13:14.579Z</time>
      </trkpt>
      <trkpt lat="50.529482" lon="17.886761">
        <ele>192.546127</ele>
        <time>2025-08-25T00:13:23.407Z</time>
      </trkpt>
      <trkpt lat="50.530353" lon="17.887010">
        <ele>192.426444</ele>
        <time>2025-08-25T00:13:55.974Z</time>
      </trkpt>
      <trkpt lat="50.530450" lon="17.887064">
        <ele>192.416076</ele>
        <time>2025-08-25T00:13:59.851Z</time>
      </trkpt>
      <trkpt lat="50.531705" lon="17.888405">
        <ele>192.049728</ele>
        <time>2025-08-25T00:14:55.845Z</time>
      </trkpt>
      <trkpt lat="50.533288" lon="17.889740">
        <ele>191.264032</ele>
        <time>2025-08-25T00:15:59.197Z</time>
      </trkpt>
      <trkpt lat="50.533617" lon="17.890031">
        <ele>191.120055</ele>
        <time>2025-08-25T00:16:12.450Z</time>
      </trkpt>
      <trkpt lat="50.535393" lon="17.890764">
        <ele>191.130070</ele>
        <time>2025-08-25T00:17:20.538Z</time>
      </trkpt>
      <trkpt lat="50.535686" lon="17.890867">
        <ele>191.228973</ele>
        <time>2025-08-25T00:17:32.333Z</time>
      </trkpt>
      <trkpt lat="50.536758" lon="17.891495">
        <ele>191.573252</ele>
        <time>2025-08-25T00:18:19.314Z</time>
      </trkpt>
      <trkpt lat="50.537640" lon="17.892005">
        <ele>191.835366</ele>
        <time>2025-08-25T00:18:56.046Z</time>
      </trkpt>
      <trkpt lat="50.537861" lon="17.892082">
        <ele>191.879505</ele>
        <time>2025-08-25T00:19:04.285Z</time>
      </trkpt>
      <trkpt lat="50.538903" lon="17.892144">
        <ele>190.546304</ele>
        <time>2025-08-25T00:19:39.393Z</time>
      </trkpt>
      <trkpt lat="50.540059" lon="17.892816">
        <ele>189.378819</ele>
        <time>2025-08-25T00:20:20.262Z</time>
      </trkpt>
      <trkpt lat="50.540332" lon="17.893102">
        <ele>189.233427</ele>
        <time>2025-08-25T00:20:31.895Z</time>
      </trkpt>
      <trkpt lat="50.540484" lon="17.893285">
        <ele>189.148584</ele>
        <time>2025-08-25T00:20:38.887Z</time>
      </trkpt>
      <trkpt lat="50.540656" lon="17.893508">
        <ele>189.049787</ele>
        <time>2025-08-25T00:20:47.197Z</time>
      </trkpt>
      <trkpt lat="50.541354" lon="17.894413">
        <ele>188.852222</ele>
        <time>2025-08-25T00:21:23.113Z</time>
      </trkpt>
      <trkpt lat="50.542354" lon="17.895546">
        <ele>189.050279</ele>
        <time>2025-08-25T00:22:09.968Z</time>
      </trkpt>
      <trkpt lat="50.543181" lon="17.895717">
        <ele>188.805282</ele>
        <time>2025-08-25T00:22:40.160Z</time>
      </trkpt>
      <trkpt lat="50.543310" lon="17.895513">
        <ele>188.719979</ele>
        <time>2025-08-25T00:22:46.673Z</time>
      </trkpt>
      <trkpt lat="50.544042" lon="17.894078">
        <ele>188.117834</ele>
        <time>2025-08-25T00:23:28.105Z</time>
      </trkpt>
      <trkpt lat="50.544842" lon="17.892405">
        <ele>187.019702</ele>
        <time>2025-08-25T00:24:14.403Z</time>
      </trkpt>
      <trkpt lat="50.545274" lon="17.891506">
        <ele>186.571295</ele>
        <time>2025-08-25T00:24:39.173Z</time>
      </trkpt>
      <trkpt lat="50.545884" lon="17.890195">
        <ele>186.081949</ele>
        <time>2025-08-25T00:25:15.978Z</time>
      </trkpt>
      <trkpt lat="50.547110" lon="17.887601">
        <ele>185.718769</ele>
        <time>2025-08-25T00:26:33.643Z</time>
      </trkpt>
      <trkpt lat="50.548893" lon="17.883859">
        <ele>182.343057</ele>
        <time>2025-08-25T00:28:14.120Z</time>
      </trkpt>
      <trkpt lat="50.549866" lon="17.881815">
        <ele>181.614711</ele>
        <time>2025-08-25T00:29:10.070Z</time>
      </trkpt>
      <trkpt lat="50.551144" lon="17.879134">
        <ele>183.507967</ele>
        <time>2025-08-25T00:30:42.764Z</time>
      </trkpt>
      <trkpt lat="50.552153" lon="17.876998">
        <ele>185.403260</ele>
        <time>2025-08-25T00:32:00.211Z</time>
      </trkpt>
      <trkpt lat="50.552229" lon="17.876836">
        <ele>185.525790</ele>
        <time>2025-08-25T00:32:05.240Z</time>
      </trkpt>
      <trkpt lat="50.552612" lon="17.876025">
        <ele>185.963511</ele>
        <time>2025-08-25T00:32:28.778Z</time>
      </trkpt>
      <trkpt lat="50.553454" lon="17.874243">
        <ele>184.477905</ele>
        <time>2025-08-25T00:33:16.833Z</time>
      </trkpt>
      <trkpt lat="50.554180" lon="17.872705">
        <ele>183.233733</ele>
        <time>2025-08-25T00:33:57.796Z</time>
      </trkpt>
      <trkpt lat="50.554674" lon="17.871658">
        <ele>182.395248</ele>
        <time>2025-08-25T00:34:26.814Z</time>
      </trkpt>
      <trkpt lat="50.553913" lon="17.870735">
        <ele>182.110474</ele>
        <time>2025-08-25T00:35:02.073Z</time>
      </trkpt>
      <trkpt lat="50.553559" lon="17.868613">
        <ele>181.572313</ele>
        <time>2025-08-25T00:35:52.843Z</time>
      </trkpt>
      <trkpt lat="50.552747" lon="17.864025">
        <ele>179.717099</ele>
        <time>2025-08-25T00:37:38.664Z</time>
      </trkpt>
      <trkpt lat="50.552039" lon="17.859862">
        <ele>181.341122</ele>
        <time>2025-08-25T00:39:26.779Z</time>
      </trkpt>
      <trkpt lat="50.551918" lon="17.859604">
        <ele>181.587609</ele>
        <time>2025-08-25T00:39:35.714Z</time>
      </trkpt>
      <trkpt lat="50.551483" lon="17.859034">
        <ele>182.272374</ele>
        <time>2025-08-25T00:40:01.491Z</time>
      </trkpt>
      <trkpt lat="50.551262" lon="17.858812">
        <ele>182.785197</ele>
        <time>2025-08-25T00:40:13.939Z</time>
      </trkpt>
      <trkpt lat="50.551217" lon="17.858659">
        <ele>183.113797</ele>
        <time>2025-08-25T00:40:19.154Z</time>
      </trkpt>
      <trkpt lat="50.551041" lon="17.858674">
        <ele>183.654461</ele>
        <time>2025-08-25T00:40:25.814Z</time>
      </trkpt>
      <trkpt lat="50.550340" lon="17.858758">
        <ele>185.810977</ele>
        <time>2025-08-25T00:40:53.592Z</time>
      </trkpt>
      <trkpt lat="50.548045" lon="17.859047">
        <ele>193.188642</ele>
        <time>2025-08-25T00:42:34.256Z</time>
      </trkpt>
      <trkpt lat="50.547898" lon="17.859065">
        <ele>193.670064</ele>
        <time>2025-08-25T00:42:39.558Z</time>
      </trkpt>
      <trkpt lat="50.545607" lon="17.859356">
        <ele>195.544473</ele>
        <time>2025-08-25T00:43:42.564Z</time>
      </trkpt>
      <trkpt lat="50.543487" lon="17.859612">
        <ele>196.198092</ele>
        <time>2025-08-25T00:44:38.979Z</time>
      </trkpt>
      <trkpt lat="50.542900" lon="17.859690">
        <ele>196.266899</ele>
        <time>2025-08-25T00:45:00.749Z</time>
      </trkpt>
      <trkpt lat="50.542494" lon="17.859743">
        <ele>196.314484</ele>
        <time>2025-08-25T00:45:15.618Z</time>
      </trkpt>
      <trkpt lat="50.538696" lon="17.860245">
        <ele>195.954808</ele>
        <time>2025-08-25T00:47:36.015Z</time>
      </trkpt>
      <trkpt lat="50.535275" lon="17.860681">
        <ele>195.200461</ele>
        <time>2025-08-25T00:48:58.555Z</time>
      </trkpt>
      <trkpt lat="50.534098" lon="17.860831">
        <ele>195.244255</ele>
        <time>2025-08-25T00:49:26.853Z</time>
      </trkpt>
      <trkpt lat="50.529606" lon="17.861418">
        <ele>197.169411</ele>
        <time>2025-08-25T00:51:31.503Z</time>
      </trkpt>
      <trkpt lat="50.526652" lon="17.861804">
        <ele>196.243693</ele>
        <time>2025-08-25T00:52:41.349Z</time>
      </trkpt>
      <trkpt lat="50.525079" lon="17.862010">
        <ele>195.420789</ele>
        <time>2025-08-25T00:53:17.907Z</time>
      </trkpt>
      <trkpt lat="50.527099" lon="17.857803">
        <ele>194.238851</ele>
        <time>2025-08-25T00:54:27.979Z</time>
      </trkpt>
      <trkpt lat="50.527794" lon="17.856377">
        <ele>194.517291</ele>
        <time>2025-08-25T00:54:57.789Z</time>
      </trkpt>
      <trkpt lat="50.529182" lon="17.853496">
        <ele>196.608099</ele>
        <time>2025-08-25T00:55:56.987Z</time>
      </trkpt>
      <trkpt lat="50.529601" lon="17.852642">
        <ele>197.442773</ele>
        <time>2025-08-25T00:56:19.144Z</time>
      </trkpt>
      <trkpt lat="50.531408" lon="17.848894">
        <ele>200.570285</ele>
        <time>2025-08-25T00:57:44.403Z</time>
      </trkpt>
      <trkpt lat="50.531460" lon="17.848787">
        <ele>200.612068</ele>
        <time>2025-08-25T00:57:46.456Z</time>
      </trkpt>
      <trkpt lat="50.533317" lon="17.844936">
        <ele>199.625193</ele>
        <time>2025-08-25T00:58:51.378Z</time>
      </trkpt>
      <trkpt lat="50.535469" lon="17.840488">
        <ele>193.866280</ele>
        <time>2025-08-25T00:59:58.539Z</time>
      </trkpt>
      <trkpt lat="50.535682" lon="17.840041">
        <ele>192.917363</ele>
        <time>2025-08-25T01:00:04.855Z</time>
      </trkpt>
      <trkpt lat="50.536481" lon="17.838390">
        <ele>189.307467</ele>
        <time>2025-08-25T01:00:27.337Z</time>
      </trkpt>
      <trkpt lat="50.537440" lon="17.836362">
        <ele>184.923998</ele>
        <time>2025-08-25T01:00:54.726Z</time>
      </trkpt>
      <trkpt lat="50.539236" lon="17.832664">
        <ele>184.241913</ele>
        <time>2025-08-25T01:02:02.482Z</time>
      </trkpt>
      <trkpt lat="50.541051" lon="17.828871">
        <ele>184.422354</ele>
        <time>2025-08-25T01:03:07.227Z</time>
      </trkpt>
      <trkpt lat="50.541626" lon="17.827676">
        <ele>185.249187</ele>
        <time>2025-08-25T01:03:34.982Z</time>
      </trkpt>
      <trkpt lat="50.542795" lon="17.825233">
        <ele>189.140147</ele>
        <time>2025-08-25T01:04:45.539Z</time>
      </trkpt>
      <trkpt lat="50.543589" lon="17.823542">
        <ele>190.399637</ele>
        <time>2025-08-25T01:05:26.451Z</time>
      </trkpt>
      <trkpt lat="50.545303" lon="17.819996">
        <ele>190.150642</ele>
        <time>2025-08-25T01:06:34.774Z</time>
      </trkpt>
      <trkpt lat="50.545538" lon="17.819511">
        <ele>189.917486</ele>
        <time>2025-08-25T01:06:43.475Z</time>
      </trkpt>
      <trkpt lat="50.547781" lon="17.814867">
        <ele>187.276770</ele>
        <time>2025-08-25T01:08:08.416Z</time>
      </trkpt>
      <trkpt lat="50.549680" lon="17.810906">
        <ele>185.142817</ele>
        <time>2025-08-25T01:09:18.689Z</time>
      </trkpt>
      <trkpt lat="50.552375" lon="17.805324">
        <ele>186.793516</ele>
        <time>2025-08-25T01:11:21.797Z</time>
      </trkpt>
      <trkpt lat="50.553741" lon="17.802511">
        <ele>187.543058</ele>
        <time>2025-08-25T01:12:20.336Z</time>
      </trkpt>
      <trkpt lat="50.555909" lon="17.798073">
        <ele>188.997038</ele>
        <time>2025-08-25T01:13:55.781Z</time>
      </trkpt>
      <trkpt lat="50.558084" lon="17.793451">
        <ele>190.127824</ele>
        <time>2025-08-25T01:15:33.757Z</time>
      </trkpt>
      <trkpt lat="50.559771" lon="17.789983">
        <ele>188.237670</ele>
        <time>2025-08-25T01:16:36.117Z</time>
      </trkpt>
      <trkpt lat="50.562229" lon="17.784930">
        <ele>186.735693</ele>
        <time>2025-08-25T01:18:12.166Z</time>
      </trkpt>
      <trkpt lat="50.564076" lon="17.781132">
        <ele>187.167723</ele>
        <time>2025-08-25T01:19:28.668Z</time>
      </trkpt>
      <trkpt lat="50.564244" lon="17.780786">
        <ele>187.267512</ele>
        <time>2025-08-25T01:19:36.273Z</time>
      </trkpt>
      <trkpt lat="50.564788" lon="17.779669">
        <ele>187.904301</ele>
        <time>2025-08-25T01:20:01.975Z</time>
      </trkpt>
      <trkpt lat="50.566052" lon="17.777070">
        <ele>190.627372</ele>
        <time>2025-08-25T01:21:06.527Z</time>
      </trkpt>
      <trkpt lat="50.567088" lon="17.780301">
        <ele>193.664432</ele>
        <time>2025-08-25T01:22:24.228Z</time>
      </trkpt>
      <trkpt lat="50.567887" lon="17.782799">
        <ele>194.607231</ele>
        <time>2025-08-25T01:23:06.343Z</time>
      </trkpt>
      <trkpt lat="50.569688" lon="17.788379">
        <ele>198.641174</ele>
        <time>2025-08-25T01:25:10.279Z</time>
      </trkpt>
      <trkpt lat="50.571250" lon="17.793236">
        <ele>199.000609</ele>
        <time>2025-08-25T01:26:34.738Z</time>
      </trkpt>
      <trkpt lat="50.572528" lon="17.797237">
        <ele>200.114747</ele>
        <time>2025-08-25T01:27:54.837Z</time>
      </trkpt>
      <trkpt lat="50.572771" lon="17.797987">
        <ele>200.014644</ele>
        <time>2025-08-25T01:28:07.710Z</time>
      </trkpt>
      <trkpt lat="50.573030" lon="17.798788">
        <ele>199.907779</ele>
        <time>2025-08-25T01:28:20.569Z</time>
      </trkpt>
      <trkpt lat="50.574480" lon="17.803309">
        <ele>196.154787</ele>
        <time>2025-08-25T01:29:29.913Z</time>
      </trkpt>
      <trkpt lat="50.576193" lon="17.808679">
        <ele>196.386021</ele>
        <time>2025-08-25T01:31:10.303Z</time>
      </trkpt>
      <trkpt lat="50.577461" lon="17.812591">
        <ele>194.201825</ele>
        <time>2025-08-25T01:32:14.021Z</time>
      </trkpt>
      <trkpt lat="50.577914" lon="17.814017">
        <ele>192.830853</ele>
        <time>2025-08-25T01:32:35.084Z</time>
      </trkpt>
      <trkpt lat="50.578607" lon="17.816139">
        <ele>191.036567</ele>
        <time>2025-08-25T01:33:07.084Z</time>
      </trkpt>
      <trkpt lat="50.579397" lon="17.818638">
        <ele>191.675701</ele>
        <time>2025-08-25T01:33:57.777Z</time>
      </trkpt>
      <trkpt lat="50.579705" lon="17.819004">
        <ele>191.938092</ele>
        <time>2025-08-25T01:34:14.257Z</time>
      </trkpt>
      <trkpt lat="50.581814" lon="17.814740">
        <ele>193.952027</ele>
        <time>2025-08-25T01:35:45.957Z</time>
      </trkpt>
      <trkpt lat="50.581917" lon="17.814525">
        <ele>193.931541</ele>
        <time>2025-08-25T01:35:49.673Z</time>
      </trkpt>
      <trkpt lat="50.582826" lon="17.812647">
        <ele>192.561857</ele>
        <time>2025-08-25T01:36:20.219Z</time>
      </trkpt>
      <trkpt lat="50.583836" lon="17.810559">
        <ele>191.860054</ele>
        <time>2025-08-25T01:36:55.382Z</time>
      </trkpt>
      <trkpt lat="50.585859" lon="17.806378">
        <ele>194.858138</ele>
        <time>2025-08-25T01:39:20.334Z</time>
      </trkpt>
      <trkpt lat="50.587895" lon="17.802170">
        <ele>195.830640</ele>
        <time>2025-08-25T01:41:25.025Z</time>
      </trkpt>
      <trkpt lat="50.589714" lon="17.798366">
        <ele>198.295019</ele>
        <time>2025-08-25T01:43:31.522Z</time>
      </trkpt>
      <trkpt lat="50.591506" lon="17.794650">
        <ele>201.228044</ele>
        <time>2025-08-25T01:45:35.531Z</time>
      </trkpt>
      <trkpt lat="50.592674" lon="17.795422">
        <ele>202.551921</ele>
        <time>2025-08-25T01:46:31.008Z</time>
      </trkpt>
      <trkpt lat="50.594229" lon="17.793067">
        <ele>203.823402</ele>
        <time>2025-08-25T01:47:58.663Z</time>
      </trkpt>
      <trkpt lat="50.595226" lon="17.791518">
        <ele>203.064564</ele>
        <time>2025-08-25T01:48:28.486Z</time>
      </trkpt>
      <trkpt lat="50.598332" lon="17.786719">
        <ele>198.740578</ele>
        <time>2025-08-25T01:49:57.112Z</time>
      </trkpt>
      <trkpt lat="50.597074" lon="17.784806">
        <ele>200.325617</ele>
        <time>2025-08-25T01:51:16.491Z</time>
      </trkpt>
      <trkpt lat="50.595935" lon="17.783076">
        <ele>199.865684</ele>
        <time>2025-08-25T01:52:12.746Z</time>
      </trkpt>
      <trkpt lat="50.595381" lon="17.782220">
        <ele>199.446059</ele>
        <time>2025-08-25T01:52:39.769Z</time>
      </trkpt>
      <trkpt lat="50.593495" lon="17.779391">
        <ele>197.841775</ele>
        <time>2025-08-25T01:54:12.079Z</time>
      </trkpt>
      <trkpt lat="50.593377" lon="17.779214">
        <ele>197.747213</ele>
        <time>2025-08-25T01:54:17.824Z</time>
      </trkpt>
      <trkpt lat="50.591004" lon="17.775615">
        <ele>196.219523</ele>
        <time>2025-08-25T01:56:15.527Z</time>
      </trkpt>
      <trkpt lat="50.588648" lon="17.771954">
        <ele>195.619292</ele>
        <time>2025-08-25T01:58:16.004Z</time>
      </trkpt>
      <trkpt lat="50.588269" lon="17.771371">
        <ele>195.652116</ele>
        <time>2025-08-25T01:58:35.973Z</time>
      </trkpt>
      <trkpt lat="50.587840" lon="17.773300">
        <ele>196.170027</ele>
        <time>2025-08-25T01:59:27.539Z</time>
      </trkpt>
      <trkpt lat="50.587618" lon="17.774203">
        <ele>196.532754</ele>
        <time>2025-08-25T01:59:52.811Z</time>
      </trkpt>
      <trkpt lat="50.587424" lon="17.774737">
        <ele>196.736436</ele>
        <time>2025-08-25T02:00:08.559Z</time>
      </trkpt>
      <trkpt lat="50.587260" lon="17.775038">
        <ele>196.694049</ele>
        <time>2025-08-25T02:00:18.614Z</time>
      </trkpt>
      <trkpt lat="50.586379" lon="17.776405">
        <ele>196.485890</ele>
        <time>2025-08-25T02:01:04.086Z</time>
      </trkpt>
      <trkpt lat="50.586316" lon="17.776554">
        <ele>196.466759</ele>
        <time>2025-08-25T02:01:08.005Z</time>
      </trkpt>
      <trkpt lat="50.586147" lon="17.777127">
        <ele>196.347605</ele>
        <time>2025-08-25T02:01:21.674Z</time>
      </trkpt>
      <trkpt lat="50.586027" lon="17.777752">
        <ele>196.188636</ele>
        <time>2025-08-25T02:01:35.620Z</time>
      </trkpt>
      <trkpt lat="50.585895" lon="17.778160">
        <ele>196.077151</ele>
        <time>2025-08-25T02:01:45.530Z</time>
      </trkpt>
      <trkpt lat="50.585770" lon="17.778390">
        <ele>196.003442</ele>
        <time>2025-08-25T02:01:52.267Z</time>
      </trkpt>
      <trkpt lat="50.585630" lon="17.778585">
        <ele>195.931778</ele>
        <time>2025-08-25T02:01:59.030Z</time>
      </trkpt>
      <trkpt lat="50.585271" lon="17.779019">
        <ele>195.758241</ele>
        <time>2025-08-25T02:02:16.805Z</time>
      </trkpt>
      <trkpt lat="50.584714" lon="17.779712">
        <ele>196.925297</ele>
        <time>2025-08-25T02:02:48.964Z</time>
      </trkpt>
      <trkpt lat="50.584471" lon="17.780285">
        <ele>197.672514</ele>
        <time>2025-08-25T02:03:10.329Z</time>
      </trkpt>
      <trkpt lat="50.584372" lon="17.780697">
        <ele>198.150215</ele>
        <time>2025-08-25T02:03:24.048Z</time>
      </trkpt>
      <trkpt lat="50.584040" lon="17.782621">
        <ele>199.324026</ele>
        <time>2025-08-25T02:04:20.662Z</time>
      </trkpt>
      <trkpt lat="50.583960" lon="17.782974">
        <ele>199.460975</ele>
        <time>2025-08-25T02:04:30.337Z</time>
      </trkpt>
      <trkpt lat="50.583352" lon="17.784485">
        <ele>198.862169</ele>
        <time>2025-08-25T02:05:10.580Z</time>
      </trkpt>
      <trkpt lat="50.583050" lon="17.785494">
        <ele>197.289151</ele>
        <time>2025-08-25T02:05:33.189Z</time>
      </trkpt>
      <trkpt lat="50.582694" lon="17.786274">
        <ele>195.934538</ele>
        <time>2025-08-25T02:05:51.909Z</time>
      </trkpt>
      <trkpt lat="50.582405" lon="17.787112">
        <ele>194.891913</ele>
        <time>2025-08-25T02:06:10.353Z</time>
      </trkpt>
      <trkpt lat="50.582303" lon="17.787605">
        <ele>194.334338</ele>
        <time>2025-08-25T02:06:20.776Z</time>
      </trkpt>
      <trkpt lat="50.582273" lon="17.787875">
        <ele>194.039584</ele>
        <time>2025-08-25T02:06:26.501Z</time>
      </trkpt>
      <trkpt lat="50.582324" lon="17.788260">
        <ele>193.616664</ele>
        <time>2025-08-25T02:06:35.094Z</time>
      </trkpt>
      <trkpt lat="50.582289" lon="17.788352">
        <ele>193.501335</ele>
        <time>2025-08-25T02:06:37.493Z</time>
      </trkpt>
      <trkpt lat="50.582248" lon="17.788376">
        <ele>193.427259</ele>
        <time>2025-08-25T02:06:39.047Z</time>
      </trkpt>
      <trkpt lat="50.582175" lon="17.788303">
        <ele>193.280815</ele>
        <time>2025-08-25T02:06:42.205Z</time>
      </trkpt>
      <trkpt lat="50.582062" lon="17.788114">
        <ele>193.001657</ele>
        <time>2025-08-25T02:06:48.369Z</time>
      </trkpt>
      <trkpt lat="50.581940" lon="17.787778">
        <ele>192.925634</ele>
        <time>2025-08-25T02:06:58.200Z</time>
      </trkpt>
      <trkpt lat="50.581614" lon="17.786486">
        <ele>193.634518</ele>
        <time>2025-08-25T02:07:37.058Z</time>
      </trkpt>
      <trkpt lat="50.581367" lon="17.785780">
        <ele>194.045526</ele>
        <time>2025-08-25T02:07:58.211Z</time>
      </trkpt>
      <trkpt lat="50.580693" lon="17.784503">
        <ele>194.282828</ele>
        <time>2025-08-25T02:08:38.368Z</time>
      </trkpt>
      <trkpt lat="50.580401" lon="17.783945">
        <ele>194.295842</ele>
        <time>2025-08-25T02:08:55.180Z</time>
      </trkpt>
      <trkpt lat="50.580264" lon="17.783444">
        <ele>194.305660</ele>
        <time>2025-08-25T02:09:08.345Z</time>
      </trkpt>
      <trkpt lat="50.580088" lon="17.782573">
        <ele>193.820517</ele>
        <time>2025-08-25T02:09:29.567Z</time>
      </trkpt>
      <trkpt lat="50.579899" lon="17.781835">
        <ele>193.157060</ele>
        <time>2025-08-25T02:09:46.397Z</time>
      </trkpt>
      <trkpt lat="50.579262" lon="17.780775">
        <ele>191.950728</ele>
        <time>2025-08-25T02:10:16.724Z</time>
      </trkpt>
      <trkpt lat="50.578819" lon="17.780048">
        <ele>192.019935</ele>
        <time>2025-08-25T02:10:38.131Z</time>
      </trkpt>
      <trkpt lat="50.578764" lon="17.779963">
        <ele>192.028270</ele>
        <time>2025-08-25T02:10:40.843Z</time>
      </trkpt>
      <trkpt lat="50.578337" lon="17.779279">
        <ele>192.094152</ele>
        <time>2025-08-25T02:11:04.842Z</time>
      </trkpt>
      <trkpt lat="50.578013" lon="17.778870">
        <ele>192.139068</ele>
        <time>2025-08-25T02:11:23.798Z</time>
      </trkpt>
      <trkpt lat="50.577788" lon="17.778601">
        <ele>192.623417</ele>
        <time>2025-08-25T02:11:37.431Z</time>
      </trkpt>
      <trkpt lat="50.577202" lon="17.777982">
        <ele>194.077355</ele>
        <time>2025-08-25T02:12:13.260Z</time>
      </trkpt>
      <trkpt lat="50.576161" lon="17.777022">
        <ele>195.753570</ele>
        <time>2025-08-25T02:13:09.408Z</time>
      </trkpt>
      <trkpt lat="50.575974" lon="17.776812">
        <ele>195.689150</ele>
        <time>2025-08-25T02:13:17.900Z</time>
      </trkpt>
      <trkpt lat="50.575538" lon="17.776077">
        <ele>195.510005</ele>
        <time>2025-08-25T02:13:40.207Z</time>
      </trkpt>
      <trkpt lat="50.574877" lon="17.774986">
        <ele>195.168359</ele>
        <time>2025-08-25T02:14:12.416Z</time>
      </trkpt>
      <trkpt lat="50.574555" lon="17.774560">
        <ele>194.968047</ele>
        <time>2025-08-25T02:14:27.197Z</time>
      </trkpt>
      <trkpt lat="50.573801" lon="17.774055">
        <ele>194.577787</ele>
        <time>2025-08-25T02:14:57.002Z</time>
      </trkpt>
      <trkpt lat="50.573459" lon="17.773759">
        <ele>194.733754</ele>
        <time>2025-08-25T02:15:11.742Z</time>
      </trkpt>
      <trkpt lat="50.573239" lon="17.773528">
        <ele>195.049384</ele>
        <time>2025-08-25T02:15:22.284Z</time>
      </trkpt>
      <trkpt lat="50.572680" lon="17.772709">
        <ele>195.960797</ele>
        <time>2025-08-25T02:15:55.951Z</time>
      </trkpt>
      <trkpt lat="50.572360" lon="17.772260">
        <ele>196.472413</ele>
        <time>2025-08-25T02:16:16.343Z</time>
      </trkpt>
      <trkpt lat="50.571920" lon="17.771493">
        <ele>196.450185</ele>
        <time>2025-08-25T02:16:46.099Z</time>
      </trkpt>
      <trkpt lat="50.571633" lon="17.771122">
        <ele>196.317032</ele>
        <time>2025-08-25T02:17:01.148Z</time>
      </trkpt>
      <trkpt lat="50.571474" lon="17.770990">
        <ele>196.252578</ele>
        <time>2025-08-25T02:17:07.755Z</time>
      </trkpt>
      <trkpt lat="50.570409" lon="17.770405">
        <ele>195.157735</ele>
        <time>2025-08-25T02:17:43.826Z</time>
      </trkpt>
      <trkpt lat="50.569726" lon="17.770038">
        <ele>193.651779</ele>
        <time>2025-08-25T02:18:06.037Z</time>
      </trkpt>
      <trkpt lat="50.569681" lon="17.769672">
        <ele>193.157689</ele>
        <time>2025-08-25T02:18:13.530Z</time>
      </trkpt>
      <trkpt lat="50.570524" lon="17.767953">
        <ele>192.703313</ele>
        <time>2025-08-25T02:19:03.103Z</time>
      </trkpt>
      <trkpt lat="50.570599" lon="17.767607">
        <ele>192.818400</ele>
        <time>2025-08-25T02:19:13.456Z</time>
      </trkpt>
      <trkpt lat="50.570631" lon="17.767280">
        <ele>192.922552</ele>
        <time>2025-08-25T02:19:22.904Z</time>
      </trkpt>
      <trkpt lat="50.570949" lon="17.763827">
        <ele>195.867718</ele>
        <time>2025-08-25T02:21:03.868Z</time>
      </trkpt>
      <trkpt lat="50.570964" lon="17.763653">
        <ele>195.868207</ele>
        <time>2025-08-25T02:21:08.380Z</time>
      </trkpt>
      <trkpt lat="50.571043" lon="17.762830">
        <ele>195.868683</ele>
        <time>2025-08-25T02:21:28.764Z</time>
      </trkpt>
      <trkpt lat="50.571073" lon="17.762219">
        <ele>195.869033</ele>
        <time>2025-08-25T02:21:42.922Z</time>
      </trkpt>
      <trkpt lat="50.571133" lon="17.756852">
        <ele>194.735044</ele>
        <time>2025-08-25T02:23:44.042Z</time>
      </trkpt>
      <trkpt lat="50.571150" lon="17.755403">
        <ele>194.588056</ele>
        <time>2025-08-25T02:24:18.796Z</time>
      </trkpt>
      <trkpt lat="50.571180" lon="17.754637">
        <ele>194.707658</ele>
        <time>2025-08-25T02:24:37.862Z</time>
      </trkpt>
      <trkpt lat="50.571219" lon="17.754317">
        <ele>194.765352</ele>
        <time>2025-08-25T02:24:45.949Z</time>
      </trkpt>
      <trkpt lat="50.571289" lon="17.754038">
        <ele>194.818467</ele>
        <time>2025-08-25T02:24:53.381Z</time>
      </trkpt>
      <trkpt lat="50.571525" lon="17.753489">
        <ele>194.935846</ele>
        <time>2025-08-25T02:25:09.680Z</time>
      </trkpt>
      <trkpt lat="50.574122" lon="17.749384">
        <ele>196.366547</ele>
        <time>2025-08-25T02:27:28.841Z</time>
      </trkpt>
      <trkpt lat="50.572878" lon="17.747474">
        <ele>198.519496</ele>
        <time>2025-08-25T02:28:31.043Z</time>
      </trkpt>
      <trkpt lat="50.572081" lon="17.746231">
        <ele>198.889214</ele>
        <time>2025-08-25T02:28:58.343Z</time>
      </trkpt>
      <trkpt lat="50.570605" lon="17.743942">
        <ele>197.320180</ele>
        <time>2025-08-25T02:29:44.980Z</time>
      </trkpt>
      <trkpt lat="50.570557" lon="17.743809">
        <ele>197.222329</ele>
        <time>2025-08-25T02:29:47.137Z</time>
      </trkpt>
      <trkpt lat="50.570352" lon="17.742674">
        <ele>196.467524</ele>
        <time>2025-08-25T02:30:03.624Z</time>
      </trkpt>
      <trkpt lat="50.570126" lon="17.741401">
        <ele>195.860242</ele>
        <time>2025-08-25T02:30:22.135Z</time>
      </trkpt>
      <trkpt lat="50.569623" lon="17.738986">
        <ele>195.101073</ele>
        <time>2025-08-25T02:31:00.430Z</time>
      </trkpt>
      <trkpt lat="50.569542" lon="17.738730">
        <ele>195.087958</ele>
        <time>2025-08-25T02:31:05.220Z</time>
      </trkpt>
      <trkpt lat="50.569237" lon="17.737983">
        <ele>195.047236</ele>
        <time>2025-08-25T02:31:20.525Z</time>
      </trkpt>
      <trkpt lat="50.568700" lon="17.736650">
        <ele>194.348919</ele>
        <time>2025-08-25T02:31:44.309Z</time>
      </trkpt>
      <trkpt lat="50.567937" lon="17.734785">
        <ele>192.796114</ele>
        <time>2025-08-25T02:32:13.717Z</time>
      </trkpt>
      <trkpt lat="50.567777" lon="17.733874">
        <ele>192.797585</ele>
        <time>2025-08-25T02:32:27.862Z</time>
      </trkpt>
      <trkpt lat="50.567757" lon="17.733736">
        <ele>192.797806</ele>
        <time>2025-08-25T02:32:30.223Z</time>
      </trkpt>
      <trkpt lat="50.567720" lon="17.732518">
        <ele>192.799704</ele>
        <time>2025-08-25T02:32:52.235Z</time>
      </trkpt>
      <trkpt lat="50.567645" lon="17.732197">
        <ele>192.821206</ele>
        <time>2025-08-25T02:32:58.648Z</time>
      </trkpt>
      <trkpt lat="50.567282" lon="17.731595">
        <ele>193.158462</ele>
        <time>2025-08-25T02:33:13.886Z</time>
      </trkpt>
      <trkpt lat="50.566703" lon="17.730717">
        <ele>193.672692</ele>
        <time>2025-08-25T02:33:35.823Z</time>
      </trkpt>
      <trkpt lat="50.566446" lon="17.730274">
        <ele>193.916462</ele>
        <time>2025-08-25T02:33:46.473Z</time>
      </trkpt>
      <trkpt lat="50.565621" lon="17.728660">
        <ele>194.481053</ele>
        <time>2025-08-25T02:34:22.617Z</time>
      </trkpt>
      <trkpt lat="50.565162" lon="17.727912">
        <ele>194.764343</ele>
        <time>2025-08-25T02:34:39.346Z</time>
      </trkpt>
      <trkpt lat="50.564663" lon="17.727276">
        <ele>195.063746</ele>
        <time>2025-08-25T02:34:55.502Z</time>
      </trkpt>
      <trkpt lat="50.563714" lon="17.726707">
        <ele>195.537310</ele>
        <time>2025-08-25T02:35:23.812Z</time>
      </trkpt>
      <trkpt lat="50.562716" lon="17.726057">
        <ele>195.992122</ele>
        <time>2025-08-25T02:35:55.013Z</time>
      </trkpt>
      <trkpt lat="50.562525" lon="17.725886">
        <ele>196.084494</ele>
        <time>2025-08-25T02:36:00.971Z</time>
      </trkpt>
      <trkpt lat="50.562138" lon="17.725451">
        <ele>196.284404</ele>
        <time>2025-08-25T02:36:12.880Z</time>
      </trkpt>
      <trkpt lat="50.562022" lon="17.725220">
        <ele>196.162218</ele>
        <time>2025-08-25T02:36:17.322Z</time>
      </trkpt>
      <trkpt lat="50.561921" lon="17.724918">
        <ele>195.957144</ele>
        <time>2025-08-25T02:36:22.349Z</time>
      </trkpt>
      <trkpt lat="50.560343" lon="17.719334">
        <ele>192.654445</ele>
        <time>2025-08-25T02:37:47.631Z</time>
      </trkpt>
      <trkpt lat="50.559864" lon="17.717617">
        <ele>193.017003</ele>
        <time>2025-08-25T02:38:21.439Z</time>
      </trkpt>
      <trkpt lat="50.558573" lon="17.712986">
        <ele>200.622512</ele>
        <time>2025-08-25T02:40:20.930Z</time>
      </trkpt>
      <trkpt lat="50.558949" lon="17.713140">
        <ele>201.555414</ele>
        <time>2025-08-25T02:40:40.499Z</time>
      </trkpt>
      <trkpt lat="50.559417" lon="17.713206">
        <ele>202.314794</ele>
        <time>2025-08-25T02:41:03.616Z</time>
      </trkpt>
      <trkpt lat="50.559886" lon="17.713039">
        <ele>203.091910</ele>
        <time>2025-08-25T02:41:26.116Z</time>
      </trkpt>
      <trkpt lat="50.560373" lon="17.712751">
        <ele>203.932675</ele>
        <time>2025-08-25T02:41:48.514Z</time>
      </trkpt>
      <trkpt lat="50.561354" lon="17.711743">
        <ele>204.501502</ele>
        <time>2025-08-25T02:42:34.123Z</time>
      </trkpt>
      <trkpt lat="50.561763" lon="17.711378">
        <ele>204.561191</ele>
        <time>2025-08-25T02:42:51.363Z</time>
      </trkpt>
      <trkpt lat="50.562711" lon="17.710729">
        <ele>204.534307</ele>
        <time>2025-08-25T02:43:28.955Z</time>
      </trkpt>
      <trkpt lat="50.563280" lon="17.710382">
        <ele>204.449518</ele>
        <time>2025-08-25T02:43:51.221Z</time>
      </trkpt>
      <trkpt lat="50.564884" lon="17.709683">
        <ele>204.215819</ele>
        <time>2025-08-25T02:44:52.684Z</time>
      </trkpt>
      <trkpt lat="50.565498" lon="17.709383">
        <ele>204.125024</ele>
        <time>2025-08-25T02:45:16.328Z</time>
      </trkpt>
      <trkpt lat="50.565975" lon="17.709211">
        <ele>203.758225</ele>
        <time>2025-08-25T02:45:34.152Z</time>
      </trkpt>
      <trkpt lat="50.566890" lon="17.709006">
        <ele>202.946936</ele>
        <time>2025-08-25T02:46:05.874Z</time>
      </trkpt>
      <trkpt lat="50.567743" lon="17.708724">
        <ele>202.481612</ele>
        <time>2025-08-25T02:46:35.355Z</time>
      </trkpt>
      <trkpt lat="50.568101" lon="17.708610">
        <ele>202.433821</ele>
        <time>2025-08-25T02:46:48.069Z</time>
      </trkpt>
      <trkpt lat="50.569260" lon="17.708112">
        <ele>202.420247</ele>
        <time>2025-08-25T02:47:35.573Z</time>
      </trkpt>
      <trkpt lat="50.569825" lon="17.707580">
        <ele>202.892511</ele>
        <time>2025-08-25T02:48:03.789Z</time>
      </trkpt>
      <trkpt lat="50.570445" lon="17.707323">
        <ele>203.352435</ele>
        <time>2025-08-25T02:48:30.464Z</time>
      </trkpt>
      <trkpt lat="50.571372" lon="17.706829">
        <ele>203.455239</ele>
        <time>2025-08-25T02:49:07.813Z</time>
      </trkpt>
      <trkpt lat="50.572419" lon="17.705953">
        <ele>203.204522</ele>
        <time>2025-08-25T02:49:50.182Z</time>
      </trkpt>
      <trkpt lat="50.572939" lon="17.705585">
        <ele>202.989025</ele>
        <time>2025-08-25T02:50:10.428Z</time>
      </trkpt>
      <trkpt lat="50.573767" lon="17.705299">
        <ele>202.668605</ele>
        <time>2025-08-25T02:50:40.894Z</time>
      </trkpt>
      <trkpt lat="50.575150" lon="17.704927">
        <ele>202.331767</ele>
        <time>2025-08-25T02:51:32.067Z</time>
      </trkpt>
      <trkpt lat="50.575172" lon="17.704895">
        <ele>202.325924</ele>
        <time>2025-08-25T02:51:33.167Z</time>
      </trkpt>
      <trkpt lat="50.576960" lon="17.702091">
        <ele>201.032424</ele>
        <time>2025-08-25T02:53:05.513Z</time>
      </trkpt>
      <trkpt lat="50.577549" lon="17.702979">
        <ele>198.270560</ele>
        <time>2025-08-25T02:53:29.898Z</time>
      </trkpt>
      <trkpt lat="50.577767" lon="17.703320">
        <ele>197.229823</ele>
        <time>2025-08-25T02:53:38.716Z</time>
      </trkpt>
      <trkpt lat="50.577738" lon="17.703735">
        <ele>196.331828</ele>
        <time>2025-08-25T02:53:46.391Z</time>
      </trkpt>
      <trkpt lat="50.577722" lon="17.704991">
        <ele>194.879960</ele>
        <time>2025-08-25T02:54:11.083Z</time>
      </trkpt>
      <trkpt lat="50.577746" lon="17.706633">
        <ele>194.598732</ele>
        <time>2025-08-25T02:54:50.297Z</time>
      </trkpt>
      <trkpt lat="50.577807" lon="17.707655">
        <ele>195.064688</ele>
        <time>2025-08-25T02:55:21.852Z</time>
      </trkpt>
      <trkpt lat="50.578010" lon="17.708677">
        <ele>196.349407</ele>
        <time>2025-08-25T02:55:54.911Z</time>
      </trkpt>
      <trkpt lat="50.578077" lon="17.708938">
        <ele>196.687156</ele>
        <time>2025-08-25T02:56:03.438Z</time>
      </trkpt>
      <trkpt lat="50.578161" lon="17.709211">
        <ele>197.051107</ele>
        <time>2025-08-25T02:56:12.370Z</time>
      </trkpt>
      <trkpt lat="50.578185" lon="17.709469">
        <ele>197.363942</ele>
        <time>2025-08-25T02:56:19.967Z</time>
      </trkpt>
      <trkpt lat="50.578091" lon="17.710549">
        <ele>198.152383</ele>
        <time>2025-08-25T02:56:50.560Z</time>
      </trkpt>
      <trkpt lat="50.578018" lon="17.710956">
        <ele>198.317759</ele>
        <time>2025-08-25T02:57:01.168Z</time>
      </trkpt>
      <trkpt lat="50.577593" lon="17.712758">
        <ele>199.001629</ele>
        <time>2025-08-25T02:57:48.417Z</time>
      </trkpt>
      <trkpt lat="50.577558" lon="17.713124">
        <ele>198.984512</ele>
        <time>2025-08-25T02:57:57.169Z</time>
      </trkpt>
      <trkpt lat="50.577565" lon="17.713875">
        <ele>198.949779</ele>
        <time>2025-08-25T02:58:14.656Z</time>
      </trkpt>
      <trkpt lat="50.577448" lon="17.715227">
        <ele>198.886678</ele>
        <time>2025-08-25T02:58:46.357Z</time>
      </trkpt>
      <trkpt lat="50.577455" lon="17.715622">
        <ele>198.750464</ele>
        <time>2025-08-25T02:58:55.526Z</time>
      </trkpt>
      <trkpt lat="50.577594" lon="17.716516">
        <ele>198.174605</ele>
        <time>2025-08-25T02:59:16.718Z</time>
      </trkpt>
      <trkpt lat="50.577602" lon="17.716900">
        <ele>197.934223</ele>
        <time>2025-08-25T02:59:25.289Z</time>
      </trkpt>
      <trkpt lat="50.577466" lon="17.718012">
        <ele>197.225706</ele>
        <time>2025-08-25T02:59:49.151Z</time>
      </trkpt>
      <trkpt lat="50.577429" lon="17.718145">
        <ele>197.134858</ele>
        <time>2025-08-25T02:59:52.159Z</time>
      </trkpt>
      <trkpt lat="50.577109" lon="17.718803">
        <ele>196.625255</ele>
        <time>2025-08-25T03:00:09.380Z</time>
      </trkpt>
      <trkpt lat="50.577018" lon="17.719050">
        <ele>196.449854</ele>
        <time>2025-08-25T03:00:15.396Z</time>
      </trkpt>
      <trkpt lat="50.577007" lon="17.719245">
        <ele>196.329605</ele>
        <time>2025-08-25T03:00:19.536Z</time>
      </trkpt>
      <trkpt lat="50.576998" lon="17.719415">
        <ele>196.224822</ele>
        <time>2025-08-25T03:00:23.187Z</time>
      </trkpt>
      <trkpt lat="50.577035" lon="17.719747">
        <ele>196.017777</ele>
        <time>2025-08-25T03:00:30.434Z</time>
      </trkpt>
      <trkpt lat="50.577044" lon="17.720204">
        <ele>195.736934</ele>
        <time>2025-08-25T03:00:40.618Z</time>
      </trkpt>
      <trkpt lat="50.576998" lon="17.720471">
        <ele>195.567004</ele>
        <time>2025-08-25T03:00:47.065Z</time>
      </trkpt>
      <trkpt lat="50.576655" lon="17.721724">
        <ele>195.557533</ele>
        <time>2025-08-25T03:01:22.314Z</time>
      </trkpt>
      <trkpt lat="50.576396" lon="17.722446">
        <ele>195.710663</ele>
        <time>2025-08-25T03:01:43.500Z</time>
      </trkpt>
      <trkpt lat="50.576190" lon="17.723283">
        <ele>195.876430</ele>
        <time>2025-08-25T03:02:05.057Z</time>
      </trkpt>
      <trkpt lat="50.576147" lon="17.723597">
        <ele>195.760651</ele>
        <time>2025-08-25T03:02:12.441Z</time>
      </trkpt>
      <trkpt lat="50.576120" lon="17.724795">
        <ele>195.152440</ele>
        <time>2025-08-25T03:02:38.980Z</time>
      </trkpt>
      <trkpt lat="50.576040" lon="17.725477">
        <ele>194.800560</ele>
        <time>2025-08-25T03:02:53.986Z</time>
      </trkpt>
      <trkpt lat="50.575876" lon="17.726007">
        <ele>194.501430</ele>
        <time>2025-08-25T03:03:06.769Z</time>
      </trkpt>
      <trkpt lat="50.575868" lon="17.726162">
        <ele>194.440916</ele>
        <time>2025-08-25T03:03:10.189Z</time>
      </trkpt>
      <trkpt lat="50.575894" lon="17.726288">
        <ele>194.415615</ele>
        <time>2025-08-25T03:03:13.077Z</time>
      </trkpt>
      <trkpt lat="50.576020" lon="17.726610">
        <ele>194.343386</ele>
        <time>2025-08-25T03:03:21.433Z</time>
      </trkpt>
      <trkpt lat="50.576043" lon="17.726768">
        <ele>194.312430</ele>
        <time>2025-08-25T03:03:25.057Z</time>
      </trkpt>
      <trkpt lat="50.576003" lon="17.727156">
        <ele>194.237363</ele>
        <time>2025-08-25T03:03:33.894Z</time>
      </trkpt>
      <trkpt lat="50.576120" lon="17.728229">
        <ele>194.029453</ele>
        <time>2025-08-25T03:03:59.148Z</time>
      </trkpt>
      <trkpt lat="50.576138" lon="17.728499">
        <ele>193.977607</ele>
        <time>2025-08-25T03:04:05.747Z</time>
      </trkpt>
      <trkpt lat="50.575973" lon="17.729066">
        <ele>193.961126</ele>
        <time>2025-08-25T03:04:21.283Z</time>
      </trkpt>
      <trkpt lat="50.575859" lon="17.729358">
        <ele>194.023302</ele>
        <time>2025-08-25T03:04:30.070Z</time>
      </trkpt>
      <trkpt lat="50.575808" lon="17.729742">
        <ele>194.094465</ele>
        <time>2025-08-25T03:04:40.062Z</time>
      </trkpt>
      <trkpt lat="50.575829" lon="17.730415">
        <ele>194.216692</ele>
        <time>2025-08-25T03:04:56.984Z</time>
      </trkpt>
      <trkpt lat="50.575766" lon="17.730992">
        <ele>194.322892</ele>
        <time>2025-08-25T03:05:11.352Z</time>
      </trkpt>
      <trkpt lat="50.575592" lon="17.731813">
        <ele>194.440864</ele>
        <time>2025-08-25T03:05:31.606Z</time>
      </trkpt>
      <trkpt lat="50.575449" lon="17.732200">
        <ele>194.464451</ele>
        <time>2025-08-25T03:05:41.867Z</time>
      </trkpt>
      <trkpt lat="50.574906" lon="17.732990">
        <ele>194.525778</ele>
        <time>2025-08-25T03:06:08.500Z</time>
      </trkpt>
      <trkpt lat="50.574842" lon="17.733263">
        <ele>194.541109</ele>
        <time>2025-08-25T03:06:15.276Z</time>
      </trkpt>
      <trkpt lat="50.574597" lon="17.734994">
        <ele>195.503028</ele>
        <time>2025-08-25T03:07:02.587Z</time>
      </trkpt>
      <trkpt lat="50.574883" lon="17.735446">
        <ele>196.019625</ele>
        <time>2025-08-25T03:07:21.147Z</time>
      </trkpt>
      <trkpt lat="50.576924" lon="17.738634">
        <ele>199.430640</ele>
        <time>2025-08-25T03:09:28.379Z</time>
      </trkpt>
      <trkpt lat="50.577853" lon="17.740032">
        <ele>199.599622</ele>
        <time>2025-08-25T03:10:14.697Z</time>
      </trkpt>
      <trkpt lat="50.580346" lon="17.739626">
        <ele>199.499410</ele>
        <time>2025-08-25T03:11:15.219Z</time>
      </trkpt>
      <trkpt lat="50.581842" lon="17.737275">
        <ele>200.085177</ele>
        <time>2025-08-25T03:12:15.295Z</time>
      </trkpt>
      <trkpt lat="50.583799" lon="17.734158">
        <ele>199.139147</ele>
        <time>2025-08-25T03:13:19.757Z</time>
      </trkpt>
      <trkpt lat="50.584601" lon="17.732899">
        <ele>198.792449</ele>
        <time>2025-08-25T03:13:47.544Z</time>
      </trkpt>
      <trkpt lat="50.585306" lon="17.731828">
        <ele>198.393430</ele>
        <time>2025-08-25T03:14:10.348Z</time>
      </trkpt>
      <trkpt lat="50.585542" lon="17.731460">
        <ele>198.213273</ele>
        <time>2025-08-25T03:14:17.707Z</time>
      </trkpt>
      <trkpt lat="50.586474" lon="17.729992">
        <ele>197.645404</ele>
        <time>2025-08-25T03:14:48.567Z</time>
      </trkpt>
      <trkpt lat="50.587195" lon="17.728856">
        <ele>197.646019</ele>
        <time>2025-08-25T03:15:15.841Z</time>
      </trkpt>
      <trkpt lat="50.590610" lon="17.723492">
        <ele>196.404418</ele>
        <time>2025-08-25T03:17:11.481Z</time>
      </trkpt>
      <trkpt lat="50.593517" lon="17.718931">
        <ele>194.066952</ele>
        <time>2025-08-25T03:18:46.560Z</time>
      </trkpt>
      <trkpt lat="50.594342" lon="17.717648">
        <ele>193.485536</ele>
        <time>2025-08-25T03:19:12.461Z</time>
      </trkpt>
      <trkpt lat="50.595407" lon="17.716005">
        <ele>193.165497</ele>
        <time>2025-08-25T03:19:49.217Z</time>
      </trkpt>
      <trkpt lat="50.596176" lon="17.714826">
        <ele>193.395746</ele>
        <time>2025-08-25T03:20:19.671Z</time>
      </trkpt>
      <trkpt lat="50.598765" lon="17.710853">
        <ele>191.680670</ele>
        <time>2025-08-25T03:21:43.957Z</time>
      </trkpt>
      <trkpt lat="50.598874" lon="17.710684">
        <ele>191.575723</ele>
        <time>2025-08-25T03:21:47.367Z</time>
      </trkpt>
      <trkpt lat="50.599621" lon="17.709528">
        <ele>190.793142</ele>
        <time>2025-08-25T03:22:10.219Z</time>
      </trkpt>
      <trkpt lat="50.600303" lon="17.708457">
        <ele>190.052014</ele>
        <time>2025-08-25T03:22:31.962Z</time>
      </trkpt>
      <trkpt lat="50.601724" lon="17.706217">
        <ele>191.334865</ele>
        <time>2025-08-25T03:23:29.888Z</time>
      </trkpt>
      <trkpt lat="50.603021" lon="17.704220">
        <ele>192.442360</ele>
        <time>2025-08-25T03:24:24.898Z</time>
      </trkpt>
      <trkpt lat="50.602088" lon="17.701449">
        <ele>189.622535</ele>
        <time>2025-08-25T03:25:06.227Z</time>
      </trkpt>
      <trkpt lat="50.601920" lon="17.700963">
        <ele>189.117933</ele>
        <time>2025-08-25T03:25:17.402Z</time>
      </trkpt>
      <trkpt lat="50.601785" lon="17.700591">
        <ele>188.727208</ele>
        <time>2025-08-25T03:25:26.406Z</time>
      </trkpt>
      <trkpt lat="50.601617" lon="17.699752">
        <ele>187.925024</ele>
        <time>2025-08-25T03:25:45.588Z</time>
      </trkpt>
      <trkpt lat="50.601543" lon="17.699233">
        <ele>187.412864</ele>
        <time>2025-08-25T03:25:53.480Z</time>
      </trkpt>
      <trkpt lat="50.601464" lon="17.698920">
        <ele>187.024046</ele>
        <time>2025-08-25T03:25:58.608Z</time>
      </trkpt>
      <trkpt lat="50.601279" lon="17.698407">
        <ele>186.342976</ele>
        <time>2025-08-25T03:26:07.490Z</time>
      </trkpt>
      <trkpt lat="50.601046" lon="17.697593">
        <ele>185.312229</ele>
        <time>2025-08-25T03:26:19.810Z</time>
      </trkpt>
      <trkpt lat="50.600891" lon="17.697140">
        <ele>184.718179</ele>
        <time>2025-08-25T03:26:26.205Z</time>
      </trkpt>
      <trkpt lat="50.600455" lon="17.694968">
        <ele>179.965626</ele>
        <time>2025-08-25T03:26:52.923Z</time>
      </trkpt>
      <trkpt lat="50.600281" lon="17.694295">
        <ele>178.310767</ele>
        <time>2025-08-25T03:27:01.810Z</time>
      </trkpt>
      <trkpt lat="50.600101" lon="17.693836">
        <ele>177.504318</ele>
        <time>2025-08-25T03:27:08.644Z</time>
      </trkpt>
      <trkpt lat="50.599542" lon="17.692633">
        <ele>176.057645</ele>
        <time>2025-08-25T03:27:28.867Z</time>
      </trkpt>
      <trkpt lat="50.599436" lon="17.692298">
        <ele>175.694432</ele>
        <time>2025-08-25T03:27:34.084Z</time>
      </trkpt>
      <trkpt lat="50.599395" lon="17.691969">
        <ele>175.369096</ele>
        <time>2025-08-25T03:27:38.844Z</time>
      </trkpt>
      <trkpt lat="50.599235" lon="17.690551">
        <ele>174.491461</ele>
        <time>2025-08-25T03:28:00.152Z</time>
      </trkpt>
      <trkpt lat="50.599061" lon="17.689027">
        <ele>173.701257</ele>
        <time>2025-08-25T03:28:22.233Z</time>
      </trkpt>
      <trkpt lat="50.598909" lon="17.687804">
        <ele>173.502879</ele>
        <time>2025-08-25T03:28:39.931Z</time>
      </trkpt>
      <trkpt lat="50.598844" lon="17.687562">
        <ele>173.474166</ele>
        <time>2025-08-25T03:28:43.776Z</time>
      </trkpt>
      <trkpt lat="50.598447" lon="17.686126">
        <ele>173.351246</ele>
        <time>2025-08-25T03:29:09.648Z</time>
      </trkpt>
      <trkpt lat="50.598375" lon="17.685806">
        <ele>173.503334</ele>
        <time>2025-08-25T03:29:16.525Z</time>
      </trkpt>
      <trkpt lat="50.598378" lon="17.685593">
        <ele>173.598774</ele>
        <time>2025-08-25T03:29:20.881Z</time>
      </trkpt>
      <trkpt lat="50.598475" lon="17.683961">
        <ele>174.333051</ele>
        <time>2025-08-25T03:29:52.300Z</time>
      </trkpt>
      <trkpt lat="50.598563" lon="17.682629">
        <ele>173.974909</ele>
        <time>2025-08-25T03:30:13.015Z</time>
      </trkpt>
      <trkpt lat="50.598919" lon="17.680287">
        <ele>171.958777</ele>
        <time>2025-08-25T03:30:45.256Z</time>
      </trkpt>
      <trkpt lat="50.598916" lon="17.680148">
        <ele>171.792321</ele>
        <time>2025-08-25T03:30:47.025Z</time>
      </trkpt>
      <trkpt lat="50.598681" lon="17.679516">
        <ele>170.915693</ele>
        <time>2025-08-25T03:30:56.367Z</time>
      </trkpt>
      <trkpt lat="50.598415" lon="17.678848">
        <ele>169.971905</ele>
        <time>2025-08-25T03:31:06.550Z</time>
      </trkpt>
      <trkpt lat="50.597946" lon="17.677658">
        <ele>168.896575</ele>
        <time>2025-08-25T03:31:25.741Z</time>
      </trkpt>
      <trkpt lat="50.597105" lon="17.675577">
        <ele>168.527889</ele>
        <time>2025-08-25T03:32:05.320Z</time>
      </trkpt>
      <trkpt lat="50.597086" lon="17.675459">
        <ele>168.535846</ele>
        <time>2025-08-25T03:32:07.337Z</time>
      </trkpt>
      <trkpt lat="50.597136" lon="17.674781">
        <ele>168.580457</ele>
        <time>2025-08-25T03:32:18.652Z</time>
      </trkpt>
      <trkpt lat="50.595510" lon="17.673014">
        <ele>168.414647</ele>
        <time>2025-08-25T03:33:07.471Z</time>
      </trkpt>
      <trkpt lat="50.595204" lon="17.672704">
        <ele>168.289545</ele>
        <time>2025-08-25T03:33:15.837Z</time>
      </trkpt>
      <trkpt lat="50.595147" lon="17.672606">
        <ele>168.260532</ele>
        <time>2025-08-25T03:33:17.785Z</time>
      </trkpt>
      <trkpt lat="50.595391" lon="17.671660">
        <ele>168.108248</ele>
        <time>2025-08-25T03:33:32.680Z</time>
      </trkpt>
      <trkpt lat="50.595548" lon="17.671173">
        <ele>168.186434</ele>
        <time>2025-08-25T03:33:40.805Z</time>
      </trkpt>
      <trkpt lat="50.595866" lon="17.670345">
        <ele>168.324961</ele>
        <time>2025-08-25T03:33:56.352Z</time>
      </trkpt>
      <trkpt lat="50.596035" lon="17.669867">
        <ele>168.403281</ele>
        <time>2025-08-25T03:34:06.304Z</time>
      </trkpt>
      <trkpt lat="50.596090" lon="17.669155">
        <ele>168.495734</ele>
        <time>2025-08-25T03:34:20.050Z</time>
      </trkpt>
      <trkpt lat="50.596126" lon="17.668761">
        <ele>168.523716</ele>
        <time>2025-08-25T03:34:30.704Z</time>
      </trkpt>
      <trkpt lat="50.596196" lon="17.668240">
        <ele>168.561152</ele>
        <time>2025-08-25T03:34:39.546Z</time>
      </trkpt>
      <trkpt lat="50.596015" lon="17.667386">
        <ele>168.624443</ele>
        <time>2025-08-25T03:34:52.868Z</time>
      </trkpt>
      <trkpt lat="50.595887" lon="17.666737">
        <ele>168.672217</ele>
        <time>2025-08-25T03:35:02.251Z</time>
      </trkpt>
      <trkpt lat="50.595741" lon="17.665651">
        <ele>168.260282</ele>
        <time>2025-08-25T03:35:17.026Z</time>
      </trkpt>
      <trkpt lat="50.595638" lon="17.665264">
        <ele>168.068076</ele>
        <time>2025-08-25T03:35:22.617Z</time>
      </trkpt>
      <trkpt lat="50.595455" lon="17.664811">
        <ele>167.822137</ele>
        <time>2025-08-25T03:35:29.993Z</time>
      </trkpt>
      <trkpt lat="50.595328" lon="17.664563">
        <ele>167.676191</ele>
        <time>2025-08-25T03:35:34.374Z</time>
      </trkpt>
      <trkpt lat="50.595214" lon="17.664407">
        <ele>167.567235</ele>
        <time>2025-08-25T03:35:37.620Z</time>
      </trkpt>
      <trkpt lat="50.594729" lon="17.664102">
        <ele>167.198551</ele>
        <time>2025-08-25T03:35:48.751Z</time>
      </trkpt>
      <trkpt lat="50.594628" lon="17.663990">
        <ele>167.113105</ele>
        <time>2025-08-25T03:35:51.387Z</time>
      </trkpt>
      <trkpt lat="50.594366" lon="17.663493">
        <ele>166.829405</ele>
        <time>2025-08-25T03:36:00.075Z</time>
      </trkpt>
      <trkpt lat="50.594261" lon="17.663258">
        <ele>166.703205</ele>
        <time>2025-08-25T03:36:03.949Z</time>
      </trkpt>
      <trkpt lat="50.594175" lon="17.663065">
        <ele>166.599653</ele>
        <time>2025-08-25T03:36:07.142Z</time>
      </trkpt>
      <trkpt lat="50.594111" lon="17.662697">
        <ele>166.432091</ele>
        <time>2025-08-25T03:36:12.278Z</time>
      </trkpt>
      <trkpt lat="50.594011" lon="17.661857">
        <ele>166.171398</ele>
        <time>2025-08-25T03:36:23.801Z</time>
      </trkpt>
      <trkpt lat="50.593973" lon="17.661734">
        <ele>166.191190</ele>
        <time>2025-08-25T03:36:25.737Z</time>
      </trkpt>
      <trkpt lat="50.593797" lon="17.661429">
        <ele>166.250828</ele>
        <time>2025-08-25T03:36:31.774Z</time>
      </trkpt>
      <trkpt lat="50.593482" lon="17.660988">
        <ele>166.346881</ele>
        <time>2025-08-25T03:36:42.606Z</time>
      </trkpt>
      <trkpt lat="50.593237" lon="17.660568">
        <ele>166.429412</ele>
        <time>2025-08-25T03:36:52.133Z</time>
      </trkpt>
      <trkpt lat="50.593076" lon="17.659879">
        <ele>166.535643</ele>
        <time>2025-08-25T03:37:03.555Z</time>
      </trkpt>
      <trkpt lat="50.592844" lon="17.659326">
        <ele>166.563558</ele>
        <time>2025-08-25T03:37:14.594Z</time>
      </trkpt>
      <trkpt lat="50.592707" lon="17.659561">
        <ele>166.569791</ele>
        <time>2025-08-25T03:37:20.160Z</time>
      </trkpt>
      <trkpt lat="50.592579" lon="17.659679">
        <ele>166.574354</ele>
        <time>2025-08-25T03:37:24.371Z</time>
      </trkpt>
      <trkpt lat="50.592397" lon="17.659774">
        <ele>166.580254</ele>
        <time>2025-08-25T03:37:29.428Z</time>
      </trkpt>
      <trkpt lat="50.592298" lon="17.659746">
        <ele>166.583349</ele>
        <time>2025-08-25T03:37:31.883Z</time>
      </trkpt>
      <trkpt lat="50.591572" lon="17.659153">
        <ele>166.602857</ele>
        <time>2025-08-25T03:37:49.563Z</time>
      </trkpt>
      <trkpt lat="50.591487" lon="17.659373">
        <ele>166.479560</ele>
        <time>2025-08-25T03:37:52.985Z</time>
      </trkpt>
      <trkpt lat="50.591192" lon="17.660968">
        <ele>165.684205</ele>
        <time>2025-08-25T03:38:15.030Z</time>
      </trkpt>
      <trkpt lat="50.591090" lon="17.661183">
        <ele>165.555707</ele>
        <time>2025-08-25T03:38:18.590Z</time>
      </trkpt>
      <trkpt lat="50.590974" lon="17.661371">
        <ele>165.430194</ele>
        <time>2025-08-25T03:38:24.387Z</time>
      </trkpt>
      <trkpt lat="50.590901" lon="17.661462">
        <ele>165.359990</ele>
        <time>2025-08-25T03:38:26.429Z</time>
      </trkpt>
      <trkpt lat="50.590514" lon="17.662017">
        <ele>165.179981</ele>
        <time>2025-08-25T03:38:38.055Z</time>
      </trkpt>
      <trkpt lat="50.590223" lon="17.662536">
        <ele>165.096793</ele>
        <time>2025-08-25T03:38:48.347Z</time>
      </trkpt>
      <trkpt lat="50.589791" lon="17.663517">
        <ele>164.953359</ele>
        <time>2025-08-25T03:39:05.425Z</time>
      </trkpt>
      <trkpt lat="50.589732" lon="17.663607">
        <ele>164.937816</ele>
        <time>2025-08-25T03:39:08.404Z</time>
      </trkpt>
      <trkpt lat="50.588767" lon="17.665092">
        <ele>165.010341</ele>
        <time>2025-08-25T03:39:58.309Z</time>
      </trkpt>
      <trkpt lat="50.585580" lon="17.670228">
        <ele>167.057298</ele>
        <time>2025-08-25T03:42:56.620Z</time>
      </trkpt>
      <trkpt lat="50.580863" lon="17.677722">
        <ele>175.082127</ele>
        <time>2025-08-25T03:47:47.408Z</time>
      </trkpt>
      <trkpt lat="50.579722" lon="17.679671">
        <ele>177.270865</ele>
        <time>2025-08-25T03:48:56.737Z</time>
      </trkpt>
      <trkpt lat="50.579506" lon="17.679981">
        <ele>177.778043</ele>
        <time>2025-08-25T03:49:11.319Z</time>
      </trkpt>
      <trkpt lat="50.579217" lon="17.680391">
        <ele>179.148395</ele>
        <time>2025-08-25T03:49:32.138Z</time>
      </trkpt>
      <trkpt lat="50.579119" lon="17.680488">
        <ele>179.556176</ele>
        <time>2025-08-25T03:49:38.701Z</time>
      </trkpt>
      <trkpt lat="50.578628" lon="17.680868">
        <ele>181.483550</ele>
        <time>2025-08-25T03:50:10.663Z</time>
      </trkpt>
      <trkpt lat="50.578068" lon="17.681220">
        <ele>183.607755</ele>
        <time>2025-08-25T03:50:45.728Z</time>
      </trkpt>
      <trkpt lat="50.577294" lon="17.681404">
        <ele>184.942004</ele>
        <time>2025-08-25T03:51:25.930Z</time>
      </trkpt>
      <trkpt lat="50.577293" lon="17.681085">
        <ele>185.240962</ele>
        <time>2025-08-25T03:51:32.216Z</time>
      </trkpt>
      <trkpt lat="50.577371" lon="17.680430">
        <ele>185.865503</ele>
        <time>2025-08-25T03:51:43.619Z</time>
      </trkpt>
      <trkpt lat="50.577638" lon="17.679016">
        <ele>186.355693</ele>
        <time>2025-08-25T03:52:04.517Z</time>
      </trkpt>
      <trkpt lat="50.577653" lon="17.678623">
        <ele>186.238868</ele>
        <time>2025-08-25T03:52:09.771Z</time>
      </trkpt>
      <trkpt lat="50.577625" lon="17.678039">
        <ele>186.065085</ele>
        <time>2025-08-25T03:52:17.680Z</time>
      </trkpt>
      <trkpt lat="50.577597" lon="17.676452">
        <ele>185.614990</ele>
        <time>2025-08-25T03:52:39.881Z</time>
      </trkpt>
      <trkpt lat="50.577829" lon="17.674879">
        <ele>185.209882</ele>
        <time>2025-08-25T03:53:02.769Z</time>
      </trkpt>
      <trkpt lat="50.577856" lon="17.674391">
        <ele>185.086998</ele>
        <time>2025-08-25T03:53:09.711Z</time>
      </trkpt>
      <trkpt lat="50.577792" lon="17.673467">
        <ele>184.704945</ele>
        <time>2025-08-25T03:53:22.442Z</time>
      </trkpt>
      <trkpt lat="50.577684" lon="17.672550">
        <ele>184.260471</ele>
        <time>2025-08-25T03:53:34.887Z</time>
      </trkpt>
      <trkpt lat="50.577637" lon="17.672214">
        <ele>184.096502</ele>
        <time>2025-08-25T03:53:39.436Z</time>
      </trkpt>
      <trkpt lat="50.577554" lon="17.671839">
        <ele>183.907241</ele>
        <time>2025-08-25T03:53:44.663Z</time>
      </trkpt>
      <trkpt lat="50.577100" lon="17.670386">
        <ele>183.458112</ele>
        <time>2025-08-25T03:54:06.834Z</time>
      </trkpt>
      <trkpt lat="50.575825" lon="17.668873">
        <ele>182.516841</ele>
        <time>2025-08-25T03:54:44.108Z</time>
      </trkpt>
      <trkpt lat="50.575023" lon="17.667821">
        <ele>181.249668</ele>
        <time>2025-08-25T03:55:04.793Z</time>
      </trkpt>
      <trkpt lat="50.574925" lon="17.667649">
        <ele>181.071515</ele>
        <time>2025-08-25T03:55:07.526Z</time>
      </trkpt>
      <trkpt lat="50.574687" lon="17.666874">
        <ele>180.182413</ele>
        <time>2025-08-25T03:55:17.890Z</time>
      </trkpt>
      <trkpt lat="50.574626" lon="17.666398">
        <ele>179.652862</ele>
        <time>2025-08-25T03:55:23.849Z</time>
      </trkpt>
      <trkpt lat="50.574647" lon="17.666027">
        <ele>179.246674</ele>
        <time>2025-08-25T03:55:28.426Z</time>
      </trkpt>
      <trkpt lat="50.574841" lon="17.664674">
        <ele>177.841781</ele>
        <time>2025-08-25T03:55:45.821Z</time>
      </trkpt>
      <trkpt lat="50.574857" lon="17.664370">
        <ele>177.786813</ele>
        <time>2025-08-25T03:55:49.854Z</time>
      </trkpt>
      <trkpt lat="50.574892" lon="17.663996">
        <ele>177.718690</ele>
        <time>2025-08-25T03:55:56.431Z</time>
      </trkpt>
      <trkpt lat="50.574879" lon="17.663688">
        <ele>177.663066</ele>
        <time>2025-08-25T03:56:01.873Z</time>
      </trkpt>
      <trkpt lat="50.575047" lon="17.663159">
        <ele>177.556486</ele>
        <time>2025-08-25T03:56:10.281Z</time>
      </trkpt>
      <trkpt lat="50.575359" lon="17.662469">
        <ele>177.403852</ele>
        <time>2025-08-25T03:56:23.379Z</time>
      </trkpt>
      <trkpt lat="50.575708" lon="17.661911">
        <ele>177.548364</ele>
        <time>2025-08-25T03:56:37.065Z</time>
      </trkpt>
      <trkpt lat="50.575708" lon="17.661911">
        <ele>177.548364</ele>
        <time>2025-08-25T03:56:37.075Z</time>
      </trkpt>
      <trkpt lat="50.575943" lon="17.661597">
        <ele>177.738407</ele>
        <time>2025-08-25T03:56:45.678Z</time>
      </trkpt>
      <trkpt lat="50.576310" lon="17.661232">
        <ele>178.006063</ele>
        <time>2025-08-25T03:56:57.516Z</time>
      </trkpt>
      <trkpt lat="50.577109" lon="17.660378">
        <ele>178.405779</ele>
        <time>2025-08-25T03:57:22.157Z</time>
      </trkpt>
      <trkpt lat="50.577188" lon="17.660339">
        <ele>178.385298</ele>
        <time>2025-08-25T03:57:24.186Z</time>
      </trkpt>
      <trkpt lat="50.577228" lon="17.660173">
        <ele>178.357406</ele>
        <time>2025-08-25T03:57:26.887Z</time>
      </trkpt>
      <trkpt lat="50.577755" lon="17.658240">
        <ele>178.026939</ele>
        <time>2025-08-25T03:57:56.474Z</time>
      </trkpt>
      <trkpt lat="50.577904" lon="17.657855">
        <ele>177.695141</ele>
        <time>2025-08-25T03:58:02.439Z</time>
      </trkpt>
      <trkpt lat="50.578051" lon="17.657579">
        <ele>177.395507</ele>
        <time>2025-08-25T03:58:07.176Z</time>
      </trkpt>
      <trkpt lat="50.578230" lon="17.657363">
        <ele>177.100117</ele>
        <time>2025-08-25T03:58:11.813Z</time>
      </trkpt>
      <trkpt lat="50.578491" lon="17.657139">
        <ele>176.710766</ele>
        <time>2025-08-25T03:58:17.841Z</time>
      </trkpt>
      <trkpt lat="50.578953" lon="17.656849">
        <ele>176.059305</ele>
        <time>2025-08-25T03:58:27.707Z</time>
      </trkpt>
      <trkpt lat="50.579316" lon="17.656483">
        <ele>175.432377</ele>
        <time>2025-08-25T03:58:36.063Z</time>
      </trkpt>
      <trkpt lat="50.579471" lon="17.656287">
        <ele>175.074316</ele>
        <time>2025-08-25T03:58:39.898Z</time>
      </trkpt>
      <trkpt lat="50.579852" lon="17.655697">
        <ele>174.111830</ele>
        <time>2025-08-25T03:58:50.163Z</time>
      </trkpt>
      <trkpt lat="50.580028" lon="17.655484">
        <ele>173.712011</ele>
        <time>2025-08-25T03:58:54.408Z</time>
      </trkpt>
      <trkpt lat="50.580343" lon="17.655120">
        <ele>173.008257</ele>
        <time>2025-08-25T03:59:01.920Z</time>
      </trkpt>
      <trkpt lat="50.580396" lon="17.655065">
        <ele>172.893928</ele>
        <time>2025-08-25T03:59:03.143Z</time>
      </trkpt>
      <trkpt lat="50.580538" lon="17.654916">
        <ele>172.586576</ele>
        <time>2025-08-25T03:59:06.509Z</time>
      </trkpt>
      <trkpt lat="50.580818" lon="17.654624">
        <ele>172.342190</ele>
        <time>2025-08-25T03:59:13.315Z</time>
      </trkpt>
      <trkpt lat="50.580897" lon="17.654541">
        <ele>172.311471</ele>
        <time>2025-08-25T03:59:15.299Z</time>
      </trkpt>
      <trkpt lat="50.581026" lon="17.654404">
        <ele>172.261142</ele>
        <time>2025-08-25T03:59:18.667Z</time>
      </trkpt>
      <trkpt lat="50.581023" lon="17.654176">
        <ele>172.214301</ele>
        <time>2025-08-25T03:59:21.848Z</time>
      </trkpt>
      <trkpt lat="50.581145" lon="17.653614">
        <ele>172.092308</ele>
        <time>2025-08-25T03:59:30.372Z</time>
      </trkpt>
      <trkpt lat="50.581251" lon="17.653148">
        <ele>171.990636</ele>
        <time>2025-08-25T03:59:37.706Z</time>
      </trkpt>
      <trkpt lat="50.581353" lon="17.652463">
        <ele>171.846123</ele>
        <time>2025-08-25T03:59:48.836Z</time>
      </trkpt>
      <trkpt lat="50.581407" lon="17.651748">
        <ele>172.086915</ele>
        <time>2025-08-25T04:00:00.667Z</time>
      </trkpt>
      <trkpt lat="50.581404" lon="17.651193">
        <ele>172.287016</ele>
        <time>2025-08-25T04:00:09.926Z</time>
      </trkpt>
      <trkpt lat="50.581368" lon="17.650723">
        <ele>172.457693</ele>
        <time>2025-08-25T04:00:17.819Z</time>
      </trkpt>
      <trkpt lat="50.581227" lon="17.650199">
        <ele>172.662874</ele>
        <time>2025-08-25T04:00:27.282Z</time>
      </trkpt>
      <trkpt lat="50.581209" lon="17.649913">
        <ele>172.766491</ele>
        <time>2025-08-25T04:00:32.066Z</time>
      </trkpt>
      <trkpt lat="50.581353" lon="17.647716">
        <ele>173.637569</ele>
        <time>2025-08-25T04:01:08.601Z</time>
      </trkpt>
      <trkpt lat="50.581421" lon="17.646638">
        <ele>174.047056</ele>
        <time>2025-08-25T04:01:26.984Z</time>
      </trkpt>
      <trkpt lat="50.581453" lon="17.646245">
        <ele>174.159882</ele>
        <time>2025-08-25T04:01:33.648Z</time>
      </trkpt>
      <trkpt lat="50.581442" lon="17.645938">
        <ele>174.247442</ele>
        <time>2025-08-25T04:01:38.806Z</time>
      </trkpt>
      <trkpt lat="50.581491" lon="17.645645">
        <ele>174.333720</ele>
        <time>2025-08-25T04:01:46.544Z</time>
      </trkpt>
      <trkpt lat="50.581586" lon="17.644140">
        <ele>174.764391</ele>
        <time>2025-08-25T04:02:24.255Z</time>
      </trkpt>
      <trkpt lat="50.581651" lon="17.643481">
        <ele>174.724744</ele>
        <time>2025-08-25T04:02:39.995Z</time>
      </trkpt>
      <trkpt lat="50.581778" lon="17.641275">
        <ele>174.434313</ele>
        <time>2025-08-25T04:03:30.955Z</time>
      </trkpt>
      <trkpt lat="50.581774" lon="17.640651">
        <ele>174.229885</ele>
        <time>2025-08-25T04:03:45.072Z</time>
      </trkpt>
      <trkpt lat="50.581800" lon="17.637784">
        <ele>173.239561</ele>
        <time>2025-08-25T04:04:49.659Z</time>
      </trkpt>
      <trkpt lat="50.581789" lon="17.635451">
        <ele>172.508700</ele>
        <time>2025-08-25T04:05:42.387Z</time>
      </trkpt>
      <trkpt lat="50.581856" lon="17.635096">
        <ele>172.497997</ele>
        <time>2025-08-25T04:05:50.883Z</time>
      </trkpt>
      <trkpt lat="50.581959" lon="17.634769">
        <ele>172.487448</ele>
        <time>2025-08-25T04:05:59.318Z</time>
      </trkpt>
      <trkpt lat="50.582012" lon="17.634675">
        <ele>172.483815</ele>
        <time>2025-08-25T04:06:02.233Z</time>
      </trkpt>
      <trkpt lat="50.582166" lon="17.634687">
        <ele>172.476797</ele>
        <time>2025-08-25T04:06:07.871Z</time>
      </trkpt>
      <trkpt lat="50.583032" lon="17.634991">
        <ele>172.436416</ele>
        <time>2025-08-25T04:06:41.127Z</time>
      </trkpt>
      <trkpt lat="50.583595" lon="17.635153">
        <ele>172.490214</ele>
        <time>2025-08-25T04:07:03.135Z</time>
      </trkpt>
      <trkpt lat="50.583744" lon="17.635125">
        <ele>172.511824</ele>
        <time>2025-08-25T04:07:08.914Z</time>
      </trkpt>
      <trkpt lat="50.584712" lon="17.632463">
        <ele>172.688246</ele>
        <time>2025-08-25T04:08:22.428Z</time>
      </trkpt>
      <trkpt lat="50.585235" lon="17.631177">
        <ele>172.687810</ele>
        <time>2025-08-25T04:08:58.736Z</time>
      </trkpt>
      <trkpt lat="50.585400" lon="17.630695">
        <ele>172.358478</ele>
        <time>2025-08-25T04:09:11.402Z</time>
      </trkpt>
      <trkpt lat="50.585747" lon="17.629671">
        <ele>171.343941</ele>
        <time>2025-08-25T04:09:36.424Z</time>
      </trkpt>
      <trkpt lat="50.586140" lon="17.628064">
        <ele>170.063596</ele>
        <time>2025-08-25T04:10:11.820Z</time>
      </trkpt>
      <trkpt lat="50.586310" lon="17.627562">
        <ele>169.866135</ele>
        <time>2025-08-25T04:10:23.617Z</time>
      </trkpt>
      <trkpt lat="50.586631" lon="17.626776">
        <ele>169.541780</ele>
        <time>2025-08-25T04:10:44.591Z</time>
      </trkpt>
      <trkpt lat="50.587046" lon="17.625585">
        <ele>169.565718</ele>
        <time>2025-08-25T04:11:21.387Z</time>
      </trkpt>
      <trkpt lat="50.587395" lon="17.624744">
        <ele>170.308981</ele>
        <time>2025-08-25T04:11:49.335Z</time>
      </trkpt>
      <trkpt lat="50.587811" lon="17.624000">
        <ele>171.042385</ele>
        <time>2025-08-25T04:12:16.500Z</time>
      </trkpt>
      <trkpt lat="50.587924" lon="17.623755">
        <ele>171.266405</ele>
        <time>2025-08-25T04:12:24.700Z</time>
      </trkpt>
      <trkpt lat="50.588536" lon="17.623038">
        <ele>171.829424</ele>
        <time>2025-08-25T04:12:56.817Z</time>
      </trkpt>
      <trkpt lat="50.588869" lon="17.622287">
        <ele>172.241431</ele>
        <time>2025-08-25T04:13:20.688Z</time>
      </trkpt>
      <trkpt lat="50.589151" lon="17.621618">
        <ele>172.593691</ele>
        <time>2025-08-25T04:13:40.662Z</time>
      </trkpt>
      <trkpt lat="50.589213" lon="17.621330">
        <ele>172.436542</ele>
        <time>2025-08-25T04:13:47.832Z</time>
      </trkpt>
      <trkpt lat="50.589232" lon="17.621007">
        <ele>172.268915</ele>
        <time>2025-08-25T04:13:55.253Z</time>
      </trkpt>
      <trkpt lat="50.589201" lon="17.620643">
        <ele>172.079132</ele>
        <time>2025-08-25T04:14:03.413Z</time>
      </trkpt>
      <trkpt lat="50.589519" lon="17.620444">
        <ele>171.800617</ele>
        <time>2025-08-25T04:14:15.172Z</time>
      </trkpt>
      <trkpt lat="50.590161" lon="17.620112">
        <ele>171.250622</ele>
        <time>2025-08-25T04:14:38.002Z</time>
      </trkpt>
      <trkpt lat="50.590407" lon="17.620026">
        <ele>170.999420</ele>
        <time>2025-08-25T04:14:46.564Z</time>
      </trkpt>
      <trkpt lat="50.590562" lon="17.620051">
        <ele>170.806868</ele>
        <time>2025-08-25T04:14:51.888Z</time>
      </trkpt>
      <trkpt lat="50.590832" lon="17.620192">
        <ele>170.455340</ele>
        <time>2025-08-25T04:15:01.578Z</time>
      </trkpt>
      <trkpt lat="50.591020" lon="17.620199">
        <ele>170.222942</ele>
        <time>2025-08-25T04:15:08.027Z</time>
      </trkpt>
      <trkpt lat="50.591547" lon="17.620079">
        <ele>169.564901</ele>
        <time>2025-08-25T04:15:26.427Z</time>
      </trkpt>
      <trkpt lat="50.592845" lon="17.619363">
        <ele>168.311883</ele>
        <time>2025-08-25T04:16:12.491Z</time>
      </trkpt>
      <trkpt lat="50.593125" lon="17.619005">
        <ele>168.056421</ele>
        <time>2025-08-25T04:16:24.733Z</time>
      </trkpt>
      <trkpt lat="50.593236" lon="17.618854">
        <ele>167.952528</ele>
        <time>2025-08-25T04:16:29.888Z</time>
      </trkpt>
      <trkpt lat="50.593629" lon="17.617722">
        <ele>168.437163</ele>
        <time>2025-08-25T04:17:02.432Z</time>
      </trkpt>
      <trkpt lat="50.593846" lon="17.616796">
        <ele>169.775395</ele>
        <time>2025-08-25T04:17:34.610Z</time>
      </trkpt>
      <trkpt lat="50.593942" lon="17.616248">
        <ele>170.546113</ele>
        <time>2025-08-25T04:17:53.787Z</time>
      </trkpt>
      <trkpt lat="50.594011" lon="17.615648">
        <ele>171.372798</ele>
        <time>2025-08-25T04:18:13.711Z</time>
      </trkpt>
      <trkpt lat="50.594016" lon="17.614932">
        <ele>172.040178</ele>
        <time>2025-08-25T04:18:35.394Z</time>
      </trkpt>
      <trkpt lat="50.594166" lon="17.613335">
        <ele>173.460968</ele>
        <time>2025-08-25T04:19:17.847Z</time>
      </trkpt>
      <trkpt lat="50.594153" lon="17.612406">
        <ele>174.287940</ele>
        <time>2025-08-25T04:19:42.810Z</time>
      </trkpt>
      <trkpt lat="50.594315" lon="17.612525">
        <ele>174.543177</ele>
        <time>2025-08-25T04:19:50.833Z</time>
      </trkpt>
      <trkpt lat="50.594482" lon="17.612582">
        <ele>174.787172</ele>
        <time>2025-08-25T04:19:58.634Z</time>
      </trkpt>
      <trkpt lat="50.596063" lon="17.612310">
        <ele>176.418588</ele>
        <time>2025-08-25T04:21:10.563Z</time>
      </trkpt>
      <trkpt lat="50.596715" lon="17.612063">
        <ele>176.192546</ele>
        <time>2025-08-25T04:21:34.750Z</time>
      </trkpt>
      <trkpt lat="50.597018" lon="17.611856">
        <ele>176.081220</ele>
        <time>2025-08-25T04:21:45.955Z</time>
      </trkpt>
      <trkpt lat="50.597592" lon="17.611263">
        <ele>175.669075</ele>
        <time>2025-08-25T04:22:08.796Z</time>
      </trkpt>
      <trkpt lat="50.598025" lon="17.610750">
        <ele>175.096221</ele>
        <time>2025-08-25T04:22:27.328Z</time>
      </trkpt>
      <trkpt lat="50.598715" lon="17.610004">
        <ele>174.211368</ele>
        <time>2025-08-25T04:22:56.941Z</time>
      </trkpt>
      <trkpt lat="50.599436" lon="17.609314">
        <ele>173.174827</ele>
        <time>2025-08-25T04:23:25.296Z</time>
      </trkpt>
      <trkpt lat="50.599463" lon="17.609251">
        <ele>173.113469</ele>
        <time>2025-08-25T04:23:26.887Z</time>
      </trkpt>
      <trkpt lat="50.599563" lon="17.609111">
        <ele>172.943350</ele>
        <time>2025-08-25T04:23:31.320Z</time>
      </trkpt>
      <trkpt lat="50.599625" lon="17.609025">
        <ele>172.838304</ele>
        <time>2025-08-25T04:23:33.997Z</time>
      </trkpt>
      <trkpt lat="50.599911" lon="17.608454">
        <ele>172.251200</ele>
        <time>2025-08-25T04:23:49.195Z</time>
      </trkpt>
      <trkpt lat="50.600392" lon="17.607069">
        <ele>172.098360</ele>
        <time>2025-08-25T04:24:24.445Z</time>
      </trkpt>
      <trkpt lat="50.600807" lon="17.605753">
        <ele>172.643134</ele>
        <time>2025-08-25T04:25:05.431Z</time>
      </trkpt>
      <trkpt lat="50.600880" lon="17.605634">
        <ele>172.704487</ele>
        <time>2025-08-25T04:25:10.150Z</time>
      </trkpt>
      <trkpt lat="50.601397" lon="17.605183">
        <ele>172.993473</ele>
        <time>2025-08-25T04:25:35.797Z</time>
      </trkpt>
      <trkpt lat="50.601665" lon="17.604907">
        <ele>173.139072</ele>
        <time>2025-08-25T04:25:48.792Z</time>
      </trkpt>
      <trkpt lat="50.602839" lon="17.603789">
        <ele>173.464672</ele>
        <time>2025-08-25T04:26:39.861Z</time>
      </trkpt>
      <trkpt lat="50.604852" lon="17.602081">
        <ele>171.167419</ele>
        <time>2025-08-25T04:28:00.829Z</time>
      </trkpt>
      <trkpt lat="50.605454" lon="17.601585">
        <ele>169.811407</ele>
        <time>2025-08-25T04:28:22.076Z</time>
      </trkpt>
      <trkpt lat="50.605875" lon="17.601239">
        <ele>168.756391</ele>
        <time>2025-08-25T04:28:36.344Z</time>
      </trkpt>
      <trkpt lat="50.606746" lon="17.600483">
        <ele>166.147644</ele>
        <time>2025-08-25T04:29:06.696Z</time>
      </trkpt>
      <trkpt lat="50.606961" lon="17.600385">
        <ele>165.560482</ele>
        <time>2025-08-25T04:29:13.940Z</time>
      </trkpt>
      <trkpt lat="50.607160" lon="17.600339">
        <ele>165.032833</ele>
        <time>2025-08-25T04:29:20.561Z</time>
      </trkpt>
      <trkpt lat="50.607910" lon="17.600237">
        <ele>164.667144</ele>
        <time>2025-08-25T04:29:47.019Z</time>
      </trkpt>
      <trkpt lat="50.608472" lon="17.600228">
        <ele>164.853982</ele>
        <time>2025-08-25T04:30:09.329Z</time>
      </trkpt>
      <trkpt lat="50.608846" lon="17.600292">
        <ele>164.979043</ele>
        <time>2025-08-25T04:30:25.311Z</time>
      </trkpt>
      <trkpt lat="50.609299" lon="17.600405">
        <ele>165.334858</ele>
        <time>2025-08-25T04:30:45.694Z</time>
      </trkpt>
      <trkpt lat="50.610473" lon="17.600882">
        <ele>167.466364</ele>
        <time>2025-08-25T04:31:39.922Z</time>
      </trkpt>
      <trkpt lat="50.611497" lon="17.601126">
        <ele>169.852930</ele>
        <time>2025-08-25T04:32:30.906Z</time>
      </trkpt>
      <trkpt lat="50.611812" lon="17.601225">
        <ele>170.724616</ele>
        <time>2025-08-25T04:32:48.219Z</time>
      </trkpt>
      <trkpt lat="50.612639" lon="17.601491">
        <ele>173.015212</ele>
        <time>2025-08-25T04:33:33.607Z</time>
      </trkpt>
      <trkpt lat="50.613655" lon="17.601870">
        <ele>173.381245</ele>
        <time>2025-08-25T04:34:18.673Z</time>
      </trkpt>
      <trkpt lat="50.614993" lon="17.602449">
        <ele>173.582692</ele>
        <time>2025-08-25T04:35:05.051Z</time>
      </trkpt>
      <trkpt lat="50.615115" lon="17.602618">
        <ele>173.582692</ele>
        <time>2025-08-25T04:35:10.430Z</time>
      </trkpt>
      <trkpt lat="50.615675" lon="17.603724">
        <ele>173.582692</ele>
        <time>2025-08-25T04:35:41.072Z</time>
      </trkpt>
    </trkseg>
  </trk>
</gpx>