<?xml version="1.0" encoding="utf-8"?>
<gpx xmlns="http://www.topografix.com/GPX/1/1" version="1.1" creator="https://mapy.cz/">
	<trk>
		<name>ustawka propozycja 1</name>
		<trkseg>
			<trkpt lat="50.682502" lon="17.947424">
				<ele>176.000000</ele>
			</trkpt>
			<trkpt lat="50.682547" lon="17.947414">
				<ele>176.000000</ele>
			</trkpt>
			<trkpt lat="50.682639" lon="17.947405">
				<ele>176.000000</ele>
			</trkpt>
			<trkpt lat="50.682730" lon="17.947387">
				<ele>176.000000</ele>
			</trkpt>
			<trkpt lat="50.682918" lon="17.947361">
				<ele>176.000000</ele>
			</trkpt>
			<trkpt lat="50.682946" lon="17.947351">
				<ele>176.000000</ele>
			</trkpt>
			<trkpt lat="50.682963" lon="17.947324">
				<ele>176.000000</ele>
			</trkpt>
			<trkpt lat="50.682991" lon="17.947279">
				<ele>176.000000</ele>
			</trkpt>
			<trkpt lat="50.683151" lon="17.946875">
				<ele>177.000000</ele>
			</trkpt>
			<trkpt lat="50.683197" lon="17.946921">
				<ele>177.000000</ele>
			</trkpt>
			<trkpt lat="50.683219" lon="17.946938">
				<ele>177.000000</ele>
			</trkpt>
			<trkpt lat="50.683248" lon="17.946974">
				<ele>177.000000</ele>
			</trkpt>
			<trkpt lat="50.683293" lon="17.947009">
				<ele>177.000000</ele>
			</trkpt>
			<trkpt lat="50.683954" lon="17.947693">
				<ele>177.000000</ele>
			</trkpt>
			<trkpt lat="50.684727" lon="17.948492">
				<ele>177.000000</ele>
			</trkpt>
			<trkpt lat="50.685126" lon="17.948906">
				<ele>176.000000</ele>
			</trkpt>
			<trkpt lat="50.685547" lon="17.949336">
				<ele>175.000000</ele>
			</trkpt>
			<trkpt lat="50.685627" lon="17.949418">
				<ele>175.000000</ele>
			</trkpt>
			<trkpt lat="50.686224" lon="17.950028">
				<ele>174.000000</ele>
			</trkpt>
			<trkpt lat="50.686839" lon="17.950657">
				<ele>174.000000</ele>
			</trkpt>
			<trkpt lat="50.686862" lon="17.950684">
				<ele>173.000000</ele>
			</trkpt>
			<trkpt lat="50.686867" lon="17.950693">
				<ele>173.000000</ele>
			</trkpt>
			<trkpt lat="50.686873" lon="17.950720">
				<ele>173.000000</ele>
			</trkpt>
			<trkpt lat="50.686879" lon="17.950756">
				<ele>173.000000</ele>
			</trkpt>
			<trkpt lat="50.686873" lon="17.950791">
				<ele>173.000000</ele>
			</trkpt>
			<trkpt lat="50.686873" lon="17.950819">
				<ele>173.000000</ele>
			</trkpt>
			<trkpt lat="50.686862" lon="17.950854">
				<ele>173.000000</ele>
			</trkpt>
			<trkpt lat="50.686850" lon="17.950873">
				<ele>173.000000</ele>
			</trkpt>
			<trkpt lat="50.686828" lon="17.950909">
				<ele>173.000000</ele>
			</trkpt>
			<trkpt lat="50.686805" lon="17.950944">
				<ele>173.000000</ele>
			</trkpt>
			<trkpt lat="50.686793" lon="17.950963">
				<ele>173.000000</ele>
			</trkpt>
			<trkpt lat="50.686777" lon="17.950980">
				<ele>173.000000</ele>
			</trkpt>
			<trkpt lat="50.686628" lon="17.951097">
				<ele>173.000000</ele>
			</trkpt>
			<trkpt lat="50.686532" lon="17.951179">
				<ele>173.000000</ele>
			</trkpt>
			<trkpt lat="50.686384" lon="17.951303">
				<ele>173.000000</ele>
			</trkpt>
			<trkpt lat="50.686349" lon="17.951330">
				<ele>173.000000</ele>
			</trkpt>
			<trkpt lat="50.686048" lon="17.951636">
				<ele>173.000000</ele>
			</trkpt>
			<trkpt lat="50.685866" lon="17.951816">
				<ele>173.000000</ele>
			</trkpt>
			<trkpt lat="50.685843" lon="17.951833">
				<ele>173.000000</ele>
			</trkpt>
			<trkpt lat="50.685814" lon="17.951861">
				<ele>173.000000</ele>
			</trkpt>
			<trkpt lat="50.685513" lon="17.952121">
				<ele>173.000000</ele>
			</trkpt>
			<trkpt lat="50.685496" lon="17.952139">
				<ele>173.000000</ele>
			</trkpt>
			<trkpt lat="50.685473" lon="17.952166">
				<ele>173.000000</ele>
			</trkpt>
			<trkpt lat="50.685462" lon="17.952185">
				<ele>173.000000</ele>
			</trkpt>
			<trkpt lat="50.685445" lon="17.952202">
				<ele>173.000000</ele>
			</trkpt>
			<trkpt lat="50.685422" lon="17.952221">
				<ele>173.000000</ele>
			</trkpt>
			<trkpt lat="50.685393" lon="17.952248">
				<ele>173.000000</ele>
			</trkpt>
			<trkpt lat="50.685359" lon="17.952274">
				<ele>173.000000</ele>
			</trkpt>
			<trkpt lat="50.685320" lon="17.952311">
				<ele>173.000000</ele>
			</trkpt>
			<trkpt lat="50.685302" lon="17.952319">
				<ele>173.000000</ele>
			</trkpt>
			<trkpt lat="50.685285" lon="17.952328">
				<ele>173.000000</ele>
			</trkpt>
			<trkpt lat="50.685268" lon="17.952337">
				<ele>173.000000</ele>
			</trkpt>
			<trkpt lat="50.685251" lon="17.952345">
				<ele>173.000000</ele>
			</trkpt>
			<trkpt lat="50.685234" lon="17.952355">
				<ele>173.000000</ele>
			</trkpt>
			<trkpt lat="50.684989" lon="17.952561">
				<ele>173.000000</ele>
			</trkpt>
			<trkpt lat="50.684949" lon="17.952598">
				<ele>173.000000</ele>
			</trkpt>
			<trkpt lat="50.684927" lon="17.952615">
				<ele>173.000000</ele>
			</trkpt>
			<trkpt lat="50.684910" lon="17.952634">
				<ele>173.000000</ele>
			</trkpt>
			<trkpt lat="50.684887" lon="17.952661">
				<ele>173.000000</ele>
			</trkpt>
			<trkpt lat="50.684876" lon="17.952687">
				<ele>173.000000</ele>
			</trkpt>
			<trkpt lat="50.684853" lon="17.952724">
				<ele>173.000000</ele>
			</trkpt>
			<trkpt lat="50.684841" lon="17.952741">
				<ele>173.000000</ele>
			</trkpt>
			<trkpt lat="50.684824" lon="17.952768">
				<ele>173.000000</ele>
			</trkpt>
			<trkpt lat="50.684796" lon="17.952787">
				<ele>173.000000</ele>
			</trkpt>
			<trkpt lat="50.684648" lon="17.952911">
				<ele>173.000000</ele>
			</trkpt>
			<trkpt lat="50.684625" lon="17.952921">
				<ele>173.000000</ele>
			</trkpt>
			<trkpt lat="50.684602" lon="17.952938">
				<ele>173.000000</ele>
			</trkpt>
			<trkpt lat="50.684363" lon="17.953083">
				<ele>173.000000</ele>
			</trkpt>
			<trkpt lat="50.684267" lon="17.953145">
				<ele>173.000000</ele>
			</trkpt>
			<trkpt lat="50.684255" lon="17.953145">
				<ele>173.000000</ele>
			</trkpt>
			<trkpt lat="50.684244" lon="17.953145">
				<ele>173.000000</ele>
			</trkpt>
			<trkpt lat="50.684238" lon="17.953154">
				<ele>173.000000</ele>
			</trkpt>
			<trkpt lat="50.684210" lon="17.953173">
				<ele>173.000000</ele>
			</trkpt>
			<trkpt lat="50.684181" lon="17.953190">
				<ele>173.000000</ele>
			</trkpt>
			<trkpt lat="50.684164" lon="17.953200">
				<ele>173.000000</ele>
			</trkpt>
			<trkpt lat="50.684147" lon="17.953227">
				<ele>173.000000</ele>
			</trkpt>
			<trkpt lat="50.684124" lon="17.953244">
				<ele>173.000000</ele>
			</trkpt>
			<trkpt lat="50.684113" lon="17.953253">
				<ele>173.000000</ele>
			</trkpt>
			<trkpt lat="50.683726" lon="17.953550">
				<ele>173.000000</ele>
			</trkpt>
			<trkpt lat="50.683435" lon="17.953774">
				<ele>173.000000</ele>
			</trkpt>
			<trkpt lat="50.683305" lon="17.953873">
				<ele>173.000000</ele>
			</trkpt>
			<trkpt lat="50.683276" lon="17.953900">
				<ele>173.000000</ele>
			</trkpt>
			<trkpt lat="50.683265" lon="17.953927">
				<ele>173.000000</ele>
			</trkpt>
			<trkpt lat="50.683248" lon="17.953963">
				<ele>173.000000</ele>
			</trkpt>
			<trkpt lat="50.683225" lon="17.954016">
				<ele>173.000000</ele>
			</trkpt>
			<trkpt lat="50.683213" lon="17.954053">
				<ele>173.000000</ele>
			</trkpt>
			<trkpt lat="50.683197" lon="17.954080">
				<ele>173.000000</ele>
			</trkpt>
			<trkpt lat="50.683185" lon="17.954097">
				<ele>173.000000</ele>
			</trkpt>
			<trkpt lat="50.683094" lon="17.954187">
				<ele>173.000000</ele>
			</trkpt>
			<trkpt lat="50.683083" lon="17.954196">
				<ele>173.000000</ele>
			</trkpt>
			<trkpt lat="50.682980" lon="17.954295">
				<ele>173.000000</ele>
			</trkpt>
			<trkpt lat="50.682934" lon="17.954332">
				<ele>174.000000</ele>
			</trkpt>
			<trkpt lat="50.682929" lon="17.954340">
				<ele>174.000000</ele>
			</trkpt>
			<trkpt lat="50.682889" lon="17.954367">
				<ele>174.000000</ele>
			</trkpt>
			<trkpt lat="50.682838" lon="17.954412">
				<ele>174.000000</ele>
			</trkpt>
			<trkpt lat="50.682781" lon="17.954448">
				<ele>174.000000</ele>
			</trkpt>
			<trkpt lat="50.682798" lon="17.954519">
				<ele>173.000000</ele>
			</trkpt>
			<trkpt lat="50.682838" lon="17.954485">
				<ele>173.000000</ele>
			</trkpt>
			<trkpt lat="50.682849" lon="17.954529">
				<ele>173.000000</ele>
			</trkpt>
			<trkpt lat="50.682946" lon="17.954871">
				<ele>173.000000</ele>
			</trkpt>
			<trkpt lat="50.683219" lon="17.955850">
				<ele>172.000000</ele>
			</trkpt>
			<trkpt lat="50.683225" lon="17.955867">
				<ele>172.000000</ele>
			</trkpt>
			<trkpt lat="50.683202" lon="17.955885">
				<ele>172.000000</ele>
			</trkpt>
			<trkpt lat="50.683185" lon="17.955903">
				<ele>172.000000</ele>
			</trkpt>
			<trkpt lat="50.683185" lon="17.955921">
				<ele>172.000000</ele>
			</trkpt>
			<trkpt lat="50.683185" lon="17.955948">
				<ele>172.000000</ele>
			</trkpt>
			<trkpt lat="50.683179" lon="17.955966">
				<ele>172.000000</ele>
			</trkpt>
			<trkpt lat="50.683174" lon="17.955974">
				<ele>172.000000</ele>
			</trkpt>
			<trkpt lat="50.683145" lon="17.956003">
				<ele>172.000000</ele>
			</trkpt>
			<trkpt lat="50.683105" lon="17.956029">
				<ele>172.000000</ele>
			</trkpt>
			<trkpt lat="50.683032" lon="17.956083">
				<ele>172.000000</ele>
			</trkpt>
			<trkpt lat="50.682957" lon="17.956154">
				<ele>172.000000</ele>
			</trkpt>
			<trkpt lat="50.682906" lon="17.956200">
				<ele>172.000000</ele>
			</trkpt>
			<trkpt lat="50.682781" lon="17.956316">
				<ele>172.000000</ele>
			</trkpt>
			<trkpt lat="50.682712" lon="17.956380">
				<ele>172.000000</ele>
			</trkpt>
			<trkpt lat="50.682598" lon="17.956487">
				<ele>172.000000</ele>
			</trkpt>
			<trkpt lat="50.682399" lon="17.956676">
				<ele>173.000000</ele>
			</trkpt>
			<trkpt lat="50.682229" lon="17.956837">
				<ele>173.000000</ele>
			</trkpt>
			<trkpt lat="50.682218" lon="17.956846">
				<ele>173.000000</ele>
			</trkpt>
			<trkpt lat="50.682092" lon="17.956972">
				<ele>173.000000</ele>
			</trkpt>
			<trkpt lat="50.681859" lon="17.957196">
				<ele>173.000000</ele>
			</trkpt>
			<trkpt lat="50.681808" lon="17.957242">
				<ele>173.000000</ele>
			</trkpt>
			<trkpt lat="50.681574" lon="17.957458">
				<ele>173.000000</ele>
			</trkpt>
			<trkpt lat="50.681273" lon="17.957735">
				<ele>173.000000</ele>
			</trkpt>
			<trkpt lat="50.681244" lon="17.957762">
				<ele>173.000000</ele>
			</trkpt>
			<trkpt lat="50.681147" lon="17.957861">
				<ele>172.000000</ele>
			</trkpt>
			<trkpt lat="50.680931" lon="17.958068">
				<ele>172.000000</ele>
			</trkpt>
			<trkpt lat="50.680669" lon="17.958311">
				<ele>172.000000</ele>
			</trkpt>
			<trkpt lat="50.680624" lon="17.958355">
				<ele>172.000000</ele>
			</trkpt>
			<trkpt lat="50.680606" lon="17.958374">
				<ele>171.000000</ele>
			</trkpt>
			<trkpt lat="50.680527" lon="17.958445">
				<ele>171.000000</ele>
			</trkpt>
			<trkpt lat="50.680481" lon="17.958490">
				<ele>171.000000</ele>
			</trkpt>
			<trkpt lat="50.680441" lon="17.958527">
				<ele>171.000000</ele>
			</trkpt>
			<trkpt lat="50.680356" lon="17.958580">
				<ele>171.000000</ele>
			</trkpt>
			<trkpt lat="50.680345" lon="17.958580">
				<ele>171.000000</ele>
			</trkpt>
			<trkpt lat="50.680361" lon="17.958653">
				<ele>171.000000</ele>
			</trkpt>
			<trkpt lat="50.680402" lon="17.958625">
				<ele>171.000000</ele>
			</trkpt>
			<trkpt lat="50.680402" lon="17.958706">
				<ele>171.000000</ele>
			</trkpt>
			<trkpt lat="50.680390" lon="17.958877">
				<ele>171.000000</ele>
			</trkpt>
			<trkpt lat="50.680390" lon="17.958957">
				<ele>171.000000</ele>
			</trkpt>
			<trkpt lat="50.680373" lon="17.959290">
				<ele>170.000000</ele>
			</trkpt>
			<trkpt lat="50.680350" lon="17.959819">
				<ele>170.000000</ele>
			</trkpt>
			<trkpt lat="50.680345" lon="17.960108">
				<ele>170.000000</ele>
			</trkpt>
			<trkpt lat="50.680345" lon="17.960395">
				<ele>169.000000</ele>
			</trkpt>
			<trkpt lat="50.680345" lon="17.960431">
				<ele>169.000000</ele>
			</trkpt>
			<trkpt lat="50.680356" lon="17.960808">
				<ele>169.000000</ele>
			</trkpt>
			<trkpt lat="50.680373" lon="17.961320">
				<ele>168.000000</ele>
			</trkpt>
			<trkpt lat="50.680379" lon="17.961446">
				<ele>168.000000</ele>
			</trkpt>
			<trkpt lat="50.680384" lon="17.961509">
				<ele>168.000000</ele>
			</trkpt>
			<trkpt lat="50.680402" lon="17.961823">
				<ele>168.000000</ele>
			</trkpt>
			<trkpt lat="50.680402" lon="17.961877">
				<ele>168.000000</ele>
			</trkpt>
			<trkpt lat="50.680453" lon="17.962416">
				<ele>167.000000</ele>
			</trkpt>
			<trkpt lat="50.680470" lon="17.962551">
				<ele>167.000000</ele>
			</trkpt>
			<trkpt lat="50.680481" lon="17.962676">
				<ele>167.000000</ele>
			</trkpt>
			<trkpt lat="50.680441" lon="17.962758">
				<ele>167.000000</ele>
			</trkpt>
			<trkpt lat="50.680447" lon="17.963054">
				<ele>167.000000</ele>
			</trkpt>
			<trkpt lat="50.680470" lon="17.963530">
				<ele>167.000000</ele>
			</trkpt>
			<trkpt lat="50.680493" lon="17.963620">
				<ele>167.000000</ele>
			</trkpt>
			<trkpt lat="50.680550" lon="17.964347">
				<ele>167.000000</ele>
			</trkpt>
			<trkpt lat="50.680618" lon="17.965263">
				<ele>167.000000</ele>
			</trkpt>
			<trkpt lat="50.680686" lon="17.966072">
				<ele>167.000000</ele>
			</trkpt>
			<trkpt lat="50.680743" lon="17.966800">
				<ele>167.000000</ele>
			</trkpt>
			<trkpt lat="50.680783" lon="17.967348">
				<ele>167.000000</ele>
			</trkpt>
			<trkpt lat="50.680840" lon="17.968075">
				<ele>168.000000</ele>
			</trkpt>
			<trkpt lat="50.680846" lon="17.968121">
				<ele>168.000000</ele>
			</trkpt>
			<trkpt lat="50.680846" lon="17.968156">
				<ele>168.000000</ele>
			</trkpt>
			<trkpt lat="50.680908" lon="17.968938">
				<ele>168.000000</ele>
			</trkpt>
			<trkpt lat="50.680982" lon="17.969791">
				<ele>168.000000</ele>
			</trkpt>
			<trkpt lat="50.681005" lon="17.970043">
				<ele>168.000000</ele>
			</trkpt>
			<trkpt lat="50.681033" lon="17.970385">
				<ele>167.000000</ele>
			</trkpt>
			<trkpt lat="50.681045" lon="17.970546">
				<ele>167.000000</ele>
			</trkpt>
			<trkpt lat="50.681068" lon="17.970842">
				<ele>167.000000</ele>
			</trkpt>
			<trkpt lat="50.681107" lon="17.971337">
				<ele>167.000000</ele>
			</trkpt>
			<trkpt lat="50.681204" lon="17.972504">
				<ele>167.000000</ele>
			</trkpt>
			<trkpt lat="50.681227" lon="17.972765">
				<ele>167.000000</ele>
			</trkpt>
			<trkpt lat="50.681221" lon="17.972827">
				<ele>167.000000</ele>
			</trkpt>
			<trkpt lat="50.681221" lon="17.972855">
				<ele>167.000000</ele>
			</trkpt>
			<trkpt lat="50.681233" lon="17.972980">
				<ele>167.000000</ele>
			</trkpt>
			<trkpt lat="50.681239" lon="17.973088">
				<ele>167.000000</ele>
			</trkpt>
			<trkpt lat="50.681244" lon="17.973285">
				<ele>167.000000</ele>
			</trkpt>
			<trkpt lat="50.681244" lon="17.973475">
				<ele>167.000000</ele>
			</trkpt>
			<trkpt lat="50.681255" lon="17.973511">
				<ele>167.000000</ele>
			</trkpt>
			<trkpt lat="50.681261" lon="17.973546">
				<ele>167.000000</ele>
			</trkpt>
			<trkpt lat="50.681255" lon="17.973635">
				<ele>167.000000</ele>
			</trkpt>
			<trkpt lat="50.681250" lon="17.973708">
				<ele>167.000000</ele>
			</trkpt>
			<trkpt lat="50.681233" lon="17.973744">
				<ele>167.000000</ele>
			</trkpt>
			<trkpt lat="50.681210" lon="17.973788">
				<ele>167.000000</ele>
			</trkpt>
			<trkpt lat="50.681193" lon="17.973825">
				<ele>168.000000</ele>
			</trkpt>
			<trkpt lat="50.681176" lon="17.973861">
				<ele>168.000000</ele>
			</trkpt>
			<trkpt lat="50.681130" lon="17.973861">
				<ele>168.000000</ele>
			</trkpt>
			<trkpt lat="50.681102" lon="17.973869">
				<ele>168.000000</ele>
			</trkpt>
			<trkpt lat="50.681113" lon="17.974301">
				<ele>168.000000</ele>
			</trkpt>
			<trkpt lat="50.681153" lon="17.974301">
				<ele>168.000000</ele>
			</trkpt>
			<trkpt lat="50.681176" lon="17.974301">
				<ele>168.000000</ele>
			</trkpt>
			<trkpt lat="50.681193" lon="17.974318">
				<ele>168.000000</ele>
			</trkpt>
			<trkpt lat="50.681204" lon="17.974364">
				<ele>167.000000</ele>
			</trkpt>
			<trkpt lat="50.681210" lon="17.974417">
				<ele>167.000000</ele>
			</trkpt>
			<trkpt lat="50.681159" lon="17.975262">
				<ele>167.000000</ele>
			</trkpt>
			<trkpt lat="50.681153" lon="17.975333">
				<ele>167.000000</ele>
			</trkpt>
			<trkpt lat="50.681147" lon="17.975549">
				<ele>167.000000</ele>
			</trkpt>
			<trkpt lat="50.681130" lon="17.975846">
				<ele>167.000000</ele>
			</trkpt>
			<trkpt lat="50.681096" lon="17.976564">
				<ele>167.000000</ele>
			</trkpt>
			<trkpt lat="50.681085" lon="17.976798">
				<ele>166.000000</ele>
			</trkpt>
			<trkpt lat="50.681051" lon="17.977499">
				<ele>165.000000</ele>
			</trkpt>
			<trkpt lat="50.681039" lon="17.977769">
				<ele>164.000000</ele>
			</trkpt>
			<trkpt lat="50.681022" lon="17.978073">
				<ele>164.000000</ele>
			</trkpt>
			<trkpt lat="50.681017" lon="17.978226">
				<ele>164.000000</ele>
			</trkpt>
			<trkpt lat="50.681068" lon="17.978226">
				<ele>164.000000</ele>
			</trkpt>
			<trkpt lat="50.681056" lon="17.978451">
				<ele>163.000000</ele>
			</trkpt>
			<trkpt lat="50.681056" lon="17.978712">
				<ele>163.000000</ele>
			</trkpt>
			<trkpt lat="50.681074" lon="17.979035">
				<ele>163.000000</ele>
			</trkpt>
			<trkpt lat="50.681039" lon="17.979880">
				<ele>161.000000</ele>
			</trkpt>
			<trkpt lat="50.680982" lon="17.980660">
				<ele>160.000000</ele>
			</trkpt>
			<trkpt lat="50.680885" lon="17.982098">
				<ele>159.000000</ele>
			</trkpt>
			<trkpt lat="50.680766" lon="17.982799">
				<ele>158.000000</ele>
			</trkpt>
			<trkpt lat="50.680709" lon="17.982970">
				<ele>158.000000</ele>
			</trkpt>
			<trkpt lat="50.680686" lon="17.983041">
				<ele>158.000000</ele>
			</trkpt>
			<trkpt lat="50.680464" lon="17.983320">
				<ele>158.000000</ele>
			</trkpt>
			<trkpt lat="50.680219" lon="17.983670">
				<ele>158.000000</ele>
			</trkpt>
			<trkpt lat="50.679764" lon="17.984551">
				<ele>157.000000</ele>
			</trkpt>
			<trkpt lat="50.679138" lon="17.985656">
				<ele>157.000000</ele>
			</trkpt>
			<trkpt lat="50.678813" lon="17.986249">
				<ele>157.000000</ele>
			</trkpt>
			<trkpt lat="50.678666" lon="17.986562">
				<ele>157.000000</ele>
			</trkpt>
			<trkpt lat="50.678591" lon="17.986823">
				<ele>157.000000</ele>
			</trkpt>
			<trkpt lat="50.678563" lon="17.986912">
				<ele>158.000000</ele>
			</trkpt>
			<trkpt lat="50.678523" lon="17.987237">
				<ele>158.000000</ele>
			</trkpt>
			<trkpt lat="50.678546" lon="17.987587">
				<ele>157.000000</ele>
			</trkpt>
			<trkpt lat="50.679070" lon="17.989904">
				<ele>157.000000</ele>
			</trkpt>
			<trkpt lat="50.679218" lon="17.990533">
				<ele>157.000000</ele>
			</trkpt>
			<trkpt lat="50.679235" lon="17.990650">
				<ele>157.000000</ele>
			</trkpt>
			<trkpt lat="50.679274" lon="17.990757">
				<ele>157.000000</ele>
			</trkpt>
			<trkpt lat="50.679320" lon="17.990857">
				<ele>157.000000</ele>
			</trkpt>
			<trkpt lat="50.679576" lon="17.991620">
				<ele>157.000000</ele>
			</trkpt>
			<trkpt lat="50.679690" lon="17.991989">
				<ele>157.000000</ele>
			</trkpt>
			<trkpt lat="50.679827" lon="17.992428">
				<ele>157.000000</ele>
			</trkpt>
			<trkpt lat="50.679969" lon="17.992833">
				<ele>158.000000</ele>
			</trkpt>
			<trkpt lat="50.680049" lon="17.992968">
				<ele>158.000000</ele>
			</trkpt>
			<trkpt lat="50.680185" lon="17.993103">
				<ele>158.000000</ele>
			</trkpt>
			<trkpt lat="50.680225" lon="17.993157">
				<ele>158.000000</ele>
			</trkpt>
			<trkpt lat="50.680180" lon="17.993283">
				<ele>158.000000</ele>
			</trkpt>
			<trkpt lat="50.680146" lon="17.993363">
				<ele>158.000000</ele>
			</trkpt>
			<trkpt lat="50.680123" lon="17.993434">
				<ele>158.000000</ele>
			</trkpt>
			<trkpt lat="50.680111" lon="17.993470">
				<ele>158.000000</ele>
			</trkpt>
			<trkpt lat="50.680083" lon="17.993560">
				<ele>158.000000</ele>
			</trkpt>
			<trkpt lat="50.680203" lon="17.993660">
				<ele>158.000000</ele>
			</trkpt>
			<trkpt lat="50.680203" lon="17.993660">
				<ele>157.000000</ele>
			</trkpt>
			<trkpt lat="50.680203" lon="17.993660">
				<ele>157.000000</ele>
			</trkpt>
			<trkpt lat="50.680203" lon="17.993660">
				<ele>158.000000</ele>
			</trkpt>
			<trkpt lat="50.680083" lon="17.993560">
				<ele>158.000000</ele>
			</trkpt>
			<trkpt lat="50.680026" lon="17.993696">
				<ele>158.000000</ele>
			</trkpt>
			<trkpt lat="50.679702" lon="17.993910">
				<ele>157.000000</ele>
			</trkpt>
			<trkpt lat="50.679218" lon="17.994136">
				<ele>157.000000</ele>
			</trkpt>
			<trkpt lat="50.679138" lon="17.994172">
				<ele>157.000000</ele>
			</trkpt>
			<trkpt lat="50.678973" lon="17.994243">
				<ele>157.000000</ele>
			</trkpt>
			<trkpt lat="50.678398" lon="17.994476">
				<ele>157.000000</ele>
			</trkpt>
			<trkpt lat="50.677897" lon="17.994639">
				<ele>157.000000</ele>
			</trkpt>
			<trkpt lat="50.677123" lon="17.994836">
				<ele>157.000000</ele>
			</trkpt>
			<trkpt lat="50.676850" lon="17.994908">
				<ele>157.000000</ele>
			</trkpt>
			<trkpt lat="50.676787" lon="17.994926">
				<ele>157.000000</ele>
			</trkpt>
			<trkpt lat="50.676730" lon="17.994962">
				<ele>157.000000</ele>
			</trkpt>
			<trkpt lat="50.676679" lon="17.994998">
				<ele>157.000000</ele>
			</trkpt>
			<trkpt lat="50.676616" lon="17.995052">
				<ele>157.000000</ele>
			</trkpt>
			<trkpt lat="50.676553" lon="17.995088">
				<ele>157.000000</ele>
			</trkpt>
			<trkpt lat="50.676485" lon="17.995105">
				<ele>157.000000</ele>
			</trkpt>
			<trkpt lat="50.675785" lon="17.995178">
				<ele>157.000000</ele>
			</trkpt>
			<trkpt lat="50.675506" lon="17.995204">
				<ele>157.000000</ele>
			</trkpt>
			<trkpt lat="50.674408" lon="17.995304">
				<ele>157.000000</ele>
			</trkpt>
			<trkpt lat="50.673809" lon="17.995357">
				<ele>158.000000</ele>
			</trkpt>
			<trkpt lat="50.673713" lon="17.995367">
				<ele>158.000000</ele>
			</trkpt>
			<trkpt lat="50.673246" lon="17.995411">
				<ele>158.000000</ele>
			</trkpt>
			<trkpt lat="50.672938" lon="17.995438">
				<ele>158.000000</ele>
			</trkpt>
			<trkpt lat="50.672893" lon="17.996327">
				<ele>158.000000</ele>
			</trkpt>
			<trkpt lat="50.672887" lon="17.996417">
				<ele>158.000000</ele>
			</trkpt>
			<trkpt lat="50.672881" lon="17.996453">
				<ele>158.000000</ele>
			</trkpt>
			<trkpt lat="50.672876" lon="17.996507">
				<ele>158.000000</ele>
			</trkpt>
			<trkpt lat="50.672870" lon="17.996588">
				<ele>158.000000</ele>
			</trkpt>
			<trkpt lat="50.672802" lon="17.997235">
				<ele>158.000000</ele>
			</trkpt>
			<trkpt lat="50.672757" lon="17.997631">
				<ele>158.000000</ele>
			</trkpt>
			<trkpt lat="50.672723" lon="17.997962">
				<ele>158.000000</ele>
			</trkpt>
			<trkpt lat="50.672716" lon="17.998034">
				<ele>158.000000</ele>
			</trkpt>
			<trkpt lat="50.672705" lon="17.998107">
				<ele>158.000000</ele>
			</trkpt>
			<trkpt lat="50.672705" lon="17.998168">
				<ele>158.000000</ele>
			</trkpt>
			<trkpt lat="50.672677" lon="17.998636">
				<ele>159.000000</ele>
			</trkpt>
			<trkpt lat="50.672666" lon="17.998897">
				<ele>159.000000</ele>
			</trkpt>
			<trkpt lat="50.672666" lon="17.998950">
				<ele>159.000000</ele>
			</trkpt>
			<trkpt lat="50.672660" lon="17.999004">
				<ele>159.000000</ele>
			</trkpt>
			<trkpt lat="50.672631" lon="17.999399">
				<ele>159.000000</ele>
			</trkpt>
			<trkpt lat="50.672625" lon="17.999445">
				<ele>159.000000</ele>
			</trkpt>
			<trkpt lat="50.672625" lon="17.999480">
				<ele>159.000000</ele>
			</trkpt>
			<trkpt lat="50.672631" lon="17.999795">
				<ele>158.000000</ele>
			</trkpt>
			<trkpt lat="50.672631" lon="18.000002">
				<ele>158.000000</ele>
			</trkpt>
			<trkpt lat="50.672631" lon="18.000055">
				<ele>158.000000</ele>
			</trkpt>
			<trkpt lat="50.672614" lon="18.000397">
				<ele>158.000000</ele>
			</trkpt>
			<trkpt lat="50.672517" lon="18.002202">
				<ele>158.000000</ele>
			</trkpt>
			<trkpt lat="50.672438" lon="18.003586">
				<ele>158.000000</ele>
			</trkpt>
			<trkpt lat="50.672381" lon="18.004476">
				<ele>158.000000</ele>
			</trkpt>
			<trkpt lat="50.672261" lon="18.006613">
				<ele>158.000000</ele>
			</trkpt>
			<trkpt lat="50.672238" lon="18.007080">
				<ele>158.000000</ele>
			</trkpt>
			<trkpt lat="50.672165" lon="18.008518">
				<ele>158.000000</ele>
			</trkpt>
			<trkpt lat="50.672124" lon="18.009236">
				<ele>158.000000</ele>
			</trkpt>
			<trkpt lat="50.672010" lon="18.011302">
				<ele>158.000000</ele>
			</trkpt>
			<trkpt lat="50.671937" lon="18.012703">
				<ele>158.000000</ele>
			</trkpt>
			<trkpt lat="50.671874" lon="18.013871">
				<ele>159.000000</ele>
			</trkpt>
			<trkpt lat="50.671788" lon="18.015489">
				<ele>158.000000</ele>
			</trkpt>
			<trkpt lat="50.671715" lon="18.016773">
				<ele>159.000000</ele>
			</trkpt>
			<trkpt lat="50.671658" lon="18.017860">
				<ele>159.000000</ele>
			</trkpt>
			<trkpt lat="50.671630" lon="18.018389">
				<ele>160.000000</ele>
			</trkpt>
			<trkpt lat="50.671623" lon="18.018435">
				<ele>160.000000</ele>
			</trkpt>
			<trkpt lat="50.671618" lon="18.018471">
				<ele>160.000000</ele>
			</trkpt>
			<trkpt lat="50.671584" lon="18.018678">
				<ele>160.000000</ele>
			</trkpt>
			<trkpt lat="50.671504" lon="18.019154">
				<ele>160.000000</ele>
			</trkpt>
			<trkpt lat="50.671498" lon="18.019190">
				<ele>160.000000</ele>
			</trkpt>
			<trkpt lat="50.671498" lon="18.019217">
				<ele>160.000000</ele>
			</trkpt>
			<trkpt lat="50.671493" lon="18.019288">
				<ele>160.000000</ele>
			</trkpt>
			<trkpt lat="50.671493" lon="18.019334">
				<ele>160.000000</ele>
			</trkpt>
			<trkpt lat="50.671481" lon="18.019558">
				<ele>160.000000</ele>
			</trkpt>
			<trkpt lat="50.671464" lon="18.019827">
				<ele>160.000000</ele>
			</trkpt>
			<trkpt lat="50.671453" lon="18.020034">
				<ele>160.000000</ele>
			</trkpt>
			<trkpt lat="50.671436" lon="18.020034">
				<ele>160.000000</ele>
			</trkpt>
			<trkpt lat="50.671402" lon="18.020024">
				<ele>160.000000</ele>
			</trkpt>
			<trkpt lat="50.671367" lon="18.020024">
				<ele>160.000000</ele>
			</trkpt>
			<trkpt lat="50.671345" lon="18.020024">
				<ele>160.000000</ele>
			</trkpt>
			<trkpt lat="50.671322" lon="18.020322">
				<ele>160.000000</ele>
			</trkpt>
			<trkpt lat="50.671310" lon="18.020474">
				<ele>160.000000</ele>
			</trkpt>
			<trkpt lat="50.671310" lon="18.020672">
				<ele>160.000000</ele>
			</trkpt>
			<trkpt lat="50.671305" lon="18.020743">
				<ele>160.000000</ele>
			</trkpt>
			<trkpt lat="50.671276" lon="18.021309">
				<ele>160.000000</ele>
			</trkpt>
			<trkpt lat="50.671237" lon="18.022137">
				<ele>160.000000</ele>
			</trkpt>
			<trkpt lat="50.671242" lon="18.022387">
				<ele>160.000000</ele>
			</trkpt>
			<trkpt lat="50.671265" lon="18.023016">
				<ele>160.000000</ele>
			</trkpt>
			<trkpt lat="50.671294" lon="18.023385">
				<ele>160.000000</ele>
			</trkpt>
			<trkpt lat="50.671316" lon="18.023932">
				<ele>160.000000</ele>
			</trkpt>
			<trkpt lat="50.671310" lon="18.024139">
				<ele>160.000000</ele>
			</trkpt>
			<trkpt lat="50.671305" lon="18.024265">
				<ele>160.000000</ele>
			</trkpt>
			<trkpt lat="50.671271" lon="18.024697">
				<ele>160.000000</ele>
			</trkpt>
			<trkpt lat="50.671231" lon="18.024911">
				<ele>160.000000</ele>
			</trkpt>
			<trkpt lat="50.671111" lon="18.025397">
				<ele>160.000000</ele>
			</trkpt>
			<trkpt lat="50.670565" lon="18.027337">
				<ele>160.000000</ele>
			</trkpt>
			<trkpt lat="50.670502" lon="18.027571">
				<ele>160.000000</ele>
			</trkpt>
			<trkpt lat="50.670434" lon="18.027804">
				<ele>160.000000</ele>
			</trkpt>
			<trkpt lat="50.670337" lon="18.028119">
				<ele>161.000000</ele>
			</trkpt>
			<trkpt lat="50.670280" lon="18.028326">
				<ele>161.000000</ele>
			</trkpt>
			<trkpt lat="50.670246" lon="18.028487">
				<ele>161.000000</ele>
			</trkpt>
			<trkpt lat="50.670075" lon="18.029098">
				<ele>161.000000</ele>
			</trkpt>
			<trkpt lat="50.670035" lon="18.029224">
				<ele>161.000000</ele>
			</trkpt>
			<trkpt lat="50.670007" lon="18.029259">
				<ele>161.000000</ele>
			</trkpt>
			<trkpt lat="50.669984" lon="18.029332">
				<ele>161.000000</ele>
			</trkpt>
			<trkpt lat="50.669733" lon="18.029142">
				<ele>161.000000</ele>
			</trkpt>
			<trkpt lat="50.668919" lon="18.028550">
				<ele>161.000000</ele>
			</trkpt>
			<trkpt lat="50.668709" lon="18.028397">
				<ele>161.000000</ele>
			</trkpt>
			<trkpt lat="50.668526" lon="18.028253">
				<ele>161.000000</ele>
			</trkpt>
			<trkpt lat="50.668412" lon="18.028146">
				<ele>160.000000</ele>
			</trkpt>
			<trkpt lat="50.668338" lon="18.028056">
				<ele>160.000000</ele>
			</trkpt>
			<trkpt lat="50.668242" lon="18.027921">
				<ele>160.000000</ele>
			</trkpt>
			<trkpt lat="50.668145" lon="18.027777">
				<ele>160.000000</ele>
			</trkpt>
			<trkpt lat="50.667706" lon="18.027121">
				<ele>160.000000</ele>
			</trkpt>
			<trkpt lat="50.667627" lon="18.027005">
				<ele>160.000000</ele>
			</trkpt>
			<trkpt lat="50.667559" lon="18.026924">
				<ele>160.000000</ele>
			</trkpt>
			<trkpt lat="50.667467" lon="18.026852">
				<ele>160.000000</ele>
			</trkpt>
			<trkpt lat="50.667376" lon="18.026808">
				<ele>160.000000</ele>
			</trkpt>
			<trkpt lat="50.667296" lon="18.026798">
				<ele>160.000000</ele>
			</trkpt>
			<trkpt lat="50.667200" lon="18.026798">
				<ele>161.000000</ele>
			</trkpt>
			<trkpt lat="50.667097" lon="18.026834">
				<ele>161.000000</ele>
			</trkpt>
			<trkpt lat="50.666972" lon="18.026888">
				<ele>161.000000</ele>
			</trkpt>
			<trkpt lat="50.666835" lon="18.026969">
				<ele>161.000000</ele>
			</trkpt>
			<trkpt lat="50.666579" lon="18.027131">
				<ele>162.000000</ele>
			</trkpt>
			<trkpt lat="50.666380" lon="18.027257">
				<ele>162.000000</ele>
			</trkpt>
			<trkpt lat="50.665281" lon="18.028011">
				<ele>162.000000</ele>
			</trkpt>
			<trkpt lat="50.663527" lon="18.029215">
				<ele>162.000000</ele>
			</trkpt>
			<trkpt lat="50.663356" lon="18.029358">
				<ele>162.000000</ele>
			</trkpt>
			<trkpt lat="50.662126" lon="18.030203">
				<ele>162.000000</ele>
			</trkpt>
			<trkpt lat="50.661819" lon="18.030410">
				<ele>162.000000</ele>
			</trkpt>
			<trkpt lat="50.661580" lon="18.030590">
				<ele>162.000000</ele>
			</trkpt>
			<trkpt lat="50.661335" lon="18.030823">
				<ele>162.000000</ele>
			</trkpt>
			<trkpt lat="50.660919" lon="18.031263">
				<ele>162.000000</ele>
			</trkpt>
			<trkpt lat="50.659997" lon="18.032261">
				<ele>162.000000</ele>
			</trkpt>
			<trkpt lat="50.659074" lon="18.033240">
				<ele>163.000000</ele>
			</trkpt>
			<trkpt lat="50.658727" lon="18.033616">
				<ele>163.000000</ele>
			</trkpt>
			<trkpt lat="50.657531" lon="18.034884">
				<ele>163.000000</ele>
			</trkpt>
			<trkpt lat="50.657457" lon="18.034972">
				<ele>163.000000</ele>
			</trkpt>
			<trkpt lat="50.657429" lon="18.035000">
				<ele>163.000000</ele>
			</trkpt>
			<trkpt lat="50.657354" lon="18.035081">
				<ele>163.000000</ele>
			</trkpt>
			<trkpt lat="50.657309" lon="18.035135">
				<ele>163.000000</ele>
			</trkpt>
			<trkpt lat="50.657217" lon="18.035224">
				<ele>163.000000</ele>
			</trkpt>
			<trkpt lat="50.657172" lon="18.035270">
				<ele>163.000000</ele>
			</trkpt>
			<trkpt lat="50.657103" lon="18.035350">
				<ele>163.000000</ele>
			</trkpt>
			<trkpt lat="50.656625" lon="18.035898">
				<ele>163.000000</ele>
			</trkpt>
			<trkpt lat="50.656466" lon="18.036087">
				<ele>163.000000</ele>
			</trkpt>
			<trkpt lat="50.656283" lon="18.036303">
				<ele>163.000000</ele>
			</trkpt>
			<trkpt lat="50.656022" lon="18.036616">
				<ele>163.000000</ele>
			</trkpt>
			<trkpt lat="50.655634" lon="18.037165">
				<ele>163.000000</ele>
			</trkpt>
			<trkpt lat="50.654894" lon="18.038207">
				<ele>163.000000</ele>
			</trkpt>
			<trkpt lat="50.654700" lon="18.038486">
				<ele>164.000000</ele>
			</trkpt>
			<trkpt lat="50.654393" lon="18.038880">
				<ele>164.000000</ele>
			</trkpt>
			<trkpt lat="50.654074" lon="18.039329">
				<ele>164.000000</ele>
			</trkpt>
			<trkpt lat="50.653857" lon="18.039680">
				<ele>164.000000</ele>
			</trkpt>
			<trkpt lat="50.653299" lon="18.040452">
				<ele>164.000000</ele>
			</trkpt>
			<trkpt lat="50.652428" lon="18.041639">
				<ele>164.000000</ele>
			</trkpt>
			<trkpt lat="50.652194" lon="18.041970">
				<ele>164.000000</ele>
			</trkpt>
			<trkpt lat="50.651591" lon="18.042771">
				<ele>164.000000</ele>
			</trkpt>
			<trkpt lat="50.651255" lon="18.043274">
				<ele>164.000000</ele>
			</trkpt>
			<trkpt lat="50.651078" lon="18.043408">
				<ele>164.000000</ele>
			</trkpt>
			<trkpt lat="50.651044" lon="18.043427">
				<ele>164.000000</ele>
			</trkpt>
			<trkpt lat="50.650901" lon="18.043534">
				<ele>164.000000</ele>
			</trkpt>
			<trkpt lat="50.650565" lon="18.043803">
				<ele>164.000000</ele>
			</trkpt>
			<trkpt lat="50.650474" lon="18.043876">
				<ele>164.000000</ele>
			</trkpt>
			<trkpt lat="50.650372" lon="18.043993">
				<ele>164.000000</ele>
			</trkpt>
			<trkpt lat="50.650275" lon="18.044064">
				<ele>164.000000</ele>
			</trkpt>
			<trkpt lat="50.650189" lon="18.044082">
				<ele>164.000000</ele>
			</trkpt>
			<trkpt lat="50.650155" lon="18.044153">
				<ele>164.000000</ele>
			</trkpt>
			<trkpt lat="50.649745" lon="18.044549">
				<ele>164.000000</ele>
			</trkpt>
			<trkpt lat="50.649688" lon="18.044603">
				<ele>164.000000</ele>
			</trkpt>
			<trkpt lat="50.649540" lon="18.044746">
				<ele>164.000000</ele>
			</trkpt>
			<trkpt lat="50.649312" lon="18.045043">
				<ele>164.000000</ele>
			</trkpt>
			<trkpt lat="50.649136" lon="18.045241">
				<ele>164.000000</ele>
			</trkpt>
			<trkpt lat="50.648942" lon="18.045438">
				<ele>164.000000</ele>
			</trkpt>
			<trkpt lat="50.648789" lon="18.045681">
				<ele>164.000000</ele>
			</trkpt>
			<trkpt lat="50.648640" lon="18.045977">
				<ele>164.000000</ele>
			</trkpt>
			<trkpt lat="50.648543" lon="18.046220">
				<ele>164.000000</ele>
			</trkpt>
			<trkpt lat="50.648481" lon="18.046310">
				<ele>165.000000</ele>
			</trkpt>
			<trkpt lat="50.648384" lon="18.046561">
				<ele>165.000000</ele>
			</trkpt>
			<trkpt lat="50.647461" lon="18.048645">
				<ele>165.000000</ele>
			</trkpt>
			<trkpt lat="50.645058" lon="18.054080">
				<ele>167.000000</ele>
			</trkpt>
			<trkpt lat="50.644869" lon="18.054484">
				<ele>167.000000</ele>
			</trkpt>
			<trkpt lat="50.644266" lon="18.055931">
				<ele>167.000000</ele>
			</trkpt>
			<trkpt lat="50.643468" lon="18.057763">
				<ele>166.000000</ele>
			</trkpt>
			<trkpt lat="50.643212" lon="18.058365">
				<ele>166.000000</ele>
			</trkpt>
			<trkpt lat="50.642995" lon="18.058832">
				<ele>167.000000</ele>
			</trkpt>
			<trkpt lat="50.642944" lon="18.059084">
				<ele>167.000000</ele>
			</trkpt>
			<trkpt lat="50.642813" lon="18.059506">
				<ele>167.000000</ele>
			</trkpt>
			<trkpt lat="50.642505" lon="18.060090">
				<ele>167.000000</ele>
			</trkpt>
			<trkpt lat="50.642232" lon="18.060656">
				<ele>167.000000</ele>
			</trkpt>
			<trkpt lat="50.642078" lon="18.061096">
				<ele>167.000000</ele>
			</trkpt>
			<trkpt lat="50.641878" lon="18.061617">
				<ele>167.000000</ele>
			</trkpt>
			<trkpt lat="50.641445" lon="18.062426">
				<ele>167.000000</ele>
			</trkpt>
			<trkpt lat="50.641184" lon="18.062866">
				<ele>167.000000</ele>
			</trkpt>
			<trkpt lat="50.641052" lon="18.063072">
				<ele>167.000000</ele>
			</trkpt>
			<trkpt lat="50.640916" lon="18.063207">
				<ele>167.000000</ele>
			</trkpt>
			<trkpt lat="50.640802" lon="18.063262">
				<ele>168.000000</ele>
			</trkpt>
			<trkpt lat="50.640545" lon="18.063333">
				<ele>168.000000</ele>
			</trkpt>
			<trkpt lat="50.640449" lon="18.063342">
				<ele>168.000000</ele>
			</trkpt>
			<trkpt lat="50.640203" lon="18.063378">
				<ele>168.000000</ele>
			</trkpt>
			<trkpt lat="50.639725" lon="18.063549">
				<ele>169.000000</ele>
			</trkpt>
			<trkpt lat="50.639514" lon="18.063593">
				<ele>170.000000</ele>
			</trkpt>
			<trkpt lat="50.639457" lon="18.063656">
				<ele>170.000000</ele>
			</trkpt>
			<trkpt lat="50.639383" lon="18.063746">
				<ele>170.000000</ele>
			</trkpt>
			<trkpt lat="50.639281" lon="18.063872">
				<ele>170.000000</ele>
			</trkpt>
			<trkpt lat="50.639178" lon="18.063962">
				<ele>170.000000</ele>
			</trkpt>
			<trkpt lat="50.639053" lon="18.064034">
				<ele>170.000000</ele>
			</trkpt>
			<trkpt lat="50.638979" lon="18.064105">
				<ele>170.000000</ele>
			</trkpt>
			<trkpt lat="50.638916" lon="18.064204">
				<ele>170.000000</ele>
			</trkpt>
			<trkpt lat="50.638870" lon="18.064375">
				<ele>170.000000</ele>
			</trkpt>
			<trkpt lat="50.638802" lon="18.064554">
				<ele>170.000000</ele>
			</trkpt>
			<trkpt lat="50.638699" lon="18.064725">
				<ele>170.000000</ele>
			</trkpt>
			<trkpt lat="50.638540" lon="18.064923">
				<ele>170.000000</ele>
			</trkpt>
			<trkpt lat="50.638460" lon="18.064958">
				<ele>170.000000</ele>
			</trkpt>
			<trkpt lat="50.638358" lon="18.064958">
				<ele>169.000000</ele>
			</trkpt>
			<trkpt lat="50.638198" lon="18.064941">
				<ele>169.000000</ele>
			</trkpt>
			<trkpt lat="50.637913" lon="18.064986">
				<ele>169.000000</ele>
			</trkpt>
			<trkpt lat="50.637839" lon="18.064986">
				<ele>169.000000</ele>
			</trkpt>
			<trkpt lat="50.637293" lon="18.064994">
				<ele>170.000000</ele>
			</trkpt>
			<trkpt lat="50.637070" lon="18.064994">
				<ele>170.000000</ele>
			</trkpt>
			<trkpt lat="50.637087" lon="18.065093">
				<ele>170.000000</ele>
			</trkpt>
			<trkpt lat="50.637093" lon="18.065220">
				<ele>170.000000</ele>
			</trkpt>
			<trkpt lat="50.637104" lon="18.065462">
				<ele>170.000000</ele>
			</trkpt>
			<trkpt lat="50.637099" lon="18.065570">
				<ele>170.000000</ele>
			</trkpt>
			<trkpt lat="50.637065" lon="18.065686">
				<ele>170.000000</ele>
			</trkpt>
			<trkpt lat="50.636706" lon="18.066504">
				<ele>170.000000</ele>
			</trkpt>
			<trkpt lat="50.636421" lon="18.067168">
				<ele>170.000000</ele>
			</trkpt>
			<trkpt lat="50.636250" lon="18.067627">
				<ele>170.000000</ele>
			</trkpt>
			<trkpt lat="50.636130" lon="18.068030">
				<ele>170.000000</ele>
			</trkpt>
			<trkpt lat="50.635857" lon="18.068938">
				<ele>169.000000</ele>
			</trkpt>
			<trkpt lat="50.635401" lon="18.070501">
				<ele>168.000000</ele>
			</trkpt>
			<trkpt lat="50.635207" lon="18.071086">
				<ele>168.000000</ele>
			</trkpt>
			<trkpt lat="50.635167" lon="18.071220">
				<ele>168.000000</ele>
			</trkpt>
			<trkpt lat="50.635150" lon="18.071301">
				<ele>168.000000</ele>
			</trkpt>
			<trkpt lat="50.635173" lon="18.071858">
				<ele>167.000000</ele>
			</trkpt>
			<trkpt lat="50.635190" lon="18.072541">
				<ele>167.000000</ele>
			</trkpt>
			<trkpt lat="50.635173" lon="18.072881">
				<ele>167.000000</ele>
			</trkpt>
			<trkpt lat="50.635110" lon="18.073520">
				<ele>167.000000</ele>
			</trkpt>
			<trkpt lat="50.635008" lon="18.074544">
				<ele>167.000000</ele>
			</trkpt>
			<trkpt lat="50.634911" lon="18.075334">
				<ele>167.000000</ele>
			</trkpt>
			<trkpt lat="50.634791" lon="18.076053">
				<ele>166.000000</ele>
			</trkpt>
			<trkpt lat="50.634575" lon="18.077418">
				<ele>166.000000</ele>
			</trkpt>
			<trkpt lat="50.634512" lon="18.077831">
				<ele>166.000000</ele>
			</trkpt>
			<trkpt lat="50.634472" lon="18.078038">
				<ele>166.000000</ele>
			</trkpt>
			<trkpt lat="50.634438" lon="18.078173">
				<ele>167.000000</ele>
			</trkpt>
			<trkpt lat="50.634386" lon="18.078271">
				<ele>167.000000</ele>
			</trkpt>
			<trkpt lat="50.634324" lon="18.078317">
				<ele>167.000000</ele>
			</trkpt>
			<trkpt lat="50.634301" lon="18.078299">
				<ele>167.000000</ele>
			</trkpt>
			<trkpt lat="50.634244" lon="18.078290">
				<ele>167.000000</ele>
			</trkpt>
			<trkpt lat="50.634176" lon="18.078299">
				<ele>167.000000</ele>
			</trkpt>
			<trkpt lat="50.634056" lon="18.078317">
				<ele>167.000000</ele>
			</trkpt>
			<trkpt lat="50.634039" lon="18.078326">
				<ele>166.000000</ele>
			</trkpt>
			<trkpt lat="50.633537" lon="18.078460">
				<ele>166.000000</ele>
			</trkpt>
			<trkpt lat="50.632563" lon="18.078712">
				<ele>166.000000</ele>
			</trkpt>
			<trkpt lat="50.632347" lon="18.078783">
				<ele>167.000000</ele>
			</trkpt>
			<trkpt lat="50.632170" lon="18.078864">
				<ele>166.000000</ele>
			</trkpt>
			<trkpt lat="50.631960" lon="18.078990">
				<ele>167.000000</ele>
			</trkpt>
			<trkpt lat="50.630865" lon="18.079699">
				<ele>167.000000</ele>
			</trkpt>
			<trkpt lat="50.630415" lon="18.079978">
				<ele>167.000000</ele>
			</trkpt>
			<trkpt lat="50.630147" lon="18.080167">
				<ele>167.000000</ele>
			</trkpt>
			<trkpt lat="50.630079" lon="18.080194">
				<ele>167.000000</ele>
			</trkpt>
			<trkpt lat="50.629982" lon="18.080311">
				<ele>167.000000</ele>
			</trkpt>
			<trkpt lat="50.629885" lon="18.080428">
				<ele>167.000000</ele>
			</trkpt>
			<trkpt lat="50.629788" lon="18.080581">
				<ele>167.000000</ele>
			</trkpt>
			<trkpt lat="50.629691" lon="18.080751">
				<ele>167.000000</ele>
			</trkpt>
			<trkpt lat="50.629589" lon="18.080894">
				<ele>167.000000</ele>
			</trkpt>
			<trkpt lat="50.629526" lon="18.081011">
				<ele>167.000000</ele>
			</trkpt>
			<trkpt lat="50.629441" lon="18.081128">
				<ele>167.000000</ele>
			</trkpt>
			<trkpt lat="50.629452" lon="18.081236">
				<ele>167.000000</ele>
			</trkpt>
			<trkpt lat="50.629475" lon="18.081452">
				<ele>167.000000</ele>
			</trkpt>
			<trkpt lat="50.629515" lon="18.081936">
				<ele>167.000000</ele>
			</trkpt>
			<trkpt lat="50.629583" lon="18.082368">
				<ele>167.000000</ele>
			</trkpt>
			<trkpt lat="50.629611" lon="18.082602">
				<ele>167.000000</ele>
			</trkpt>
			<trkpt lat="50.629657" lon="18.083913">
				<ele>167.000000</ele>
			</trkpt>
			<trkpt lat="50.629657" lon="18.084003">
				<ele>167.000000</ele>
			</trkpt>
			<trkpt lat="50.629640" lon="18.084083">
				<ele>167.000000</ele>
			</trkpt>
			<trkpt lat="50.629600" lon="18.084192">
				<ele>167.000000</ele>
			</trkpt>
			<trkpt lat="50.629475" lon="18.084416">
				<ele>167.000000</ele>
			</trkpt>
			<trkpt lat="50.629236" lon="18.084902">
				<ele>167.000000</ele>
			</trkpt>
			<trkpt lat="50.629224" lon="18.084991">
				<ele>167.000000</ele>
			</trkpt>
			<trkpt lat="50.629196" lon="18.085961">
				<ele>167.000000</ele>
			</trkpt>
			<trkpt lat="50.629196" lon="18.086383">
				<ele>167.000000</ele>
			</trkpt>
			<trkpt lat="50.629184" lon="18.086510">
				<ele>167.000000</ele>
			</trkpt>
			<trkpt lat="50.629161" lon="18.086636">
				<ele>167.000000</ele>
			</trkpt>
			<trkpt lat="50.629127" lon="18.086743">
				<ele>167.000000</ele>
			</trkpt>
			<trkpt lat="50.629042" lon="18.086967">
				<ele>167.000000</ele>
			</trkpt>
			<trkpt lat="50.628256" lon="18.088871">
				<ele>167.000000</ele>
			</trkpt>
			<trkpt lat="50.627218" lon="18.091351">
				<ele>167.000000</ele>
			</trkpt>
			<trkpt lat="50.626922" lon="18.092060">
				<ele>167.000000</ele>
			</trkpt>
			<trkpt lat="50.626871" lon="18.092205">
				<ele>167.000000</ele>
			</trkpt>
			<trkpt lat="50.626859" lon="18.092322">
				<ele>167.000000</ele>
			</trkpt>
			<trkpt lat="50.626859" lon="18.092322">
				<ele>167.000000</ele>
			</trkpt>
			<trkpt lat="50.626859" lon="18.092322">
				<ele>167.000000</ele>
			</trkpt>
			<trkpt lat="50.626865" lon="18.092393">
				<ele>167.000000</ele>
			</trkpt>
			<trkpt lat="50.626888" lon="18.092502">
				<ele>167.000000</ele>
			</trkpt>
			<trkpt lat="50.627024" lon="18.092878">
				<ele>167.000000</ele>
			</trkpt>
			<trkpt lat="50.627230" lon="18.093444">
				<ele>167.000000</ele>
			</trkpt>
			<trkpt lat="50.627264" lon="18.093588">
				<ele>168.000000</ele>
			</trkpt>
			<trkpt lat="50.627366" lon="18.094657">
				<ele>168.000000</ele>
			</trkpt>
			<trkpt lat="50.627372" lon="18.094765">
				<ele>168.000000</ele>
			</trkpt>
			<trkpt lat="50.627366" lon="18.094846">
				<ele>167.000000</ele>
			</trkpt>
			<trkpt lat="50.627304" lon="18.095026">
				<ele>167.000000</ele>
			</trkpt>
			<trkpt lat="50.627218" lon="18.095196">
				<ele>167.000000</ele>
			</trkpt>
			<trkpt lat="50.627144" lon="18.095393">
				<ele>167.000000</ele>
			</trkpt>
			<trkpt lat="50.627099" lon="18.095565">
				<ele>168.000000</ele>
			</trkpt>
			<trkpt lat="50.627087" lon="18.095699">
				<ele>168.000000</ele>
			</trkpt>
			<trkpt lat="50.627081" lon="18.096615">
				<ele>168.000000</ele>
			</trkpt>
			<trkpt lat="50.627093" lon="18.097828">
				<ele>168.000000</ele>
			</trkpt>
			<trkpt lat="50.627087" lon="18.097900">
				<ele>168.000000</ele>
			</trkpt>
			<trkpt lat="50.627053" lon="18.098106">
				<ele>168.000000</ele>
			</trkpt>
			<trkpt lat="50.626888" lon="18.098871">
				<ele>169.000000</ele>
			</trkpt>
			<trkpt lat="50.626888" lon="18.099014">
				<ele>169.000000</ele>
			</trkpt>
			<trkpt lat="50.626910" lon="18.099328">
				<ele>169.000000</ele>
			</trkpt>
			<trkpt lat="50.626962" lon="18.099697">
				<ele>169.000000</ele>
			</trkpt>
			<trkpt lat="50.626979" lon="18.099867">
				<ele>169.000000</ele>
			</trkpt>
			<trkpt lat="50.626973" lon="18.100092">
				<ele>169.000000</ele>
			</trkpt>
			<trkpt lat="50.626922" lon="18.100479">
				<ele>169.000000</ele>
			</trkpt>
			<trkpt lat="50.626899" lon="18.100748">
				<ele>169.000000</ele>
			</trkpt>
			<trkpt lat="50.626910" lon="18.100873">
				<ele>169.000000</ele>
			</trkpt>
			<trkpt lat="50.626951" lon="18.101142">
				<ele>169.000000</ele>
			</trkpt>
			<trkpt lat="50.627116" lon="18.102077">
				<ele>171.000000</ele>
			</trkpt>
			<trkpt lat="50.627230" lon="18.102687">
				<ele>171.000000</ele>
			</trkpt>
			<trkpt lat="50.627247" lon="18.102787">
				<ele>171.000000</ele>
			</trkpt>
			<trkpt lat="50.627287" lon="18.102976">
				<ele>171.000000</ele>
			</trkpt>
			<trkpt lat="50.627304" lon="18.103129">
				<ele>171.000000</ele>
			</trkpt>
			<trkpt lat="50.627321" lon="18.103263">
				<ele>171.000000</ele>
			</trkpt>
			<trkpt lat="50.627138" lon="18.103263">
				<ele>171.000000</ele>
			</trkpt>
			<trkpt lat="50.627013" lon="18.103272">
				<ele>171.000000</ele>
			</trkpt>
			<trkpt lat="50.626899" lon="18.103299">
				<ele>171.000000</ele>
			</trkpt>
			<trkpt lat="50.626511" lon="18.103442">
				<ele>171.000000</ele>
			</trkpt>
			<trkpt lat="50.626273" lon="18.103550">
				<ele>171.000000</ele>
			</trkpt>
			<trkpt lat="50.626073" lon="18.103668">
				<ele>171.000000</ele>
			</trkpt>
			<trkpt lat="50.625931" lon="18.103766">
				<ele>172.000000</ele>
			</trkpt>
			<trkpt lat="50.625737" lon="18.103955">
				<ele>173.000000</ele>
			</trkpt>
			<trkpt lat="50.625532" lon="18.104152">
				<ele>174.000000</ele>
			</trkpt>
			<trkpt lat="50.625327" lon="18.104395">
				<ele>174.000000</ele>
			</trkpt>
			<trkpt lat="50.625229" lon="18.104565">
				<ele>174.000000</ele>
			</trkpt>
			<trkpt lat="50.625024" lon="18.105096">
				<ele>175.000000</ele>
			</trkpt>
			<trkpt lat="50.624967" lon="18.105266">
				<ele>175.000000</ele>
			</trkpt>
			<trkpt lat="50.624785" lon="18.105779">
				<ele>175.000000</ele>
			</trkpt>
			<trkpt lat="50.624716" lon="18.105985">
				<ele>175.000000</ele>
			</trkpt>
			<trkpt lat="50.624637" lon="18.106192">
				<ele>175.000000</ele>
			</trkpt>
			<trkpt lat="50.624517" lon="18.106542">
				<ele>175.000000</ele>
			</trkpt>
			<trkpt lat="50.624488" lon="18.106595">
				<ele>175.000000</ele>
			</trkpt>
			<trkpt lat="50.624477" lon="18.106614">
				<ele>175.000000</ele>
			</trkpt>
			<trkpt lat="50.624431" lon="18.106685">
				<ele>175.000000</ele>
			</trkpt>
			<trkpt lat="50.624335" lon="18.106829">
				<ele>175.000000</ele>
			</trkpt>
			<trkpt lat="50.624141" lon="18.107008">
				<ele>175.000000</ele>
			</trkpt>
			<trkpt lat="50.623965" lon="18.107161">
				<ele>175.000000</ele>
			</trkpt>
			<trkpt lat="50.623468" lon="18.107494">
				<ele>174.000000</ele>
			</trkpt>
			<trkpt lat="50.623383" lon="18.107547">
				<ele>175.000000</ele>
			</trkpt>
			<trkpt lat="50.623115" lon="18.107746">
				<ele>175.000000</ele>
			</trkpt>
			<trkpt lat="50.622471" lon="18.108167">
				<ele>178.000000</ele>
			</trkpt>
			<trkpt lat="50.621958" lon="18.108553">
				<ele>178.000000</ele>
			</trkpt>
			<trkpt lat="50.621286" lon="18.109039">
				<ele>178.000000</ele>
			</trkpt>
			<trkpt lat="50.620607" lon="18.109524">
				<ele>179.000000</ele>
			</trkpt>
			<trkpt lat="50.620408" lon="18.109650">
				<ele>179.000000</ele>
			</trkpt>
			<trkpt lat="50.620237" lon="18.109748">
				<ele>180.000000</ele>
			</trkpt>
			<trkpt lat="50.620123" lon="18.109803">
				<ele>180.000000</ele>
			</trkpt>
			<trkpt lat="50.620089" lon="18.109821">
				<ele>180.000000</ele>
			</trkpt>
			<trkpt lat="50.619838" lon="18.109910">
				<ele>180.000000</ele>
			</trkpt>
			<trkpt lat="50.619685" lon="18.109928">
				<ele>180.000000</ele>
			</trkpt>
			<trkpt lat="50.619388" lon="18.109947">
				<ele>180.000000</ele>
			</trkpt>
			<trkpt lat="50.619217" lon="18.109964">
				<ele>180.000000</ele>
			</trkpt>
			<trkpt lat="50.618647" lon="18.110100">
				<ele>180.000000</ele>
			</trkpt>
			<trkpt lat="50.618219" lon="18.110180">
				<ele>180.000000</ele>
			</trkpt>
			<trkpt lat="50.618105" lon="18.110197">
				<ele>181.000000</ele>
			</trkpt>
			<trkpt lat="50.618083" lon="18.110063">
				<ele>181.000000</ele>
			</trkpt>
			<trkpt lat="50.618083" lon="18.110063">
				<ele>181.000000</ele>
			</trkpt>
			<trkpt lat="50.618105" lon="18.110197">
				<ele>181.000000</ele>
			</trkpt>
			<trkpt lat="50.618254" lon="18.111096">
				<ele>181.000000</ele>
			</trkpt>
			<trkpt lat="50.618379" lon="18.111832">
				<ele>182.000000</ele>
			</trkpt>
			<trkpt lat="50.618431" lon="18.112021">
				<ele>182.000000</ele>
			</trkpt>
			<trkpt lat="50.618499" lon="18.112219">
				<ele>182.000000</ele>
			</trkpt>
			<trkpt lat="50.618721" lon="18.112758">
				<ele>183.000000</ele>
			</trkpt>
			<trkpt lat="50.618875" lon="18.113117">
				<ele>183.000000</ele>
			</trkpt>
			<trkpt lat="50.619046" lon="18.113549">
				<ele>184.000000</ele>
			</trkpt>
			<trkpt lat="50.619160" lon="18.113899">
				<ele>184.000000</ele>
			</trkpt>
			<trkpt lat="50.619251" lon="18.114195">
				<ele>185.000000</ele>
			</trkpt>
			<trkpt lat="50.619320" lon="18.114455">
				<ele>185.000000</ele>
			</trkpt>
			<trkpt lat="50.619405" lon="18.114851">
				<ele>185.000000</ele>
			</trkpt>
			<trkpt lat="50.619479" lon="18.115247">
				<ele>184.000000</ele>
			</trkpt>
			<trkpt lat="50.619536" lon="18.115606">
				<ele>184.000000</ele>
			</trkpt>
			<trkpt lat="50.619587" lon="18.116127">
				<ele>184.000000</ele>
			</trkpt>
			<trkpt lat="50.619616" lon="18.116549">
				<ele>185.000000</ele>
			</trkpt>
			<trkpt lat="50.619644" lon="18.117052">
				<ele>185.000000</ele>
			</trkpt>
			<trkpt lat="50.619707" lon="18.118310">
				<ele>186.000000</ele>
			</trkpt>
			<trkpt lat="50.619781" lon="18.119962">
				<ele>186.000000</ele>
			</trkpt>
			<trkpt lat="50.619804" lon="18.120232">
				<ele>186.000000</ele>
			</trkpt>
			<trkpt lat="50.619844" lon="18.120465">
				<ele>186.000000</ele>
			</trkpt>
			<trkpt lat="50.619895" lon="18.120690">
				<ele>186.000000</ele>
			</trkpt>
			<trkpt lat="50.620009" lon="18.121004">
				<ele>186.000000</ele>
			</trkpt>
			<trkpt lat="50.620180" lon="18.121445">
				<ele>186.000000</ele>
			</trkpt>
			<trkpt lat="50.620511" lon="18.122308">
				<ele>187.000000</ele>
			</trkpt>
			<trkpt lat="50.620590" lon="18.122558">
				<ele>187.000000</ele>
			</trkpt>
			<trkpt lat="50.620664" lon="18.122774">
				<ele>187.000000</ele>
			</trkpt>
			<trkpt lat="50.620716" lon="18.123008">
				<ele>188.000000</ele>
			</trkpt>
			<trkpt lat="50.620744" lon="18.123214">
				<ele>188.000000</ele>
			</trkpt>
			<trkpt lat="50.620767" lon="18.123394">
				<ele>189.000000</ele>
			</trkpt>
			<trkpt lat="50.620773" lon="18.123564">
				<ele>189.000000</ele>
			</trkpt>
			<trkpt lat="50.620778" lon="18.124086">
				<ele>190.000000</ele>
			</trkpt>
			<trkpt lat="50.620796" lon="18.124606">
				<ele>191.000000</ele>
			</trkpt>
			<trkpt lat="50.620807" lon="18.125074">
				<ele>191.000000</ele>
			</trkpt>
			<trkpt lat="50.620818" lon="18.125407">
				<ele>191.000000</ele>
			</trkpt>
			<trkpt lat="50.620835" lon="18.126296">
				<ele>191.000000</ele>
			</trkpt>
			<trkpt lat="50.620841" lon="18.126367">
				<ele>191.000000</ele>
			</trkpt>
			<trkpt lat="50.620853" lon="18.127751">
				<ele>191.000000</ele>
			</trkpt>
			<trkpt lat="50.620881" lon="18.129143">
				<ele>193.000000</ele>
			</trkpt>
			<trkpt lat="50.620892" lon="18.129692">
				<ele>193.000000</ele>
			</trkpt>
			<trkpt lat="50.620932" lon="18.130437">
				<ele>194.000000</ele>
			</trkpt>
			<trkpt lat="50.620978" lon="18.130940">
				<ele>194.000000</ele>
			</trkpt>
			<trkpt lat="50.621029" lon="18.131614">
				<ele>194.000000</ele>
			</trkpt>
			<trkpt lat="50.621046" lon="18.131982">
				<ele>194.000000</ele>
			</trkpt>
			<trkpt lat="50.621040" lon="18.132260">
				<ele>194.000000</ele>
			</trkpt>
			<trkpt lat="50.621024" lon="18.132556">
				<ele>194.000000</ele>
			</trkpt>
			<trkpt lat="50.620989" lon="18.132782">
				<ele>194.000000</ele>
			</trkpt>
			<trkpt lat="50.620961" lon="18.132916">
				<ele>194.000000</ele>
			</trkpt>
			<trkpt lat="50.620926" lon="18.133069">
				<ele>194.000000</ele>
			</trkpt>
			<trkpt lat="50.620847" lon="18.133321">
				<ele>194.000000</ele>
			</trkpt>
			<trkpt lat="50.620727" lon="18.133644">
				<ele>195.000000</ele>
			</trkpt>
			<trkpt lat="50.620522" lon="18.134066">
				<ele>195.000000</ele>
			</trkpt>
			<trkpt lat="50.620237" lon="18.134650">
				<ele>195.000000</ele>
			</trkpt>
			<trkpt lat="50.620038" lon="18.135090">
				<ele>196.000000</ele>
			</trkpt>
			<trkpt lat="50.619947" lon="18.135315">
				<ele>196.000000</ele>
			</trkpt>
			<trkpt lat="50.619918" lon="18.135386">
				<ele>196.000000</ele>
			</trkpt>
			<trkpt lat="50.619764" lon="18.135782">
				<ele>196.000000</ele>
			</trkpt>
			<trkpt lat="50.619628" lon="18.136105">
				<ele>196.000000</ele>
			</trkpt>
			<trkpt lat="50.619587" lon="18.136214">
				<ele>197.000000</ele>
			</trkpt>
			<trkpt lat="50.619576" lon="18.136321">
				<ele>196.000000</ele>
			</trkpt>
			<trkpt lat="50.619519" lon="18.136348">
				<ele>197.000000</ele>
			</trkpt>
			<trkpt lat="50.619479" lon="18.136375">
				<ele>197.000000</ele>
			</trkpt>
			<trkpt lat="50.619428" lon="18.136411">
				<ele>197.000000</ele>
			</trkpt>
			<trkpt lat="50.619074" lon="18.136698">
				<ele>198.000000</ele>
			</trkpt>
			<trkpt lat="50.618995" lon="18.136753">
				<ele>198.000000</ele>
			</trkpt>
			<trkpt lat="50.618915" lon="18.136770">
				<ele>198.000000</ele>
			</trkpt>
			<trkpt lat="50.618835" lon="18.136770">
				<ele>197.000000</ele>
			</trkpt>
			<trkpt lat="50.618750" lon="18.136753">
				<ele>197.000000</ele>
			</trkpt>
			<trkpt lat="50.618248" lon="18.136617">
				<ele>195.000000</ele>
			</trkpt>
			<trkpt lat="50.618123" lon="18.136600">
				<ele>194.000000</ele>
			</trkpt>
			<trkpt lat="50.617975" lon="18.136617">
				<ele>193.000000</ele>
			</trkpt>
			<trkpt lat="50.617798" lon="18.136671">
				<ele>192.000000</ele>
			</trkpt>
			<trkpt lat="50.617553" lon="18.136797">
				<ele>191.000000</ele>
			</trkpt>
			<trkpt lat="50.617553" lon="18.136797">
				<ele>191.000000</ele>
			</trkpt>
			<trkpt lat="50.616971" lon="18.137093">
				<ele>189.000000</ele>
			</trkpt>
			<trkpt lat="50.616680" lon="18.137246">
				<ele>189.000000</ele>
			</trkpt>
			<trkpt lat="50.616555" lon="18.137300">
				<ele>188.000000</ele>
			</trkpt>
			<trkpt lat="50.616407" lon="18.137354">
				<ele>188.000000</ele>
			</trkpt>
			<trkpt lat="50.616231" lon="18.137380">
				<ele>188.000000</ele>
			</trkpt>
			<trkpt lat="50.616076" lon="18.137390">
				<ele>187.000000</ele>
			</trkpt>
			<trkpt lat="50.614668" lon="18.137390">
				<ele>186.000000</ele>
			</trkpt>
			<trkpt lat="50.612559" lon="18.137390">
				<ele>186.000000</ele>
			</trkpt>
			<trkpt lat="50.610604" lon="18.137380">
				<ele>185.000000</ele>
			</trkpt>
			<trkpt lat="50.610194" lon="18.137372">
				<ele>185.000000</ele>
			</trkpt>
			<trkpt lat="50.609652" lon="18.137380">
				<ele>184.000000</ele>
			</trkpt>
			<trkpt lat="50.609481" lon="18.137380">
				<ele>184.000000</ele>
			</trkpt>
			<trkpt lat="50.608586" lon="18.137380">
				<ele>184.000000</ele>
			</trkpt>
			<trkpt lat="50.607645" lon="18.137372">
				<ele>183.000000</ele>
			</trkpt>
			<trkpt lat="50.606921" lon="18.137363">
				<ele>183.000000</ele>
			</trkpt>
			<trkpt lat="50.605593" lon="18.137363">
				<ele>181.000000</ele>
			</trkpt>
			<trkpt lat="50.605103" lon="18.137363">
				<ele>181.000000</ele>
			</trkpt>
			<trkpt lat="50.604937" lon="18.137345">
				<ele>181.000000</ele>
			</trkpt>
			<trkpt lat="50.604772" lon="18.137300">
				<ele>181.000000</ele>
			</trkpt>
			<trkpt lat="50.604613" lon="18.137219">
				<ele>181.000000</ele>
			</trkpt>
			<trkpt lat="50.604481" lon="18.137130">
				<ele>181.000000</ele>
			</trkpt>
			<trkpt lat="50.604385" lon="18.137040">
				<ele>181.000000</ele>
			</trkpt>
			<trkpt lat="50.604305" lon="18.136967">
				<ele>181.000000</ele>
			</trkpt>
			<trkpt lat="50.604219" lon="18.136860">
				<ele>181.000000</ele>
			</trkpt>
			<trkpt lat="50.604122" lon="18.136716">
				<ele>181.000000</ele>
			</trkpt>
			<trkpt lat="50.604030" lon="18.136573">
				<ele>181.000000</ele>
			</trkpt>
			<trkpt lat="50.603016" lon="18.134569">
				<ele>181.000000</ele>
			</trkpt>
			<trkpt lat="50.602777" lon="18.134111">
				<ele>180.000000</ele>
			</trkpt>
			<trkpt lat="50.602640" lon="18.133931">
				<ele>180.000000</ele>
			</trkpt>
			<trkpt lat="50.602337" lon="18.133617">
				<ele>180.000000</ele>
			</trkpt>
			<trkpt lat="50.602093" lon="18.133365">
				<ele>180.000000</ele>
			</trkpt>
			<trkpt lat="50.601887" lon="18.133159">
				<ele>180.000000</ele>
			</trkpt>
			<trkpt lat="50.601305" lon="18.132602">
				<ele>179.000000</ele>
			</trkpt>
			<trkpt lat="50.601283" lon="18.132575">
				<ele>179.000000</ele>
			</trkpt>
			<trkpt lat="50.600992" lon="18.132296">
				<ele>179.000000</ele>
			</trkpt>
			<trkpt lat="50.600861" lon="18.132153">
				<ele>179.000000</ele>
			</trkpt>
			<trkpt lat="50.600758" lon="18.132009">
				<ele>179.000000</ele>
			</trkpt>
			<trkpt lat="50.600656" lon="18.131847">
				<ele>179.000000</ele>
			</trkpt>
			<trkpt lat="50.600604" lon="18.131757">
				<ele>179.000000</ele>
			</trkpt>
			<trkpt lat="50.600513" lon="18.131577">
				<ele>179.000000</ele>
			</trkpt>
			<trkpt lat="50.600433" lon="18.131380">
				<ele>179.000000</ele>
			</trkpt>
			<trkpt lat="50.600353" lon="18.131164">
				<ele>179.000000</ele>
			</trkpt>
			<trkpt lat="50.600279" lon="18.130931">
				<ele>179.000000</ele>
			</trkpt>
			<trkpt lat="50.599937" lon="18.129817">
				<ele>180.000000</ele>
			</trkpt>
			<trkpt lat="50.599760" lon="18.129260">
				<ele>181.000000</ele>
			</trkpt>
			<trkpt lat="50.599715" lon="18.129116">
				<ele>181.000000</ele>
			</trkpt>
			<trkpt lat="50.599589" lon="18.129134">
				<ele>182.000000</ele>
			</trkpt>
			<trkpt lat="50.599521" lon="18.129134">
				<ele>182.000000</ele>
			</trkpt>
			<trkpt lat="50.599521" lon="18.129134">
				<ele>182.000000</ele>
			</trkpt>
			<trkpt lat="50.599435" lon="18.129143">
				<ele>182.000000</ele>
			</trkpt>
			<trkpt lat="50.599333" lon="18.129170">
				<ele>182.000000</ele>
			</trkpt>
			<trkpt lat="50.599247" lon="18.129197">
				<ele>181.000000</ele>
			</trkpt>
			<trkpt lat="50.598922" lon="18.129340">
				<ele>179.000000</ele>
			</trkpt>
			<trkpt lat="50.598665" lon="18.129457">
				<ele>178.000000</ele>
			</trkpt>
			<trkpt lat="50.598432" lon="18.129556">
				<ele>177.000000</ele>
			</trkpt>
			<trkpt lat="50.598203" lon="18.129637">
				<ele>176.000000</ele>
			</trkpt>
			<trkpt lat="50.598021" lon="18.129682">
				<ele>175.000000</ele>
			</trkpt>
			<trkpt lat="50.597725" lon="18.129727">
				<ele>175.000000</ele>
			</trkpt>
			<trkpt lat="50.597388" lon="18.129782">
				<ele>174.000000</ele>
			</trkpt>
			<trkpt lat="50.596704" lon="18.129979">
				<ele>174.000000</ele>
			</trkpt>
			<trkpt lat="50.596322" lon="18.130086">
				<ele>174.000000</ele>
			</trkpt>
			<trkpt lat="50.596048" lon="18.130132">
				<ele>174.000000</ele>
			</trkpt>
			<trkpt lat="50.595073" lon="18.130122">
				<ele>174.000000</ele>
			</trkpt>
			<trkpt lat="50.594873" lon="18.130105">
				<ele>174.000000</ele>
			</trkpt>
			<trkpt lat="50.594765" lon="18.130051">
				<ele>175.000000</ele>
			</trkpt>
			<trkpt lat="50.594668" lon="18.129925">
				<ele>175.000000</ele>
			</trkpt>
			<trkpt lat="50.594594" lon="18.129755">
				<ele>175.000000</ele>
			</trkpt>
			<trkpt lat="50.594452" lon="18.129260">
				<ele>175.000000</ele>
			</trkpt>
			<trkpt lat="50.594275" lon="18.128740">
				<ele>176.000000</ele>
			</trkpt>
			<trkpt lat="50.594206" lon="18.128568">
				<ele>176.000000</ele>
			</trkpt>
			<trkpt lat="50.594144" lon="18.128398">
				<ele>176.000000</ele>
			</trkpt>
			<trkpt lat="50.594058" lon="18.128245">
				<ele>176.000000</ele>
			</trkpt>
			<trkpt lat="50.593967" lon="18.128084">
				<ele>176.000000</ele>
			</trkpt>
			<trkpt lat="50.593853" lon="18.127912">
				<ele>175.000000</ele>
			</trkpt>
			<trkpt lat="50.593733" lon="18.127759">
				<ele>175.000000</ele>
			</trkpt>
			<trkpt lat="50.593642" lon="18.127643">
				<ele>175.000000</ele>
			</trkpt>
			<trkpt lat="50.593528" lon="18.127526">
				<ele>175.000000</ele>
			</trkpt>
			<trkpt lat="50.593454" lon="18.127463">
				<ele>175.000000</ele>
			</trkpt>
			<trkpt lat="50.593373" lon="18.127392">
				<ele>175.000000</ele>
			</trkpt>
			<trkpt lat="50.593248" lon="18.127319">
				<ele>175.000000</ele>
			</trkpt>
			<trkpt lat="50.593094" lon="18.127239">
				<ele>175.000000</ele>
			</trkpt>
			<trkpt lat="50.592980" lon="18.127166">
				<ele>175.000000</ele>
			</trkpt>
			<trkpt lat="50.592866" lon="18.127077">
				<ele>175.000000</ele>
			</trkpt>
			<trkpt lat="50.592758" lon="18.126987">
				<ele>175.000000</ele>
			</trkpt>
			<trkpt lat="50.592649" lon="18.126870">
				<ele>175.000000</ele>
			</trkpt>
			<trkpt lat="50.592575" lon="18.126736">
				<ele>175.000000</ele>
			</trkpt>
			<trkpt lat="50.592535" lon="18.126583">
				<ele>175.000000</ele>
			</trkpt>
			<trkpt lat="50.592512" lon="18.126377">
				<ele>175.000000</ele>
			</trkpt>
			<trkpt lat="50.592484" lon="18.125981">
				<ele>175.000000</ele>
			</trkpt>
			<trkpt lat="50.592455" lon="18.125667">
				<ele>174.000000</ele>
			</trkpt>
			<trkpt lat="50.592398" lon="18.125325">
				<ele>174.000000</ele>
			</trkpt>
			<trkpt lat="50.592330" lon="18.125092">
				<ele>175.000000</ele>
			</trkpt>
			<trkpt lat="50.592250" lon="18.124895">
				<ele>175.000000</ele>
			</trkpt>
			<trkpt lat="50.592022" lon="18.124499">
				<ele>174.000000</ele>
			</trkpt>
			<trkpt lat="50.591549" lon="18.123664">
				<ele>175.000000</ele>
			</trkpt>
			<trkpt lat="50.591458" lon="18.123529">
				<ele>175.000000</ele>
			</trkpt>
			<trkpt lat="50.591349" lon="18.123385">
				<ele>175.000000</ele>
			</trkpt>
			<trkpt lat="50.591258" lon="18.123287">
				<ele>175.000000</ele>
			</trkpt>
			<trkpt lat="50.591024" lon="18.123053">
				<ele>175.000000</ele>
			</trkpt>
			<trkpt lat="50.590864" lon="18.122908">
				<ele>175.000000</ele>
			</trkpt>
			<trkpt lat="50.590756" lon="18.122828">
				<ele>175.000000</ele>
			</trkpt>
			<trkpt lat="50.590625" lon="18.122765">
				<ele>175.000000</ele>
			</trkpt>
			<trkpt lat="50.590534" lon="18.122721">
				<ele>174.000000</ele>
			</trkpt>
			<trkpt lat="50.590426" lon="18.122667">
				<ele>175.000000</ele>
			</trkpt>
			<trkpt lat="50.590283" lon="18.122585">
				<ele>175.000000</ele>
			</trkpt>
			<trkpt lat="50.590089" lon="18.122415">
				<ele>175.000000</ele>
			</trkpt>
			<trkpt lat="50.590072" lon="18.122406">
				<ele>175.000000</ele>
			</trkpt>
			<trkpt lat="50.590100" lon="18.122343">
				<ele>175.000000</ele>
			</trkpt>
			<trkpt lat="50.590123" lon="18.122308">
				<ele>175.000000</ele>
			</trkpt>
			<trkpt lat="50.590306" lon="18.122109">
				<ele>175.000000</ele>
			</trkpt>
			<trkpt lat="50.590471" lon="18.121948">
				<ele>175.000000</ele>
			</trkpt>
			<trkpt lat="50.590511" lon="18.121840">
				<ele>175.000000</ele>
			</trkpt>
			<trkpt lat="50.590585" lon="18.121606">
				<ele>175.000000</ele>
			</trkpt>
			<trkpt lat="50.590608" lon="18.121553">
				<ele>175.000000</ele>
			</trkpt>
			<trkpt lat="50.590608" lon="18.121553">
				<ele>175.000000</ele>
			</trkpt>
			<trkpt lat="50.590648" lon="18.121463">
				<ele>175.000000</ele>
			</trkpt>
			<trkpt lat="50.590779" lon="18.121310">
				<ele>175.000000</ele>
			</trkpt>
			<trkpt lat="50.591110" lon="18.120969">
				<ele>174.000000</ele>
			</trkpt>
			<trkpt lat="50.591406" lon="18.120583">
				<ele>174.000000</ele>
			</trkpt>
			<trkpt lat="50.591537" lon="18.120358">
				<ele>174.000000</ele>
			</trkpt>
			<trkpt lat="50.591600" lon="18.120214">
				<ele>174.000000</ele>
			</trkpt>
			<trkpt lat="50.591897" lon="18.119109">
				<ele>173.000000</ele>
			</trkpt>
			<trkpt lat="50.591954" lon="18.118947">
				<ele>173.000000</ele>
			</trkpt>
			<trkpt lat="50.592188" lon="18.118427">
				<ele>174.000000</ele>
			</trkpt>
			<trkpt lat="50.592262" lon="18.118274">
				<ele>174.000000</ele>
			</trkpt>
			<trkpt lat="50.592330" lon="18.118184">
				<ele>174.000000</ele>
			</trkpt>
			<trkpt lat="50.592404" lon="18.118148">
				<ele>174.000000</ele>
			</trkpt>
			<trkpt lat="50.592604" lon="18.118094">
				<ele>174.000000</ele>
			</trkpt>
			<trkpt lat="50.593648" lon="18.117870">
				<ele>174.000000</ele>
			</trkpt>
			<trkpt lat="50.593915" lon="18.117788">
				<ele>173.000000</ele>
			</trkpt>
			<trkpt lat="50.594092" lon="18.117753">
				<ele>173.000000</ele>
			</trkpt>
			<trkpt lat="50.594429" lon="18.117717">
				<ele>173.000000</ele>
			</trkpt>
			<trkpt lat="50.594548" lon="18.117591">
				<ele>173.000000</ele>
			</trkpt>
			<trkpt lat="50.595079" lon="18.116792">
				<ele>173.000000</ele>
			</trkpt>
			<trkpt lat="50.596356" lon="18.114815">
				<ele>173.000000</ele>
			</trkpt>
			<trkpt lat="50.597291" lon="18.113342">
				<ele>173.000000</ele>
			</trkpt>
			<trkpt lat="50.597679" lon="18.112731">
				<ele>173.000000</ele>
			</trkpt>
			<trkpt lat="50.597679" lon="18.112731">
				<ele>173.000000</ele>
			</trkpt>
			<trkpt lat="50.598118" lon="18.112021">
				<ele>172.000000</ele>
			</trkpt>
			<trkpt lat="50.598956" lon="18.110683">
				<ele>172.000000</ele>
			</trkpt>
			<trkpt lat="50.599504" lon="18.110629">
				<ele>172.000000</ele>
			</trkpt>
			<trkpt lat="50.599692" lon="18.110557">
				<ele>173.000000</ele>
			</trkpt>
			<trkpt lat="50.599663" lon="18.110369">
				<ele>173.000000</ele>
			</trkpt>
			<trkpt lat="50.599624" lon="18.110081">
				<ele>173.000000</ele>
			</trkpt>
			<trkpt lat="50.599589" lon="18.109748">
				<ele>173.000000</ele>
			</trkpt>
			<trkpt lat="50.599572" lon="18.109389">
				<ele>173.000000</ele>
			</trkpt>
			<trkpt lat="50.599572" lon="18.109102">
				<ele>173.000000</ele>
			</trkpt>
			<trkpt lat="50.599572" lon="18.107547">
				<ele>173.000000</ele>
			</trkpt>
			<trkpt lat="50.599578" lon="18.105293">
				<ele>174.000000</ele>
			</trkpt>
			<trkpt lat="50.599572" lon="18.104647">
				<ele>175.000000</ele>
			</trkpt>
			<trkpt lat="50.599561" lon="18.104404">
				<ele>175.000000</ele>
			</trkpt>
			<trkpt lat="50.599510" lon="18.103658">
				<ele>175.000000</ele>
			</trkpt>
			<trkpt lat="50.599390" lon="18.102239">
				<ele>176.000000</ele>
			</trkpt>
			<trkpt lat="50.599293" lon="18.101197">
				<ele>176.000000</ele>
			</trkpt>
			<trkpt lat="50.599207" lon="18.100190">
				<ele>177.000000</ele>
			</trkpt>
			<trkpt lat="50.599059" lon="18.098429">
				<ele>177.000000</ele>
			</trkpt>
			<trkpt lat="50.598939" lon="18.097073">
				<ele>178.000000</ele>
			</trkpt>
			<trkpt lat="50.598871" lon="18.096435">
				<ele>178.000000</ele>
			</trkpt>
			<trkpt lat="50.598820" lon="18.096068">
				<ele>178.000000</ele>
			</trkpt>
			<trkpt lat="50.598717" lon="18.095573">
				<ele>178.000000</ele>
			</trkpt>
			<trkpt lat="50.598626" lon="18.095232">
				<ele>179.000000</ele>
			</trkpt>
			<trkpt lat="50.598802" lon="18.095133">
				<ele>179.000000</ele>
			</trkpt>
			<trkpt lat="50.599013" lon="18.095089">
				<ele>179.000000</ele>
			</trkpt>
			<trkpt lat="50.599150" lon="18.095052">
				<ele>179.000000</ele>
			</trkpt>
			<trkpt lat="50.599150" lon="18.094900">
				<ele>179.000000</ele>
			</trkpt>
			<trkpt lat="50.599139" lon="18.092752">
				<ele>178.000000</ele>
			</trkpt>
			<trkpt lat="50.599127" lon="18.091567">
				<ele>179.000000</ele>
			</trkpt>
			<trkpt lat="50.599127" lon="18.091567">
				<ele>179.000000</ele>
			</trkpt>
			<trkpt lat="50.599121" lon="18.090920">
				<ele>179.000000</ele>
			</trkpt>
			<trkpt lat="50.599099" lon="18.089555">
				<ele>179.000000</ele>
			</trkpt>
			<trkpt lat="50.599093" lon="18.088072">
				<ele>180.000000</ele>
			</trkpt>
			<trkpt lat="50.599070" lon="18.087003">
				<ele>182.000000</ele>
			</trkpt>
			<trkpt lat="50.599053" lon="18.086967">
				<ele>182.000000</ele>
			</trkpt>
			<trkpt lat="50.599053" lon="18.086842">
				<ele>182.000000</ele>
			</trkpt>
			<trkpt lat="50.599064" lon="18.086707">
				<ele>182.000000</ele>
			</trkpt>
			<trkpt lat="50.599070" lon="18.086563">
				<ele>182.000000</ele>
			</trkpt>
			<trkpt lat="50.599093" lon="18.086303">
				<ele>182.000000</ele>
			</trkpt>
			<trkpt lat="50.599082" lon="18.085431">
				<ele>182.000000</ele>
			</trkpt>
			<trkpt lat="50.599064" lon="18.083491">
				<ele>182.000000</ele>
			</trkpt>
			<trkpt lat="50.599025" lon="18.081326">
				<ele>181.000000</ele>
			</trkpt>
			<trkpt lat="50.599007" lon="18.078181">
				<ele>180.000000</ele>
			</trkpt>
			<trkpt lat="50.598996" lon="18.076036">
				<ele>178.000000</ele>
			</trkpt>
			<trkpt lat="50.598985" lon="18.070636">
				<ele>172.000000</ele>
			</trkpt>
			<trkpt lat="50.598945" lon="18.065220">
				<ele>173.000000</ele>
			</trkpt>
			<trkpt lat="50.598928" lon="18.065220">
				<ele>173.000000</ele>
			</trkpt>
			<trkpt lat="50.598928" lon="18.065220">
				<ele>173.000000</ele>
			</trkpt>
			<trkpt lat="50.598945" lon="18.065220">
				<ele>173.000000</ele>
			</trkpt>
			<trkpt lat="50.600724" lon="18.065210">
				<ele>172.000000</ele>
			</trkpt>
			<trkpt lat="50.601665" lon="18.065220">
				<ele>171.000000</ele>
			</trkpt>
			<trkpt lat="50.602679" lon="18.065201">
				<ele>171.000000</ele>
			</trkpt>
			<trkpt lat="50.604350" lon="18.065183">
				<ele>170.000000</ele>
			</trkpt>
			<trkpt lat="50.604652" lon="18.065130">
				<ele>170.000000</ele>
			</trkpt>
			<trkpt lat="50.605861" lon="18.064958">
				<ele>170.000000</ele>
			</trkpt>
			<trkpt lat="50.605861" lon="18.064958">
				<ele>170.000000</ele>
			</trkpt>
			<trkpt lat="50.605861" lon="18.064958">
				<ele>169.000000</ele>
			</trkpt>
			<trkpt lat="50.605941" lon="18.064967">
				<ele>169.000000</ele>
			</trkpt>
			<trkpt lat="50.605850" lon="18.064707">
				<ele>169.000000</ele>
			</trkpt>
			<trkpt lat="50.605804" lon="18.064447">
				<ele>170.000000</ele>
			</trkpt>
			<trkpt lat="50.605764" lon="18.059767">
				<ele>169.000000</ele>
			</trkpt>
			<trkpt lat="50.605759" lon="18.057835">
				<ele>168.000000</ele>
			</trkpt>
			<trkpt lat="50.605741" lon="18.054377">
				<ele>166.000000</ele>
			</trkpt>
			<trkpt lat="50.605718" lon="18.052454">
				<ele>166.000000</ele>
			</trkpt>
			<trkpt lat="50.605074" lon="18.052346">
				<ele>166.000000</ele>
			</trkpt>
			<trkpt lat="50.604704" lon="18.052329">
				<ele>166.000000</ele>
			</trkpt>
			<trkpt lat="50.603301" lon="18.052266">
				<ele>166.000000</ele>
			</trkpt>
			<trkpt lat="50.602355" lon="18.052220">
				<ele>167.000000</ele>
			</trkpt>
			<trkpt lat="50.601841" lon="18.052220">
				<ele>167.000000</ele>
			</trkpt>
			<trkpt lat="50.601437" lon="18.052203">
				<ele>167.000000</ele>
			</trkpt>
			<trkpt lat="50.601209" lon="18.052140">
				<ele>167.000000</ele>
			</trkpt>
			<trkpt lat="50.600291" lon="18.051727">
				<ele>167.000000</ele>
			</trkpt>
			<trkpt lat="50.599669" lon="18.051466">
				<ele>167.000000</ele>
			</trkpt>
			<trkpt lat="50.598859" lon="18.051134">
				<ele>168.000000</ele>
			</trkpt>
			<trkpt lat="50.598848" lon="18.049050">
				<ele>167.000000</ele>
			</trkpt>
			<trkpt lat="50.598820" lon="18.043651">
				<ele>166.000000</ele>
			</trkpt>
			<trkpt lat="50.598814" lon="18.038333">
				<ele>165.000000</ele>
			</trkpt>
			<trkpt lat="50.598751" lon="18.033041">
				<ele>164.000000</ele>
			</trkpt>
			<trkpt lat="50.598734" lon="18.027544">
				<ele>163.000000</ele>
			</trkpt>
			<trkpt lat="50.598722" lon="18.026655">
				<ele>163.000000</ele>
			</trkpt>
			<trkpt lat="50.598722" lon="18.026448">
				<ele>163.000000</ele>
			</trkpt>
			<trkpt lat="50.598717" lon="18.026366">
				<ele>163.000000</ele>
			</trkpt>
			<trkpt lat="50.598751" lon="18.023582">
				<ele>162.000000</ele>
			</trkpt>
			<trkpt lat="50.598740" lon="18.022280">
				<ele>162.000000</ele>
			</trkpt>
			<trkpt lat="50.598728" lon="18.020529">
				<ele>162.000000</ele>
			</trkpt>
			<trkpt lat="50.598706" lon="18.017141">
				<ele>162.000000</ele>
			</trkpt>
			<trkpt lat="50.598706" lon="18.016944">
				<ele>162.000000</ele>
			</trkpt>
			<trkpt lat="50.598706" lon="18.016898">
				<ele>162.000000</ele>
			</trkpt>
			<trkpt lat="50.598706" lon="18.016898">
				<ele>162.000000</ele>
			</trkpt>
			<trkpt lat="50.598688" lon="18.016234">
				<ele>162.000000</ele>
			</trkpt>
			<trkpt lat="50.601864" lon="18.011527">
				<ele>161.000000</ele>
			</trkpt>
			<trkpt lat="50.605456" lon="18.006236">
				<ele>161.000000</ele>
			</trkpt>
			<trkpt lat="50.605456" lon="18.006200">
				<ele>161.000000</ele>
			</trkpt>
			<trkpt lat="50.605456" lon="18.006200">
				<ele>161.000000</ele>
			</trkpt>
			<trkpt lat="50.605456" lon="18.006110">
				<ele>161.000000</ele>
			</trkpt>
			<trkpt lat="50.605394" lon="18.000694">
				<ele>161.000000</ele>
			</trkpt>
			<trkpt lat="50.605376" lon="17.997720">
				<ele>161.000000</ele>
			</trkpt>
			<trkpt lat="50.605376" lon="17.997415">
				<ele>161.000000</ele>
			</trkpt>
			<trkpt lat="50.605360" lon="17.995321">
				<ele>161.000000</ele>
			</trkpt>
			<trkpt lat="50.605422" lon="17.995321">
				<ele>161.000000</ele>
			</trkpt>
			<trkpt lat="50.605422" lon="17.995321">
				<ele>161.000000</ele>
			</trkpt>
			<trkpt lat="50.606351" lon="17.995304">
				<ele>161.000000</ele>
			</trkpt>
			<trkpt lat="50.607851" lon="17.995321">
				<ele>161.000000</ele>
			</trkpt>
			<trkpt lat="50.608546" lon="17.995321">
				<ele>161.000000</ele>
			</trkpt>
			<trkpt lat="50.608563" lon="17.995321">
				<ele>161.000000</ele>
			</trkpt>
			<trkpt lat="50.609515" lon="17.995321">
				<ele>161.000000</ele>
			</trkpt>
			<trkpt lat="50.609635" lon="17.995285">
				<ele>161.000000</ele>
			</trkpt>
			<trkpt lat="50.609703" lon="17.995249">
				<ele>161.000000</ele>
			</trkpt>
			<trkpt lat="50.609749" lon="17.995214">
				<ele>161.000000</ele>
			</trkpt>
			<trkpt lat="50.609789" lon="17.995124">
				<ele>161.000000</ele>
			</trkpt>
			<trkpt lat="50.609835" lon="17.995007">
				<ele>161.000000</ele>
			</trkpt>
			<trkpt lat="50.609874" lon="17.994952">
				<ele>161.000000</ele>
			</trkpt>
			<trkpt lat="50.609920" lon="17.994926">
				<ele>161.000000</ele>
			</trkpt>
			<trkpt lat="50.610023" lon="17.994891">
				<ele>161.000000</ele>
			</trkpt>
			<trkpt lat="50.610159" lon="17.994782">
				<ele>161.000000</ele>
			</trkpt>
			<trkpt lat="50.610348" lon="17.994576">
				<ele>161.000000</ele>
			</trkpt>
			<trkpt lat="50.610530" lon="17.994342">
				<ele>161.000000</ele>
			</trkpt>
			<trkpt lat="50.610599" lon="17.994207">
				<ele>161.000000</ele>
			</trkpt>
			<trkpt lat="50.610667" lon="17.994090">
				<ele>161.000000</ele>
			</trkpt>
			<trkpt lat="50.610724" lon="17.994010">
				<ele>161.000000</ele>
			</trkpt>
			<trkpt lat="50.610809" lon="17.993956">
				<ele>161.000000</ele>
			</trkpt>
			<trkpt lat="50.610872" lon="17.993938">
				<ele>161.000000</ele>
			</trkpt>
			<trkpt lat="50.610952" lon="17.993902">
				<ele>161.000000</ele>
			</trkpt>
			<trkpt lat="50.611305" lon="17.993849">
				<ele>161.000000</ele>
			</trkpt>
			<trkpt lat="50.611431" lon="17.993830">
				<ele>161.000000</ele>
			</trkpt>
			<trkpt lat="50.611596" lon="17.993803">
				<ele>161.000000</ele>
			</trkpt>
			<trkpt lat="50.611938" lon="17.993686">
				<ele>161.000000</ele>
			</trkpt>
			<trkpt lat="50.612673" lon="17.993453">
				<ele>161.000000</ele>
			</trkpt>
			<trkpt lat="50.612770" lon="17.993426">
				<ele>161.000000</ele>
			</trkpt>
			<trkpt lat="50.612805" lon="17.993426">
				<ele>161.000000</ele>
			</trkpt>
			<trkpt lat="50.612839" lon="17.993417">
				<ele>161.000000</ele>
			</trkpt>
			<trkpt lat="50.612913" lon="17.993417">
				<ele>161.000000</ele>
			</trkpt>
			<trkpt lat="50.612930" lon="17.993417">
				<ele>161.000000</ele>
			</trkpt>
			<trkpt lat="50.613141" lon="17.993434">
				<ele>161.000000</ele>
			</trkpt>
			<trkpt lat="50.613961" lon="17.993489">
				<ele>160.000000</ele>
			</trkpt>
			<trkpt lat="50.614366" lon="17.993516">
				<ele>160.000000</ele>
			</trkpt>
			<trkpt lat="50.614492" lon="17.993507">
				<ele>160.000000</ele>
			</trkpt>
			<trkpt lat="50.614611" lon="17.993480">
				<ele>160.000000</ele>
			</trkpt>
			<trkpt lat="50.614754" lon="17.993399">
				<ele>160.000000</ele>
			</trkpt>
			<trkpt lat="50.614953" lon="17.993255">
				<ele>160.000000</ele>
			</trkpt>
			<trkpt lat="50.615101" lon="17.993130">
				<ele>160.000000</ele>
			</trkpt>
			<trkpt lat="50.615181" lon="17.993031">
				<ele>160.000000</ele>
			</trkpt>
			<trkpt lat="50.615295" lon="17.992868">
				<ele>160.000000</ele>
			</trkpt>
			<trkpt lat="50.615427" lon="17.992644">
				<ele>160.000000</ele>
			</trkpt>
			<trkpt lat="50.615524" lon="17.992455">
				<ele>160.000000</ele>
			</trkpt>
			<trkpt lat="50.615547" lon="17.992411">
				<ele>160.000000</ele>
			</trkpt>
			<trkpt lat="50.615638" lon="17.992241">
				<ele>160.000000</ele>
			</trkpt>
			<trkpt lat="50.615718" lon="17.992025">
				<ele>160.000000</ele>
			</trkpt>
			<trkpt lat="50.616213" lon="17.992312">
				<ele>161.000000</ele>
			</trkpt>
			<trkpt lat="50.616276" lon="17.992357">
				<ele>161.000000</ele>
			</trkpt>
			<trkpt lat="50.616304" lon="17.992375">
				<ele>161.000000</ele>
			</trkpt>
			<trkpt lat="50.616356" lon="17.992411">
				<ele>161.000000</ele>
			</trkpt>
			<trkpt lat="50.616835" lon="17.992707">
				<ele>160.000000</ele>
			</trkpt>
			<trkpt lat="50.616926" lon="17.992788">
				<ele>160.000000</ele>
			</trkpt>
			<trkpt lat="50.617000" lon="17.992860">
				<ele>160.000000</ele>
			</trkpt>
			<trkpt lat="50.617068" lon="17.992923">
				<ele>160.000000</ele>
			</trkpt>
			<trkpt lat="50.617547" lon="17.993381">
				<ele>160.000000</ele>
			</trkpt>
			<trkpt lat="50.618003" lon="17.993794">
				<ele>160.000000</ele>
			</trkpt>
			<trkpt lat="50.618026" lon="17.993803">
				<ele>160.000000</ele>
			</trkpt>
			<trkpt lat="50.618071" lon="17.993839">
				<ele>160.000000</ele>
			</trkpt>
			<trkpt lat="50.618111" lon="17.993839">
				<ele>160.000000</ele>
			</trkpt>
			<trkpt lat="50.618197" lon="17.993812">
				<ele>160.000000</ele>
			</trkpt>
			<trkpt lat="50.619120" lon="17.993453">
				<ele>160.000000</ele>
			</trkpt>
			<trkpt lat="50.620146" lon="17.993067">
				<ele>160.000000</ele>
			</trkpt>
			<trkpt lat="50.620266" lon="17.993040">
				<ele>160.000000</ele>
			</trkpt>
			<trkpt lat="50.620385" lon="17.993013">
				<ele>160.000000</ele>
			</trkpt>
			<trkpt lat="50.620448" lon="17.993004">
				<ele>160.000000</ele>
			</trkpt>
			<trkpt lat="50.621200" lon="17.992923">
				<ele>160.000000</ele>
			</trkpt>
			<trkpt lat="50.622021" lon="17.992824">
				<ele>161.000000</ele>
			</trkpt>
			<trkpt lat="50.622027" lon="17.992824">
				<ele>161.000000</ele>
			</trkpt>
			<trkpt lat="50.622027" lon="17.992824">
				<ele>161.000000</ele>
			</trkpt>
			<trkpt lat="50.622101" lon="17.992807">
				<ele>161.000000</ele>
			</trkpt>
			<trkpt lat="50.622135" lon="17.993048">
				<ele>161.000000</ele>
			</trkpt>
			<trkpt lat="50.622289" lon="17.994073">
				<ele>161.000000</ele>
			</trkpt>
			<trkpt lat="50.622329" lon="17.994360">
				<ele>162.000000</ele>
			</trkpt>
			<trkpt lat="50.622374" lon="17.994952">
				<ele>162.000000</ele>
			</trkpt>
			<trkpt lat="50.622431" lon="17.995690">
				<ele>162.000000</ele>
			</trkpt>
			<trkpt lat="50.622449" lon="17.995905">
				<ele>162.000000</ele>
			</trkpt>
			<trkpt lat="50.622471" lon="17.996183">
				<ele>162.000000</ele>
			</trkpt>
			<trkpt lat="50.622460" lon="17.996327">
				<ele>162.000000</ele>
			</trkpt>
			<trkpt lat="50.622420" lon="17.996462">
				<ele>162.000000</ele>
			</trkpt>
			<trkpt lat="50.622329" lon="17.996686">
				<ele>162.000000</ele>
			</trkpt>
			<trkpt lat="50.622158" lon="17.996912">
				<ele>162.000000</ele>
			</trkpt>
			<trkpt lat="50.621970" lon="17.997145">
				<ele>162.000000</ele>
			</trkpt>
			<trkpt lat="50.621873" lon="17.997262">
				<ele>162.000000</ele>
			</trkpt>
			<trkpt lat="50.621628" lon="17.997621">
				<ele>161.000000</ele>
			</trkpt>
			<trkpt lat="50.621457" lon="17.997872">
				<ele>161.000000</ele>
			</trkpt>
			<trkpt lat="50.621331" lon="17.998070">
				<ele>160.000000</ele>
			</trkpt>
			<trkpt lat="50.621257" lon="17.998258">
				<ele>160.000000</ele>
			</trkpt>
			<trkpt lat="50.621195" lon="17.998457">
				<ele>160.000000</ele>
			</trkpt>
			<trkpt lat="50.621058" lon="17.998923">
				<ele>160.000000</ele>
			</trkpt>
			<trkpt lat="50.620938" lon="17.999355">
				<ele>160.000000</ele>
			</trkpt>
			<trkpt lat="50.620926" lon="17.999418">
				<ele>160.000000</ele>
			</trkpt>
			<trkpt lat="50.620898" lon="17.999562">
				<ele>160.000000</ele>
			</trkpt>
			<trkpt lat="50.620887" lon="17.999696">
				<ele>160.000000</ele>
			</trkpt>
			<trkpt lat="50.620910" lon="17.999866">
				<ele>160.000000</ele>
			</trkpt>
			<trkpt lat="50.620915" lon="17.999912">
				<ele>160.000000</ele>
			</trkpt>
			<trkpt lat="50.620926" lon="17.999975">
				<ele>160.000000</ele>
			</trkpt>
			<trkpt lat="50.620961" lon="18.000136">
				<ele>160.000000</ele>
			</trkpt>
			<trkpt lat="50.621109" lon="18.000783">
				<ele>160.000000</ele>
			</trkpt>
			<trkpt lat="50.621217" lon="18.001260">
				<ele>160.000000</ele>
			</trkpt>
			<trkpt lat="50.621274" lon="18.001520">
				<ele>160.000000</ele>
			</trkpt>
			<trkpt lat="50.621417" lon="18.002149">
				<ele>160.000000</ele>
			</trkpt>
			<trkpt lat="50.621508" lon="18.002562">
				<ele>160.000000</ele>
			</trkpt>
			<trkpt lat="50.621616" lon="18.003047">
				<ele>160.000000</ele>
			</trkpt>
			<trkpt lat="50.621633" lon="18.003137">
				<ele>160.000000</ele>
			</trkpt>
			<trkpt lat="50.621759" lon="18.003694">
				<ele>160.000000</ele>
			</trkpt>
			<trkpt lat="50.621793" lon="18.003864">
				<ele>160.000000</ele>
			</trkpt>
			<trkpt lat="50.622129" lon="18.004152">
				<ele>160.000000</ele>
			</trkpt>
			<trkpt lat="50.622186" lon="18.004206">
				<ele>160.000000</ele>
			</trkpt>
			<trkpt lat="50.622232" lon="18.004250">
				<ele>160.000000</ele>
			</trkpt>
			<trkpt lat="50.622306" lon="18.004367">
				<ele>160.000000</ele>
			</trkpt>
			<trkpt lat="50.622471" lon="18.004539">
				<ele>160.000000</ele>
			</trkpt>
			<trkpt lat="50.622625" lon="18.004690">
				<ele>160.000000</ele>
			</trkpt>
			<trkpt lat="50.623212" lon="18.005302">
				<ele>160.000000</ele>
			</trkpt>
			<trkpt lat="50.624734" lon="18.006873">
				<ele>159.000000</ele>
			</trkpt>
			<trkpt lat="50.626871" lon="18.009101">
				<ele>159.000000</ele>
			</trkpt>
			<trkpt lat="50.626922" lon="18.009156">
				<ele>159.000000</ele>
			</trkpt>
			<trkpt lat="50.627024" lon="18.009263">
				<ele>159.000000</ele>
			</trkpt>
			<trkpt lat="50.628005" lon="18.010287">
				<ele>159.000000</ele>
			</trkpt>
			<trkpt lat="50.628689" lon="18.010979">
				<ele>160.000000</ele>
			</trkpt>
			<trkpt lat="50.628705" lon="18.010988">
				<ele>160.000000</ele>
			</trkpt>
			<trkpt lat="50.628705" lon="18.010988">
				<ele>160.000000</ele>
			</trkpt>
			<trkpt lat="50.628831" lon="18.011078">
				<ele>160.000000</ele>
			</trkpt>
			<trkpt lat="50.628928" lon="18.010646">
				<ele>160.000000</ele>
			</trkpt>
			<trkpt lat="50.631657" lon="18.003793">
				<ele>160.000000</ele>
			</trkpt>
			<trkpt lat="50.633646" lon="17.999086">
				<ele>160.000000</ele>
			</trkpt>
			<trkpt lat="50.633931" lon="17.998403">
				<ele>160.000000</ele>
			</trkpt>
			<trkpt lat="50.633931" lon="17.998403">
				<ele>160.000000</ele>
			</trkpt>
			<trkpt lat="50.634335" lon="17.997432">
				<ele>160.000000</ele>
			</trkpt>
			<trkpt lat="50.634712" lon="17.996426">
				<ele>160.000000</ele>
			</trkpt>
			<trkpt lat="50.635538" lon="17.994405">
				<ele>159.000000</ele>
			</trkpt>
			<trkpt lat="50.635497" lon="17.994386">
				<ele>159.000000</ele>
			</trkpt>
			<trkpt lat="50.635481" lon="17.994325">
				<ele>159.000000</ele>
			</trkpt>
			<trkpt lat="50.635401" lon="17.994136">
				<ele>160.000000</ele>
			</trkpt>
			<trkpt lat="50.635401" lon="17.994019">
				<ele>160.000000</ele>
			</trkpt>
			<trkpt lat="50.635435" lon="17.993920">
				<ele>160.000000</ele>
			</trkpt>
			<trkpt lat="50.635504" lon="17.993849">
				<ele>159.000000</ele>
			</trkpt>
			<trkpt lat="50.635600" lon="17.993759">
				<ele>159.000000</ele>
			</trkpt>
			<trkpt lat="50.635823" lon="17.993560">
				<ele>159.000000</ele>
			</trkpt>
			<trkpt lat="50.636244" lon="17.993103">
				<ele>159.000000</ele>
			</trkpt>
			<trkpt lat="50.636990" lon="17.992231">
				<ele>159.000000</ele>
			</trkpt>
			<trkpt lat="50.637081" lon="17.992178">
				<ele>159.000000</ele>
			</trkpt>
			<trkpt lat="50.637293" lon="17.992159">
				<ele>159.000000</ele>
			</trkpt>
			<trkpt lat="50.638569" lon="17.992115">
				<ele>159.000000</ele>
			</trkpt>
			<trkpt lat="50.638626" lon="17.992078">
				<ele>159.000000</ele>
			</trkpt>
			<trkpt lat="50.638642" lon="17.992015">
				<ele>159.000000</ele>
			</trkpt>
			<trkpt lat="50.638825" lon="17.990820">
				<ele>159.000000</ele>
			</trkpt>
			<trkpt lat="50.639258" lon="17.988296">
				<ele>160.000000</ele>
			</trkpt>
			<trkpt lat="50.639320" lon="17.988153">
				<ele>160.000000</ele>
			</trkpt>
			<trkpt lat="50.639434" lon="17.987937">
				<ele>160.000000</ele>
			</trkpt>
			<trkpt lat="50.639560" lon="17.987757">
				<ele>160.000000</ele>
			</trkpt>
			<trkpt lat="50.639646" lon="17.987694">
				<ele>160.000000</ele>
			</trkpt>
			<trkpt lat="50.640073" lon="17.987524">
				<ele>160.000000</ele>
			</trkpt>
			<trkpt lat="50.640107" lon="17.987541">
				<ele>160.000000</ele>
			</trkpt>
			<trkpt lat="50.640181" lon="17.987587">
				<ele>160.000000</ele>
			</trkpt>
			<trkpt lat="50.640529" lon="17.987631">
				<ele>160.000000</ele>
			</trkpt>
			<trkpt lat="50.641127" lon="17.987686">
				<ele>160.000000</ele>
			</trkpt>
			<trkpt lat="50.641622" lon="17.987667">
				<ele>160.000000</ele>
			</trkpt>
			<trkpt lat="50.641942" lon="17.987614">
				<ele>160.000000</ele>
			</trkpt>
			<trkpt lat="50.642015" lon="17.987578">
				<ele>160.000000</ele>
			</trkpt>
			<trkpt lat="50.642066" lon="17.987507">
				<ele>160.000000</ele>
			</trkpt>
			<trkpt lat="50.642135" lon="17.986751">
				<ele>160.000000</ele>
			</trkpt>
			<trkpt lat="50.642283" lon="17.985044">
				<ele>161.000000</ele>
			</trkpt>
			<trkpt lat="50.642209" lon="17.984658">
				<ele>161.000000</ele>
			</trkpt>
			<trkpt lat="50.642066" lon="17.983069">
				<ele>162.000000</ele>
			</trkpt>
			<trkpt lat="50.641958" lon="17.981891">
				<ele>162.000000</ele>
			</trkpt>
			<trkpt lat="50.641942" lon="17.981406">
				<ele>163.000000</ele>
			</trkpt>
			<trkpt lat="50.641953" lon="17.981002">
				<ele>163.000000</ele>
			</trkpt>
			<trkpt lat="50.642192" lon="17.981038">
				<ele>163.000000</ele>
			</trkpt>
			<trkpt lat="50.642483" lon="17.981075">
				<ele>164.000000</ele>
			</trkpt>
			<trkpt lat="50.642642" lon="17.981083">
				<ele>164.000000</ele>
			</trkpt>
			<trkpt lat="50.642744" lon="17.981092">
				<ele>164.000000</ele>
			</trkpt>
			<trkpt lat="50.643115" lon="17.981092">
				<ele>164.000000</ele>
			</trkpt>
			<trkpt lat="50.643440" lon="17.981075">
				<ele>164.000000</ele>
			</trkpt>
			<trkpt lat="50.643736" lon="17.980176">
				<ele>165.000000</ele>
			</trkpt>
			<trkpt lat="50.643810" lon="17.979960">
				<ele>165.000000</ele>
			</trkpt>
			<trkpt lat="50.643940" lon="17.979583">
				<ele>165.000000</ele>
			</trkpt>
			<trkpt lat="50.643975" lon="17.979475">
				<ele>165.000000</ele>
			</trkpt>
			<trkpt lat="50.644003" lon="17.979394">
				<ele>165.000000</ele>
			</trkpt>
			<trkpt lat="50.644328" lon="17.978451">
				<ele>165.000000</ele>
			</trkpt>
			<trkpt lat="50.644465" lon="17.978029">
				<ele>165.000000</ele>
			</trkpt>
			<trkpt lat="50.644704" lon="17.977320">
				<ele>165.000000</ele>
			</trkpt>
			<trkpt lat="50.644892" lon="17.976780">
				<ele>165.000000</ele>
			</trkpt>
			<trkpt lat="50.645102" lon="17.976169">
				<ele>166.000000</ele>
			</trkpt>
			<trkpt lat="50.645285" lon="17.975648">
				<ele>166.000000</ele>
			</trkpt>
			<trkpt lat="50.645689" lon="17.974463">
				<ele>167.000000</ele>
			</trkpt>
			<trkpt lat="50.645894" lon="17.973869">
				<ele>167.000000</ele>
			</trkpt>
			<trkpt lat="50.646065" lon="17.973358">
				<ele>169.000000</ele>
			</trkpt>
			<trkpt lat="50.646117" lon="17.973196">
				<ele>169.000000</ele>
			</trkpt>
			<trkpt lat="50.646185" lon="17.972899">
				<ele>170.000000</ele>
			</trkpt>
			<trkpt lat="50.646310" lon="17.972360">
				<ele>171.000000</ele>
			</trkpt>
			<trkpt lat="50.646487" lon="17.971614">
				<ele>172.000000</ele>
			</trkpt>
			<trkpt lat="50.646784" lon="17.970366">
				<ele>173.000000</ele>
			</trkpt>
			<trkpt lat="50.646937" lon="17.969630">
				<ele>175.000000</ele>
			</trkpt>
			<trkpt lat="50.647045" lon="17.969198">
				<ele>175.000000</ele>
			</trkpt>
			<trkpt lat="50.647222" lon="17.968498">
				<ele>175.000000</ele>
			</trkpt>
			<trkpt lat="50.647319" lon="17.968138">
				<ele>175.000000</ele>
			</trkpt>
			<trkpt lat="50.647376" lon="17.967913">
				<ele>175.000000</ele>
			</trkpt>
			<trkpt lat="50.647438" lon="17.967617">
				<ele>175.000000</ele>
			</trkpt>
			<trkpt lat="50.647547" lon="17.967033">
				<ele>176.000000</ele>
			</trkpt>
			<trkpt lat="50.647677" lon="17.966414">
				<ele>175.000000</ele>
			</trkpt>
			<trkpt lat="50.647689" lon="17.966360">
				<ele>175.000000</ele>
			</trkpt>
			<trkpt lat="50.647780" lon="17.965938">
				<ele>175.000000</ele>
			</trkpt>
			<trkpt lat="50.647791" lon="17.965892">
				<ele>175.000000</ele>
			</trkpt>
			<trkpt lat="50.647791" lon="17.965892">
				<ele>175.000000</ele>
			</trkpt>
			<trkpt lat="50.647797" lon="17.965857">
				<ele>175.000000</ele>
			</trkpt>
			<trkpt lat="50.647820" lon="17.965622">
				<ele>175.000000</ele>
			</trkpt>
			<trkpt lat="50.647832" lon="17.965524">
				<ele>175.000000</ele>
			</trkpt>
			<trkpt lat="50.647854" lon="17.965353">
				<ele>175.000000</ele>
			</trkpt>
			<trkpt lat="50.647883" lon="17.965165">
				<ele>175.000000</ele>
			</trkpt>
			<trkpt lat="50.647911" lon="17.965039">
				<ele>176.000000</ele>
			</trkpt>
			<trkpt lat="50.647951" lon="17.964823">
				<ele>176.000000</ele>
			</trkpt>
			<trkpt lat="50.647991" lon="17.964626">
				<ele>176.000000</ele>
			</trkpt>
			<trkpt lat="50.647997" lon="17.964580">
				<ele>176.000000</ele>
			</trkpt>
			<trkpt lat="50.648025" lon="17.964437">
				<ele>176.000000</ele>
			</trkpt>
			<trkpt lat="50.648122" lon="17.964014">
				<ele>176.000000</ele>
			</trkpt>
			<trkpt lat="50.648196" lon="17.963655">
				<ele>176.000000</ele>
			</trkpt>
			<trkpt lat="50.648276" lon="17.963261">
				<ele>176.000000</ele>
			</trkpt>
			<trkpt lat="50.648282" lon="17.963242">
				<ele>176.000000</ele>
			</trkpt>
			<trkpt lat="50.648339" lon="17.962865">
				<ele>176.000000</ele>
			</trkpt>
			<trkpt lat="50.648418" lon="17.962362">
				<ele>176.000000</ele>
			</trkpt>
			<trkpt lat="50.648572" lon="17.961293">
				<ele>176.000000</ele>
			</trkpt>
			<trkpt lat="50.648583" lon="17.961248">
				<ele>176.000000</ele>
			</trkpt>
			<trkpt lat="50.648595" lon="17.961167">
				<ele>176.000000</ele>
			</trkpt>
			<trkpt lat="50.648618" lon="17.961033">
				<ele>176.000000</ele>
			</trkpt>
			<trkpt lat="50.648640" lon="17.960853">
				<ele>175.000000</ele>
			</trkpt>
			<trkpt lat="50.648657" lon="17.960709">
				<ele>175.000000</ele>
			</trkpt>
			<trkpt lat="50.648657" lon="17.960664">
				<ele>175.000000</ele>
			</trkpt>
			<trkpt lat="50.648663" lon="17.960592">
				<ele>175.000000</ele>
			</trkpt>
			<trkpt lat="50.648657" lon="17.960548">
				<ele>175.000000</ele>
			</trkpt>
			<trkpt lat="50.648652" lon="17.960511">
				<ele>175.000000</ele>
			</trkpt>
			<trkpt lat="50.648640" lon="17.960404">
				<ele>175.000000</ele>
			</trkpt>
			<trkpt lat="50.648771" lon="17.960359">
				<ele>175.000000</ele>
			</trkpt>
			<trkpt lat="50.648800" lon="17.960351">
				<ele>175.000000</ele>
			</trkpt>
			<trkpt lat="50.649136" lon="17.960224">
				<ele>172.000000</ele>
			</trkpt>
			<trkpt lat="50.649284" lon="17.960143">
				<ele>174.000000</ele>
			</trkpt>
			<trkpt lat="50.649181" lon="17.959362">
				<ele>175.000000</ele>
			</trkpt>
			<trkpt lat="50.649164" lon="17.959200">
				<ele>175.000000</ele>
			</trkpt>
			<trkpt lat="50.649159" lon="17.959039">
				<ele>175.000000</ele>
			</trkpt>
			<trkpt lat="50.649164" lon="17.958976">
				<ele>175.000000</ele>
			</trkpt>
			<trkpt lat="50.649170" lon="17.958921">
				<ele>175.000000</ele>
			</trkpt>
			<trkpt lat="50.649204" lon="17.958769">
				<ele>175.000000</ele>
			</trkpt>
			<trkpt lat="50.649346" lon="17.958274">
				<ele>175.000000</ele>
			</trkpt>
			<trkpt lat="50.649477" lon="17.957852">
				<ele>175.000000</ele>
			</trkpt>
			<trkpt lat="50.649580" lon="17.957556">
				<ele>175.000000</ele>
			</trkpt>
			<trkpt lat="50.649654" lon="17.957341">
				<ele>174.000000</ele>
			</trkpt>
			<trkpt lat="50.649734" lon="17.957098">
				<ele>174.000000</ele>
			</trkpt>
			<trkpt lat="50.649950" lon="17.956460">
				<ele>173.000000</ele>
			</trkpt>
			<trkpt lat="50.649990" lon="17.956343">
				<ele>173.000000</ele>
			</trkpt>
			<trkpt lat="50.649990" lon="17.956343">
				<ele>173.000000</ele>
			</trkpt>
			<trkpt lat="50.650030" lon="17.956236">
				<ele>173.000000</ele>
			</trkpt>
			<trkpt lat="50.650087" lon="17.956119">
				<ele>173.000000</ele>
			</trkpt>
			<trkpt lat="50.650161" lon="17.955974">
				<ele>173.000000</ele>
			</trkpt>
			<trkpt lat="50.650223" lon="17.955867">
				<ele>172.000000</ele>
			</trkpt>
			<trkpt lat="50.650287" lon="17.955760">
				<ele>172.000000</ele>
			</trkpt>
			<trkpt lat="50.650349" lon="17.955670">
				<ele>171.000000</ele>
			</trkpt>
			<trkpt lat="50.650417" lon="17.955588">
				<ele>171.000000</ele>
			</trkpt>
			<trkpt lat="50.650480" lon="17.955508">
				<ele>171.000000</ele>
			</trkpt>
			<trkpt lat="50.650554" lon="17.955437">
				<ele>170.000000</ele>
			</trkpt>
			<trkpt lat="50.650839" lon="17.955175">
				<ele>169.000000</ele>
			</trkpt>
			<trkpt lat="50.651351" lon="17.954861">
				<ele>168.000000</ele>
			</trkpt>
			<trkpt lat="50.651545" lon="17.954772">
				<ele>168.000000</ele>
			</trkpt>
			<trkpt lat="50.651625" lon="17.954735">
				<ele>168.000000</ele>
			</trkpt>
			<trkpt lat="50.651705" lon="17.954691">
				<ele>169.000000</ele>
			</trkpt>
			<trkpt lat="50.651785" lon="17.954636">
				<ele>169.000000</ele>
			</trkpt>
			<trkpt lat="50.651864" lon="17.954573">
				<ele>169.000000</ele>
			</trkpt>
			<trkpt lat="50.651949" lon="17.954502">
				<ele>169.000000</ele>
			</trkpt>
			<trkpt lat="50.652029" lon="17.954439">
				<ele>169.000000</ele>
			</trkpt>
			<trkpt lat="50.652109" lon="17.954367">
				<ele>169.000000</ele>
			</trkpt>
			<trkpt lat="50.652171" lon="17.954305">
				<ele>169.000000</ele>
			</trkpt>
			<trkpt lat="50.652223" lon="17.954250">
				<ele>169.000000</ele>
			</trkpt>
			<trkpt lat="50.652251" lon="17.954215">
				<ele>169.000000</ele>
			</trkpt>
			<trkpt lat="50.652325" lon="17.954125">
				<ele>169.000000</ele>
			</trkpt>
			<trkpt lat="50.652411" lon="17.954007">
				<ele>169.000000</ele>
			</trkpt>
			<trkpt lat="50.652502" lon="17.953882">
				<ele>168.000000</ele>
			</trkpt>
			<trkpt lat="50.652519" lon="17.953856">
				<ele>168.000000</ele>
			</trkpt>
			<trkpt lat="50.652616" lon="17.953703">
				<ele>168.000000</ele>
			</trkpt>
			<trkpt lat="50.652678" lon="17.953739">
				<ele>168.000000</ele>
			</trkpt>
			<trkpt lat="50.652724" lon="17.953756">
				<ele>168.000000</ele>
			</trkpt>
			<trkpt lat="50.652786" lon="17.953783">
				<ele>168.000000</ele>
			</trkpt>
			<trkpt lat="50.652849" lon="17.953793">
				<ele>168.000000</ele>
			</trkpt>
			<trkpt lat="50.652935" lon="17.953810">
				<ele>168.000000</ele>
			</trkpt>
			<trkpt lat="50.653055" lon="17.953819">
				<ele>168.000000</ele>
			</trkpt>
			<trkpt lat="50.653089" lon="17.953829">
				<ele>168.000000</ele>
			</trkpt>
			<trkpt lat="50.653231" lon="17.953846">
				<ele>168.000000</ele>
			</trkpt>
			<trkpt lat="50.653265" lon="17.953856">
				<ele>169.000000</ele>
			</trkpt>
			<trkpt lat="50.653510" lon="17.953882">
				<ele>169.000000</ele>
			</trkpt>
			<trkpt lat="50.653607" lon="17.953900">
				<ele>169.000000</ele>
			</trkpt>
			<trkpt lat="50.653891" lon="17.953936">
				<ele>169.000000</ele>
			</trkpt>
			<trkpt lat="50.653926" lon="17.953945">
				<ele>169.000000</ele>
			</trkpt>
			<trkpt lat="50.654034" lon="17.953963">
				<ele>169.000000</ele>
			</trkpt>
			<trkpt lat="50.654131" lon="17.953980">
				<ele>169.000000</ele>
			</trkpt>
			<trkpt lat="50.654205" lon="17.954007">
				<ele>169.000000</ele>
			</trkpt>
			<trkpt lat="50.654273" lon="17.954026">
				<ele>169.000000</ele>
			</trkpt>
			<trkpt lat="50.654347" lon="17.954053">
				<ele>169.000000</ele>
			</trkpt>
			<trkpt lat="50.654455" lon="17.954116">
				<ele>169.000000</ele>
			</trkpt>
			<trkpt lat="50.654535" lon="17.954160">
				<ele>169.000000</ele>
			</trkpt>
			<trkpt lat="50.654683" lon="17.954250">
				<ele>170.000000</ele>
			</trkpt>
			<trkpt lat="50.654700" lon="17.954259">
				<ele>170.000000</ele>
			</trkpt>
			<trkpt lat="50.654797" lon="17.954322">
				<ele>170.000000</ele>
			</trkpt>
			<trkpt lat="50.654848" lon="17.954358">
				<ele>170.000000</ele>
			</trkpt>
			<trkpt lat="50.654894" lon="17.954385">
				<ele>170.000000</ele>
			</trkpt>
			<trkpt lat="50.654990" lon="17.954456">
				<ele>170.000000</ele>
			</trkpt>
			<trkpt lat="50.655099" lon="17.954519">
				<ele>170.000000</ele>
			</trkpt>
			<trkpt lat="50.655133" lon="17.954538">
				<ele>170.000000</ele>
			</trkpt>
			<trkpt lat="50.655202" lon="17.954582">
				<ele>170.000000</ele>
			</trkpt>
			<trkpt lat="50.655247" lon="17.954601">
				<ele>170.000000</ele>
			</trkpt>
			<trkpt lat="50.655344" lon="17.954645">
				<ele>170.000000</ele>
			</trkpt>
			<trkpt lat="50.655634" lon="17.954781">
				<ele>170.000000</ele>
			</trkpt>
			<trkpt lat="50.655959" lon="17.954932">
				<ele>171.000000</ele>
			</trkpt>
			<trkpt lat="50.656340" lon="17.955122">
				<ele>171.000000</ele>
			</trkpt>
			<trkpt lat="50.656511" lon="17.955202">
				<ele>171.000000</ele>
			</trkpt>
			<trkpt lat="50.656580" lon="17.955221">
				<ele>171.000000</ele>
			</trkpt>
			<trkpt lat="50.656671" lon="17.955248">
				<ele>172.000000</ele>
			</trkpt>
			<trkpt lat="50.656751" lon="17.955248">
				<ele>172.000000</ele>
			</trkpt>
			<trkpt lat="50.656824" lon="17.955257">
				<ele>172.000000</ele>
			</trkpt>
			<trkpt lat="50.656922" lon="17.955265">
				<ele>172.000000</ele>
			</trkpt>
			<trkpt lat="50.657030" lon="17.955265">
				<ele>169.000000</ele>
			</trkpt>
			<trkpt lat="50.657183" lon="17.955265">
				<ele>166.000000</ele>
			</trkpt>
			<trkpt lat="50.657252" lon="17.955265">
				<ele>166.000000</ele>
			</trkpt>
			<trkpt lat="50.657343" lon="17.955265">
				<ele>168.000000</ele>
			</trkpt>
			<trkpt lat="50.657406" lon="17.955274">
				<ele>170.000000</ele>
			</trkpt>
			<trkpt lat="50.657434" lon="17.955274">
				<ele>171.000000</ele>
			</trkpt>
			<trkpt lat="50.657485" lon="17.955284">
				<ele>172.000000</ele>
			</trkpt>
			<trkpt lat="50.657553" lon="17.955311">
				<ele>171.000000</ele>
			</trkpt>
			<trkpt lat="50.657622" lon="17.955337">
				<ele>171.000000</ele>
			</trkpt>
			<trkpt lat="50.657719" lon="17.955382">
				<ele>171.000000</ele>
			</trkpt>
			<trkpt lat="50.657866" lon="17.955490">
				<ele>171.000000</ele>
			</trkpt>
			<trkpt lat="50.657929" lon="17.955535">
				<ele>171.000000</ele>
			</trkpt>
			<trkpt lat="50.658248" lon="17.955760">
				<ele>170.000000</ele>
			</trkpt>
			<trkpt lat="50.658362" lon="17.955831">
				<ele>170.000000</ele>
			</trkpt>
			<trkpt lat="50.658465" lon="17.955885">
				<ele>170.000000</ele>
			</trkpt>
			<trkpt lat="50.658550" lon="17.955930">
				<ele>171.000000</ele>
			</trkpt>
			<trkpt lat="50.658675" lon="17.955966">
				<ele>171.000000</ele>
			</trkpt>
			<trkpt lat="50.658761" lon="17.955984">
				<ele>171.000000</ele>
			</trkpt>
			<trkpt lat="50.658841" lon="17.956003">
				<ele>171.000000</ele>
			</trkpt>
			<trkpt lat="50.658903" lon="17.956011">
				<ele>171.000000</ele>
			</trkpt>
			<trkpt lat="50.658989" lon="17.956011">
				<ele>171.000000</ele>
			</trkpt>
			<trkpt lat="50.659091" lon="17.956003">
				<ele>171.000000</ele>
			</trkpt>
			<trkpt lat="50.659125" lon="17.956003">
				<ele>171.000000</ele>
			</trkpt>
			<trkpt lat="50.659273" lon="17.955993">
				<ele>171.000000</ele>
			</trkpt>
			<trkpt lat="50.659348" lon="17.955974">
				<ele>171.000000</ele>
			</trkpt>
			<trkpt lat="50.659427" lon="17.955957">
				<ele>171.000000</ele>
			</trkpt>
			<trkpt lat="50.659490" lon="17.955940">
				<ele>171.000000</ele>
			</trkpt>
			<trkpt lat="50.659529" lon="17.955921">
				<ele>171.000000</ele>
			</trkpt>
			<trkpt lat="50.659564" lon="17.955913">
				<ele>171.000000</ele>
			</trkpt>
			<trkpt lat="50.659598" lon="17.955903">
				<ele>171.000000</ele>
			</trkpt>
			<trkpt lat="50.659666" lon="17.955867">
				<ele>172.000000</ele>
			</trkpt>
			<trkpt lat="50.659729" lon="17.955840">
				<ele>172.000000</ele>
			</trkpt>
			<trkpt lat="50.659786" lon="17.955804">
				<ele>172.000000</ele>
			</trkpt>
			<trkpt lat="50.659843" lon="17.955768">
				<ele>172.000000</ele>
			</trkpt>
			<trkpt lat="50.659888" lon="17.955733">
				<ele>172.000000</ele>
			</trkpt>
			<trkpt lat="50.659934" lon="17.955697">
				<ele>172.000000</ele>
			</trkpt>
			<trkpt lat="50.659985" lon="17.955643">
				<ele>172.000000</ele>
			</trkpt>
			<trkpt lat="50.660036" lon="17.955588">
				<ele>172.000000</ele>
			</trkpt>
			<trkpt lat="50.660099" lon="17.955517">
				<ele>172.000000</ele>
			</trkpt>
			<trkpt lat="50.660190" lon="17.955409">
				<ele>172.000000</ele>
			</trkpt>
			<trkpt lat="50.660372" lon="17.955185">
				<ele>172.000000</ele>
			</trkpt>
			<trkpt lat="50.660799" lon="17.954663">
				<ele>172.000000</ele>
			</trkpt>
			<trkpt lat="50.661056" lon="17.954349">
				<ele>172.000000</ele>
			</trkpt>
			<trkpt lat="50.661204" lon="17.954169">
				<ele>172.000000</ele>
			</trkpt>
			<trkpt lat="50.661375" lon="17.953963">
				<ele>172.000000</ele>
			</trkpt>
			<trkpt lat="50.661437" lon="17.953882">
				<ele>172.000000</ele>
			</trkpt>
			<trkpt lat="50.661494" lon="17.953829">
				<ele>172.000000</ele>
			</trkpt>
			<trkpt lat="50.661574" lon="17.953756">
				<ele>173.000000</ele>
			</trkpt>
			<trkpt lat="50.661677" lon="17.953676">
				<ele>173.000000</ele>
			</trkpt>
			<trkpt lat="50.661791" lon="17.953577">
				<ele>173.000000</ele>
			</trkpt>
			<trkpt lat="50.661876" lon="17.953514">
				<ele>173.000000</ele>
			</trkpt>
			<trkpt lat="50.661990" lon="17.953424">
				<ele>173.000000</ele>
			</trkpt>
			<trkpt lat="50.662029" lon="17.953387">
				<ele>173.000000</ele>
			</trkpt>
			<trkpt lat="50.662183" lon="17.953263">
				<ele>173.000000</ele>
			</trkpt>
			<trkpt lat="50.662479" lon="17.953037">
				<ele>173.000000</ele>
			</trkpt>
			<trkpt lat="50.662570" lon="17.952957">
				<ele>173.000000</ele>
			</trkpt>
			<trkpt lat="50.662645" lon="17.952903">
				<ele>173.000000</ele>
			</trkpt>
			<trkpt lat="50.662713" lon="17.952858">
				<ele>173.000000</ele>
			</trkpt>
			<trkpt lat="50.662747" lon="17.952831">
				<ele>173.000000</ele>
			</trkpt>
			<trkpt lat="50.662787" lon="17.952814">
				<ele>173.000000</ele>
			</trkpt>
			<trkpt lat="50.662827" lon="17.952804">
				<ele>173.000000</ele>
			</trkpt>
			<trkpt lat="50.662884" lon="17.952777">
				<ele>173.000000</ele>
			</trkpt>
			<trkpt lat="50.662986" lon="17.952750">
				<ele>173.000000</ele>
			</trkpt>
			<trkpt lat="50.663162" lon="17.952705">
				<ele>173.000000</ele>
			</trkpt>
			<trkpt lat="50.663208" lon="17.952687">
				<ele>173.000000</ele>
			</trkpt>
			<trkpt lat="50.663384" lon="17.952634">
				<ele>173.000000</ele>
			</trkpt>
			<trkpt lat="50.663624" lon="17.952561">
				<ele>173.000000</ele>
			</trkpt>
			<trkpt lat="50.663983" lon="17.952462">
				<ele>174.000000</ele>
			</trkpt>
			<trkpt lat="50.664074" lon="17.952435">
				<ele>174.000000</ele>
			</trkpt>
			<trkpt lat="50.664102" lon="17.952427">
				<ele>174.000000</ele>
			</trkpt>
			<trkpt lat="50.664159" lon="17.952408">
				<ele>174.000000</ele>
			</trkpt>
			<trkpt lat="50.664205" lon="17.952382">
				<ele>174.000000</ele>
			</trkpt>
			<trkpt lat="50.664262" lon="17.952345">
				<ele>174.000000</ele>
			</trkpt>
			<trkpt lat="50.664290" lon="17.952328">
				<ele>174.000000</ele>
			</trkpt>
			<trkpt lat="50.664472" lon="17.952202">
				<ele>174.000000</ele>
			</trkpt>
			<trkpt lat="50.664666" lon="17.952068">
				<ele>174.000000</ele>
			</trkpt>
			<trkpt lat="50.664734" lon="17.952013">
				<ele>174.000000</ele>
			</trkpt>
			<trkpt lat="50.664951" lon="17.951861">
				<ele>174.000000</ele>
			</trkpt>
			<trkpt lat="50.665025" lon="17.951806">
				<ele>174.000000</ele>
			</trkpt>
			<trkpt lat="50.665218" lon="17.951663">
				<ele>174.000000</ele>
			</trkpt>
			<trkpt lat="50.665258" lon="17.951636">
				<ele>174.000000</ele>
			</trkpt>
			<trkpt lat="50.665737" lon="17.951286">
				<ele>174.000000</ele>
			</trkpt>
			<trkpt lat="50.665822" lon="17.951223">
				<ele>174.000000</ele>
			</trkpt>
			<trkpt lat="50.665822" lon="17.951223">
				<ele>174.000000</ele>
			</trkpt>
			<trkpt lat="50.666055" lon="17.951061">
				<ele>175.000000</ele>
			</trkpt>
			<trkpt lat="50.666073" lon="17.951043">
				<ele>175.000000</ele>
			</trkpt>
			<trkpt lat="50.666796" lon="17.950495">
				<ele>174.000000</ele>
			</trkpt>
			<trkpt lat="50.667017" lon="17.950334">
				<ele>174.000000</ele>
			</trkpt>
			<trkpt lat="50.667325" lon="17.950055">
				<ele>174.000000</ele>
			</trkpt>
			<trkpt lat="50.667382" lon="17.950011">
				<ele>174.000000</ele>
			</trkpt>
			<trkpt lat="50.667536" lon="17.949875">
				<ele>175.000000</ele>
			</trkpt>
			<trkpt lat="50.667655" lon="17.949777">
				<ele>175.000000</ele>
			</trkpt>
			<trkpt lat="50.667746" lon="17.949695">
				<ele>175.000000</ele>
			</trkpt>
			<trkpt lat="50.667820" lon="17.949615">
				<ele>176.000000</ele>
			</trkpt>
			<trkpt lat="50.667889" lon="17.949535">
				<ele>176.000000</ele>
			</trkpt>
			<trkpt lat="50.668003" lon="17.949391">
				<ele>177.000000</ele>
			</trkpt>
			<trkpt lat="50.668082" lon="17.949265">
				<ele>177.000000</ele>
			</trkpt>
			<trkpt lat="50.668151" lon="17.949156">
				<ele>177.000000</ele>
			</trkpt>
			<trkpt lat="50.668270" lon="17.948932">
				<ele>178.000000</ele>
			</trkpt>
			<trkpt lat="50.668304" lon="17.948915">
				<ele>178.000000</ele>
			</trkpt>
			<trkpt lat="50.668338" lon="17.948906">
				<ele>178.000000</ele>
			</trkpt>
			<trkpt lat="50.668367" lon="17.948896">
				<ele>177.000000</ele>
			</trkpt>
			<trkpt lat="50.668378" lon="17.948896">
				<ele>177.000000</ele>
			</trkpt>
			<trkpt lat="50.668389" lon="17.948906">
				<ele>177.000000</ele>
			</trkpt>
			<trkpt lat="50.668412" lon="17.948915">
				<ele>176.000000</ele>
			</trkpt>
			<trkpt lat="50.668412" lon="17.948950">
				<ele>175.000000</ele>
			</trkpt>
			<trkpt lat="50.668418" lon="17.948977">
				<ele>175.000000</ele>
			</trkpt>
			<trkpt lat="50.668441" lon="17.949013">
				<ele>174.000000</ele>
			</trkpt>
			<trkpt lat="50.668458" lon="17.949032">
				<ele>174.000000</ele>
			</trkpt>
			<trkpt lat="50.668464" lon="17.949058">
				<ele>174.000000</ele>
			</trkpt>
			<trkpt lat="50.668475" lon="17.949076">
				<ele>174.000000</ele>
			</trkpt>
			<trkpt lat="50.668481" lon="17.949112">
				<ele>174.000000</ele>
			</trkpt>
			<trkpt lat="50.668526" lon="17.949489">
				<ele>176.000000</ele>
			</trkpt>
			<trkpt lat="50.668544" lon="17.949651">
				<ele>177.000000</ele>
			</trkpt>
			<trkpt lat="50.668583" lon="17.950047">
				<ele>176.000000</ele>
			</trkpt>
			<trkpt lat="50.668589" lon="17.950082">
				<ele>176.000000</ele>
			</trkpt>
			<trkpt lat="50.668578" lon="17.950567">
				<ele>176.000000</ele>
			</trkpt>
			<trkpt lat="50.668578" lon="17.950621">
				<ele>176.000000</ele>
			</trkpt>
			<trkpt lat="50.668572" lon="17.950666">
				<ele>177.000000</ele>
			</trkpt>
			<trkpt lat="50.668560" lon="17.950703">
				<ele>177.000000</ele>
			</trkpt>
			<trkpt lat="50.668566" lon="17.950729">
				<ele>177.000000</ele>
			</trkpt>
			<trkpt lat="50.668578" lon="17.950764">
				<ele>177.000000</ele>
			</trkpt>
			<trkpt lat="50.668589" lon="17.950791">
				<ele>177.000000</ele>
			</trkpt>
			<trkpt lat="50.668606" lon="17.950864">
				<ele>177.000000</ele>
			</trkpt>
			<trkpt lat="50.668612" lon="17.950900">
				<ele>177.000000</ele>
			</trkpt>
			<trkpt lat="50.668612" lon="17.950936">
				<ele>177.000000</ele>
			</trkpt>
			<trkpt lat="50.668617" lon="17.951016">
				<ele>177.000000</ele>
			</trkpt>
			<trkpt lat="50.668623" lon="17.951061">
				<ele>177.000000</ele>
			</trkpt>
			<trkpt lat="50.668680" lon="17.951053">
				<ele>177.000000</ele>
			</trkpt>
			<trkpt lat="50.668731" lon="17.951043">
				<ele>177.000000</ele>
			</trkpt>
			<trkpt lat="50.668782" lon="17.951043">
				<ele>177.000000</ele>
			</trkpt>
			<trkpt lat="50.668834" lon="17.951034">
				<ele>177.000000</ele>
			</trkpt>
			<trkpt lat="50.668914" lon="17.951026">
				<ele>177.000000</ele>
			</trkpt>
			<trkpt lat="50.668908" lon="17.950944">
				<ele>177.000000</ele>
			</trkpt>
			<trkpt lat="50.668908" lon="17.950873">
				<ele>177.000000</ele>
			</trkpt>
			<trkpt lat="50.668896" lon="17.950737">
				<ele>178.000000</ele>
			</trkpt>
			<trkpt lat="50.668925" lon="17.950666">
				<ele>178.000000</ele>
			</trkpt>
			<trkpt lat="50.668970" lon="17.950558">
				<ele>178.000000</ele>
			</trkpt>
			<trkpt lat="50.668988" lon="17.950585">
				<ele>178.000000</ele>
			</trkpt>
			<trkpt lat="50.669004" lon="17.950603">
				<ele>178.000000</ele>
			</trkpt>
			<trkpt lat="50.669016" lon="17.950621">
				<ele>178.000000</ele>
			</trkpt>
			<trkpt lat="50.669045" lon="17.950640">
				<ele>178.000000</ele>
			</trkpt>
			<trkpt lat="50.669067" lon="17.950648">
				<ele>177.000000</ele>
			</trkpt>
			<trkpt lat="50.669096" lon="17.950657">
				<ele>177.000000</ele>
			</trkpt>
			<trkpt lat="50.669130" lon="17.950657">
				<ele>177.000000</ele>
			</trkpt>
			<trkpt lat="50.669164" lon="17.950657">
				<ele>177.000000</ele>
			</trkpt>
			<trkpt lat="50.669289" lon="17.950630">
				<ele>176.000000</ele>
			</trkpt>
			<trkpt lat="50.669443" lon="17.950603">
				<ele>176.000000</ele>
			</trkpt>
			<trkpt lat="50.669653" lon="17.950567">
				<ele>175.000000</ele>
			</trkpt>
			<trkpt lat="50.669705" lon="17.950558">
				<ele>175.000000</ele>
			</trkpt>
			<trkpt lat="50.669751" lon="17.950540">
				<ele>175.000000</ele>
			</trkpt>
			<trkpt lat="50.669847" lon="17.950514">
				<ele>175.000000</ele>
			</trkpt>
			<trkpt lat="50.669881" lon="17.950504">
				<ele>175.000000</ele>
			</trkpt>
			<trkpt lat="50.670012" lon="17.950477">
				<ele>175.000000</ele>
			</trkpt>
			<trkpt lat="50.670041" lon="17.950477">
				<ele>175.000000</ele>
			</trkpt>
			<trkpt lat="50.670115" lon="17.950468">
				<ele>175.000000</ele>
			</trkpt>
			<trkpt lat="50.670177" lon="17.950468">
				<ele>175.000000</ele>
			</trkpt>
			<trkpt lat="50.670211" lon="17.950460">
				<ele>175.000000</ele>
			</trkpt>
			<trkpt lat="50.670513" lon="17.950405">
				<ele>175.000000</ele>
			</trkpt>
			<trkpt lat="50.670838" lon="17.950351">
				<ele>175.000000</ele>
			</trkpt>
			<trkpt lat="50.671168" lon="17.950288">
				<ele>175.000000</ele>
			</trkpt>
			<trkpt lat="50.671817" lon="17.950172">
				<ele>175.000000</ele>
			</trkpt>
			<trkpt lat="50.672005" lon="17.950137">
				<ele>175.000000</ele>
			</trkpt>
			<trkpt lat="50.672136" lon="17.950100">
				<ele>175.000000</ele>
			</trkpt>
			<trkpt lat="50.672170" lon="17.950091">
				<ele>175.000000</ele>
			</trkpt>
			<trkpt lat="50.672204" lon="17.950082">
				<ele>175.000000</ele>
			</trkpt>
			<trkpt lat="50.672238" lon="17.950055">
				<ele>175.000000</ele>
			</trkpt>
			<trkpt lat="50.672273" lon="17.950019">
				<ele>175.000000</ele>
			</trkpt>
			<trkpt lat="50.672295" lon="17.949974">
				<ele>175.000000</ele>
			</trkpt>
			<trkpt lat="50.672312" lon="17.949957">
				<ele>175.000000</ele>
			</trkpt>
			<trkpt lat="50.672324" lon="17.949938">
				<ele>175.000000</ele>
			</trkpt>
			<trkpt lat="50.672335" lon="17.949911">
				<ele>175.000000</ele>
			</trkpt>
			<trkpt lat="50.672346" lon="17.949875">
				<ele>175.000000</ele>
			</trkpt>
			<trkpt lat="50.672352" lon="17.949831">
				<ele>175.000000</ele>
			</trkpt>
			<trkpt lat="50.672358" lon="17.949795">
				<ele>175.000000</ele>
			</trkpt>
			<trkpt lat="50.672358" lon="17.949741">
				<ele>175.000000</ele>
			</trkpt>
			<trkpt lat="50.672369" lon="17.949561">
				<ele>175.000000</ele>
			</trkpt>
			<trkpt lat="50.672375" lon="17.949462">
				<ele>175.000000</ele>
			</trkpt>
			<trkpt lat="50.672381" lon="17.949372">
				<ele>175.000000</ele>
			</trkpt>
			<trkpt lat="50.672387" lon="17.949273">
				<ele>175.000000</ele>
			</trkpt>
			<trkpt lat="50.672392" lon="17.949129">
				<ele>175.000000</ele>
			</trkpt>
			<trkpt lat="50.672398" lon="17.949022">
				<ele>175.000000</ele>
			</trkpt>
			<trkpt lat="50.672409" lon="17.948932">
				<ele>174.000000</ele>
			</trkpt>
			<trkpt lat="50.672421" lon="17.948825">
				<ele>174.000000</ele>
			</trkpt>
			<trkpt lat="50.672438" lon="17.948726">
				<ele>174.000000</ele>
			</trkpt>
			<trkpt lat="50.672455" lon="17.948636">
				<ele>174.000000</ele>
			</trkpt>
			<trkpt lat="50.672478" lon="17.948546">
				<ele>174.000000</ele>
			</trkpt>
			<trkpt lat="50.672506" lon="17.948439">
				<ele>174.000000</ele>
			</trkpt>
			<trkpt lat="50.672540" lon="17.948313">
				<ele>174.000000</ele>
			</trkpt>
			<trkpt lat="50.672580" lon="17.948187">
				<ele>174.000000</ele>
			</trkpt>
			<trkpt lat="50.672625" lon="17.948053">
				<ele>174.000000</ele>
			</trkpt>
			<trkpt lat="50.672677" lon="17.947927">
				<ele>174.000000</ele>
			</trkpt>
			<trkpt lat="50.672870" lon="17.947450">
				<ele>173.000000</ele>
			</trkpt>
			<trkpt lat="50.673013" lon="17.947118">
				<ele>173.000000</ele>
			</trkpt>
			<trkpt lat="50.673036" lon="17.947064">
				<ele>173.000000</ele>
			</trkpt>
			<trkpt lat="50.673178" lon="17.946713">
				<ele>173.000000</ele>
			</trkpt>
			<trkpt lat="50.673206" lon="17.946651">
				<ele>173.000000</ele>
			</trkpt>
			<trkpt lat="50.673320" lon="17.946372">
				<ele>172.000000</ele>
			</trkpt>
			<trkpt lat="50.673326" lon="17.946345">
				<ele>172.000000</ele>
			</trkpt>
			<trkpt lat="50.673331" lon="17.946319">
				<ele>172.000000</ele>
			</trkpt>
			<trkpt lat="50.673331" lon="17.946292">
				<ele>172.000000</ele>
			</trkpt>
			<trkpt lat="50.673331" lon="17.946273">
				<ele>172.000000</ele>
			</trkpt>
			<trkpt lat="50.673337" lon="17.946237">
				<ele>172.000000</ele>
			</trkpt>
			<trkpt lat="50.673349" lon="17.946210">
				<ele>172.000000</ele>
			</trkpt>
			<trkpt lat="50.673525" lon="17.945789">
				<ele>172.000000</ele>
			</trkpt>
			<trkpt lat="50.673542" lon="17.945753">
				<ele>172.000000</ele>
			</trkpt>
			<trkpt lat="50.673571" lon="17.945699">
				<ele>172.000000</ele>
			</trkpt>
			<trkpt lat="50.673656" lon="17.945546">
				<ele>171.000000</ele>
			</trkpt>
			<trkpt lat="50.673667" lon="17.945527">
				<ele>171.000000</ele>
			</trkpt>
			<trkpt lat="50.673690" lon="17.945483">
				<ele>171.000000</ele>
			</trkpt>
			<trkpt lat="50.674003" lon="17.944719">
				<ele>171.000000</ele>
			</trkpt>
			<trkpt lat="50.674191" lon="17.944261">
				<ele>171.000000</ele>
			</trkpt>
			<trkpt lat="50.674413" lon="17.943722">
				<ele>171.000000</ele>
			</trkpt>
			<trkpt lat="50.674442" lon="17.943659">
				<ele>171.000000</ele>
			</trkpt>
			<trkpt lat="50.674476" lon="17.943560">
				<ele>171.000000</ele>
			</trkpt>
			<trkpt lat="50.674493" lon="17.943516">
				<ele>171.000000</ele>
			</trkpt>
			<trkpt lat="50.674550" lon="17.943399">
				<ele>170.000000</ele>
			</trkpt>
			<trkpt lat="50.674573" lon="17.943345">
				<ele>170.000000</ele>
			</trkpt>
			<trkpt lat="50.674595" lon="17.943290">
				<ele>170.000000</ele>
			</trkpt>
			<trkpt lat="50.674630" lon="17.943200">
				<ele>170.000000</ele>
			</trkpt>
			<trkpt lat="50.674698" lon="17.943040">
				<ele>170.000000</ele>
			</trkpt>
			<trkpt lat="50.674744" lon="17.942940">
				<ele>170.000000</ele>
			</trkpt>
			<trkpt lat="50.674817" lon="17.942779">
				<ele>170.000000</ele>
			</trkpt>
			<trkpt lat="50.674902" lon="17.942590">
				<ele>170.000000</ele>
			</trkpt>
			<trkpt lat="50.674925" lon="17.942527">
				<ele>170.000000</ele>
			</trkpt>
			<trkpt lat="50.674931" lon="17.942500">
				<ele>170.000000</ele>
			</trkpt>
			<trkpt lat="50.674931" lon="17.942474">
				<ele>170.000000</ele>
			</trkpt>
			<trkpt lat="50.674925" lon="17.942447">
				<ele>170.000000</ele>
			</trkpt>
			<trkpt lat="50.674914" lon="17.942411">
				<ele>170.000000</ele>
			</trkpt>
			<trkpt lat="50.674891" lon="17.942365">
				<ele>170.000000</ele>
			</trkpt>
			<trkpt lat="50.674874" lon="17.942330">
				<ele>170.000000</ele>
			</trkpt>
			<trkpt lat="50.674868" lon="17.942303">
				<ele>170.000000</ele>
			</trkpt>
			<trkpt lat="50.674863" lon="17.942284">
				<ele>170.000000</ele>
			</trkpt>
			<trkpt lat="50.674868" lon="17.942267">
				<ele>170.000000</ele>
			</trkpt>
			<trkpt lat="50.674868" lon="17.942248">
				<ele>170.000000</ele>
			</trkpt>
			<trkpt lat="50.674880" lon="17.942221">
				<ele>170.000000</ele>
			</trkpt>
			<trkpt lat="50.674909" lon="17.942185">
				<ele>170.000000</ele>
			</trkpt>
			<trkpt lat="50.674948" lon="17.942132">
				<ele>170.000000</ele>
			</trkpt>
			<trkpt lat="50.674971" lon="17.942097">
				<ele>170.000000</ele>
			</trkpt>
			<trkpt lat="50.674988" lon="17.942069">
				<ele>170.000000</ele>
			</trkpt>
			<trkpt lat="50.675000" lon="17.942061">
				<ele>170.000000</ele>
			</trkpt>
			<trkpt lat="50.675011" lon="17.942061">
				<ele>170.000000</ele>
			</trkpt>
			<trkpt lat="50.675016" lon="17.942061">
				<ele>170.000000</ele>
			</trkpt>
			<trkpt lat="50.675045" lon="17.942087">
				<ele>170.000000</ele>
			</trkpt>
			<trkpt lat="50.675068" lon="17.942114">
				<ele>170.000000</ele>
			</trkpt>
			<trkpt lat="50.675096" lon="17.942132">
				<ele>170.000000</ele>
			</trkpt>
			<trkpt lat="50.675130" lon="17.942150">
				<ele>170.000000</ele>
			</trkpt>
			<trkpt lat="50.675153" lon="17.942158">
				<ele>170.000000</ele>
			</trkpt>
			<trkpt lat="50.675187" lon="17.942158">
				<ele>170.000000</ele>
			</trkpt>
			<trkpt lat="50.675210" lon="17.942158">
				<ele>170.000000</ele>
			</trkpt>
			<trkpt lat="50.675244" lon="17.942141">
				<ele>171.000000</ele>
			</trkpt>
			<trkpt lat="50.675279" lon="17.942132">
				<ele>171.000000</ele>
			</trkpt>
			<trkpt lat="50.675330" lon="17.942078">
				<ele>171.000000</ele>
			</trkpt>
			<trkpt lat="50.675392" lon="17.942034">
				<ele>171.000000</ele>
			</trkpt>
			<trkpt lat="50.675455" lon="17.941997">
				<ele>171.000000</ele>
			</trkpt>
			<trkpt lat="50.675489" lon="17.941979">
				<ele>171.000000</ele>
			</trkpt>
			<trkpt lat="50.675517" lon="17.941961">
				<ele>171.000000</ele>
			</trkpt>
			<trkpt lat="50.675580" lon="17.941934">
				<ele>171.000000</ele>
			</trkpt>
			<trkpt lat="50.675734" lon="17.941871">
				<ele>171.000000</ele>
			</trkpt>
			<trkpt lat="50.675808" lon="17.941835">
				<ele>171.000000</ele>
			</trkpt>
			<trkpt lat="50.675899" lon="17.941808">
				<ele>171.000000</ele>
			</trkpt>
			<trkpt lat="50.675945" lon="17.941791">
				<ele>171.000000</ele>
			</trkpt>
			<trkpt lat="50.676052" lon="17.941772">
				<ele>171.000000</ele>
			</trkpt>
			<trkpt lat="50.676093" lon="17.941764">
				<ele>171.000000</ele>
			</trkpt>
			<trkpt lat="50.676138" lon="17.941745">
				<ele>171.000000</ele>
			</trkpt>
			<trkpt lat="50.676161" lon="17.941737">
				<ele>171.000000</ele>
			</trkpt>
			<trkpt lat="50.676178" lon="17.941719">
				<ele>171.000000</ele>
			</trkpt>
			<trkpt lat="50.676263" lon="17.941611">
				<ele>171.000000</ele>
			</trkpt>
			<trkpt lat="50.676280" lon="17.941592">
				<ele>171.000000</ele>
			</trkpt>
			<trkpt lat="50.676297" lon="17.941584">
				<ele>171.000000</ele>
			</trkpt>
			<trkpt lat="50.676315" lon="17.941566">
				<ele>171.000000</ele>
			</trkpt>
			<trkpt lat="50.676331" lon="17.941566">
				<ele>171.000000</ele>
			</trkpt>
			<trkpt lat="50.676383" lon="17.941558">
				<ele>171.000000</ele>
			</trkpt>
			<trkpt lat="50.676417" lon="17.941548">
				<ele>171.000000</ele>
			</trkpt>
			<trkpt lat="50.676439" lon="17.941558">
				<ele>171.000000</ele>
			</trkpt>
			<trkpt lat="50.676462" lon="17.941566">
				<ele>171.000000</ele>
			</trkpt>
			<trkpt lat="50.676480" lon="17.941584">
				<ele>171.000000</ele>
			</trkpt>
			<trkpt lat="50.676496" lon="17.941611">
				<ele>171.000000</ele>
			</trkpt>
			<trkpt lat="50.676514" lon="17.941638">
				<ele>171.000000</ele>
			</trkpt>
			<trkpt lat="50.676531" lon="17.941656">
				<ele>171.000000</ele>
			</trkpt>
			<trkpt lat="50.676553" lon="17.941682">
				<ele>171.000000</ele>
			</trkpt>
			<trkpt lat="50.676576" lon="17.941701">
				<ele>171.000000</ele>
			</trkpt>
			<trkpt lat="50.676599" lon="17.941709">
				<ele>171.000000</ele>
			</trkpt>
			<trkpt lat="50.676616" lon="17.941709">
				<ele>171.000000</ele>
			</trkpt>
			<trkpt lat="50.676639" lon="17.941709">
				<ele>171.000000</ele>
			</trkpt>
			<trkpt lat="50.677026" lon="17.941665">
				<ele>172.000000</ele>
			</trkpt>
			<trkpt lat="50.677163" lon="17.941656">
				<ele>172.000000</ele>
			</trkpt>
			<trkpt lat="50.677555" lon="17.941611">
				<ele>172.000000</ele>
			</trkpt>
			<trkpt lat="50.677681" lon="17.941602">
				<ele>173.000000</ele>
			</trkpt>
			<trkpt lat="50.677772" lon="17.941584">
				<ele>173.000000</ele>
			</trkpt>
			<trkpt lat="50.677800" lon="17.941584">
				<ele>173.000000</ele>
			</trkpt>
			<trkpt lat="50.677846" lon="17.941575">
				<ele>173.000000</ele>
			</trkpt>
			<trkpt lat="50.677886" lon="17.941566">
				<ele>173.000000</ele>
			</trkpt>
			<trkpt lat="50.677931" lon="17.941548">
				<ele>173.000000</ele>
			</trkpt>
			<trkpt lat="50.677966" lon="17.941521">
				<ele>173.000000</ele>
			</trkpt>
			<trkpt lat="50.677971" lon="17.941521">
				<ele>173.000000</ele>
			</trkpt>
			<trkpt lat="50.678017" lon="17.941485">
				<ele>173.000000</ele>
			</trkpt>
			<trkpt lat="50.678039" lon="17.941539">
				<ele>173.000000</ele>
			</trkpt>
			<trkpt lat="50.678056" lon="17.941584">
				<ele>173.000000</ele>
			</trkpt>
			<trkpt lat="50.678068" lon="17.941621">
				<ele>173.000000</ele>
			</trkpt>
			<trkpt lat="50.678079" lon="17.941656">
				<ele>173.000000</ele>
			</trkpt>
			<trkpt lat="50.678079" lon="17.941692">
				<ele>173.000000</ele>
			</trkpt>
			<trkpt lat="50.678090" lon="17.941845">
				<ele>173.000000</ele>
			</trkpt>
			<trkpt lat="50.678096" lon="17.941971">
				<ele>173.000000</ele>
			</trkpt>
			<trkpt lat="50.678113" lon="17.941971">
				<ele>173.000000</ele>
			</trkpt>
			<trkpt lat="50.678136" lon="17.941971">
				<ele>173.000000</ele>
			</trkpt>
			<trkpt lat="50.678153" lon="17.941979">
				<ele>173.000000</ele>
			</trkpt>
			<trkpt lat="50.678170" lon="17.941988">
				<ele>173.000000</ele>
			</trkpt>
			<trkpt lat="50.678222" lon="17.942034">
				<ele>173.000000</ele>
			</trkpt>
			<trkpt lat="50.678273" lon="17.942069">
				<ele>173.000000</ele>
			</trkpt>
			<trkpt lat="50.678295" lon="17.942078">
				<ele>173.000000</ele>
			</trkpt>
			<trkpt lat="50.678318" lon="17.942078">
				<ele>173.000000</ele>
			</trkpt>
			<trkpt lat="50.678341" lon="17.942078">
				<ele>173.000000</ele>
			</trkpt>
			<trkpt lat="50.678478" lon="17.942069">
				<ele>173.000000</ele>
			</trkpt>
			<trkpt lat="50.678501" lon="17.942078">
				<ele>173.000000</ele>
			</trkpt>
			<trkpt lat="50.678523" lon="17.942087">
				<ele>173.000000</ele>
			</trkpt>
			<trkpt lat="50.678580" lon="17.942150">
				<ele>173.000000</ele>
			</trkpt>
			<trkpt lat="50.678631" lon="17.942204">
				<ele>174.000000</ele>
			</trkpt>
			<trkpt lat="50.678973" lon="17.942545">
				<ele>174.000000</ele>
			</trkpt>
			<trkpt lat="50.679542" lon="17.943129">
				<ele>174.000000</ele>
			</trkpt>
			<trkpt lat="50.679849" lon="17.943443">
				<ele>175.000000</ele>
			</trkpt>
			<trkpt lat="50.679861" lon="17.943552">
				<ele>175.000000</ele>
			</trkpt>
			<trkpt lat="50.679912" lon="17.943596">
				<ele>175.000000</ele>
			</trkpt>
			<trkpt lat="50.679935" lon="17.943623">
				<ele>175.000000</ele>
			</trkpt>
			<trkpt lat="50.679969" lon="17.943650">
				<ele>175.000000</ele>
			</trkpt>
			<trkpt lat="50.680003" lon="17.943686">
				<ele>175.000000</ele>
			</trkpt>
			<trkpt lat="50.680026" lon="17.943705">
				<ele>175.000000</ele>
			</trkpt>
			<trkpt lat="50.680049" lon="17.943722">
				<ele>175.000000</ele>
			</trkpt>
			<trkpt lat="50.680083" lon="17.943766">
				<ele>175.000000</ele>
			</trkpt>
			<trkpt lat="50.680100" lon="17.943776">
				<ele>175.000000</ele>
			</trkpt>
			<trkpt lat="50.680123" lon="17.943803">
				<ele>175.000000</ele>
			</trkpt>
			<trkpt lat="50.680231" lon="17.943919">
				<ele>175.000000</ele>
			</trkpt>
			<trkpt lat="50.680248" lon="17.943938">
				<ele>175.000000</ele>
			</trkpt>
			<trkpt lat="50.680276" lon="17.943982">
				<ele>175.000000</ele>
			</trkpt>
			<trkpt lat="50.680299" lon="17.944009">
				<ele>175.000000</ele>
			</trkpt>
			<trkpt lat="50.680663" lon="17.944387">
				<ele>176.000000</ele>
			</trkpt>
			<trkpt lat="50.680732" lon="17.944468">
				<ele>176.000000</ele>
			</trkpt>
			<trkpt lat="50.680811" lon="17.944539">
				<ele>176.000000</ele>
			</trkpt>
			<trkpt lat="50.680862" lon="17.944584">
				<ele>176.000000</ele>
			</trkpt>
			<trkpt lat="50.681074" lon="17.944737">
				<ele>176.000000</ele>
			</trkpt>
			<trkpt lat="50.681119" lon="17.944774">
				<ele>176.000000</ele>
			</trkpt>
			<trkpt lat="50.681141" lon="17.944791">
				<ele>176.000000</ele>
			</trkpt>
			<trkpt lat="50.681916" lon="17.945590">
				<ele>176.000000</ele>
			</trkpt>
			<trkpt lat="50.681944" lon="17.945617">
				<ele>176.000000</ele>
			</trkpt>
			<trkpt lat="50.681967" lon="17.945644">
				<ele>176.000000</ele>
			</trkpt>
			<trkpt lat="50.681984" lon="17.945680">
				<ele>176.000000</ele>
			</trkpt>
			<trkpt lat="50.682012" lon="17.945743">
				<ele>176.000000</ele>
			</trkpt>
			<trkpt lat="50.682035" lon="17.945770">
				<ele>176.000000</ele>
			</trkpt>
			<trkpt lat="50.682064" lon="17.945806">
				<ele>176.000000</ele>
			</trkpt>
			<trkpt lat="50.682053" lon="17.945842">
				<ele>176.000000</ele>
			</trkpt>
			<trkpt lat="50.681950" lon="17.946076">
				<ele>176.000000</ele>
			</trkpt>
			<trkpt lat="50.681859" lon="17.946309">
				<ele>176.000000</ele>
			</trkpt>
			<trkpt lat="50.681768" lon="17.946533">
				<ele>176.000000</ele>
			</trkpt>
			<trkpt lat="50.681733" lon="17.946615">
				<ele>176.000000</ele>
			</trkpt>
			<trkpt lat="50.681717" lon="17.946695">
				<ele>176.000000</ele>
			</trkpt>
			<trkpt lat="50.681705" lon="17.946768">
				<ele>176.000000</ele>
			</trkpt>
			<trkpt lat="50.681699" lon="17.946831">
				<ele>176.000000</ele>
			</trkpt>
			<trkpt lat="50.681699" lon="17.946902">
				<ele>176.000000</ele>
			</trkpt>
			<trkpt lat="50.681705" lon="17.946982">
				<ele>176.000000</ele>
			</trkpt>
			<trkpt lat="50.681705" lon="17.947064">
				<ele>176.000000</ele>
			</trkpt>
			<trkpt lat="50.681739" lon="17.947540">
				<ele>176.000000</ele>
			</trkpt>
			<trkpt lat="50.682104" lon="17.947477">
				<ele>176.000000</ele>
			</trkpt>
			<trkpt lat="50.682166" lon="17.947468">
				<ele>176.000000</ele>
			</trkpt>
		</trkseg>
	</trk>
</gpx>

