<?xml version="1.0" encoding="utf-8"?>
<gpx xmlns="http://www.topografix.com/GPX/1/1" version="1.1" creator="https://mapy.cz/">
	<trk>
		<name>propozycja 4</name>
		<trkseg>
			<trkpt lat="50.682502" lon="17.947424">
				<ele>176.000000</ele>
			</trkpt>
			<trkpt lat="50.682547" lon="17.947414">
				<ele>176.000000</ele>
			</trkpt>
			<trkpt lat="50.682639" lon="17.947405">
				<ele>176.000000</ele>
			</trkpt>
			<trkpt lat="50.682730" lon="17.947387">
				<ele>176.000000</ele>
			</trkpt>
			<trkpt lat="50.682918" lon="17.947361">
				<ele>176.000000</ele>
			</trkpt>
			<trkpt lat="50.682946" lon="17.947351">
				<ele>176.000000</ele>
			</trkpt>
			<trkpt lat="50.682963" lon="17.947324">
				<ele>176.000000</ele>
			</trkpt>
			<trkpt lat="50.682991" lon="17.947279">
				<ele>176.000000</ele>
			</trkpt>
			<trkpt lat="50.683151" lon="17.946875">
				<ele>177.000000</ele>
			</trkpt>
			<trkpt lat="50.683197" lon="17.946921">
				<ele>177.000000</ele>
			</trkpt>
			<trkpt lat="50.683219" lon="17.946938">
				<ele>177.000000</ele>
			</trkpt>
			<trkpt lat="50.683248" lon="17.946974">
				<ele>177.000000</ele>
			</trkpt>
			<trkpt lat="50.683293" lon="17.947009">
				<ele>177.000000</ele>
			</trkpt>
			<trkpt lat="50.683954" lon="17.947693">
				<ele>177.000000</ele>
			</trkpt>
			<trkpt lat="50.684727" lon="17.948492">
				<ele>177.000000</ele>
			</trkpt>
			<trkpt lat="50.685126" lon="17.948906">
				<ele>176.000000</ele>
			</trkpt>
			<trkpt lat="50.685547" lon="17.949336">
				<ele>175.000000</ele>
			</trkpt>
			<trkpt lat="50.685627" lon="17.949418">
				<ele>175.000000</ele>
			</trkpt>
			<trkpt lat="50.686224" lon="17.950028">
				<ele>174.000000</ele>
			</trkpt>
			<trkpt lat="50.686839" lon="17.950657">
				<ele>174.000000</ele>
			</trkpt>
			<trkpt lat="50.686862" lon="17.950684">
				<ele>173.000000</ele>
			</trkpt>
			<trkpt lat="50.686867" lon="17.950693">
				<ele>173.000000</ele>
			</trkpt>
			<trkpt lat="50.686890" lon="17.950640">
				<ele>173.000000</ele>
			</trkpt>
			<trkpt lat="50.686901" lon="17.950613">
				<ele>173.000000</ele>
			</trkpt>
			<trkpt lat="50.686913" lon="17.950585">
				<ele>173.000000</ele>
			</trkpt>
			<trkpt lat="50.686987" lon="17.950657">
				<ele>173.000000</ele>
			</trkpt>
			<trkpt lat="50.687072" lon="17.950737">
				<ele>173.000000</ele>
			</trkpt>
			<trkpt lat="50.687112" lon="17.950774">
				<ele>173.000000</ele>
			</trkpt>
			<trkpt lat="50.687146" lon="17.950810">
				<ele>173.000000</ele>
			</trkpt>
			<trkpt lat="50.687186" lon="17.950837">
				<ele>173.000000</ele>
			</trkpt>
			<trkpt lat="50.687198" lon="17.950837">
				<ele>173.000000</ele>
			</trkpt>
			<trkpt lat="50.687237" lon="17.950854">
				<ele>174.000000</ele>
			</trkpt>
			<trkpt lat="50.687294" lon="17.950864">
				<ele>174.000000</ele>
			</trkpt>
			<trkpt lat="50.687334" lon="17.950854">
				<ele>174.000000</ele>
			</trkpt>
			<trkpt lat="50.687408" lon="17.950827">
				<ele>174.000000</ele>
			</trkpt>
			<trkpt lat="50.687436" lon="17.950801">
				<ele>174.000000</ele>
			</trkpt>
			<trkpt lat="50.687499" lon="17.950756">
				<ele>174.000000</ele>
			</trkpt>
			<trkpt lat="50.687858" lon="17.950450">
				<ele>174.000000</ele>
			</trkpt>
			<trkpt lat="50.688045" lon="17.950288">
				<ele>175.000000</ele>
			</trkpt>
			<trkpt lat="50.688216" lon="17.950154">
				<ele>175.000000</ele>
			</trkpt>
			<trkpt lat="50.688427" lon="17.949974">
				<ele>175.000000</ele>
			</trkpt>
			<trkpt lat="50.688694" lon="17.949758">
				<ele>175.000000</ele>
			</trkpt>
			<trkpt lat="50.689042" lon="17.949462">
				<ele>174.000000</ele>
			</trkpt>
			<trkpt lat="50.689173" lon="17.949355">
				<ele>174.000000</ele>
			</trkpt>
			<trkpt lat="50.689406" lon="17.949166">
				<ele>174.000000</ele>
			</trkpt>
			<trkpt lat="50.689434" lon="17.949148">
				<ele>174.000000</ele>
			</trkpt>
			<trkpt lat="50.689463" lon="17.949129">
				<ele>174.000000</ele>
			</trkpt>
			<trkpt lat="50.689491" lon="17.949103">
				<ele>174.000000</ele>
			</trkpt>
			<trkpt lat="50.689553" lon="17.949058">
				<ele>174.000000</ele>
			</trkpt>
			<trkpt lat="50.689645" lon="17.948986">
				<ele>174.000000</ele>
			</trkpt>
			<trkpt lat="50.689679" lon="17.948950">
				<ele>174.000000</ele>
			</trkpt>
			<trkpt lat="50.689708" lon="17.948986">
				<ele>174.000000</ele>
			</trkpt>
			<trkpt lat="50.689730" lon="17.949022">
				<ele>174.000000</ele>
			</trkpt>
			<trkpt lat="50.689770" lon="17.949076">
				<ele>173.000000</ele>
			</trkpt>
			<trkpt lat="50.690049" lon="17.949508">
				<ele>172.000000</ele>
			</trkpt>
			<trkpt lat="50.690191" lon="17.949722">
				<ele>172.000000</ele>
			</trkpt>
			<trkpt lat="50.690242" lon="17.949812">
				<ele>171.000000</ele>
			</trkpt>
			<trkpt lat="50.690282" lon="17.949705">
				<ele>172.000000</ele>
			</trkpt>
			<trkpt lat="50.690316" lon="17.949661">
				<ele>172.000000</ele>
			</trkpt>
			<trkpt lat="50.690339" lon="17.949624">
				<ele>172.000000</ele>
			</trkpt>
			<trkpt lat="50.690367" lon="17.949579">
				<ele>172.000000</ele>
			</trkpt>
			<trkpt lat="50.690846" lon="17.949040">
				<ele>172.000000</ele>
			</trkpt>
			<trkpt lat="50.690857" lon="17.949040">
				<ele>172.000000</ele>
			</trkpt>
			<trkpt lat="50.691011" lon="17.948869">
				<ele>172.000000</ele>
			</trkpt>
			<trkpt lat="50.691039" lon="17.948842">
				<ele>172.000000</ele>
			</trkpt>
			<trkpt lat="50.691045" lon="17.948833">
				<ele>172.000000</ele>
			</trkpt>
			<trkpt lat="50.691061" lon="17.948816">
				<ele>172.000000</ele>
			</trkpt>
			<trkpt lat="50.691278" lon="17.948582">
				<ele>172.000000</ele>
			</trkpt>
			<trkpt lat="50.691363" lon="17.948483">
				<ele>172.000000</ele>
			</trkpt>
			<trkpt lat="50.691614" lon="17.948214">
				<ele>172.000000</ele>
			</trkpt>
			<trkpt lat="50.691745" lon="17.948070">
				<ele>172.000000</ele>
			</trkpt>
			<trkpt lat="50.692035" lon="17.947747">
				<ele>172.000000</ele>
			</trkpt>
			<trkpt lat="50.692547" lon="17.947171">
				<ele>172.000000</ele>
			</trkpt>
			<trkpt lat="50.692735" lon="17.946974">
				<ele>172.000000</ele>
			</trkpt>
			<trkpt lat="50.693292" lon="17.946355">
				<ele>172.000000</ele>
			</trkpt>
			<trkpt lat="50.693452" lon="17.946175">
				<ele>172.000000</ele>
			</trkpt>
			<trkpt lat="50.693725" lon="17.945879">
				<ele>171.000000</ele>
			</trkpt>
			<trkpt lat="50.693867" lon="17.945716">
				<ele>171.000000</ele>
			</trkpt>
			<trkpt lat="50.693913" lon="17.945663">
				<ele>171.000000</ele>
			</trkpt>
			<trkpt lat="50.693998" lon="17.945573">
				<ele>171.000000</ele>
			</trkpt>
			<trkpt lat="50.694106" lon="17.945456">
				<ele>171.000000</ele>
			</trkpt>
			<trkpt lat="50.694163" lon="17.945401">
				<ele>171.000000</ele>
			</trkpt>
			<trkpt lat="50.694214" lon="17.945340">
				<ele>171.000000</ele>
			</trkpt>
			<trkpt lat="50.694317" lon="17.945231">
				<ele>171.000000</ele>
			</trkpt>
			<trkpt lat="50.694374" lon="17.945168">
				<ele>171.000000</ele>
			</trkpt>
			<trkpt lat="50.694493" lon="17.945043">
				<ele>171.000000</ele>
			</trkpt>
			<trkpt lat="50.694556" lon="17.944980">
				<ele>171.000000</ele>
			</trkpt>
			<trkpt lat="50.694613" lon="17.944917">
				<ele>171.000000</ele>
			</trkpt>
			<trkpt lat="50.694675" lon="17.944845">
				<ele>171.000000</ele>
			</trkpt>
			<trkpt lat="50.694807" lon="17.944711">
				<ele>171.000000</ele>
			</trkpt>
			<trkpt lat="50.694863" lon="17.944648">
				<ele>171.000000</ele>
			</trkpt>
			<trkpt lat="50.695017" lon="17.944458">
				<ele>171.000000</ele>
			</trkpt>
			<trkpt lat="50.695216" lon="17.944243">
				<ele>171.000000</ele>
			</trkpt>
			<trkpt lat="50.695705" lon="17.943705">
				<ele>171.000000</ele>
			</trkpt>
			<trkpt lat="50.695830" lon="17.943569">
				<ele>171.000000</ele>
			</trkpt>
			<trkpt lat="50.695961" lon="17.943426">
				<ele>171.000000</ele>
			</trkpt>
			<trkpt lat="50.696121" lon="17.943246">
				<ele>170.000000</ele>
			</trkpt>
			<trkpt lat="50.696144" lon="17.943219">
				<ele>170.000000</ele>
			</trkpt>
			<trkpt lat="50.696394" lon="17.942940">
				<ele>170.000000</ele>
			</trkpt>
			<trkpt lat="50.696741" lon="17.942554">
				<ele>170.000000</ele>
			</trkpt>
			<trkpt lat="50.696974" lon="17.942303">
				<ele>170.000000</ele>
			</trkpt>
			<trkpt lat="50.697031" lon="17.942231">
				<ele>170.000000</ele>
			</trkpt>
			<trkpt lat="50.697122" lon="17.942141">
				<ele>169.000000</ele>
			</trkpt>
			<trkpt lat="50.697236" lon="17.942007">
				<ele>169.000000</ele>
			</trkpt>
			<trkpt lat="50.697339" lon="17.941898">
				<ele>169.000000</ele>
			</trkpt>
			<trkpt lat="50.697339" lon="17.941898">
				<ele>169.000000</ele>
			</trkpt>
			<trkpt lat="50.698204" lon="17.940955">
				<ele>167.000000</ele>
			</trkpt>
			<trkpt lat="50.698767" lon="17.940336">
				<ele>165.000000</ele>
			</trkpt>
			<trkpt lat="50.698971" lon="17.940101">
				<ele>164.000000</ele>
			</trkpt>
			<trkpt lat="50.699148" lon="17.939913">
				<ele>163.000000</ele>
			</trkpt>
			<trkpt lat="50.699199" lon="17.939850">
				<ele>163.000000</ele>
			</trkpt>
			<trkpt lat="50.699278" lon="17.939761">
				<ele>162.000000</ele>
			</trkpt>
			<trkpt lat="50.699409" lon="17.939590">
				<ele>162.000000</ele>
			</trkpt>
			<trkpt lat="50.699438" lon="17.939545">
				<ele>162.000000</ele>
			</trkpt>
			<trkpt lat="50.699506" lon="17.939447">
				<ele>161.000000</ele>
			</trkpt>
			<trkpt lat="50.699580" lon="17.939321">
				<ele>161.000000</ele>
			</trkpt>
			<trkpt lat="50.699631" lon="17.939212">
				<ele>161.000000</ele>
			</trkpt>
			<trkpt lat="50.699677" lon="17.939095">
				<ele>161.000000</ele>
			</trkpt>
			<trkpt lat="50.699700" lon="17.939032">
				<ele>161.000000</ele>
			</trkpt>
			<trkpt lat="50.699717" lon="17.938988">
				<ele>160.000000</ele>
			</trkpt>
			<trkpt lat="50.699740" lon="17.938889">
				<ele>160.000000</ele>
			</trkpt>
			<trkpt lat="50.699763" lon="17.938782">
				<ele>160.000000</ele>
			</trkpt>
			<trkpt lat="50.699791" lon="17.938655">
				<ele>160.000000</ele>
			</trkpt>
			<trkpt lat="50.699814" lon="17.938539">
				<ele>160.000000</ele>
			</trkpt>
			<trkpt lat="50.699825" lon="17.938405">
				<ele>160.000000</ele>
			</trkpt>
			<trkpt lat="50.699836" lon="17.938269">
				<ele>160.000000</ele>
			</trkpt>
			<trkpt lat="50.699842" lon="17.938126">
				<ele>160.000000</ele>
			</trkpt>
			<trkpt lat="50.699830" lon="17.937963">
				<ele>160.000000</ele>
			</trkpt>
			<trkpt lat="50.699825" lon="17.937784">
				<ele>160.000000</ele>
			</trkpt>
			<trkpt lat="50.699807" lon="17.937640">
				<ele>160.000000</ele>
			</trkpt>
			<trkpt lat="50.699785" lon="17.937424">
				<ele>160.000000</ele>
			</trkpt>
			<trkpt lat="50.699734" lon="17.936913">
				<ele>159.000000</ele>
			</trkpt>
			<trkpt lat="50.699700" lon="17.936598">
				<ele>159.000000</ele>
			</trkpt>
			<trkpt lat="50.699688" lon="17.936455">
				<ele>159.000000</ele>
			</trkpt>
			<trkpt lat="50.699677" lon="17.936284">
				<ele>159.000000</ele>
			</trkpt>
			<trkpt lat="50.699671" lon="17.936132">
				<ele>159.000000</ele>
			</trkpt>
			<trkpt lat="50.699671" lon="17.935961">
				<ele>159.000000</ele>
			</trkpt>
			<trkpt lat="50.699683" lon="17.935808">
				<ele>159.000000</ele>
			</trkpt>
			<trkpt lat="50.699688" lon="17.935700">
				<ele>159.000000</ele>
			</trkpt>
			<trkpt lat="50.699711" lon="17.935556">
				<ele>159.000000</ele>
			</trkpt>
			<trkpt lat="50.699728" lon="17.935439">
				<ele>159.000000</ele>
			</trkpt>
			<trkpt lat="50.699757" lon="17.935340">
				<ele>158.000000</ele>
			</trkpt>
			<trkpt lat="50.699768" lon="17.935296">
				<ele>158.000000</ele>
			</trkpt>
			<trkpt lat="50.699796" lon="17.935189">
				<ele>158.000000</ele>
			</trkpt>
			<trkpt lat="50.699830" lon="17.935089">
				<ele>158.000000</ele>
			</trkpt>
			<trkpt lat="50.699876" lon="17.934990">
				<ele>158.000000</ele>
			</trkpt>
			<trkpt lat="50.699921" lon="17.934891">
				<ele>158.000000</ele>
			</trkpt>
			<trkpt lat="50.699990" lon="17.934757">
				<ele>158.000000</ele>
			</trkpt>
			<trkpt lat="50.700064" lon="17.934650">
				<ele>158.000000</ele>
			</trkpt>
			<trkpt lat="50.700115" lon="17.934568">
				<ele>158.000000</ele>
			</trkpt>
			<trkpt lat="50.700143" lon="17.934533">
				<ele>158.000000</ele>
			</trkpt>
			<trkpt lat="50.700337" lon="17.934271">
				<ele>158.000000</ele>
			</trkpt>
			<trkpt lat="50.700599" lon="17.933939">
				<ele>157.000000</ele>
			</trkpt>
			<trkpt lat="50.701156" lon="17.933229">
				<ele>157.000000</ele>
			</trkpt>
			<trkpt lat="50.701583" lon="17.932690">
				<ele>157.000000</ele>
			</trkpt>
			<trkpt lat="50.701839" lon="17.932376">
				<ele>157.000000</ele>
			</trkpt>
			<trkpt lat="50.701941" lon="17.932233">
				<ele>157.000000</ele>
			</trkpt>
			<trkpt lat="50.701964" lon="17.932197">
				<ele>157.000000</ele>
			</trkpt>
			<trkpt lat="50.702089" lon="17.932340">
				<ele>157.000000</ele>
			</trkpt>
			<trkpt lat="50.702118" lon="17.932277">
				<ele>157.000000</ele>
			</trkpt>
			<trkpt lat="50.702140" lon="17.932304">
				<ele>157.000000</ele>
			</trkpt>
			<trkpt lat="50.702158" lon="17.932331">
				<ele>157.000000</ele>
			</trkpt>
			<trkpt lat="50.702192" lon="17.932367">
				<ele>157.000000</ele>
			</trkpt>
			<trkpt lat="50.702215" lon="17.932386">
				<ele>157.000000</ele>
			</trkpt>
			<trkpt lat="50.702453" lon="17.932663">
				<ele>156.000000</ele>
			</trkpt>
			<trkpt lat="50.702704" lon="17.932960">
				<ele>156.000000</ele>
			</trkpt>
			<trkpt lat="50.702914" lon="17.933212">
				<ele>156.000000</ele>
			</trkpt>
			<trkpt lat="50.703074" lon="17.933392">
				<ele>156.000000</ele>
			</trkpt>
			<trkpt lat="50.703250" lon="17.933608">
				<ele>155.000000</ele>
			</trkpt>
			<trkpt lat="50.703318" lon="17.933679">
				<ele>155.000000</ele>
			</trkpt>
			<trkpt lat="50.703438" lon="17.933787">
				<ele>155.000000</ele>
			</trkpt>
			<trkpt lat="50.703512" lon="17.933822">
				<ele>155.000000</ele>
			</trkpt>
			<trkpt lat="50.703569" lon="17.933814">
				<ele>155.000000</ele>
			</trkpt>
			<trkpt lat="50.703620" lon="17.933778">
				<ele>155.000000</ele>
			</trkpt>
			<trkpt lat="50.703642" lon="17.933841">
				<ele>155.000000</ele>
			</trkpt>
			<trkpt lat="50.703660" lon="17.933877">
				<ele>155.000000</ele>
			</trkpt>
			<trkpt lat="50.703677" lon="17.933939">
				<ele>155.000000</ele>
			</trkpt>
			<trkpt lat="50.703694" lon="17.933948">
				<ele>155.000000</ele>
			</trkpt>
			<trkpt lat="50.703740" lon="17.933967">
				<ele>155.000000</ele>
			</trkpt>
			<trkpt lat="50.703699" lon="17.934173">
				<ele>155.000000</ele>
			</trkpt>
			<trkpt lat="50.703802" lon="17.934308">
				<ele>156.000000</ele>
			</trkpt>
			<trkpt lat="50.703836" lon="17.934353">
				<ele>156.000000</ele>
			</trkpt>
			<trkpt lat="50.704041" lon="17.934703">
				<ele>155.000000</ele>
			</trkpt>
			<trkpt lat="50.704086" lon="17.934784">
				<ele>155.000000</ele>
			</trkpt>
			<trkpt lat="50.704120" lon="17.934847">
				<ele>155.000000</ele>
			</trkpt>
			<trkpt lat="50.704155" lon="17.934919">
				<ele>155.000000</ele>
			</trkpt>
			<trkpt lat="50.704189" lon="17.935000">
				<ele>155.000000</ele>
			</trkpt>
			<trkpt lat="50.704200" lon="17.935044">
				<ele>155.000000</ele>
			</trkpt>
			<trkpt lat="50.704348" lon="17.935529">
				<ele>155.000000</ele>
			</trkpt>
			<trkpt lat="50.704405" lon="17.935700">
				<ele>155.000000</ele>
			</trkpt>
			<trkpt lat="50.704473" lon="17.935925">
				<ele>155.000000</ele>
			</trkpt>
			<trkpt lat="50.704507" lon="17.936032">
				<ele>155.000000</ele>
			</trkpt>
			<trkpt lat="50.704558" lon="17.936168">
				<ele>155.000000</ele>
			</trkpt>
			<trkpt lat="50.704599" lon="17.936239">
				<ele>155.000000</ele>
			</trkpt>
			<trkpt lat="50.704615" lon="17.936266">
				<ele>155.000000</ele>
			</trkpt>
			<trkpt lat="50.704655" lon="17.936338">
				<ele>155.000000</ele>
			</trkpt>
			<trkpt lat="50.704712" lon="17.936428">
				<ele>155.000000</ele>
			</trkpt>
			<trkpt lat="50.704723" lon="17.936455">
				<ele>155.000000</ele>
			</trkpt>
			<trkpt lat="50.704803" lon="17.936581">
				<ele>155.000000</ele>
			</trkpt>
			<trkpt lat="50.704832" lon="17.936535">
				<ele>155.000000</ele>
			</trkpt>
			<trkpt lat="50.704883" lon="17.936437">
				<ele>155.000000</ele>
			</trkpt>
			<trkpt lat="50.704922" lon="17.936491">
				<ele>155.000000</ele>
			</trkpt>
			<trkpt lat="50.704911" lon="17.936535">
				<ele>155.000000</ele>
			</trkpt>
			<trkpt lat="50.704906" lon="17.936598">
				<ele>155.000000</ele>
			</trkpt>
			<trkpt lat="50.704922" lon="17.936679">
				<ele>155.000000</ele>
			</trkpt>
			<trkpt lat="50.704957" lon="17.936734">
				<ele>155.000000</ele>
			</trkpt>
			<trkpt lat="50.705082" lon="17.936921">
				<ele>154.000000</ele>
			</trkpt>
			<trkpt lat="50.705224" lon="17.937137">
				<ele>154.000000</ele>
			</trkpt>
			<trkpt lat="50.705287" lon="17.937245">
				<ele>155.000000</ele>
			</trkpt>
			<trkpt lat="50.705344" lon="17.937398">
				<ele>155.000000</ele>
			</trkpt>
			<trkpt lat="50.705571" lon="17.938107">
				<ele>155.000000</ele>
			</trkpt>
			<trkpt lat="50.705827" lon="17.938961">
				<ele>155.000000</ele>
			</trkpt>
			<trkpt lat="50.705935" lon="17.939204">
				<ele>155.000000</ele>
			</trkpt>
			<trkpt lat="50.706106" lon="17.939535">
				<ele>155.000000</ele>
			</trkpt>
			<trkpt lat="50.706220" lon="17.939715">
				<ele>155.000000</ele>
			</trkpt>
			<trkpt lat="50.706783" lon="17.940470">
				<ele>155.000000</ele>
			</trkpt>
			<trkpt lat="50.707096" lon="17.940902">
				<ele>155.000000</ele>
			</trkpt>
			<trkpt lat="50.707301" lon="17.941225">
				<ele>155.000000</ele>
			</trkpt>
			<trkpt lat="50.707448" lon="17.941468">
				<ele>155.000000</ele>
			</trkpt>
			<trkpt lat="50.707636" lon="17.941647">
				<ele>155.000000</ele>
			</trkpt>
			<trkpt lat="50.707602" lon="17.941701">
				<ele>155.000000</ele>
			</trkpt>
			<trkpt lat="50.707568" lon="17.941755">
				<ele>155.000000</ele>
			</trkpt>
			<trkpt lat="50.707863" lon="17.942221">
				<ele>155.000000</ele>
			</trkpt>
			<trkpt lat="50.707904" lon="17.942284">
				<ele>155.000000</ele>
			</trkpt>
			<trkpt lat="50.707995" lon="17.942384">
				<ele>155.000000</ele>
			</trkpt>
			<trkpt lat="50.707989" lon="17.942573">
				<ele>155.000000</ele>
			</trkpt>
			<trkpt lat="50.707989" lon="17.942671">
				<ele>155.000000</ele>
			</trkpt>
			<trkpt lat="50.708040" lon="17.942797">
				<ele>155.000000</ele>
			</trkpt>
			<trkpt lat="50.708199" lon="17.943040">
				<ele>155.000000</ele>
			</trkpt>
			<trkpt lat="50.708529" lon="17.943552">
				<ele>154.000000</ele>
			</trkpt>
			<trkpt lat="50.708598" lon="17.943677">
				<ele>154.000000</ele>
			</trkpt>
			<trkpt lat="50.708637" lon="17.943776">
				<ele>154.000000</ele>
			</trkpt>
			<trkpt lat="50.708666" lon="17.943848">
				<ele>154.000000</ele>
			</trkpt>
			<trkpt lat="50.708820" lon="17.944216">
				<ele>154.000000</ele>
			</trkpt>
			<trkpt lat="50.708956" lon="17.944548">
				<ele>154.000000</ele>
			</trkpt>
			<trkpt lat="50.708962" lon="17.944567">
				<ele>154.000000</ele>
			</trkpt>
			<trkpt lat="50.708973" lon="17.944602">
				<ele>154.000000</ele>
			</trkpt>
			<trkpt lat="50.709007" lon="17.944684">
				<ele>154.000000</ele>
			</trkpt>
			<trkpt lat="50.709730" lon="17.946399">
				<ele>155.000000</ele>
			</trkpt>
			<trkpt lat="50.709764" lon="17.946479">
				<ele>155.000000</ele>
			</trkpt>
			<trkpt lat="50.709781" lon="17.946516">
				<ele>155.000000</ele>
			</trkpt>
			<trkpt lat="50.709792" lon="17.946543">
				<ele>155.000000</ele>
			</trkpt>
			<trkpt lat="50.709803" lon="17.946569">
				<ele>155.000000</ele>
			</trkpt>
			<trkpt lat="50.709872" lon="17.946713">
				<ele>155.000000</ele>
			</trkpt>
			<trkpt lat="50.710088" lon="17.947127">
				<ele>155.000000</ele>
			</trkpt>
			<trkpt lat="50.710560" lon="17.948053">
				<ele>155.000000</ele>
			</trkpt>
			<trkpt lat="50.710742" lon="17.948411">
				<ele>155.000000</ele>
			</trkpt>
			<trkpt lat="50.710919" lon="17.948735">
				<ele>155.000000</ele>
			</trkpt>
			<trkpt lat="50.711146" lon="17.949183">
				<ele>155.000000</ele>
			</trkpt>
			<trkpt lat="50.711294" lon="17.949471">
				<ele>155.000000</ele>
			</trkpt>
			<trkpt lat="50.711454" lon="17.949768">
				<ele>155.000000</ele>
			</trkpt>
			<trkpt lat="50.711544" lon="17.949948">
				<ele>155.000000</ele>
			</trkpt>
			<trkpt lat="50.711715" lon="17.950261">
				<ele>155.000000</ele>
			</trkpt>
			<trkpt lat="50.712091" lon="17.950999">
				<ele>155.000000</ele>
			</trkpt>
			<trkpt lat="50.712272" lon="17.951357">
				<ele>155.000000</ele>
			</trkpt>
			<trkpt lat="50.712494" lon="17.951780">
				<ele>155.000000</ele>
			</trkpt>
			<trkpt lat="50.712961" lon="17.952697">
				<ele>155.000000</ele>
			</trkpt>
			<trkpt lat="50.713347" lon="17.953460">
				<ele>155.000000</ele>
			</trkpt>
			<trkpt lat="50.713478" lon="17.953720">
				<ele>155.000000</ele>
			</trkpt>
			<trkpt lat="50.713518" lon="17.953801">
				<ele>155.000000</ele>
			</trkpt>
			<trkpt lat="50.713882" lon="17.954493">
				<ele>155.000000</ele>
			</trkpt>
			<trkpt lat="50.713882" lon="17.954493">
				<ele>155.000000</ele>
			</trkpt>
			<trkpt lat="50.714258" lon="17.955202">
				<ele>155.000000</ele>
			</trkpt>
			<trkpt lat="50.714621" lon="17.955903">
				<ele>155.000000</ele>
			</trkpt>
			<trkpt lat="50.714753" lon="17.956146">
				<ele>156.000000</ele>
			</trkpt>
			<trkpt lat="50.714815" lon="17.956263">
				<ele>156.000000</ele>
			</trkpt>
			<trkpt lat="50.714855" lon="17.956370">
				<ele>156.000000</ele>
			</trkpt>
			<trkpt lat="50.714889" lon="17.956479">
				<ele>156.000000</ele>
			</trkpt>
			<trkpt lat="50.714906" lon="17.956540">
				<ele>156.000000</ele>
			</trkpt>
			<trkpt lat="50.714929" lon="17.956685">
				<ele>156.000000</ele>
			</trkpt>
			<trkpt lat="50.714929" lon="17.956802">
				<ele>156.000000</ele>
			</trkpt>
			<trkpt lat="50.714918" lon="17.956982">
				<ele>156.000000</ele>
			</trkpt>
			<trkpt lat="50.714877" lon="17.957232">
				<ele>156.000000</ele>
			</trkpt>
			<trkpt lat="50.714719" lon="17.958005">
				<ele>155.000000</ele>
			</trkpt>
			<trkpt lat="50.714701" lon="17.958095">
				<ele>155.000000</ele>
			</trkpt>
			<trkpt lat="50.714559" lon="17.958751">
				<ele>156.000000</ele>
			</trkpt>
			<trkpt lat="50.714389" lon="17.959532">
				<ele>155.000000</ele>
			</trkpt>
			<trkpt lat="50.714098" lon="17.961131">
				<ele>156.000000</ele>
			</trkpt>
			<trkpt lat="50.714002" lon="17.961670">
				<ele>156.000000</ele>
			</trkpt>
			<trkpt lat="50.715264" lon="17.962883">
				<ele>155.000000</ele>
			</trkpt>
			<trkpt lat="50.715571" lon="17.963179">
				<ele>155.000000</ele>
			</trkpt>
			<trkpt lat="50.715731" lon="17.963297">
				<ele>155.000000</ele>
			</trkpt>
			<trkpt lat="50.715885" lon="17.963368">
				<ele>155.000000</ele>
			</trkpt>
			<trkpt lat="50.715964" lon="17.963359">
				<ele>155.000000</ele>
			</trkpt>
			<trkpt lat="50.716117" lon="17.963288">
				<ele>155.000000</ele>
			</trkpt>
			<trkpt lat="50.716612" lon="17.962991">
				<ele>155.000000</ele>
			</trkpt>
			<trkpt lat="50.717017" lon="17.962802">
				<ele>155.000000</ele>
			</trkpt>
			<trkpt lat="50.718012" lon="17.962372">
				<ele>155.000000</ele>
			</trkpt>
			<trkpt lat="50.718347" lon="17.962236">
				<ele>155.000000</ele>
			</trkpt>
			<trkpt lat="50.718347" lon="17.962236">
				<ele>155.000000</ele>
			</trkpt>
			<trkpt lat="50.718569" lon="17.962156">
				<ele>155.000000</ele>
			</trkpt>
			<trkpt lat="50.718649" lon="17.962173">
				<ele>155.000000</ele>
			</trkpt>
			<trkpt lat="50.718643" lon="17.962227">
				<ele>155.000000</ele>
			</trkpt>
			<trkpt lat="50.718643" lon="17.962290">
				<ele>155.000000</ele>
			</trkpt>
			<trkpt lat="50.718660" lon="17.962406">
				<ele>155.000000</ele>
			</trkpt>
			<trkpt lat="50.718751" lon="17.962928">
				<ele>155.000000</ele>
			</trkpt>
			<trkpt lat="50.719217" lon="17.965632">
				<ele>155.000000</ele>
			</trkpt>
			<trkpt lat="50.719781" lon="17.968767">
				<ele>156.000000</ele>
			</trkpt>
			<trkpt lat="50.720047" lon="17.970276">
				<ele>157.000000</ele>
			</trkpt>
			<trkpt lat="50.720099" lon="17.970609">
				<ele>157.000000</ele>
			</trkpt>
			<trkpt lat="50.720127" lon="17.970798">
				<ele>157.000000</ele>
			</trkpt>
			<trkpt lat="50.720139" lon="17.970941">
				<ele>157.000000</ele>
			</trkpt>
			<trkpt lat="50.720139" lon="17.971085">
				<ele>157.000000</ele>
			</trkpt>
			<trkpt lat="50.720127" lon="17.971301">
				<ele>157.000000</ele>
			</trkpt>
			<trkpt lat="50.720099" lon="17.971704">
				<ele>157.000000</ele>
			</trkpt>
			<trkpt lat="50.720042" lon="17.972289">
				<ele>157.000000</ele>
			</trkpt>
			<trkpt lat="50.719980" lon="17.972962">
				<ele>157.000000</ele>
			</trkpt>
			<trkpt lat="50.719951" lon="17.973214">
				<ele>157.000000</ele>
			</trkpt>
			<trkpt lat="50.719923" lon="17.973385">
				<ele>157.000000</ele>
			</trkpt>
			<trkpt lat="50.719877" lon="17.973609">
				<ele>157.000000</ele>
			</trkpt>
			<trkpt lat="50.720127" lon="17.973717">
				<ele>156.000000</ele>
			</trkpt>
			<trkpt lat="50.720355" lon="17.973807">
				<ele>156.000000</ele>
			</trkpt>
			<trkpt lat="50.720554" lon="17.973888">
				<ele>156.000000</ele>
			</trkpt>
			<trkpt lat="50.720633" lon="17.973951">
				<ele>156.000000</ele>
			</trkpt>
			<trkpt lat="50.720662" lon="17.974148">
				<ele>156.000000</ele>
			</trkpt>
			<trkpt lat="50.720946" lon="17.976098">
				<ele>157.000000</ele>
			</trkpt>
			<trkpt lat="50.720957" lon="17.976788">
				<ele>157.000000</ele>
			</trkpt>
			<trkpt lat="50.720969" lon="17.977517">
				<ele>157.000000</ele>
			</trkpt>
			<trkpt lat="50.720969" lon="17.978226">
				<ele>157.000000</ele>
			</trkpt>
			<trkpt lat="50.721060" lon="17.978576">
				<ele>157.000000</ele>
			</trkpt>
			<trkpt lat="50.721367" lon="17.979178">
				<ele>157.000000</ele>
			</trkpt>
			<trkpt lat="50.721504" lon="17.979404">
				<ele>157.000000</ele>
			</trkpt>
			<trkpt lat="50.721714" lon="17.979834">
				<ele>157.000000</ele>
			</trkpt>
			<trkpt lat="50.721879" lon="17.980247">
				<ele>157.000000</ele>
			</trkpt>
			<trkpt lat="50.722072" lon="17.980643">
				<ele>157.000000</ele>
			</trkpt>
			<trkpt lat="50.722226" lon="17.980903">
				<ele>157.000000</ele>
			</trkpt>
			<trkpt lat="50.722493" lon="17.981316">
				<ele>157.000000</ele>
			</trkpt>
			<trkpt lat="50.722772" lon="17.981820">
				<ele>157.000000</ele>
			</trkpt>
			<trkpt lat="50.722857" lon="17.981937">
				<ele>157.000000</ele>
			</trkpt>
			<trkpt lat="50.722960" lon="17.982027">
				<ele>157.000000</ele>
			</trkpt>
			<trkpt lat="50.723107" lon="17.982134">
				<ele>157.000000</ele>
			</trkpt>
			<trkpt lat="50.723306" lon="17.982206">
				<ele>158.000000</ele>
			</trkpt>
			<trkpt lat="50.723858" lon="17.982358">
				<ele>157.000000</ele>
			</trkpt>
			<trkpt lat="50.723949" lon="17.982413">
				<ele>157.000000</ele>
			</trkpt>
			<trkpt lat="50.723994" lon="17.982503">
				<ele>157.000000</ele>
			</trkpt>
			<trkpt lat="50.724296" lon="17.983796">
				<ele>158.000000</ele>
			</trkpt>
			<trkpt lat="50.724819" lon="17.986176">
				<ele>158.000000</ele>
			</trkpt>
			<trkpt lat="50.724956" lon="17.986931">
				<ele>158.000000</ele>
			</trkpt>
			<trkpt lat="50.725871" lon="17.991126">
				<ele>158.000000</ele>
			</trkpt>
			<trkpt lat="50.726105" lon="17.992204">
				<ele>159.000000</ele>
			</trkpt>
			<trkpt lat="50.726133" lon="17.992375">
				<ele>159.000000</ele>
			</trkpt>
			<trkpt lat="50.726133" lon="17.992518">
				<ele>159.000000</ele>
			</trkpt>
			<trkpt lat="50.726206" lon="17.992717">
				<ele>159.000000</ele>
			</trkpt>
			<trkpt lat="50.726206" lon="17.992717">
				<ele>159.000000</ele>
			</trkpt>
			<trkpt lat="50.726229" lon="17.992778">
				<ele>159.000000</ele>
			</trkpt>
			<trkpt lat="50.726838" lon="17.993048">
				<ele>159.000000</ele>
			</trkpt>
			<trkpt lat="50.727071" lon="17.993147">
				<ele>159.000000</ele>
			</trkpt>
			<trkpt lat="50.727151" lon="17.993183">
				<ele>159.000000</ele>
			</trkpt>
			<trkpt lat="50.728606" lon="17.993830">
				<ele>159.000000</ele>
			</trkpt>
			<trkpt lat="50.730631" lon="17.991252">
				<ele>159.000000</ele>
			</trkpt>
			<trkpt lat="50.731443" lon="17.989860">
				<ele>159.000000</ele>
			</trkpt>
			<trkpt lat="50.733002" lon="17.990254">
				<ele>159.000000</ele>
			</trkpt>
			<trkpt lat="50.733360" lon="17.990381">
				<ele>159.000000</ele>
			</trkpt>
			<trkpt lat="50.733707" lon="17.990560">
				<ele>159.000000</ele>
			</trkpt>
			<trkpt lat="50.734014" lon="17.990731">
				<ele>159.000000</ele>
			</trkpt>
			<trkpt lat="50.734230" lon="17.990847">
				<ele>159.000000</ele>
			</trkpt>
			<trkpt lat="50.734560" lon="17.991260">
				<ele>159.000000</ele>
			</trkpt>
			<trkpt lat="50.735168" lon="17.991585">
				<ele>159.000000</ele>
			</trkpt>
			<trkpt lat="50.736163" lon="17.992105">
				<ele>159.000000</ele>
			</trkpt>
			<trkpt lat="50.736993" lon="17.992392">
				<ele>159.000000</ele>
			</trkpt>
			<trkpt lat="50.737783" lon="17.992554">
				<ele>159.000000</ele>
			</trkpt>
			<trkpt lat="50.738016" lon="17.992491">
				<ele>159.000000</ele>
			</trkpt>
			<trkpt lat="50.738238" lon="17.992518">
				<ele>159.000000</ele>
			</trkpt>
			<trkpt lat="50.738500" lon="17.992627">
				<ele>159.000000</ele>
			</trkpt>
			<trkpt lat="50.738829" lon="17.992744">
				<ele>159.000000</ele>
			</trkpt>
			<trkpt lat="50.739198" lon="17.992824">
				<ele>159.000000</ele>
			</trkpt>
			<trkpt lat="50.739813" lon="17.993057">
				<ele>159.000000</ele>
			</trkpt>
			<trkpt lat="50.740148" lon="17.993255">
				<ele>159.000000</ele>
			</trkpt>
			<trkpt lat="50.740546" lon="17.993407">
				<ele>160.000000</ele>
			</trkpt>
			<trkpt lat="50.740910" lon="17.993560">
				<ele>160.000000</ele>
			</trkpt>
			<trkpt lat="50.741228" lon="17.993650">
				<ele>160.000000</ele>
			</trkpt>
			<trkpt lat="50.741462" lon="17.993669">
				<ele>160.000000</ele>
			</trkpt>
			<trkpt lat="50.741552" lon="17.993633">
				<ele>160.000000</ele>
			</trkpt>
			<trkpt lat="50.741779" lon="17.993543">
				<ele>160.000000</ele>
			</trkpt>
			<trkpt lat="50.741910" lon="17.993533">
				<ele>159.000000</ele>
			</trkpt>
			<trkpt lat="50.742013" lon="17.993533">
				<ele>159.000000</ele>
			</trkpt>
			<trkpt lat="50.742143" lon="17.993579">
				<ele>159.000000</ele>
			</trkpt>
			<trkpt lat="50.742297" lon="17.993696">
				<ele>159.000000</ele>
			</trkpt>
			<trkpt lat="50.742467" lon="17.993875">
				<ele>159.000000</ele>
			</trkpt>
			<trkpt lat="50.742553" lon="17.993938">
				<ele>159.000000</ele>
			</trkpt>
			<trkpt lat="50.742632" lon="17.993973">
				<ele>159.000000</ele>
			</trkpt>
			<trkpt lat="50.742729" lon="17.993956">
				<ele>158.000000</ele>
			</trkpt>
			<trkpt lat="50.742860" lon="17.993849">
				<ele>158.000000</ele>
			</trkpt>
			<trkpt lat="50.742933" lon="17.993767">
				<ele>158.000000</ele>
			</trkpt>
			<trkpt lat="50.742985" lon="17.993686">
				<ele>158.000000</ele>
			</trkpt>
			<trkpt lat="50.743007" lon="17.993947">
				<ele>158.000000</ele>
			</trkpt>
			<trkpt lat="50.743013" lon="17.994019">
				<ele>158.000000</ele>
			</trkpt>
			<trkpt lat="50.743013" lon="17.994019">
				<ele>158.000000</ele>
			</trkpt>
			<trkpt lat="50.743007" lon="17.993947">
				<ele>158.000000</ele>
			</trkpt>
			<trkpt lat="50.742985" lon="17.993686">
				<ele>158.000000</ele>
			</trkpt>
			<trkpt lat="50.742917" lon="17.993264">
				<ele>158.000000</ele>
			</trkpt>
			<trkpt lat="50.742825" lon="17.992725">
				<ele>158.000000</ele>
			</trkpt>
			<trkpt lat="50.742820" lon="17.992608">
				<ele>159.000000</ele>
			</trkpt>
			<trkpt lat="50.742837" lon="17.992474">
				<ele>159.000000</ele>
			</trkpt>
			<trkpt lat="50.742876" lon="17.992294">
				<ele>159.000000</ele>
			</trkpt>
			<trkpt lat="50.742888" lon="17.992141">
				<ele>159.000000</ele>
			</trkpt>
			<trkpt lat="50.742866" lon="17.991899">
				<ele>160.000000</ele>
			</trkpt>
			<trkpt lat="50.742791" lon="17.991602">
				<ele>160.000000</ele>
			</trkpt>
			<trkpt lat="50.742735" lon="17.991413">
				<ele>159.000000</ele>
			</trkpt>
			<trkpt lat="50.742666" lon="17.991099">
				<ele>159.000000</ele>
			</trkpt>
			<trkpt lat="50.742507" lon="17.990048">
				<ele>159.000000</ele>
			</trkpt>
			<trkpt lat="50.742536" lon="17.989949">
				<ele>159.000000</ele>
			</trkpt>
			<trkpt lat="50.742570" lon="17.989887">
				<ele>159.000000</ele>
			</trkpt>
			<trkpt lat="50.742632" lon="17.989851">
				<ele>158.000000</ele>
			</trkpt>
			<trkpt lat="50.742735" lon="17.989895">
				<ele>158.000000</ele>
			</trkpt>
			<trkpt lat="50.742962" lon="17.990057">
				<ele>158.000000</ele>
			</trkpt>
			<trkpt lat="50.743059" lon="17.990102">
				<ele>158.000000</ele>
			</trkpt>
			<trkpt lat="50.743133" lon="17.990111">
				<ele>158.000000</ele>
			</trkpt>
			<trkpt lat="50.743178" lon="17.990111">
				<ele>158.000000</ele>
			</trkpt>
			<trkpt lat="50.743247" lon="17.990094">
				<ele>158.000000</ele>
			</trkpt>
			<trkpt lat="50.743337" lon="17.990039">
				<ele>158.000000</ele>
			</trkpt>
			<trkpt lat="50.743451" lon="17.989949">
				<ele>158.000000</ele>
			</trkpt>
			<trkpt lat="50.743883" lon="17.989518">
				<ele>156.000000</ele>
			</trkpt>
			<trkpt lat="50.743968" lon="17.989446">
				<ele>158.000000</ele>
			</trkpt>
			<trkpt lat="50.744019" lon="17.989419">
				<ele>158.000000</ele>
			</trkpt>
			<trkpt lat="50.744559" lon="17.989222">
				<ele>158.000000</ele>
			</trkpt>
			<trkpt lat="50.744679" lon="17.989249">
				<ele>158.000000</ele>
			</trkpt>
			<trkpt lat="50.744741" lon="17.989375">
				<ele>158.000000</ele>
			</trkpt>
			<trkpt lat="50.745429" lon="17.991530">
				<ele>158.000000</ele>
			</trkpt>
			<trkpt lat="50.745707" lon="17.992105">
				<ele>158.000000</ele>
			</trkpt>
			<trkpt lat="50.745975" lon="17.992572">
				<ele>158.000000</ele>
			</trkpt>
			<trkpt lat="50.746458" lon="17.993103">
				<ele>159.000000</ele>
			</trkpt>
			<trkpt lat="50.747077" lon="17.993633">
				<ele>160.000000</ele>
			</trkpt>
			<trkpt lat="50.747322" lon="17.993776">
				<ele>160.000000</ele>
			</trkpt>
			<trkpt lat="50.748430" lon="17.994046">
				<ele>162.000000</ele>
			</trkpt>
			<trkpt lat="50.748601" lon="17.994055">
				<ele>162.000000</ele>
			</trkpt>
			<trkpt lat="50.749391" lon="17.994063">
				<ele>163.000000</ele>
			</trkpt>
			<trkpt lat="50.750880" lon="17.994342">
				<ele>164.000000</ele>
			</trkpt>
			<trkpt lat="50.751772" lon="17.994539">
				<ele>164.000000</ele>
			</trkpt>
			<trkpt lat="50.752341" lon="17.994656">
				<ele>165.000000</ele>
			</trkpt>
			<trkpt lat="50.752915" lon="17.994684">
				<ele>166.000000</ele>
			</trkpt>
			<trkpt lat="50.753750" lon="17.994828">
				<ele>166.000000</ele>
			</trkpt>
			<trkpt lat="50.754193" lon="17.994998">
				<ele>167.000000</ele>
			</trkpt>
			<trkpt lat="50.754415" lon="17.995105">
				<ele>167.000000</ele>
			</trkpt>
			<trkpt lat="50.755512" lon="17.995761">
				<ele>167.000000</ele>
			</trkpt>
			<trkpt lat="50.756092" lon="17.996076">
				<ele>167.000000</ele>
			</trkpt>
			<trkpt lat="50.756495" lon="17.996273">
				<ele>167.000000</ele>
			</trkpt>
			<trkpt lat="50.756989" lon="17.996588">
				<ele>167.000000</ele>
			</trkpt>
			<trkpt lat="50.757449" lon="17.996866">
				<ele>167.000000</ele>
			</trkpt>
			<trkpt lat="50.757626" lon="17.996929">
				<ele>167.000000</ele>
			</trkpt>
			<trkpt lat="50.757814" lon="17.996947">
				<ele>167.000000</ele>
			</trkpt>
			<trkpt lat="50.758450" lon="17.996956">
				<ele>167.000000</ele>
			</trkpt>
			<trkpt lat="50.759155" lon="17.996902">
				<ele>167.000000</ele>
			</trkpt>
			<trkpt lat="50.762473" lon="17.996866">
				<ele>170.000000</ele>
			</trkpt>
			<trkpt lat="50.762723" lon="17.996912">
				<ele>170.000000</ele>
			</trkpt>
			<trkpt lat="50.762763" lon="17.997073">
				<ele>170.000000</ele>
			</trkpt>
			<trkpt lat="50.762763" lon="17.997073">
				<ele>170.000000</ele>
			</trkpt>
			<trkpt lat="50.763388" lon="17.999562">
				<ele>171.000000</ele>
			</trkpt>
			<trkpt lat="50.763848" lon="18.002499">
				<ele>169.000000</ele>
			</trkpt>
			<trkpt lat="50.764138" lon="18.004413">
				<ele>169.000000</ele>
			</trkpt>
			<trkpt lat="50.764138" lon="18.004413">
				<ele>169.000000</ele>
			</trkpt>
			<trkpt lat="50.764962" lon="18.009910">
				<ele>170.000000</ele>
			</trkpt>
			<trkpt lat="50.764911" lon="18.009937">
				<ele>170.000000</ele>
			</trkpt>
			<trkpt lat="50.764911" lon="18.009937">
				<ele>170.000000</ele>
			</trkpt>
			<trkpt lat="50.764962" lon="18.009910">
				<ele>170.000000</ele>
			</trkpt>
			<trkpt lat="50.766342" lon="18.009245">
				<ele>170.000000</ele>
			</trkpt>
			<trkpt lat="50.766899" lon="18.008967">
				<ele>170.000000</ele>
			</trkpt>
			<trkpt lat="50.767059" lon="18.008841">
				<ele>170.000000</ele>
			</trkpt>
			<trkpt lat="50.767427" lon="18.008292">
				<ele>170.000000</ele>
			</trkpt>
			<trkpt lat="50.767888" lon="18.007575">
				<ele>170.000000</ele>
			</trkpt>
			<trkpt lat="50.768263" lon="18.007063">
				<ele>170.000000</ele>
			</trkpt>
			<trkpt lat="50.768706" lon="18.006470">
				<ele>170.000000</ele>
			</trkpt>
			<trkpt lat="50.768888" lon="18.006263">
				<ele>170.000000</ele>
			</trkpt>
			<trkpt lat="50.769030" lon="18.006118">
				<ele>170.000000</ele>
			</trkpt>
			<trkpt lat="50.769899" lon="18.005544">
				<ele>171.000000</ele>
			</trkpt>
			<trkpt lat="50.770149" lon="18.005374">
				<ele>171.000000</ele>
			</trkpt>
			<trkpt lat="50.770876" lon="18.004789">
				<ele>171.000000</ele>
			</trkpt>
			<trkpt lat="50.771098" lon="18.004583">
				<ele>171.000000</ele>
			</trkpt>
			<trkpt lat="50.771239" lon="18.004449">
				<ele>171.000000</ele>
			</trkpt>
			<trkpt lat="50.771388" lon="18.004286">
				<ele>171.000000</ele>
			</trkpt>
			<trkpt lat="50.771859" lon="18.003684">
				<ele>171.000000</ele>
			</trkpt>
			<trkpt lat="50.772450" lon="18.002965">
				<ele>172.000000</ele>
			</trkpt>
			<trkpt lat="50.773376" lon="18.002023">
				<ele>173.000000</ele>
			</trkpt>
			<trkpt lat="50.773865" lon="18.001573">
				<ele>173.000000</ele>
			</trkpt>
			<trkpt lat="50.774307" lon="18.001197">
				<ele>172.000000</ele>
			</trkpt>
			<trkpt lat="50.774478" lon="18.001116">
				<ele>172.000000</ele>
			</trkpt>
			<trkpt lat="50.774557" lon="18.001053">
				<ele>172.000000</ele>
			</trkpt>
			<trkpt lat="50.774665" lon="18.001017">
				<ele>172.000000</ele>
			</trkpt>
			<trkpt lat="50.774734" lon="18.000998">
				<ele>172.000000</ele>
			</trkpt>
			<trkpt lat="50.774881" lon="18.000990">
				<ele>171.000000</ele>
			</trkpt>
			<trkpt lat="50.775188" lon="18.000981">
				<ele>171.000000</ele>
			</trkpt>
			<trkpt lat="50.775693" lon="18.000981">
				<ele>171.000000</ele>
			</trkpt>
			<trkpt lat="50.776165" lon="18.000990">
				<ele>171.000000</ele>
			</trkpt>
			<trkpt lat="50.776187" lon="18.000990">
				<ele>171.000000</ele>
			</trkpt>
			<trkpt lat="50.776187" lon="18.000990">
				<ele>171.000000</ele>
			</trkpt>
			<trkpt lat="50.776398" lon="18.000998">
				<ele>171.000000</ele>
			</trkpt>
			<trkpt lat="50.776529" lon="18.000990">
				<ele>171.000000</ele>
			</trkpt>
			<trkpt lat="50.776619" lon="18.000971">
				<ele>171.000000</ele>
			</trkpt>
			<trkpt lat="50.776704" lon="18.000944">
				<ele>171.000000</ele>
			</trkpt>
			<trkpt lat="50.776824" lon="18.000891">
				<ele>170.000000</ele>
			</trkpt>
			<trkpt lat="50.776920" lon="18.000837">
				<ele>170.000000</ele>
			</trkpt>
			<trkpt lat="50.777176" lon="18.000657">
				<ele>170.000000</ele>
			</trkpt>
			<trkpt lat="50.777642" lon="18.000315">
				<ele>170.000000</ele>
			</trkpt>
			<trkpt lat="50.778034" lon="18.000065">
				<ele>170.000000</ele>
			</trkpt>
			<trkpt lat="50.778204" lon="17.999939">
				<ele>170.000000</ele>
			</trkpt>
			<trkpt lat="50.778392" lon="17.999652">
				<ele>170.000000</ele>
			</trkpt>
			<trkpt lat="50.778432" lon="17.999597">
				<ele>170.000000</ele>
			</trkpt>
			<trkpt lat="50.778465" lon="17.999508">
				<ele>170.000000</ele>
			</trkpt>
			<trkpt lat="50.778494" lon="17.999346">
				<ele>170.000000</ele>
			</trkpt>
			<trkpt lat="50.778528" lon="17.999049">
				<ele>170.000000</ele>
			</trkpt>
			<trkpt lat="50.778540" lon="17.998906">
				<ele>170.000000</ele>
			</trkpt>
			<trkpt lat="50.778630" lon="17.998258">
				<ele>170.000000</ele>
			</trkpt>
			<trkpt lat="50.778670" lon="17.997971">
				<ele>170.000000</ele>
			</trkpt>
			<trkpt lat="50.778607" lon="17.997954">
				<ele>170.000000</ele>
			</trkpt>
			<trkpt lat="50.778642" lon="17.997576">
				<ele>170.000000</ele>
			</trkpt>
			<trkpt lat="50.778687" lon="17.996300">
				<ele>170.000000</ele>
			</trkpt>
			<trkpt lat="50.778710" lon="17.995994">
				<ele>170.000000</ele>
			</trkpt>
			<trkpt lat="50.778772" lon="17.994881">
				<ele>170.000000</ele>
			</trkpt>
			<trkpt lat="50.778801" lon="17.994539">
				<ele>170.000000</ele>
			</trkpt>
			<trkpt lat="50.778818" lon="17.994172">
				<ele>170.000000</ele>
			</trkpt>
			<trkpt lat="50.778818" lon="17.993812">
				<ele>170.000000</ele>
			</trkpt>
			<trkpt lat="50.778801" lon="17.993004">
				<ele>170.000000</ele>
			</trkpt>
			<trkpt lat="50.778766" lon="17.992105">
				<ele>170.000000</ele>
			</trkpt>
			<trkpt lat="50.778750" lon="17.991765">
				<ele>170.000000</ele>
			</trkpt>
			<trkpt lat="50.778715" lon="17.990820">
				<ele>170.000000</ele>
			</trkpt>
			<trkpt lat="50.778715" lon="17.990560">
				<ele>170.000000</ele>
			</trkpt>
			<trkpt lat="50.778721" lon="17.990354">
				<ele>169.000000</ele>
			</trkpt>
			<trkpt lat="50.778733" lon="17.990174">
				<ele>169.000000</ele>
			</trkpt>
			<trkpt lat="50.778772" lon="17.989914">
				<ele>169.000000</ele>
			</trkpt>
			<trkpt lat="50.778852" lon="17.989465">
				<ele>169.000000</ele>
			</trkpt>
			<trkpt lat="50.779181" lon="17.987587">
				<ele>169.000000</ele>
			</trkpt>
			<trkpt lat="50.779261" lon="17.987111">
				<ele>169.000000</ele>
			</trkpt>
			<trkpt lat="50.779380" lon="17.986465">
				<ele>169.000000</ele>
			</trkpt>
			<trkpt lat="50.779460" lon="17.986050">
				<ele>169.000000</ele>
			</trkpt>
			<trkpt lat="50.779539" lon="17.985709">
				<ele>168.000000</ele>
			</trkpt>
			<trkpt lat="50.779670" lon="17.985125">
				<ele>168.000000</ele>
			</trkpt>
			<trkpt lat="50.779851" lon="17.984388">
				<ele>168.000000</ele>
			</trkpt>
			<trkpt lat="50.779892" lon="17.984146">
				<ele>168.000000</ele>
			</trkpt>
			<trkpt lat="50.779920" lon="17.983859">
				<ele>168.000000</ele>
			</trkpt>
			<trkpt lat="50.779948" lon="17.983562">
				<ele>168.000000</ele>
			</trkpt>
			<trkpt lat="50.779971" lon="17.983006">
				<ele>168.000000</ele>
			</trkpt>
			<trkpt lat="50.779982" lon="17.982664">
				<ele>168.000000</ele>
			</trkpt>
			<trkpt lat="50.779999" lon="17.981865">
				<ele>167.000000</ele>
			</trkpt>
			<trkpt lat="50.780010" lon="17.981532">
				<ele>167.000000</ele>
			</trkpt>
			<trkpt lat="50.780033" lon="17.981379">
				<ele>167.000000</ele>
			</trkpt>
			<trkpt lat="50.780044" lon="17.981289">
				<ele>167.000000</ele>
			</trkpt>
			<trkpt lat="50.780124" lon="17.981056">
				<ele>167.000000</ele>
			</trkpt>
			<trkpt lat="50.780272" lon="17.980589">
				<ele>167.000000</ele>
			</trkpt>
			<trkpt lat="50.780471" lon="17.979987">
				<ele>167.000000</ele>
			</trkpt>
			<trkpt lat="50.780607" lon="17.979565">
				<ele>167.000000</ele>
			</trkpt>
			<trkpt lat="50.780919" lon="17.978792">
				<ele>167.000000</ele>
			</trkpt>
			<trkpt lat="50.781277" lon="17.977885">
				<ele>167.000000</ele>
			</trkpt>
			<trkpt lat="50.781510" lon="17.977193">
				<ele>167.000000</ele>
			</trkpt>
			<trkpt lat="50.781584" lon="17.976897">
				<ele>167.000000</ele>
			</trkpt>
			<trkpt lat="50.781589" lon="17.976771">
				<ele>167.000000</ele>
			</trkpt>
			<trkpt lat="50.781555" lon="17.976241">
				<ele>166.000000</ele>
			</trkpt>
			<trkpt lat="50.781499" lon="17.975738">
				<ele>166.000000</ele>
			</trkpt>
			<trkpt lat="50.781607" lon="17.975657">
				<ele>166.000000</ele>
			</trkpt>
			<trkpt lat="50.782345" lon="17.975496">
				<ele>166.000000</ele>
			</trkpt>
			<trkpt lat="50.782669" lon="17.975433">
				<ele>166.000000</ele>
			</trkpt>
			<trkpt lat="50.782731" lon="17.975406">
				<ele>166.000000</ele>
			</trkpt>
			<trkpt lat="50.783180" lon="17.975226">
				<ele>167.000000</ele>
			</trkpt>
			<trkpt lat="50.783282" lon="17.975172">
				<ele>166.000000</ele>
			</trkpt>
			<trkpt lat="50.783311" lon="17.975010">
				<ele>167.000000</ele>
			</trkpt>
			<trkpt lat="50.783396" lon="17.974733">
				<ele>167.000000</ele>
			</trkpt>
			<trkpt lat="50.783623" lon="17.974373">
				<ele>167.000000</ele>
			</trkpt>
			<trkpt lat="50.783679" lon="17.974184">
				<ele>167.000000</ele>
			</trkpt>
			<trkpt lat="50.783861" lon="17.970572">
				<ele>166.000000</ele>
			</trkpt>
			<trkpt lat="50.783879" lon="17.970232">
				<ele>166.000000</ele>
			</trkpt>
			<trkpt lat="50.783895" lon="17.970043">
				<ele>166.000000</ele>
			</trkpt>
			<trkpt lat="50.784157" lon="17.965767">
				<ele>166.000000</ele>
			</trkpt>
			<trkpt lat="50.784333" lon="17.962282">
				<ele>166.000000</ele>
			</trkpt>
			<trkpt lat="50.784384" lon="17.961275">
				<ele>166.000000</ele>
			</trkpt>
			<trkpt lat="50.784498" lon="17.959245">
				<ele>167.000000</ele>
			</trkpt>
			<trkpt lat="50.784532" lon="17.958590">
				<ele>166.000000</ele>
			</trkpt>
			<trkpt lat="50.784611" lon="17.957098">
				<ele>166.000000</ele>
			</trkpt>
			<trkpt lat="50.784645" lon="17.956460">
				<ele>167.000000</ele>
			</trkpt>
			<trkpt lat="50.784645" lon="17.956460">
				<ele>167.000000</ele>
			</trkpt>
			<trkpt lat="50.784725" lon="17.955059">
				<ele>168.000000</ele>
			</trkpt>
			<trkpt lat="50.784935" lon="17.951412">
				<ele>166.000000</ele>
			</trkpt>
			<trkpt lat="50.784935" lon="17.951366">
				<ele>166.000000</ele>
			</trkpt>
			<trkpt lat="50.785088" lon="17.948114">
				<ele>166.000000</ele>
			</trkpt>
			<trkpt lat="50.785156" lon="17.947162">
				<ele>167.000000</ele>
			</trkpt>
			<trkpt lat="50.785383" lon="17.942869">
				<ele>165.000000</ele>
			</trkpt>
			<trkpt lat="50.785514" lon="17.940390">
				<ele>166.000000</ele>
			</trkpt>
			<trkpt lat="50.785565" lon="17.939554">
				<ele>165.000000</ele>
			</trkpt>
			<trkpt lat="50.785247" lon="17.938871">
				<ele>165.000000</ele>
			</trkpt>
			<trkpt lat="50.785077" lon="17.938529">
				<ele>165.000000</ele>
			</trkpt>
			<trkpt lat="50.784815" lon="17.938009">
				<ele>165.000000</ele>
			</trkpt>
			<trkpt lat="50.784776" lon="17.937883">
				<ele>165.000000</ele>
			</trkpt>
			<trkpt lat="50.784566" lon="17.936212">
				<ele>166.000000</ele>
			</trkpt>
			<trkpt lat="50.784299" lon="17.934029">
				<ele>165.000000</ele>
			</trkpt>
			<trkpt lat="50.784242" lon="17.933751">
				<ele>165.000000</ele>
			</trkpt>
			<trkpt lat="50.784219" lon="17.933634">
				<ele>165.000000</ele>
			</trkpt>
			<trkpt lat="50.784213" lon="17.933571">
				<ele>165.000000</ele>
			</trkpt>
			<trkpt lat="50.784219" lon="17.933455">
				<ele>165.000000</ele>
			</trkpt>
			<trkpt lat="50.784157" lon="17.933436">
				<ele>165.000000</ele>
			</trkpt>
			<trkpt lat="50.783890" lon="17.933401">
				<ele>165.000000</ele>
			</trkpt>
			<trkpt lat="50.783572" lon="17.933329">
				<ele>165.000000</ele>
			</trkpt>
			<trkpt lat="50.782635" lon="17.933193">
				<ele>165.000000</ele>
			</trkpt>
			<trkpt lat="50.782799" lon="17.932889">
				<ele>165.000000</ele>
			</trkpt>
			<trkpt lat="50.783077" lon="17.932610">
				<ele>165.000000</ele>
			</trkpt>
			<trkpt lat="50.783475" lon="17.932026">
				<ele>165.000000</ele>
			</trkpt>
			<trkpt lat="50.783612" lon="17.931900">
				<ele>165.000000</ele>
			</trkpt>
			<trkpt lat="50.783691" lon="17.931730">
				<ele>166.000000</ele>
			</trkpt>
			<trkpt lat="50.784555" lon="17.928881">
				<ele>165.000000</ele>
			</trkpt>
			<trkpt lat="50.784674" lon="17.928478">
				<ele>164.000000</ele>
			</trkpt>
			<trkpt lat="50.784861" lon="17.927858">
				<ele>164.000000</ele>
			</trkpt>
			<trkpt lat="50.784929" lon="17.927463">
				<ele>164.000000</ele>
			</trkpt>
			<trkpt lat="50.784935" lon="17.926663">
				<ele>164.000000</ele>
			</trkpt>
			<trkpt lat="50.784974" lon="17.926268">
				<ele>164.000000</ele>
			</trkpt>
			<trkpt lat="50.785059" lon="17.924606">
				<ele>164.000000</ele>
			</trkpt>
			<trkpt lat="50.785088" lon="17.924426">
				<ele>164.000000</ele>
			</trkpt>
			<trkpt lat="50.785173" lon="17.924256">
				<ele>164.000000</ele>
			</trkpt>
			<trkpt lat="50.785242" lon="17.924193">
				<ele>164.000000</ele>
			</trkpt>
			<trkpt lat="50.785491" lon="17.923986">
				<ele>164.000000</ele>
			</trkpt>
			<trkpt lat="50.785576" lon="17.923878">
				<ele>164.000000</ele>
			</trkpt>
			<trkpt lat="50.785832" lon="17.923591">
				<ele>164.000000</ele>
			</trkpt>
			<trkpt lat="50.788837" lon="17.920025">
				<ele>164.000000</ele>
			</trkpt>
			<trkpt lat="50.788910" lon="17.920006">
				<ele>164.000000</ele>
			</trkpt>
			<trkpt lat="50.789053" lon="17.918605">
				<ele>164.000000</ele>
			</trkpt>
			<trkpt lat="50.789126" lon="17.918354">
				<ele>164.000000</ele>
			</trkpt>
			<trkpt lat="50.789291" lon="17.918021">
				<ele>164.000000</ele>
			</trkpt>
			<trkpt lat="50.789251" lon="17.918057">
				<ele>164.000000</ele>
			</trkpt>
			<trkpt lat="50.789251" lon="17.918057">
				<ele>164.000000</ele>
			</trkpt>
			<trkpt lat="50.789291" lon="17.918021">
				<ele>164.000000</ele>
			</trkpt>
			<trkpt lat="50.787888" lon="17.915021">
				<ele>163.000000</ele>
			</trkpt>
			<trkpt lat="50.786383" lon="17.911786">
				<ele>162.000000</ele>
			</trkpt>
			<trkpt lat="50.784872" lon="17.908507">
				<ele>162.000000</ele>
			</trkpt>
			<trkpt lat="50.784833" lon="17.908553">
				<ele>162.000000</ele>
			</trkpt>
			<trkpt lat="50.784833" lon="17.908553">
				<ele>162.000000</ele>
			</trkpt>
			<trkpt lat="50.780959" lon="17.913071">
				<ele>162.000000</ele>
			</trkpt>
			<trkpt lat="50.779312" lon="17.915029">
				<ele>162.000000</ele>
			</trkpt>
			<trkpt lat="50.777216" lon="17.917473">
				<ele>162.000000</ele>
			</trkpt>
			<trkpt lat="50.774660" lon="17.920455">
				<ele>162.000000</ele>
			</trkpt>
			<trkpt lat="50.772245" lon="17.923285">
				<ele>161.000000</ele>
			</trkpt>
			<trkpt lat="50.772171" lon="17.923375">
				<ele>161.000000</ele>
			</trkpt>
			<trkpt lat="50.772171" lon="17.923375">
				<ele>161.000000</ele>
			</trkpt>
			<trkpt lat="50.772245" lon="17.923285">
				<ele>161.000000</ele>
			</trkpt>
			<trkpt lat="50.770478" lon="17.919503">
				<ele>160.000000</ele>
			</trkpt>
			<trkpt lat="50.769626" lon="17.917797">
				<ele>159.000000</ele>
			</trkpt>
			<trkpt lat="50.769371" lon="17.917276">
				<ele>159.000000</ele>
			</trkpt>
			<trkpt lat="50.768967" lon="17.916440">
				<ele>158.000000</ele>
			</trkpt>
			<trkpt lat="50.768729" lon="17.915947">
				<ele>158.000000</ele>
			</trkpt>
			<trkpt lat="50.768569" lon="17.915605">
				<ele>158.000000</ele>
			</trkpt>
			<trkpt lat="50.768286" lon="17.914922">
				<ele>159.000000</ele>
			</trkpt>
			<trkpt lat="50.768104" lon="17.914526">
				<ele>159.000000</ele>
			</trkpt>
			<trkpt lat="50.767325" lon="17.913457">
				<ele>157.000000</ele>
			</trkpt>
			<trkpt lat="50.767382" lon="17.912712">
				<ele>157.000000</ele>
			</trkpt>
			<trkpt lat="50.767394" lon="17.912352">
				<ele>157.000000</ele>
			</trkpt>
			<trkpt lat="50.767394" lon="17.911922">
				<ele>157.000000</ele>
			</trkpt>
			<trkpt lat="50.767382" lon="17.911589">
				<ele>157.000000</ele>
			</trkpt>
			<trkpt lat="50.767360" lon="17.911329">
				<ele>157.000000</ele>
			</trkpt>
			<trkpt lat="50.767325" lon="17.911149">
				<ele>157.000000</ele>
			</trkpt>
			<trkpt lat="50.767314" lon="17.911113">
				<ele>157.000000</ele>
			</trkpt>
			<trkpt lat="50.767246" lon="17.910916">
				<ele>157.000000</ele>
			</trkpt>
			<trkpt lat="50.766933" lon="17.910178">
				<ele>156.000000</ele>
			</trkpt>
			<trkpt lat="50.766871" lon="17.909964">
				<ele>156.000000</ele>
			</trkpt>
			<trkpt lat="50.766837" lon="17.909765">
				<ele>156.000000</ele>
			</trkpt>
			<trkpt lat="50.766751" lon="17.908679">
				<ele>156.000000</ele>
			</trkpt>
			<trkpt lat="50.763467" lon="17.908383">
				<ele>155.000000</ele>
			</trkpt>
			<trkpt lat="50.762206" lon="17.908257">
				<ele>154.000000</ele>
			</trkpt>
			<trkpt lat="50.759456" lon="17.907996">
				<ele>153.000000</ele>
			</trkpt>
			<trkpt lat="50.757859" lon="17.907852">
				<ele>153.000000</ele>
			</trkpt>
			<trkpt lat="50.757677" lon="17.907825">
				<ele>153.000000</ele>
			</trkpt>
			<trkpt lat="50.757552" lon="17.907790">
				<ele>153.000000</ele>
			</trkpt>
			<trkpt lat="50.757285" lon="17.907583">
				<ele>153.000000</ele>
			</trkpt>
			<trkpt lat="50.757228" lon="17.907547">
				<ele>153.000000</ele>
			</trkpt>
			<trkpt lat="50.757165" lon="17.907574">
				<ele>153.000000</ele>
			</trkpt>
			<trkpt lat="50.757114" lon="17.907645">
				<ele>153.000000</ele>
			</trkpt>
			<trkpt lat="50.757091" lon="17.907673">
				<ele>153.000000</ele>
			</trkpt>
			<trkpt lat="50.757012" lon="17.907754">
				<ele>153.000000</ele>
			</trkpt>
			<trkpt lat="50.756961" lon="17.907781">
				<ele>152.000000</ele>
			</trkpt>
			<trkpt lat="50.756870" lon="17.907771">
				<ele>153.000000</ele>
			</trkpt>
			<trkpt lat="50.756574" lon="17.907735">
				<ele>153.000000</ele>
			</trkpt>
			<trkpt lat="50.754784" lon="17.907574">
				<ele>152.000000</ele>
			</trkpt>
			<trkpt lat="50.754370" lon="17.907538">
				<ele>153.000000</ele>
			</trkpt>
			<trkpt lat="50.754120" lon="17.907494">
				<ele>153.000000</ele>
			</trkpt>
			<trkpt lat="50.754023" lon="17.907465">
				<ele>153.000000</ele>
			</trkpt>
			<trkpt lat="50.753966" lon="17.907457">
				<ele>153.000000</ele>
			</trkpt>
			<trkpt lat="50.752630" lon="17.907358">
				<ele>153.000000</ele>
			</trkpt>
			<trkpt lat="50.752585" lon="17.907349">
				<ele>153.000000</ele>
			</trkpt>
			<trkpt lat="50.752585" lon="17.907349">
				<ele>153.000000</ele>
			</trkpt>
			<trkpt lat="50.750317" lon="17.907107">
				<ele>153.000000</ele>
			</trkpt>
			<trkpt lat="50.749988" lon="17.907089">
				<ele>153.000000</ele>
			</trkpt>
			<trkpt lat="50.749874" lon="17.907079">
				<ele>153.000000</ele>
			</trkpt>
			<trkpt lat="50.749817" lon="17.907052">
				<ele>153.000000</ele>
			</trkpt>
			<trkpt lat="50.749857" lon="17.907197">
				<ele>153.000000</ele>
			</trkpt>
			<trkpt lat="50.749919" lon="17.907431">
				<ele>153.000000</ele>
			</trkpt>
			<trkpt lat="50.749942" lon="17.907583">
				<ele>153.000000</ele>
			</trkpt>
			<trkpt lat="50.749953" lon="17.907825">
				<ele>153.000000</ele>
			</trkpt>
			<trkpt lat="50.749965" lon="17.908050">
				<ele>153.000000</ele>
			</trkpt>
			<trkpt lat="50.749908" lon="17.908337">
				<ele>153.000000</ele>
			</trkpt>
			<trkpt lat="50.749646" lon="17.909002">
				<ele>153.000000</ele>
			</trkpt>
			<trkpt lat="50.749442" lon="17.909541">
				<ele>153.000000</ele>
			</trkpt>
			<trkpt lat="50.749379" lon="17.909802">
				<ele>153.000000</ele>
			</trkpt>
			<trkpt lat="50.749368" lon="17.910008">
				<ele>153.000000</ele>
			</trkpt>
			<trkpt lat="50.749340" lon="17.910331">
				<ele>153.000000</ele>
			</trkpt>
			<trkpt lat="50.749294" lon="17.910592">
				<ele>153.000000</ele>
			</trkpt>
			<trkpt lat="50.749010" lon="17.911580">
				<ele>153.000000</ele>
			</trkpt>
			<trkpt lat="50.748032" lon="17.911526">
				<ele>153.000000</ele>
			</trkpt>
			<trkpt lat="50.747265" lon="17.911446">
				<ele>153.000000</ele>
			</trkpt>
			<trkpt lat="50.745736" lon="17.911293">
				<ele>153.000000</ele>
			</trkpt>
			<trkpt lat="50.745673" lon="17.912551">
				<ele>152.000000</ele>
			</trkpt>
			<trkpt lat="50.745645" lon="17.913144">
				<ele>153.000000</ele>
			</trkpt>
			<trkpt lat="50.745606" lon="17.914239">
				<ele>154.000000</ele>
			</trkpt>
			<trkpt lat="50.745389" lon="17.920195">
				<ele>153.000000</ele>
			</trkpt>
			<trkpt lat="50.745173" lon="17.926285">
				<ele>154.000000</ele>
			</trkpt>
			<trkpt lat="50.744975" lon="17.931864">
				<ele>155.000000</ele>
			</trkpt>
			<trkpt lat="50.744975" lon="17.931937">
				<ele>155.000000</ele>
			</trkpt>
			<trkpt lat="50.744975" lon="17.931937">
				<ele>155.000000</ele>
			</trkpt>
			<trkpt lat="50.744787" lon="17.937514">
				<ele>155.000000</ele>
			</trkpt>
			<trkpt lat="50.744605" lon="17.942887">
				<ele>156.000000</ele>
			</trkpt>
			<trkpt lat="50.744400" lon="17.948196">
				<ele>156.000000</ele>
			</trkpt>
			<trkpt lat="50.744236" lon="17.953793">
				<ele>156.000000</ele>
			</trkpt>
			<trkpt lat="50.744321" lon="17.953801">
				<ele>156.000000</ele>
			</trkpt>
			<trkpt lat="50.744321" lon="17.953801">
				<ele>156.000000</ele>
			</trkpt>
			<trkpt lat="50.744236" lon="17.953793">
				<ele>156.000000</ele>
			</trkpt>
			<trkpt lat="50.744190" lon="17.954609">
				<ele>156.000000</ele>
			</trkpt>
			<trkpt lat="50.744161" lon="17.955445">
				<ele>157.000000</ele>
			</trkpt>
			<trkpt lat="50.744133" lon="17.956064">
				<ele>157.000000</ele>
			</trkpt>
			<trkpt lat="50.744105" lon="17.956217">
				<ele>157.000000</ele>
			</trkpt>
			<trkpt lat="50.744661" lon="17.956569">
				<ele>157.000000</ele>
			</trkpt>
			<trkpt lat="50.745008" lon="17.956793">
				<ele>157.000000</ele>
			</trkpt>
			<trkpt lat="50.745111" lon="17.956865">
				<ele>157.000000</ele>
			</trkpt>
			<trkpt lat="50.745162" lon="17.956927">
				<ele>157.000000</ele>
			</trkpt>
			<trkpt lat="50.745179" lon="17.957026">
				<ele>157.000000</ele>
			</trkpt>
			<trkpt lat="50.745162" lon="17.957179">
				<ele>157.000000</ele>
			</trkpt>
			<trkpt lat="50.745042" lon="17.957718">
				<ele>157.000000</ele>
			</trkpt>
			<trkpt lat="50.744895" lon="17.958347">
				<ele>157.000000</ele>
			</trkpt>
			<trkpt lat="50.744775" lon="17.958921">
				<ele>157.000000</ele>
			</trkpt>
			<trkpt lat="50.744690" lon="17.959632">
				<ele>157.000000</ele>
			</trkpt>
			<trkpt lat="50.744661" lon="17.959846">
				<ele>157.000000</ele>
			</trkpt>
			<trkpt lat="50.744622" lon="17.960053">
				<ele>157.000000</ele>
			</trkpt>
			<trkpt lat="50.744429" lon="17.960835">
				<ele>157.000000</ele>
			</trkpt>
			<trkpt lat="50.744349" lon="17.961230">
				<ele>157.000000</ele>
			</trkpt>
			<trkpt lat="50.744236" lon="17.961832">
				<ele>157.000000</ele>
			</trkpt>
			<trkpt lat="50.744179" lon="17.962056">
				<ele>157.000000</ele>
			</trkpt>
			<trkpt lat="50.744138" lon="17.962192">
				<ele>157.000000</ele>
			</trkpt>
			<trkpt lat="50.743957" lon="17.962641">
				<ele>157.000000</ele>
			</trkpt>
			<trkpt lat="50.743832" lon="17.962964">
				<ele>157.000000</ele>
			</trkpt>
			<trkpt lat="50.743741" lon="17.963207">
				<ele>157.000000</ele>
			</trkpt>
			<trkpt lat="50.743633" lon="17.963377">
				<ele>157.000000</ele>
			</trkpt>
			<trkpt lat="50.743286" lon="17.963800">
				<ele>157.000000</ele>
			</trkpt>
			<trkpt lat="50.743013" lon="17.964006">
				<ele>157.000000</ele>
			</trkpt>
			<trkpt lat="50.742866" lon="17.964043">
				<ele>157.000000</ele>
			</trkpt>
			<trkpt lat="50.742717" lon="17.964033">
				<ele>157.000000</ele>
			</trkpt>
			<trkpt lat="50.742456" lon="17.963953">
				<ele>157.000000</ele>
			</trkpt>
			<trkpt lat="50.742428" lon="17.963961">
				<ele>157.000000</ele>
			</trkpt>
			<trkpt lat="50.742405" lon="17.963917">
				<ele>157.000000</ele>
			</trkpt>
			<trkpt lat="50.742280" lon="17.963827">
				<ele>157.000000</ele>
			</trkpt>
			<trkpt lat="50.742245" lon="17.963800">
				<ele>157.000000</ele>
			</trkpt>
			<trkpt lat="50.742149" lon="17.963737">
				<ele>157.000000</ele>
			</trkpt>
			<trkpt lat="50.742007" lon="17.963683">
				<ele>157.000000</ele>
			</trkpt>
			<trkpt lat="50.741518" lon="17.963557">
				<ele>156.000000</ele>
			</trkpt>
			<trkpt lat="50.741393" lon="17.963521">
				<ele>156.000000</ele>
			</trkpt>
			<trkpt lat="50.741370" lon="17.963557">
				<ele>156.000000</ele>
			</trkpt>
			<trkpt lat="50.741342" lon="17.963638">
				<ele>157.000000</ele>
			</trkpt>
			<trkpt lat="50.741120" lon="17.963521">
				<ele>157.000000</ele>
			</trkpt>
			<trkpt lat="50.740927" lon="17.963395">
				<ele>157.000000</ele>
			</trkpt>
			<trkpt lat="50.740745" lon="17.963251">
				<ele>157.000000</ele>
			</trkpt>
			<trkpt lat="50.740535" lon="17.963035">
				<ele>157.000000</ele>
			</trkpt>
			<trkpt lat="50.740262" lon="17.962731">
				<ele>157.000000</ele>
			</trkpt>
			<trkpt lat="50.740080" lon="17.962532">
				<ele>157.000000</ele>
			</trkpt>
			<trkpt lat="50.739978" lon="17.962435">
				<ele>157.000000</ele>
			</trkpt>
			<trkpt lat="50.739858" lon="17.962317">
				<ele>157.000000</ele>
			</trkpt>
			<trkpt lat="50.739489" lon="17.961976">
				<ele>157.000000</ele>
			</trkpt>
			<trkpt lat="50.739028" lon="17.961563">
				<ele>157.000000</ele>
			</trkpt>
			<trkpt lat="50.738420" lon="17.960988">
				<ele>157.000000</ele>
			</trkpt>
			<trkpt lat="50.738175" lon="17.960764">
				<ele>157.000000</ele>
			</trkpt>
			<trkpt lat="50.737658" lon="17.960287">
				<ele>156.000000</ele>
			</trkpt>
			<trkpt lat="50.737379" lon="17.960035">
				<ele>157.000000</ele>
			</trkpt>
			<trkpt lat="50.737163" lon="17.959829">
				<ele>157.000000</ele>
			</trkpt>
			<trkpt lat="50.736811" lon="17.959532">
				<ele>157.000000</ele>
			</trkpt>
			<trkpt lat="50.736385" lon="17.959236">
				<ele>157.000000</ele>
			</trkpt>
			<trkpt lat="50.736305" lon="17.959182">
				<ele>157.000000</ele>
			</trkpt>
			<trkpt lat="50.735952" lon="17.958976">
				<ele>156.000000</ele>
			</trkpt>
			<trkpt lat="50.735793" lon="17.958913">
				<ele>156.000000</ele>
			</trkpt>
			<trkpt lat="50.735577" lon="17.958867">
				<ele>156.000000</ele>
			</trkpt>
			<trkpt lat="50.735241" lon="17.958850">
				<ele>156.000000</ele>
			</trkpt>
			<trkpt lat="50.735151" lon="17.958867">
				<ele>156.000000</ele>
			</trkpt>
			<trkpt lat="50.735043" lon="17.958894">
				<ele>155.000000</ele>
			</trkpt>
			<trkpt lat="50.734764" lon="17.958877">
				<ele>155.000000</ele>
			</trkpt>
			<trkpt lat="50.734258" lon="17.958850">
				<ele>155.000000</ele>
			</trkpt>
			<trkpt lat="50.734048" lon="17.958814">
				<ele>155.000000</ele>
			</trkpt>
			<trkpt lat="50.733718" lon="17.958670">
				<ele>155.000000</ele>
			</trkpt>
			<trkpt lat="50.733536" lon="17.958535">
				<ele>155.000000</ele>
			</trkpt>
			<trkpt lat="50.733041" lon="17.958122">
				<ele>155.000000</ele>
			</trkpt>
			<trkpt lat="50.732638" lon="17.957772">
				<ele>154.000000</ele>
			</trkpt>
			<trkpt lat="50.732410" lon="17.957582">
				<ele>155.000000</ele>
			</trkpt>
			<trkpt lat="50.732239" lon="17.957458">
				<ele>155.000000</ele>
			</trkpt>
			<trkpt lat="50.732086" lon="17.957368">
				<ele>155.000000</ele>
			</trkpt>
			<trkpt lat="50.731933" lon="17.957313">
				<ele>155.000000</ele>
			</trkpt>
			<trkpt lat="50.731751" lon="17.957295">
				<ele>156.000000</ele>
			</trkpt>
			<trkpt lat="50.731597" lon="17.957179">
				<ele>154.000000</ele>
			</trkpt>
			<trkpt lat="50.731040" lon="17.957125">
				<ele>156.000000</ele>
			</trkpt>
			<trkpt lat="50.730989" lon="17.957125">
				<ele>156.000000</ele>
			</trkpt>
			<trkpt lat="50.730841" lon="17.957161">
				<ele>155.000000</ele>
			</trkpt>
			<trkpt lat="50.730705" lon="17.957196">
				<ele>155.000000</ele>
			</trkpt>
			<trkpt lat="50.730318" lon="17.957169">
				<ele>155.000000</ele>
			</trkpt>
			<trkpt lat="50.730124" lon="17.957152">
				<ele>155.000000</ele>
			</trkpt>
			<trkpt lat="50.730028" lon="17.957206">
				<ele>155.000000</ele>
			</trkpt>
			<trkpt lat="50.729868" lon="17.957403">
				<ele>153.000000</ele>
			</trkpt>
			<trkpt lat="50.729693" lon="17.957762">
				<ele>155.000000</ele>
			</trkpt>
			<trkpt lat="50.729647" lon="17.957987">
				<ele>155.000000</ele>
			</trkpt>
			<trkpt lat="50.729658" lon="17.958320">
				<ele>156.000000</ele>
			</trkpt>
			<trkpt lat="50.729664" lon="17.958427">
				<ele>156.000000</ele>
			</trkpt>
			<trkpt lat="50.729675" lon="17.958473">
				<ele>156.000000</ele>
			</trkpt>
			<trkpt lat="50.729709" lon="17.958517">
				<ele>156.000000</ele>
			</trkpt>
			<trkpt lat="50.729738" lon="17.958590">
				<ele>156.000000</ele>
			</trkpt>
			<trkpt lat="50.729704" lon="17.958625">
				<ele>156.000000</ele>
			</trkpt>
			<trkpt lat="50.729658" lon="17.958553">
				<ele>156.000000</ele>
			</trkpt>
			<trkpt lat="50.729636" lon="17.958500">
				<ele>156.000000</ele>
			</trkpt>
			<trkpt lat="50.729595" lon="17.958427">
				<ele>156.000000</ele>
			</trkpt>
			<trkpt lat="50.729516" lon="17.958473">
				<ele>156.000000</ele>
			</trkpt>
			<trkpt lat="50.729431" lon="17.958473">
				<ele>156.000000</ele>
			</trkpt>
			<trkpt lat="50.729152" lon="17.958445">
				<ele>156.000000</ele>
			</trkpt>
			<trkpt lat="50.729010" lon="17.958437">
				<ele>156.000000</ele>
			</trkpt>
			<trkpt lat="50.728948" lon="17.958410">
				<ele>156.000000</ele>
			</trkpt>
			<trkpt lat="50.728902" lon="17.958383">
				<ele>156.000000</ele>
			</trkpt>
			<trkpt lat="50.728840" lon="17.958347">
				<ele>156.000000</ele>
			</trkpt>
			<trkpt lat="50.728765" lon="17.958248">
				<ele>156.000000</ele>
			</trkpt>
			<trkpt lat="50.728692" lon="17.958148">
				<ele>156.000000</ele>
			</trkpt>
			<trkpt lat="50.728595" lon="17.958005">
				<ele>156.000000</ele>
			</trkpt>
			<trkpt lat="50.728498" lon="17.957844">
				<ele>156.000000</ele>
			</trkpt>
			<trkpt lat="50.728396" lon="17.957637">
				<ele>156.000000</ele>
			</trkpt>
			<trkpt lat="50.728231" lon="17.957286">
				<ele>156.000000</ele>
			</trkpt>
			<trkpt lat="50.728095" lon="17.956955">
				<ele>156.000000</ele>
			</trkpt>
			<trkpt lat="50.727810" lon="17.956244">
				<ele>156.000000</ele>
			</trkpt>
			<trkpt lat="50.727770" lon="17.956146">
				<ele>156.000000</ele>
			</trkpt>
			<trkpt lat="50.727668" lon="17.955885">
				<ele>156.000000</ele>
			</trkpt>
			<trkpt lat="50.727623" lon="17.955768">
				<ele>156.000000</ele>
			</trkpt>
			<trkpt lat="50.727560" lon="17.955561">
				<ele>156.000000</ele>
			</trkpt>
			<trkpt lat="50.727384" lon="17.954961">
				<ele>156.000000</ele>
			</trkpt>
			<trkpt lat="50.727332" lon="17.954781">
				<ele>156.000000</ele>
			</trkpt>
			<trkpt lat="50.727276" lon="17.954645">
				<ele>156.000000</ele>
			</trkpt>
			<trkpt lat="50.727208" lon="17.954529">
				<ele>156.000000</ele>
			</trkpt>
			<trkpt lat="50.727111" lon="17.954403">
				<ele>156.000000</ele>
			</trkpt>
			<trkpt lat="50.726815" lon="17.954026">
				<ele>156.000000</ele>
			</trkpt>
			<trkpt lat="50.726041" lon="17.953055">
				<ele>156.000000</ele>
			</trkpt>
			<trkpt lat="50.726053" lon="17.952903">
				<ele>156.000000</ele>
			</trkpt>
			<trkpt lat="50.726036" lon="17.952759">
				<ele>156.000000</ele>
			</trkpt>
			<trkpt lat="50.725752" lon="17.951456">
				<ele>156.000000</ele>
			</trkpt>
			<trkpt lat="50.725564" lon="17.950540">
				<ele>155.000000</ele>
			</trkpt>
			<trkpt lat="50.725399" lon="17.949705">
				<ele>155.000000</ele>
			</trkpt>
			<trkpt lat="50.725376" lon="17.949615">
				<ele>155.000000</ele>
			</trkpt>
			<trkpt lat="50.725314" lon="17.949309">
				<ele>155.000000</ele>
			</trkpt>
			<trkpt lat="50.725257" lon="17.948995">
				<ele>155.000000</ele>
			</trkpt>
			<trkpt lat="50.725211" lon="17.948770">
				<ele>155.000000</ele>
			</trkpt>
			<trkpt lat="50.725035" lon="17.947944">
				<ele>155.000000</ele>
			</trkpt>
			<trkpt lat="50.724984" lon="17.947701">
				<ele>155.000000</ele>
			</trkpt>
			<trkpt lat="50.724824" lon="17.946948">
				<ele>155.000000</ele>
			</trkpt>
			<trkpt lat="50.724694" lon="17.946336">
				<ele>155.000000</ele>
			</trkpt>
			<trkpt lat="50.724597" lon="17.945869">
				<ele>155.000000</ele>
			</trkpt>
			<trkpt lat="50.724507" lon="17.945447">
				<ele>154.000000</ele>
			</trkpt>
			<trkpt lat="50.724501" lon="17.945420">
				<ele>154.000000</ele>
			</trkpt>
			<trkpt lat="50.724466" lon="17.945267">
				<ele>154.000000</ele>
			</trkpt>
			<trkpt lat="50.723989" lon="17.943040">
				<ele>155.000000</ele>
			</trkpt>
			<trkpt lat="50.723927" lon="17.942734">
				<ele>154.000000</ele>
			</trkpt>
			<trkpt lat="50.723875" lon="17.942510">
				<ele>154.000000</ele>
			</trkpt>
			<trkpt lat="50.723591" lon="17.940847">
				<ele>154.000000</ele>
			</trkpt>
			<trkpt lat="50.723483" lon="17.940407">
				<ele>154.000000</ele>
			</trkpt>
			<trkpt lat="50.723335" lon="17.939824">
				<ele>154.000000</ele>
			</trkpt>
			<trkpt lat="50.723090" lon="17.939087">
				<ele>154.000000</ele>
			</trkpt>
			<trkpt lat="50.723045" lon="17.938969">
				<ele>154.000000</ele>
			</trkpt>
			<trkpt lat="50.722556" lon="17.937803">
				<ele>154.000000</ele>
			</trkpt>
			<trkpt lat="50.722323" lon="17.937227">
				<ele>154.000000</ele>
			</trkpt>
			<trkpt lat="50.722323" lon="17.937227">
				<ele>154.000000</ele>
			</trkpt>
			<trkpt lat="50.722163" lon="17.936841">
				<ele>154.000000</ele>
			</trkpt>
			<trkpt lat="50.721993" lon="17.936499">
				<ele>154.000000</ele>
			</trkpt>
			<trkpt lat="50.721771" lon="17.936158">
				<ele>154.000000</ele>
			</trkpt>
			<trkpt lat="50.721356" lon="17.935466">
				<ele>154.000000</ele>
			</trkpt>
			<trkpt lat="50.720912" lon="17.934613">
				<ele>154.000000</ele>
			</trkpt>
			<trkpt lat="50.720679" lon="17.934119">
				<ele>154.000000</ele>
			</trkpt>
			<trkpt lat="50.720491" lon="17.933841">
				<ele>153.000000</ele>
			</trkpt>
			<trkpt lat="50.720201" lon="17.933481">
				<ele>153.000000</ele>
			</trkpt>
			<trkpt lat="50.719689" lon="17.932987">
				<ele>153.000000</ele>
			</trkpt>
			<trkpt lat="50.719155" lon="17.932394">
				<ele>153.000000</ele>
			</trkpt>
			<trkpt lat="50.719052" lon="17.932170">
				<ele>153.000000</ele>
			</trkpt>
			<trkpt lat="50.718990" lon="17.931937">
				<ele>152.000000</ele>
			</trkpt>
			<trkpt lat="50.718973" lon="17.931765">
				<ele>152.000000</ele>
			</trkpt>
			<trkpt lat="50.718938" lon="17.931442">
				<ele>152.000000</ele>
			</trkpt>
			<trkpt lat="50.718893" lon="17.931218">
				<ele>152.000000</ele>
			</trkpt>
			<trkpt lat="50.718410" lon="17.930113">
				<ele>152.000000</ele>
			</trkpt>
			<trkpt lat="50.717989" lon="17.929044">
				<ele>153.000000</ele>
			</trkpt>
			<trkpt lat="50.717943" lon="17.928900">
				<ele>153.000000</ele>
			</trkpt>
			<trkpt lat="50.717875" lon="17.928792">
				<ele>152.000000</ele>
			</trkpt>
			<trkpt lat="50.717835" lon="17.928784">
				<ele>152.000000</ele>
			</trkpt>
			<trkpt lat="50.717755" lon="17.928774">
				<ele>152.000000</ele>
			</trkpt>
			<trkpt lat="50.717721" lon="17.928765">
				<ele>152.000000</ele>
			</trkpt>
			<trkpt lat="50.717511" lon="17.928757">
				<ele>152.000000</ele>
			</trkpt>
			<trkpt lat="50.717312" lon="17.928658">
				<ele>153.000000</ele>
			</trkpt>
			<trkpt lat="50.717221" lon="17.928621">
				<ele>153.000000</ele>
			</trkpt>
			<trkpt lat="50.717147" lon="17.928648">
				<ele>153.000000</ele>
			</trkpt>
			<trkpt lat="50.717102" lon="17.928684">
				<ele>152.000000</ele>
			</trkpt>
			<trkpt lat="50.716925" lon="17.928954">
				<ele>153.000000</ele>
			</trkpt>
			<trkpt lat="50.716811" lon="17.929034">
				<ele>153.000000</ele>
			</trkpt>
			<trkpt lat="50.716396" lon="17.929080">
				<ele>153.000000</ele>
			</trkpt>
			<trkpt lat="50.715787" lon="17.929134">
				<ele>153.000000</ele>
			</trkpt>
			<trkpt lat="50.715390" lon="17.929187">
				<ele>153.000000</ele>
			</trkpt>
			<trkpt lat="50.715287" lon="17.929197">
				<ele>153.000000</ele>
			</trkpt>
			<trkpt lat="50.715191" lon="17.929233">
				<ele>153.000000</ele>
			</trkpt>
			<trkpt lat="50.715134" lon="17.929287">
				<ele>153.000000</ele>
			</trkpt>
			<trkpt lat="50.715065" lon="17.929367">
				<ele>153.000000</ele>
			</trkpt>
			<trkpt lat="50.714980" lon="17.929520">
				<ele>153.000000</ele>
			</trkpt>
			<trkpt lat="50.714923" lon="17.929627">
				<ele>153.000000</ele>
			</trkpt>
			<trkpt lat="50.714900" lon="17.929673">
				<ele>153.000000</ele>
			</trkpt>
			<trkpt lat="50.714815" lon="17.929870">
				<ele>153.000000</ele>
			</trkpt>
			<trkpt lat="50.714713" lon="17.930113">
				<ele>153.000000</ele>
			</trkpt>
			<trkpt lat="50.714616" lon="17.930329">
				<ele>153.000000</ele>
			</trkpt>
			<trkpt lat="50.714542" lon="17.930453">
				<ele>153.000000</ele>
			</trkpt>
			<trkpt lat="50.714348" lon="17.930813">
				<ele>153.000000</ele>
			</trkpt>
			<trkpt lat="50.714332" lon="17.930849">
				<ele>153.000000</ele>
			</trkpt>
			<trkpt lat="50.714201" lon="17.931109">
				<ele>153.000000</ele>
			</trkpt>
			<trkpt lat="50.714201" lon="17.931109">
				<ele>153.000000</ele>
			</trkpt>
			<trkpt lat="50.714172" lon="17.931164">
				<ele>153.000000</ele>
			</trkpt>
			<trkpt lat="50.713973" lon="17.931577">
				<ele>152.000000</ele>
			</trkpt>
			<trkpt lat="50.713814" lon="17.931883">
				<ele>153.000000</ele>
			</trkpt>
			<trkpt lat="50.713569" lon="17.932367">
				<ele>154.000000</ele>
			</trkpt>
			<trkpt lat="50.713501" lon="17.932493">
				<ele>154.000000</ele>
			</trkpt>
			<trkpt lat="50.713376" lon="17.932745">
				<ele>154.000000</ele>
			</trkpt>
			<trkpt lat="50.713143" lon="17.933193">
				<ele>154.000000</ele>
			</trkpt>
			<trkpt lat="50.712944" lon="17.933581">
				<ele>154.000000</ele>
			</trkpt>
			<trkpt lat="50.712506" lon="17.934443">
				<ele>154.000000</ele>
			</trkpt>
			<trkpt lat="50.712375" lon="17.934703">
				<ele>154.000000</ele>
			</trkpt>
			<trkpt lat="50.712250" lon="17.934937">
				<ele>154.000000</ele>
			</trkpt>
			<trkpt lat="50.711885" lon="17.935646">
				<ele>154.000000</ele>
			</trkpt>
			<trkpt lat="50.711709" lon="17.935996">
				<ele>154.000000</ele>
			</trkpt>
			<trkpt lat="50.711385" lon="17.936608">
				<ele>154.000000</ele>
			</trkpt>
			<trkpt lat="50.710992" lon="17.937380">
				<ele>153.000000</ele>
			</trkpt>
			<trkpt lat="50.710697" lon="17.937946">
				<ele>153.000000</ele>
			</trkpt>
			<trkpt lat="50.710469" lon="17.938386">
				<ele>154.000000</ele>
			</trkpt>
			<trkpt lat="50.710350" lon="17.938619">
				<ele>154.000000</ele>
			</trkpt>
			<trkpt lat="50.710094" lon="17.939122">
				<ele>154.000000</ele>
			</trkpt>
			<trkpt lat="50.709912" lon="17.939464">
				<ele>154.000000</ele>
			</trkpt>
			<trkpt lat="50.709752" lon="17.939761">
				<ele>155.000000</ele>
			</trkpt>
			<trkpt lat="50.709411" lon="17.940390">
				<ele>155.000000</ele>
			</trkpt>
			<trkpt lat="50.709263" lon="17.940667">
				<ele>155.000000</ele>
			</trkpt>
			<trkpt lat="50.709058" lon="17.941055">
				<ele>155.000000</ele>
			</trkpt>
			<trkpt lat="50.709030" lon="17.941126">
				<ele>155.000000</ele>
			</trkpt>
			<trkpt lat="50.709019" lon="17.941171">
				<ele>155.000000</ele>
			</trkpt>
			<trkpt lat="50.709007" lon="17.941269">
				<ele>155.000000</ele>
			</trkpt>
			<trkpt lat="50.708967" lon="17.941279">
				<ele>155.000000</ele>
			</trkpt>
			<trkpt lat="50.708933" lon="17.941296">
				<ele>155.000000</ele>
			</trkpt>
			<trkpt lat="50.708899" lon="17.941332">
				<ele>155.000000</ele>
			</trkpt>
			<trkpt lat="50.708814" lon="17.941458">
				<ele>155.000000</ele>
			</trkpt>
			<trkpt lat="50.708763" lon="17.941539">
				<ele>155.000000</ele>
			</trkpt>
			<trkpt lat="50.708495" lon="17.941952">
				<ele>155.000000</ele>
			</trkpt>
			<trkpt lat="50.708319" lon="17.942221">
				<ele>155.000000</ele>
			</trkpt>
			<trkpt lat="50.708268" lon="17.942284">
				<ele>155.000000</ele>
			</trkpt>
			<trkpt lat="50.708216" lon="17.942338">
				<ele>155.000000</ele>
			</trkpt>
			<trkpt lat="50.708148" lon="17.942384">
				<ele>155.000000</ele>
			</trkpt>
			<trkpt lat="50.708074" lon="17.942401">
				<ele>155.000000</ele>
			</trkpt>
			<trkpt lat="50.707995" lon="17.942384">
				<ele>155.000000</ele>
			</trkpt>
			<trkpt lat="50.707904" lon="17.942284">
				<ele>155.000000</ele>
			</trkpt>
			<trkpt lat="50.707863" lon="17.942221">
				<ele>155.000000</ele>
			</trkpt>
			<trkpt lat="50.707568" lon="17.941755">
				<ele>155.000000</ele>
			</trkpt>
			<trkpt lat="50.707602" lon="17.941701">
				<ele>155.000000</ele>
			</trkpt>
			<trkpt lat="50.707636" lon="17.941647">
				<ele>155.000000</ele>
			</trkpt>
			<trkpt lat="50.707448" lon="17.941468">
				<ele>155.000000</ele>
			</trkpt>
			<trkpt lat="50.707301" lon="17.941225">
				<ele>155.000000</ele>
			</trkpt>
			<trkpt lat="50.707096" lon="17.940902">
				<ele>155.000000</ele>
			</trkpt>
			<trkpt lat="50.706783" lon="17.940470">
				<ele>155.000000</ele>
			</trkpt>
			<trkpt lat="50.706220" lon="17.939715">
				<ele>155.000000</ele>
			</trkpt>
			<trkpt lat="50.706106" lon="17.939535">
				<ele>155.000000</ele>
			</trkpt>
			<trkpt lat="50.705935" lon="17.939204">
				<ele>155.000000</ele>
			</trkpt>
			<trkpt lat="50.705827" lon="17.938961">
				<ele>155.000000</ele>
			</trkpt>
			<trkpt lat="50.705571" lon="17.938107">
				<ele>155.000000</ele>
			</trkpt>
			<trkpt lat="50.705344" lon="17.937398">
				<ele>155.000000</ele>
			</trkpt>
			<trkpt lat="50.705287" lon="17.937245">
				<ele>155.000000</ele>
			</trkpt>
			<trkpt lat="50.705224" lon="17.937137">
				<ele>154.000000</ele>
			</trkpt>
			<trkpt lat="50.705082" lon="17.936921">
				<ele>154.000000</ele>
			</trkpt>
			<trkpt lat="50.704957" lon="17.936734">
				<ele>155.000000</ele>
			</trkpt>
			<trkpt lat="50.704922" lon="17.936679">
				<ele>155.000000</ele>
			</trkpt>
			<trkpt lat="50.704906" lon="17.936598">
				<ele>155.000000</ele>
			</trkpt>
			<trkpt lat="50.704911" lon="17.936535">
				<ele>155.000000</ele>
			</trkpt>
			<trkpt lat="50.704922" lon="17.936491">
				<ele>155.000000</ele>
			</trkpt>
			<trkpt lat="50.704883" lon="17.936437">
				<ele>155.000000</ele>
			</trkpt>
			<trkpt lat="50.704832" lon="17.936535">
				<ele>155.000000</ele>
			</trkpt>
			<trkpt lat="50.704803" lon="17.936581">
				<ele>155.000000</ele>
			</trkpt>
			<trkpt lat="50.704723" lon="17.936455">
				<ele>155.000000</ele>
			</trkpt>
			<trkpt lat="50.704712" lon="17.936428">
				<ele>155.000000</ele>
			</trkpt>
			<trkpt lat="50.704655" lon="17.936338">
				<ele>155.000000</ele>
			</trkpt>
			<trkpt lat="50.704615" lon="17.936266">
				<ele>155.000000</ele>
			</trkpt>
			<trkpt lat="50.704599" lon="17.936239">
				<ele>155.000000</ele>
			</trkpt>
			<trkpt lat="50.704558" lon="17.936168">
				<ele>155.000000</ele>
			</trkpt>
			<trkpt lat="50.704507" lon="17.936032">
				<ele>155.000000</ele>
			</trkpt>
			<trkpt lat="50.704473" lon="17.935925">
				<ele>155.000000</ele>
			</trkpt>
			<trkpt lat="50.704405" lon="17.935700">
				<ele>155.000000</ele>
			</trkpt>
			<trkpt lat="50.704348" lon="17.935529">
				<ele>155.000000</ele>
			</trkpt>
			<trkpt lat="50.704200" lon="17.935044">
				<ele>155.000000</ele>
			</trkpt>
			<trkpt lat="50.704189" lon="17.935000">
				<ele>155.000000</ele>
			</trkpt>
			<trkpt lat="50.704155" lon="17.934919">
				<ele>155.000000</ele>
			</trkpt>
			<trkpt lat="50.704120" lon="17.934847">
				<ele>155.000000</ele>
			</trkpt>
			<trkpt lat="50.704086" lon="17.934784">
				<ele>155.000000</ele>
			</trkpt>
			<trkpt lat="50.704041" lon="17.934703">
				<ele>155.000000</ele>
			</trkpt>
			<trkpt lat="50.703836" lon="17.934353">
				<ele>156.000000</ele>
			</trkpt>
			<trkpt lat="50.703802" lon="17.934308">
				<ele>156.000000</ele>
			</trkpt>
			<trkpt lat="50.703848" lon="17.934011">
				<ele>156.000000</ele>
			</trkpt>
			<trkpt lat="50.703796" lon="17.933984">
				<ele>155.000000</ele>
			</trkpt>
			<trkpt lat="50.703740" lon="17.933967">
				<ele>155.000000</ele>
			</trkpt>
			<trkpt lat="50.703694" lon="17.933948">
				<ele>155.000000</ele>
			</trkpt>
			<trkpt lat="50.703677" lon="17.933939">
				<ele>155.000000</ele>
			</trkpt>
			<trkpt lat="50.703660" lon="17.933877">
				<ele>155.000000</ele>
			</trkpt>
			<trkpt lat="50.703642" lon="17.933841">
				<ele>155.000000</ele>
			</trkpt>
			<trkpt lat="50.703620" lon="17.933778">
				<ele>155.000000</ele>
			</trkpt>
			<trkpt lat="50.703569" lon="17.933814">
				<ele>155.000000</ele>
			</trkpt>
			<trkpt lat="50.703512" lon="17.933822">
				<ele>155.000000</ele>
			</trkpt>
			<trkpt lat="50.703438" lon="17.933787">
				<ele>155.000000</ele>
			</trkpt>
			<trkpt lat="50.703318" lon="17.933679">
				<ele>155.000000</ele>
			</trkpt>
			<trkpt lat="50.703250" lon="17.933608">
				<ele>155.000000</ele>
			</trkpt>
			<trkpt lat="50.703074" lon="17.933392">
				<ele>156.000000</ele>
			</trkpt>
			<trkpt lat="50.702914" lon="17.933212">
				<ele>156.000000</ele>
			</trkpt>
			<trkpt lat="50.702704" lon="17.932960">
				<ele>156.000000</ele>
			</trkpt>
			<trkpt lat="50.702453" lon="17.932663">
				<ele>156.000000</ele>
			</trkpt>
			<trkpt lat="50.702215" lon="17.932386">
				<ele>157.000000</ele>
			</trkpt>
			<trkpt lat="50.702192" lon="17.932367">
				<ele>157.000000</ele>
			</trkpt>
			<trkpt lat="50.702158" lon="17.932331">
				<ele>157.000000</ele>
			</trkpt>
			<trkpt lat="50.702140" lon="17.932304">
				<ele>157.000000</ele>
			</trkpt>
			<trkpt lat="50.702118" lon="17.932277">
				<ele>157.000000</ele>
			</trkpt>
			<trkpt lat="50.702078" lon="17.932233">
				<ele>157.000000</ele>
			</trkpt>
			<trkpt lat="50.701959" lon="17.932089">
				<ele>157.000000</ele>
			</trkpt>
			<trkpt lat="50.701822" lon="17.931927">
				<ele>157.000000</ele>
			</trkpt>
			<trkpt lat="50.701651" lon="17.931730">
				<ele>158.000000</ele>
			</trkpt>
			<trkpt lat="50.701316" lon="17.931334">
				<ele>159.000000</ele>
			</trkpt>
			<trkpt lat="50.701008" lon="17.930975">
				<ele>160.000000</ele>
			</trkpt>
			<trkpt lat="50.700821" lon="17.930759">
				<ele>161.000000</ele>
			</trkpt>
			<trkpt lat="50.700656" lon="17.930562">
				<ele>162.000000</ele>
			</trkpt>
			<trkpt lat="50.700485" lon="17.930365">
				<ele>162.000000</ele>
			</trkpt>
			<trkpt lat="50.700326" lon="17.930176">
				<ele>163.000000</ele>
			</trkpt>
			<trkpt lat="50.700229" lon="17.930067">
				<ele>163.000000</ele>
			</trkpt>
			<trkpt lat="50.700161" lon="17.930005">
				<ele>163.000000</ele>
			</trkpt>
			<trkpt lat="50.700035" lon="17.929906">
				<ele>163.000000</ele>
			</trkpt>
			<trkpt lat="50.699825" lon="17.929771">
				<ele>164.000000</ele>
			</trkpt>
			<trkpt lat="50.699603" lon="17.929673">
				<ele>165.000000</ele>
			</trkpt>
			<trkpt lat="50.699392" lon="17.929591">
				<ele>165.000000</ele>
			</trkpt>
			<trkpt lat="50.698892" lon="17.929384">
				<ele>166.000000</ele>
			</trkpt>
			<trkpt lat="50.698630" lon="17.929277">
				<ele>167.000000</ele>
			</trkpt>
			<trkpt lat="50.698317" lon="17.929151">
				<ele>167.000000</ele>
			</trkpt>
			<trkpt lat="50.697845" lon="17.928954">
				<ele>168.000000</ele>
			</trkpt>
			<trkpt lat="50.697435" lon="17.928784">
				<ele>168.000000</ele>
			</trkpt>
			<trkpt lat="50.697156" lon="17.928675">
				<ele>169.000000</ele>
			</trkpt>
			<trkpt lat="50.697099" lon="17.928648">
				<ele>169.000000</ele>
			</trkpt>
			<trkpt lat="50.697054" lon="17.928631">
				<ele>169.000000</ele>
			</trkpt>
			<trkpt lat="50.697031" lon="17.928621">
				<ele>169.000000</ele>
			</trkpt>
			<trkpt lat="50.696923" lon="17.928577">
				<ele>169.000000</ele>
			</trkpt>
			<trkpt lat="50.696707" lon="17.928495">
				<ele>169.000000</ele>
			</trkpt>
			<trkpt lat="50.696343" lon="17.928397">
				<ele>169.000000</ele>
			</trkpt>
			<trkpt lat="50.696052" lon="17.928316">
				<ele>169.000000</ele>
			</trkpt>
			<trkpt lat="50.695802" lon="17.928253">
				<ele>169.000000</ele>
			</trkpt>
			<trkpt lat="50.695569" lon="17.928191">
				<ele>169.000000</ele>
			</trkpt>
			<trkpt lat="50.695364" lon="17.928136">
				<ele>169.000000</ele>
			</trkpt>
			<trkpt lat="50.695165" lon="17.928109">
				<ele>169.000000</ele>
			</trkpt>
			<trkpt lat="50.694835" lon="17.928029">
				<ele>170.000000</ele>
			</trkpt>
			<trkpt lat="50.694686" lon="17.928002">
				<ele>170.000000</ele>
			</trkpt>
			<trkpt lat="50.694681" lon="17.927992">
				<ele>170.000000</ele>
			</trkpt>
			<trkpt lat="50.694675" lon="17.928065">
				<ele>170.000000</ele>
			</trkpt>
			<trkpt lat="50.694670" lon="17.928136">
				<ele>170.000000</ele>
			</trkpt>
			<trkpt lat="50.694528" lon="17.928109">
				<ele>170.000000</ele>
			</trkpt>
			<trkpt lat="50.694300" lon="17.928055">
				<ele>170.000000</ele>
			</trkpt>
			<trkpt lat="50.694146" lon="17.928029">
				<ele>170.000000</ele>
			</trkpt>
			<trkpt lat="50.693935" lon="17.927983">
				<ele>170.000000</ele>
			</trkpt>
			<trkpt lat="50.693725" lon="17.927966">
				<ele>170.000000</ele>
			</trkpt>
			<trkpt lat="50.693503" lon="17.927939">
				<ele>170.000000</ele>
			</trkpt>
			<trkpt lat="50.693162" lon="17.927912">
				<ele>170.000000</ele>
			</trkpt>
			<trkpt lat="50.692923" lon="17.927893">
				<ele>170.000000</ele>
			</trkpt>
			<trkpt lat="50.692678" lon="17.927876">
				<ele>170.000000</ele>
			</trkpt>
			<trkpt lat="50.692581" lon="17.927866">
				<ele>170.000000</ele>
			</trkpt>
			<trkpt lat="50.692484" lon="17.927858">
				<ele>170.000000</ele>
			</trkpt>
			<trkpt lat="50.692280" lon="17.927831">
				<ele>170.000000</ele>
			</trkpt>
			<trkpt lat="50.691796" lon="17.927742">
				<ele>170.000000</ele>
			</trkpt>
			<trkpt lat="50.691585" lon="17.927705">
				<ele>170.000000</ele>
			</trkpt>
			<trkpt lat="50.691175" lon="17.927606">
				<ele>170.000000</ele>
			</trkpt>
			<trkpt lat="50.690795" lon="17.927516">
				<ele>170.000000</ele>
			</trkpt>
			<trkpt lat="50.690510" lon="17.927453">
				<ele>170.000000</ele>
			</trkpt>
			<trkpt lat="50.690464" lon="17.927445">
				<ele>170.000000</ele>
			</trkpt>
			<trkpt lat="50.690219" lon="17.927390">
				<ele>170.000000</ele>
			</trkpt>
			<trkpt lat="50.690015" lon="17.927337">
				<ele>171.000000</ele>
			</trkpt>
			<trkpt lat="50.689662" lon="17.927256">
				<ele>171.000000</ele>
			</trkpt>
			<trkpt lat="50.689252" lon="17.927157">
				<ele>171.000000</ele>
			</trkpt>
			<trkpt lat="50.688859" lon="17.927067">
				<ele>171.000000</ele>
			</trkpt>
			<trkpt lat="50.688484" lon="17.926977">
				<ele>172.000000</ele>
			</trkpt>
			<trkpt lat="50.688143" lon="17.926897">
				<ele>172.000000</ele>
			</trkpt>
			<trkpt lat="50.687755" lon="17.926807">
				<ele>173.000000</ele>
			</trkpt>
			<trkpt lat="50.687402" lon="17.926726">
				<ele>173.000000</ele>
			</trkpt>
			<trkpt lat="50.687027" lon="17.926636">
				<ele>174.000000</ele>
			</trkpt>
			<trkpt lat="50.686628" lon="17.926547">
				<ele>175.000000</ele>
			</trkpt>
			<trkpt lat="50.686242" lon="17.926457">
				<ele>176.000000</ele>
			</trkpt>
			<trkpt lat="50.685957" lon="17.926384">
				<ele>175.000000</ele>
			</trkpt>
			<trkpt lat="50.685615" lon="17.926304">
				<ele>175.000000</ele>
			</trkpt>
			<trkpt lat="50.685377" lon="17.926250">
				<ele>174.000000</ele>
			</trkpt>
			<trkpt lat="50.685166" lon="17.926205">
				<ele>174.000000</ele>
			</trkpt>
			<trkpt lat="50.685000" lon="17.926160">
				<ele>174.000000</ele>
			</trkpt>
			<trkpt lat="50.684613" lon="17.926061">
				<ele>173.000000</ele>
			</trkpt>
			<trkpt lat="50.684489" lon="17.926034">
				<ele>173.000000</ele>
			</trkpt>
			<trkpt lat="50.684101" lon="17.925918">
				<ele>172.000000</ele>
			</trkpt>
			<trkpt lat="50.683640" lon="17.925792">
				<ele>171.000000</ele>
			</trkpt>
			<trkpt lat="50.683276" lon="17.925692">
				<ele>170.000000</ele>
			</trkpt>
			<trkpt lat="50.682895" lon="17.925585">
				<ele>169.000000</ele>
			</trkpt>
			<trkpt lat="50.682531" lon="17.925486">
				<ele>167.000000</ele>
			</trkpt>
			<trkpt lat="50.682360" lon="17.925432">
				<ele>167.000000</ele>
			</trkpt>
			<trkpt lat="50.682092" lon="17.925388">
				<ele>166.000000</ele>
			</trkpt>
			<trkpt lat="50.682064" lon="17.925396">
				<ele>166.000000</ele>
			</trkpt>
			<trkpt lat="50.682035" lon="17.925396">
				<ele>165.000000</ele>
			</trkpt>
			<trkpt lat="50.682012" lon="17.925396">
				<ele>165.000000</ele>
			</trkpt>
			<trkpt lat="50.681961" lon="17.925396">
				<ele>165.000000</ele>
			</trkpt>
			<trkpt lat="50.681876" lon="17.925379">
				<ele>165.000000</ele>
			</trkpt>
			<trkpt lat="50.681813" lon="17.925379">
				<ele>165.000000</ele>
			</trkpt>
			<trkpt lat="50.681756" lon="17.925369">
				<ele>164.000000</ele>
			</trkpt>
			<trkpt lat="50.681705" lon="17.925369">
				<ele>164.000000</ele>
			</trkpt>
			<trkpt lat="50.681688" lon="17.925361">
				<ele>164.000000</ele>
			</trkpt>
			<trkpt lat="50.681625" lon="17.925361">
				<ele>164.000000</ele>
			</trkpt>
			<trkpt lat="50.681534" lon="17.925361">
				<ele>164.000000</ele>
			</trkpt>
			<trkpt lat="50.681363" lon="17.925388">
				<ele>164.000000</ele>
			</trkpt>
			<trkpt lat="50.681307" lon="17.925405">
				<ele>164.000000</ele>
			</trkpt>
			<trkpt lat="50.681221" lon="17.925459">
				<ele>163.000000</ele>
			</trkpt>
			<trkpt lat="50.681170" lon="17.925486">
				<ele>163.000000</ele>
			</trkpt>
			<trkpt lat="50.680976" lon="17.925541">
				<ele>163.000000</ele>
			</trkpt>
			<trkpt lat="50.680862" lon="17.925585">
				<ele>163.000000</ele>
			</trkpt>
			<trkpt lat="50.680817" lon="17.925612">
				<ele>163.000000</ele>
			</trkpt>
			<trkpt lat="50.680777" lon="17.925639">
				<ele>163.000000</ele>
			</trkpt>
			<trkpt lat="50.680692" lon="17.925702">
				<ele>163.000000</ele>
			</trkpt>
			<trkpt lat="50.680618" lon="17.925782">
				<ele>163.000000</ele>
			</trkpt>
			<trkpt lat="50.680567" lon="17.925872">
				<ele>163.000000</ele>
			</trkpt>
			<trkpt lat="50.680544" lon="17.925927">
				<ele>163.000000</ele>
			</trkpt>
			<trkpt lat="50.680498" lon="17.926061">
				<ele>163.000000</ele>
			</trkpt>
			<trkpt lat="50.680464" lon="17.926223">
				<ele>163.000000</ele>
			</trkpt>
			<trkpt lat="50.680459" lon="17.926295">
				<ele>163.000000</ele>
			</trkpt>
			<trkpt lat="50.680459" lon="17.926375">
				<ele>163.000000</ele>
			</trkpt>
			<trkpt lat="50.680516" lon="17.926941">
				<ele>163.000000</ele>
			</trkpt>
			<trkpt lat="50.680550" lon="17.927337">
				<ele>163.000000</ele>
			</trkpt>
			<trkpt lat="50.680555" lon="17.927382">
				<ele>163.000000</ele>
			</trkpt>
			<trkpt lat="50.680561" lon="17.927417">
				<ele>163.000000</ele>
			</trkpt>
			<trkpt lat="50.680601" lon="17.927876">
				<ele>164.000000</ele>
			</trkpt>
			<trkpt lat="50.680624" lon="17.928155">
				<ele>164.000000</ele>
			</trkpt>
			<trkpt lat="50.680652" lon="17.928451">
				<ele>164.000000</ele>
			</trkpt>
			<trkpt lat="50.680658" lon="17.928514">
				<ele>164.000000</ele>
			</trkpt>
			<trkpt lat="50.680669" lon="17.928631">
				<ele>164.000000</ele>
			</trkpt>
			<trkpt lat="50.680697" lon="17.928711">
				<ele>165.000000</ele>
			</trkpt>
			<trkpt lat="50.680709" lon="17.928990">
				<ele>165.000000</ele>
			</trkpt>
			<trkpt lat="50.680697" lon="17.929071">
				<ele>165.000000</ele>
			</trkpt>
			<trkpt lat="50.680703" lon="17.929304">
				<ele>165.000000</ele>
			</trkpt>
			<trkpt lat="50.680703" lon="17.929340">
				<ele>165.000000</ele>
			</trkpt>
			<trkpt lat="50.680703" lon="17.929384">
				<ele>165.000000</ele>
			</trkpt>
			<trkpt lat="50.680703" lon="17.929474">
				<ele>165.000000</ele>
			</trkpt>
			<trkpt lat="50.680703" lon="17.929493">
				<ele>165.000000</ele>
			</trkpt>
			<trkpt lat="50.680703" lon="17.929861">
				<ele>166.000000</ele>
			</trkpt>
			<trkpt lat="50.680703" lon="17.929906">
				<ele>166.000000</ele>
			</trkpt>
			<trkpt lat="50.680703" lon="17.929950">
				<ele>166.000000</ele>
			</trkpt>
			<trkpt lat="50.680697" lon="17.930149">
				<ele>166.000000</ele>
			</trkpt>
			<trkpt lat="50.680692" lon="17.930193">
				<ele>166.000000</ele>
			</trkpt>
			<trkpt lat="50.680681" lon="17.930526">
				<ele>166.000000</ele>
			</trkpt>
			<trkpt lat="50.680681" lon="17.930642">
				<ele>166.000000</ele>
			</trkpt>
			<trkpt lat="50.680658" lon="17.930921">
				<ele>167.000000</ele>
			</trkpt>
			<trkpt lat="50.680658" lon="17.930966">
				<ele>167.000000</ele>
			</trkpt>
			<trkpt lat="50.680652" lon="17.931011">
				<ele>167.000000</ele>
			</trkpt>
			<trkpt lat="50.680629" lon="17.931262">
				<ele>167.000000</ele>
			</trkpt>
			<trkpt lat="50.680606" lon="17.931541">
				<ele>168.000000</ele>
			</trkpt>
			<trkpt lat="50.680606" lon="17.931550">
				<ele>168.000000</ele>
			</trkpt>
			<trkpt lat="50.680606" lon="17.931577">
				<ele>168.000000</ele>
			</trkpt>
			<trkpt lat="50.680601" lon="17.931604">
				<ele>168.000000</ele>
			</trkpt>
			<trkpt lat="50.680561" lon="17.931918">
				<ele>168.000000</ele>
			</trkpt>
			<trkpt lat="50.680532" lon="17.932134">
				<ele>168.000000</ele>
			</trkpt>
			<trkpt lat="50.680527" lon="17.932179">
				<ele>168.000000</ele>
			</trkpt>
			<trkpt lat="50.680521" lon="17.932224">
				<ele>168.000000</ele>
			</trkpt>
			<trkpt lat="50.680475" lon="17.932476">
				<ele>169.000000</ele>
			</trkpt>
			<trkpt lat="50.680470" lon="17.932511">
				<ele>169.000000</ele>
			</trkpt>
			<trkpt lat="50.680441" lon="17.932690">
				<ele>169.000000</ele>
			</trkpt>
			<trkpt lat="50.680436" lon="17.932717">
				<ele>169.000000</ele>
			</trkpt>
			<trkpt lat="50.680436" lon="17.932736">
				<ele>169.000000</ele>
			</trkpt>
			<trkpt lat="50.680441" lon="17.932807">
				<ele>169.000000</ele>
			</trkpt>
			<trkpt lat="50.680447" lon="17.932843">
				<ele>169.000000</ele>
			</trkpt>
			<trkpt lat="50.680447" lon="17.932853">
				<ele>169.000000</ele>
			</trkpt>
			<trkpt lat="50.680447" lon="17.932870">
				<ele>169.000000</ele>
			</trkpt>
			<trkpt lat="50.680441" lon="17.932889">
				<ele>169.000000</ele>
			</trkpt>
			<trkpt lat="50.680402" lon="17.933103">
				<ele>170.000000</ele>
			</trkpt>
			<trkpt lat="50.680396" lon="17.933113">
				<ele>170.000000</ele>
			</trkpt>
			<trkpt lat="50.680390" lon="17.933131">
				<ele>170.000000</ele>
			</trkpt>
			<trkpt lat="50.680339" lon="17.933212">
				<ele>170.000000</ele>
			</trkpt>
			<trkpt lat="50.680333" lon="17.933229">
				<ele>170.000000</ele>
			</trkpt>
			<trkpt lat="50.680328" lon="17.933248">
				<ele>170.000000</ele>
			</trkpt>
			<trkpt lat="50.680317" lon="17.933302">
				<ele>170.000000</ele>
			</trkpt>
			<trkpt lat="50.680299" lon="17.933373">
				<ele>170.000000</ele>
			</trkpt>
			<trkpt lat="50.680225" lon="17.933724">
				<ele>171.000000</ele>
			</trkpt>
			<trkpt lat="50.680191" lon="17.933841">
				<ele>171.000000</ele>
			</trkpt>
			<trkpt lat="50.680157" lon="17.933967">
				<ele>172.000000</ele>
			</trkpt>
			<trkpt lat="50.680111" lon="17.934137">
				<ele>172.000000</ele>
			</trkpt>
			<trkpt lat="50.680026" lon="17.934424">
				<ele>172.000000</ele>
			</trkpt>
			<trkpt lat="50.679969" lon="17.934604">
				<ele>173.000000</ele>
			</trkpt>
			<trkpt lat="50.679912" lon="17.934766">
				<ele>173.000000</ele>
			</trkpt>
			<trkpt lat="50.679821" lon="17.935026">
				<ele>173.000000</ele>
			</trkpt>
			<trkpt lat="50.679804" lon="17.935071">
				<ele>173.000000</ele>
			</trkpt>
			<trkpt lat="50.679787" lon="17.935116">
				<ele>173.000000</ele>
			</trkpt>
			<trkpt lat="50.679764" lon="17.935179">
				<ele>173.000000</ele>
			</trkpt>
			<trkpt lat="50.679696" lon="17.935359">
				<ele>173.000000</ele>
			</trkpt>
			<trkpt lat="50.679622" lon="17.935539">
				<ele>173.000000</ele>
			</trkpt>
			<trkpt lat="50.679604" lon="17.935575">
				<ele>173.000000</ele>
			</trkpt>
			<trkpt lat="50.679588" lon="17.935619">
				<ele>173.000000</ele>
			</trkpt>
			<trkpt lat="50.679480" lon="17.935871">
				<ele>173.000000</ele>
			</trkpt>
			<trkpt lat="50.679400" lon="17.936051">
				<ele>173.000000</ele>
			</trkpt>
			<trkpt lat="50.679366" lon="17.936141">
				<ele>173.000000</ele>
			</trkpt>
			<trkpt lat="50.679189" lon="17.936518">
				<ele>173.000000</ele>
			</trkpt>
			<trkpt lat="50.678950" lon="17.937038">
				<ele>172.000000</ele>
			</trkpt>
			<trkpt lat="50.678899" lon="17.937164">
				<ele>172.000000</ele>
			</trkpt>
			<trkpt lat="50.678899" lon="17.937254">
				<ele>172.000000</ele>
			</trkpt>
			<trkpt lat="50.678870" lon="17.937326">
				<ele>172.000000</ele>
			</trkpt>
			<trkpt lat="50.678808" lon="17.937470">
				<ele>172.000000</ele>
			</trkpt>
			<trkpt lat="50.678762" lon="17.937533">
				<ele>172.000000</ele>
			</trkpt>
			<trkpt lat="50.678734" lon="17.937541">
				<ele>172.000000</ele>
			</trkpt>
			<trkpt lat="50.678745" lon="17.937596">
				<ele>172.000000</ele>
			</trkpt>
			<trkpt lat="50.678757" lon="17.937667">
				<ele>172.000000</ele>
			</trkpt>
			<trkpt lat="50.678723" lon="17.937703">
				<ele>172.000000</ele>
			</trkpt>
			<trkpt lat="50.678705" lon="17.937730">
				<ele>172.000000</ele>
			</trkpt>
			<trkpt lat="50.678671" lon="17.937803">
				<ele>172.000000</ele>
			</trkpt>
			<trkpt lat="50.678648" lon="17.937847">
				<ele>172.000000</ele>
			</trkpt>
			<trkpt lat="50.678637" lon="17.937883">
				<ele>172.000000</ele>
			</trkpt>
			<trkpt lat="50.678625" lon="17.937919">
				<ele>172.000000</ele>
			</trkpt>
			<trkpt lat="50.678614" lon="17.937963">
				<ele>172.000000</ele>
			</trkpt>
			<trkpt lat="50.678609" lon="17.938009">
				<ele>172.000000</ele>
			</trkpt>
			<trkpt lat="50.678609" lon="17.938063">
				<ele>172.000000</ele>
			</trkpt>
			<trkpt lat="50.678591" lon="17.938359">
				<ele>172.000000</ele>
			</trkpt>
			<trkpt lat="50.678586" lon="17.938405">
				<ele>172.000000</ele>
			</trkpt>
			<trkpt lat="50.678586" lon="17.938458">
				<ele>172.000000</ele>
			</trkpt>
			<trkpt lat="50.678563" lon="17.938862">
				<ele>172.000000</ele>
			</trkpt>
			<trkpt lat="50.678535" lon="17.939474">
				<ele>172.000000</ele>
			</trkpt>
			<trkpt lat="50.678568" lon="17.939500">
				<ele>172.000000</ele>
			</trkpt>
			<trkpt lat="50.678540" lon="17.939634">
				<ele>172.000000</ele>
			</trkpt>
			<trkpt lat="50.678535" lon="17.939680">
				<ele>172.000000</ele>
			</trkpt>
			<trkpt lat="50.678529" lon="17.939715">
				<ele>172.000000</ele>
			</trkpt>
			<trkpt lat="50.678529" lon="17.939761">
				<ele>172.000000</ele>
			</trkpt>
			<trkpt lat="50.678529" lon="17.939887">
				<ele>173.000000</ele>
			</trkpt>
			<trkpt lat="50.678535" lon="17.940254">
				<ele>173.000000</ele>
			</trkpt>
			<trkpt lat="50.678563" lon="17.941072">
				<ele>173.000000</ele>
			</trkpt>
			<trkpt lat="50.678563" lon="17.941082">
				<ele>173.000000</ele>
			</trkpt>
			<trkpt lat="50.678563" lon="17.941189">
				<ele>173.000000</ele>
			</trkpt>
			<trkpt lat="50.678568" lon="17.941252">
				<ele>173.000000</ele>
			</trkpt>
			<trkpt lat="50.678568" lon="17.941279">
				<ele>173.000000</ele>
			</trkpt>
			<trkpt lat="50.678586" lon="17.941395">
				<ele>173.000000</ele>
			</trkpt>
			<trkpt lat="50.678597" lon="17.941468">
				<ele>173.000000</ele>
			</trkpt>
			<trkpt lat="50.678609" lon="17.941512">
				<ele>173.000000</ele>
			</trkpt>
			<trkpt lat="50.678625" lon="17.941566">
				<ele>173.000000</ele>
			</trkpt>
			<trkpt lat="50.678648" lon="17.941621">
				<ele>173.000000</ele>
			</trkpt>
			<trkpt lat="50.678666" lon="17.941665">
				<ele>173.000000</ele>
			</trkpt>
			<trkpt lat="50.678682" lon="17.941692">
				<ele>173.000000</ele>
			</trkpt>
			<trkpt lat="50.678694" lon="17.941709">
				<ele>173.000000</ele>
			</trkpt>
			<trkpt lat="50.678734" lon="17.941772">
				<ele>173.000000</ele>
			</trkpt>
			<trkpt lat="50.678791" lon="17.941845">
				<ele>173.000000</ele>
			</trkpt>
			<trkpt lat="50.678847" lon="17.941917">
				<ele>174.000000</ele>
			</trkpt>
			<trkpt lat="50.678933" lon="17.942015">
				<ele>174.000000</ele>
			</trkpt>
			<trkpt lat="50.679110" lon="17.942185">
				<ele>174.000000</ele>
			</trkpt>
			<trkpt lat="50.679286" lon="17.942374">
				<ele>174.000000</ele>
			</trkpt>
			<trkpt lat="50.679388" lon="17.942474">
				<ele>174.000000</ele>
			</trkpt>
			<trkpt lat="50.679793" lon="17.942896">
				<ele>174.000000</ele>
			</trkpt>
			<trkpt lat="50.679969" lon="17.943084">
				<ele>175.000000</ele>
			</trkpt>
			<trkpt lat="50.679986" lon="17.943093">
				<ele>175.000000</ele>
			</trkpt>
			<trkpt lat="50.680003" lon="17.943111">
				<ele>175.000000</ele>
			</trkpt>
			<trkpt lat="50.680123" lon="17.943183">
				<ele>175.000000</ele>
			</trkpt>
			<trkpt lat="50.680140" lon="17.943210">
				<ele>175.000000</ele>
			</trkpt>
			<trkpt lat="50.680185" lon="17.943300">
				<ele>175.000000</ele>
			</trkpt>
			<trkpt lat="50.680197" lon="17.943327">
				<ele>175.000000</ele>
			</trkpt>
			<trkpt lat="50.680231" lon="17.943363">
				<ele>175.000000</ele>
			</trkpt>
			<trkpt lat="50.680248" lon="17.943363">
				<ele>175.000000</ele>
			</trkpt>
			<trkpt lat="50.680271" lon="17.943363">
				<ele>175.000000</ele>
			</trkpt>
			<trkpt lat="50.680345" lon="17.943462">
				<ele>175.000000</ele>
			</trkpt>
			<trkpt lat="50.680379" lon="17.943497">
				<ele>175.000000</ele>
			</trkpt>
			<trkpt lat="50.680407" lon="17.943525">
				<ele>175.000000</ele>
			</trkpt>
			<trkpt lat="50.680493" lon="17.943615">
				<ele>175.000000</ele>
			</trkpt>
			<trkpt lat="50.680612" lon="17.943740">
				<ele>175.000000</ele>
			</trkpt>
			<trkpt lat="50.680635" lon="17.943758">
				<ele>175.000000</ele>
			</trkpt>
			<trkpt lat="50.680652" lon="17.943776">
				<ele>175.000000</ele>
			</trkpt>
			<trkpt lat="50.680829" lon="17.943892">
				<ele>175.000000</ele>
			</trkpt>
			<trkpt lat="50.680857" lon="17.943911">
				<ele>175.000000</ele>
			</trkpt>
			<trkpt lat="50.680885" lon="17.943938">
				<ele>175.000000</ele>
			</trkpt>
			<trkpt lat="50.681022" lon="17.944082">
				<ele>175.000000</ele>
			</trkpt>
			<trkpt lat="50.681312" lon="17.944378">
				<ele>176.000000</ele>
			</trkpt>
			<trkpt lat="50.681341" lon="17.944414">
				<ele>176.000000</ele>
			</trkpt>
			<trkpt lat="50.681409" lon="17.944504">
				<ele>176.000000</ele>
			</trkpt>
			<trkpt lat="50.681426" lon="17.944521">
				<ele>176.000000</ele>
			</trkpt>
			<trkpt lat="50.681443" lon="17.944558">
				<ele>176.000000</ele>
			</trkpt>
			<trkpt lat="50.681466" lon="17.944602">
				<ele>176.000000</ele>
			</trkpt>
			<trkpt lat="50.681483" lon="17.944638">
				<ele>176.000000</ele>
			</trkpt>
			<trkpt lat="50.681511" lon="17.944665">
				<ele>176.000000</ele>
			</trkpt>
			<trkpt lat="50.681694" lon="17.944854">
				<ele>176.000000</ele>
			</trkpt>
			<trkpt lat="50.682092" lon="17.945250">
				<ele>176.000000</ele>
			</trkpt>
			<trkpt lat="50.682064" lon="17.945321">
				<ele>176.000000</ele>
			</trkpt>
			<trkpt lat="50.682047" lon="17.945357">
				<ele>176.000000</ele>
			</trkpt>
			<trkpt lat="50.682030" lon="17.945401">
				<ele>176.000000</ele>
			</trkpt>
			<trkpt lat="50.682018" lon="17.945429">
				<ele>176.000000</ele>
			</trkpt>
			<trkpt lat="50.681990" lon="17.945500">
				<ele>176.000000</ele>
			</trkpt>
			<trkpt lat="50.681967" lon="17.945554">
				<ele>176.000000</ele>
			</trkpt>
			<trkpt lat="50.681944" lon="17.945617">
				<ele>176.000000</ele>
			</trkpt>
			<trkpt lat="50.681967" lon="17.945644">
				<ele>176.000000</ele>
			</trkpt>
			<trkpt lat="50.681984" lon="17.945680">
				<ele>176.000000</ele>
			</trkpt>
			<trkpt lat="50.682012" lon="17.945743">
				<ele>176.000000</ele>
			</trkpt>
			<trkpt lat="50.682035" lon="17.945770">
				<ele>176.000000</ele>
			</trkpt>
			<trkpt lat="50.682064" lon="17.945806">
				<ele>176.000000</ele>
			</trkpt>
			<trkpt lat="50.682053" lon="17.945842">
				<ele>176.000000</ele>
			</trkpt>
			<trkpt lat="50.681950" lon="17.946076">
				<ele>176.000000</ele>
			</trkpt>
			<trkpt lat="50.681859" lon="17.946309">
				<ele>176.000000</ele>
			</trkpt>
			<trkpt lat="50.681768" lon="17.946533">
				<ele>176.000000</ele>
			</trkpt>
			<trkpt lat="50.681733" lon="17.946615">
				<ele>176.000000</ele>
			</trkpt>
			<trkpt lat="50.681717" lon="17.946695">
				<ele>176.000000</ele>
			</trkpt>
			<trkpt lat="50.681705" lon="17.946768">
				<ele>176.000000</ele>
			</trkpt>
			<trkpt lat="50.681699" lon="17.946831">
				<ele>176.000000</ele>
			</trkpt>
			<trkpt lat="50.681699" lon="17.946902">
				<ele>176.000000</ele>
			</trkpt>
			<trkpt lat="50.681705" lon="17.946982">
				<ele>176.000000</ele>
			</trkpt>
			<trkpt lat="50.681705" lon="17.947064">
				<ele>176.000000</ele>
			</trkpt>
			<trkpt lat="50.681739" lon="17.947540">
				<ele>176.000000</ele>
			</trkpt>
			<trkpt lat="50.682104" lon="17.947477">
				<ele>176.000000</ele>
			</trkpt>
			<trkpt lat="50.682166" lon="17.947468">
				<ele>176.000000</ele>
			</trkpt>
		</trkseg>
	</trk>
</gpx>

