<?xml version='1.0' encoding='UTF-8'?>
<gpx version="1.1" creator="https://www.komoot.de" xmlns="http://www.topografix.com/GPX/1/1" xmlns:xsi="http://www.w3.org/2001/XMLSchema-instance" xsi:schemaLocation="http://www.topografix.com/GPX/1/1 http://www.topografix.com/GPX/1/1/gpx.xsd">
  <metadata>
    <name>Strada Ponale - Lago di Ledro - Punta Larici</name>
    <author>
      <link href="https://www.komoot.de">
        <text>komoot</text>
        <type>text/html</type>
      </link>
    </author>
  </metadata>
  <trk>
    <name>Strada Ponale - Lago di Ledro - Punta Larici</name>
    <trkseg>
      <trkpt lat="45.874814" lon="10.870198">
        <ele>116.700617</ele>
        <time>2024-05-08T07:59:50.079Z</time>
      </trkpt>
      <trkpt lat="45.874854" lon="10.870314">
        <ele>116.700617</ele>
        <time>2024-05-08T08:00:00.481Z</time>
      </trkpt>
      <trkpt lat="45.874760" lon="10.870251">
        <ele>116.700617</ele>
        <time>2024-05-08T08:00:10.479Z</time>
      </trkpt>
      <trkpt lat="45.874670" lon="10.870173">
        <ele>116.700617</ele>
        <time>2024-05-08T08:00:13.494Z</time>
      </trkpt>
      <trkpt lat="45.874576" lon="10.870073">
        <ele>116.700617</ele>
        <time>2024-05-08T08:00:16.481Z</time>
      </trkpt>
      <trkpt lat="45.874477" lon="10.869956">
        <ele>116.700617</ele>
        <time>2024-05-08T08:00:19.483Z</time>
      </trkpt>
      <trkpt lat="45.874373" lon="10.869854">
        <ele>116.700617</ele>
        <time>2024-05-08T08:00:22.517Z</time>
      </trkpt>
      <trkpt lat="45.874269" lon="10.869740">
        <ele>116.700617</ele>
        <time>2024-05-08T08:00:25.502Z</time>
      </trkpt>
      <trkpt lat="45.874164" lon="10.869616">
        <ele>116.645395</ele>
        <time>2024-05-08T08:00:28.486Z</time>
      </trkpt>
      <trkpt lat="45.874093" lon="10.869527">
        <ele>116.506716</ele>
        <time>2024-05-08T08:00:30.475Z</time>
      </trkpt>
      <trkpt lat="45.874028" lon="10.869436">
        <ele>116.373140</ele>
        <time>2024-05-08T08:00:32.487Z</time>
      </trkpt>
      <trkpt lat="45.873960" lon="10.869280">
        <ele>116.184565</ele>
        <time>2024-05-08T08:00:35.482Z</time>
      </trkpt>
      <trkpt lat="45.873943" lon="10.869153">
        <ele>116.052061</ele>
        <time>2024-05-08T08:00:37.479Z</time>
      </trkpt>
      <trkpt lat="45.873922" lon="10.869024">
        <ele>115.916326</ele>
        <time>2024-05-08T08:00:39.487Z</time>
      </trkpt>
      <trkpt lat="45.873894" lon="10.868891">
        <ele>115.773963</ele>
        <time>2024-05-08T08:00:41.481Z</time>
      </trkpt>
      <trkpt lat="45.873872" lon="10.868757">
        <ele>115.632904</ele>
        <time>2024-05-08T08:00:43.495Z</time>
      </trkpt>
      <trkpt lat="45.873847" lon="10.868624">
        <ele>115.491757</ele>
        <time>2024-05-08T08:00:45.485Z</time>
      </trkpt>
      <trkpt lat="45.873819" lon="10.868486">
        <ele>115.344483</ele>
        <time>2024-05-08T08:00:47.492Z</time>
      </trkpt>
      <trkpt lat="45.873793" lon="10.868344">
        <ele>115.194046</ele>
        <time>2024-05-08T08:00:49.489Z</time>
      </trkpt>
      <trkpt lat="45.873768" lon="10.868206">
        <ele>115.047946</ele>
        <time>2024-05-08T08:00:51.494Z</time>
      </trkpt>
      <trkpt lat="45.873743" lon="10.868057">
        <ele>114.890913</ele>
        <time>2024-05-08T08:00:53.493Z</time>
      </trkpt>
      <trkpt lat="45.873717" lon="10.867910">
        <ele>114.735516</ele>
        <time>2024-05-08T08:00:55.486Z</time>
      </trkpt>
      <trkpt lat="45.873704" lon="10.867755">
        <ele>114.575557</ele>
        <time>2024-05-08T08:00:57.501Z</time>
      </trkpt>
      <trkpt lat="45.873703" lon="10.867598">
        <ele>114.414691</ele>
        <time>2024-05-08T08:00:59.513Z</time>
      </trkpt>
      <trkpt lat="45.873701" lon="10.867453">
        <ele>114.266098</ele>
        <time>2024-05-08T08:01:01.498Z</time>
      </trkpt>
      <trkpt lat="45.873748" lon="10.867333">
        <ele>114.125029</ele>
        <time>2024-05-08T08:01:03.507Z</time>
      </trkpt>
      <trkpt lat="45.873818" lon="10.867234">
        <ele>113.986869</ele>
        <time>2024-05-08T08:01:05.512Z</time>
      </trkpt>
      <trkpt lat="45.873883" lon="10.867130">
        <ele>113.856197</ele>
        <time>2024-05-08T08:01:07.503Z</time>
      </trkpt>
      <trkpt lat="45.873998" lon="10.867028">
        <ele>113.674686</ele>
        <time>2024-05-08T08:01:10.507Z</time>
      </trkpt>
      <trkpt lat="45.874086" lon="10.866978">
        <ele>113.547598</ele>
        <time>2024-05-08T08:01:12.506Z</time>
      </trkpt>
      <trkpt lat="45.874185" lon="10.866948">
        <ele>113.411722</ele>
        <time>2024-05-08T08:01:14.501Z</time>
      </trkpt>
      <trkpt lat="45.874311" lon="10.866913">
        <ele>113.239378</ele>
        <time>2024-05-08T08:01:17.496Z</time>
      </trkpt>
      <trkpt lat="45.874429" lon="10.866996">
        <ele>113.062930</ele>
        <time>2024-05-08T08:01:20.497Z</time>
      </trkpt>
      <trkpt lat="45.874545" lon="10.867106">
        <ele>112.876262</ele>
        <time>2024-05-08T08:01:23.495Z</time>
      </trkpt>
      <trkpt lat="45.874654" lon="10.867091">
        <ele>112.729213</ele>
        <time>2024-05-08T08:01:26.503Z</time>
      </trkpt>
      <trkpt lat="45.874755" lon="10.867064">
        <ele>112.591248</ele>
        <time>2024-05-08T08:01:29.490Z</time>
      </trkpt>
      <trkpt lat="45.874871" lon="10.867013">
        <ele>112.428334</ele>
        <time>2024-05-08T08:01:32.506Z</time>
      </trkpt>
      <trkpt lat="45.874969" lon="10.867022">
        <ele>112.296458</ele>
        <time>2024-05-08T08:01:34.503Z</time>
      </trkpt>
      <trkpt lat="45.875058" lon="10.867055">
        <ele>112.173020</ele>
        <time>2024-05-08T08:01:36.505Z</time>
      </trkpt>
      <trkpt lat="45.875148" lon="10.867039">
        <ele>112.051234</ele>
        <time>2024-05-08T08:01:38.506Z</time>
      </trkpt>
      <trkpt lat="45.875273" lon="10.867068">
        <ele>111.881193</ele>
        <time>2024-05-08T08:01:41.509Z</time>
      </trkpt>
      <trkpt lat="45.875389" lon="10.867085">
        <ele>111.724604</ele>
        <time>2024-05-08T08:01:44.512Z</time>
      </trkpt>
      <trkpt lat="45.875507" lon="10.867034">
        <ele>111.619236</ele>
        <time>2024-05-08T08:01:47.509Z</time>
      </trkpt>
      <trkpt lat="45.875579" lon="10.866954">
        <ele>111.589789</ele>
        <time>2024-05-08T08:01:49.505Z</time>
      </trkpt>
      <trkpt lat="45.875681" lon="10.866828">
        <ele>111.546269</ele>
        <time>2024-05-08T08:01:52.508Z</time>
      </trkpt>
      <trkpt lat="45.875778" lon="10.866717">
        <ele>111.506150</ele>
        <time>2024-05-08T08:01:55.510Z</time>
      </trkpt>
      <trkpt lat="45.875877" lon="10.866601">
        <ele>111.464820</ele>
        <time>2024-05-08T08:01:58.503Z</time>
      </trkpt>
      <trkpt lat="45.875940" lon="10.866503">
        <ele>111.434779</ele>
        <time>2024-05-08T08:02:00.497Z</time>
      </trkpt>
      <trkpt lat="45.876013" lon="10.866422">
        <ele>111.404939</ele>
        <time>2024-05-08T08:02:02.510Z</time>
      </trkpt>
      <trkpt lat="45.876086" lon="10.866345">
        <ele>111.375641</ele>
        <time>2024-05-08T08:02:04.503Z</time>
      </trkpt>
      <trkpt lat="45.876160" lon="10.866253">
        <ele>111.343981</ele>
        <time>2024-05-08T08:02:06.509Z</time>
      </trkpt>
      <trkpt lat="45.876240" lon="10.866176">
        <ele>111.312829</ele>
        <time>2024-05-08T08:02:08.513Z</time>
      </trkpt>
      <trkpt lat="45.876321" lon="10.866109">
        <ele>111.282592</ele>
        <time>2024-05-08T08:02:10.502Z</time>
      </trkpt>
      <trkpt lat="45.876418" lon="10.865984">
        <ele>111.240436</ele>
        <time>2024-05-08T08:02:13.499Z</time>
      </trkpt>
      <trkpt lat="45.876521" lon="10.865882">
        <ele>111.199966</ele>
        <time>2024-05-08T08:02:16.508Z</time>
      </trkpt>
      <trkpt lat="45.876609" lon="10.865755">
        <ele>111.159612</ele>
        <time>2024-05-08T08:02:19.497Z</time>
      </trkpt>
      <trkpt lat="45.876695" lon="10.865632">
        <ele>111.120352</ele>
        <time>2024-05-08T08:02:22.513Z</time>
      </trkpt>
      <trkpt lat="45.876778" lon="10.865488">
        <ele>111.078250</ele>
        <time>2024-05-08T08:02:25.504Z</time>
      </trkpt>
      <trkpt lat="45.876847" lon="10.865338">
        <ele>111.254129</ele>
        <time>2024-05-08T08:02:28.501Z</time>
      </trkpt>
      <trkpt lat="45.876909" lon="10.865225">
        <ele>111.596361</ele>
        <time>2024-05-08T08:02:31.511Z</time>
      </trkpt>
      <trkpt lat="45.876976" lon="10.865109">
        <ele>111.954884</ele>
        <time>2024-05-08T08:02:35.508Z</time>
      </trkpt>
      <trkpt lat="45.877078" lon="10.864841">
        <ele>112.681412</ele>
        <time>2024-05-08T08:03:17.502Z</time>
      </trkpt>
      <trkpt lat="45.877133" lon="10.864709">
        <ele>113.047335</ele>
        <time>2024-05-08T08:03:20.489Z</time>
      </trkpt>
      <trkpt lat="45.877196" lon="10.864599">
        <ele>113.386150</ele>
        <time>2024-05-08T08:03:24.515Z</time>
      </trkpt>
      <trkpt lat="45.877189" lon="10.864427">
        <ele>113.795981</ele>
        <time>2024-05-08T08:03:28.493Z</time>
      </trkpt>
      <trkpt lat="45.877131" lon="10.864270">
        <ele>114.218753</ele>
        <time>2024-05-08T08:03:31.499Z</time>
      </trkpt>
      <trkpt lat="45.877101" lon="10.864117">
        <ele>114.596850</ele>
        <time>2024-05-08T08:03:34.499Z</time>
      </trkpt>
      <trkpt lat="45.877070" lon="10.863957">
        <ele>114.991903</ele>
        <time>2024-05-08T08:03:37.498Z</time>
      </trkpt>
      <trkpt lat="45.877038" lon="10.863793">
        <ele>115.397038</ele>
        <time>2024-05-08T08:03:40.490Z</time>
      </trkpt>
      <trkpt lat="45.877000" lon="10.863616">
        <ele>115.837630</ele>
        <time>2024-05-08T08:03:43.497Z</time>
      </trkpt>
      <trkpt lat="45.876967" lon="10.863496">
        <ele>116.144533</ele>
        <time>2024-05-08T08:03:45.490Z</time>
      </trkpt>
      <trkpt lat="45.876917" lon="10.863329">
        <ele>116.576950</ele>
        <time>2024-05-08T08:03:48.495Z</time>
      </trkpt>
      <trkpt lat="45.876889" lon="10.863196">
        <ele>116.907464</ele>
        <time>2024-05-08T08:03:51.510Z</time>
      </trkpt>
      <trkpt lat="45.876852" lon="10.863062">
        <ele>117.203135</ele>
        <time>2024-05-08T08:03:57.498Z</time>
      </trkpt>
      <trkpt lat="45.876814" lon="10.862910">
        <ele>117.213433</ele>
        <time>2024-05-08T08:04:02.501Z</time>
      </trkpt>
      <trkpt lat="45.876794" lon="10.862747">
        <ele>117.223987</ele>
        <time>2024-05-08T08:04:05.495Z</time>
      </trkpt>
      <trkpt lat="45.876782" lon="10.862554">
        <ele>117.236342</ele>
        <time>2024-05-08T08:04:08.497Z</time>
      </trkpt>
      <trkpt lat="45.876770" lon="10.862419">
        <ele>117.245020</ele>
        <time>2024-05-08T08:04:10.490Z</time>
      </trkpt>
      <trkpt lat="45.876758" lon="10.862288">
        <ele>117.253445</ele>
        <time>2024-05-08T08:04:12.491Z</time>
      </trkpt>
      <trkpt lat="45.876738" lon="10.862153">
        <ele>117.262245</ele>
        <time>2024-05-08T08:04:14.499Z</time>
      </trkpt>
      <trkpt lat="45.876731" lon="10.862008">
        <ele>117.271513</ele>
        <time>2024-05-08T08:04:16.496Z</time>
      </trkpt>
      <trkpt lat="45.876727" lon="10.861865">
        <ele>117.280639</ele>
        <time>2024-05-08T08:04:18.493Z</time>
      </trkpt>
      <trkpt lat="45.876709" lon="10.861713">
        <ele>117.290470</ele>
        <time>2024-05-08T08:04:20.486Z</time>
      </trkpt>
      <trkpt lat="45.876692" lon="10.861560">
        <ele>117.300349</ele>
        <time>2024-05-08T08:04:22.503Z</time>
      </trkpt>
      <trkpt lat="45.876682" lon="10.861410">
        <ele>117.309957</ele>
        <time>2024-05-08T08:04:24.485Z</time>
      </trkpt>
      <trkpt lat="45.876683" lon="10.861262">
        <ele>117.319394</ele>
        <time>2024-05-08T08:04:26.498Z</time>
      </trkpt>
      <trkpt lat="45.876681" lon="10.861126">
        <ele>117.328068</ele>
        <time>2024-05-08T08:04:28.491Z</time>
      </trkpt>
      <trkpt lat="45.876686" lon="10.860974">
        <ele>117.337771</ele>
        <time>2024-05-08T08:04:30.496Z</time>
      </trkpt>
      <trkpt lat="45.876672" lon="10.860840">
        <ele>117.346411</ele>
        <time>2024-05-08T08:04:32.494Z</time>
      </trkpt>
      <trkpt lat="45.876649" lon="10.860649">
        <ele>117.358770</ele>
        <time>2024-05-08T08:04:35.497Z</time>
      </trkpt>
      <trkpt lat="45.876624" lon="10.860498">
        <ele>117.369776</ele>
        <time>2024-05-08T08:04:37.497Z</time>
      </trkpt>
      <trkpt lat="45.876584" lon="10.860308">
        <ele>117.389109</ele>
        <time>2024-05-08T08:04:40.496Z</time>
      </trkpt>
      <trkpt lat="45.876536" lon="10.860172">
        <ele>117.403960</ele>
        <time>2024-05-08T08:04:42.495Z</time>
      </trkpt>
      <trkpt lat="45.876514" lon="10.860018">
        <ele>117.419272</ele>
        <time>2024-05-08T08:04:44.494Z</time>
      </trkpt>
      <trkpt lat="45.876489" lon="10.859880">
        <ele>117.433161</ele>
        <time>2024-05-08T08:04:46.493Z</time>
      </trkpt>
      <trkpt lat="45.876454" lon="10.859736">
        <ele>117.448017</ele>
        <time>2024-05-08T08:04:48.490Z</time>
      </trkpt>
      <trkpt lat="45.876430" lon="10.859600">
        <ele>117.461682</ele>
        <time>2024-05-08T08:04:50.509Z</time>
      </trkpt>
      <trkpt lat="45.876390" lon="10.859467">
        <ele>117.475793</ele>
        <time>2024-05-08T08:04:52.483Z</time>
      </trkpt>
      <trkpt lat="45.876361" lon="10.859315">
        <ele>117.491144</ele>
        <time>2024-05-08T08:04:54.496Z</time>
      </trkpt>
      <trkpt lat="45.876347" lon="10.859181">
        <ele>117.504341</ele>
        <time>2024-05-08T08:04:56.501Z</time>
      </trkpt>
      <trkpt lat="45.876347" lon="10.858989">
        <ele>117.523042</ele>
        <time>2024-05-08T08:04:59.523Z</time>
      </trkpt>
      <trkpt lat="45.876378" lon="10.858804">
        <ele>117.541575</ele>
        <time>2024-05-08T08:05:02.503Z</time>
      </trkpt>
      <trkpt lat="45.876412" lon="10.858671">
        <ele>117.555375</ele>
        <time>2024-05-08T08:05:04.500Z</time>
      </trkpt>
      <trkpt lat="45.876456" lon="10.858549">
        <ele>117.568758</ele>
        <time>2024-05-08T08:05:06.498Z</time>
      </trkpt>
      <trkpt lat="45.876537" lon="10.858390">
        <ele>117.587947</ele>
        <time>2024-05-08T08:05:09.498Z</time>
      </trkpt>
      <trkpt lat="45.876592" lon="10.858285">
        <ele>117.600746</ele>
        <time>2024-05-08T08:05:11.494Z</time>
      </trkpt>
      <trkpt lat="45.876644" lon="10.858157">
        <ele>117.615180</ele>
        <time>2024-05-08T08:05:13.498Z</time>
      </trkpt>
      <trkpt lat="45.876683" lon="10.857992">
        <ele>117.629004</ele>
        <time>2024-05-08T08:05:15.499Z</time>
      </trkpt>
      <trkpt lat="45.876719" lon="10.857842">
        <ele>117.640972</ele>
        <time>2024-05-08T08:05:17.498Z</time>
      </trkpt>
      <trkpt lat="45.876771" lon="10.857725">
        <ele>117.651442</ele>
        <time>2024-05-08T08:05:19.485Z</time>
      </trkpt>
      <trkpt lat="45.876842" lon="10.857590">
        <ele>117.664204</ele>
        <time>2024-05-08T08:05:21.511Z</time>
      </trkpt>
      <trkpt lat="45.876910" lon="10.857467">
        <ele>117.676051</ele>
        <time>2024-05-08T08:05:23.493Z</time>
      </trkpt>
      <trkpt lat="45.876980" lon="10.857319">
        <ele>117.689547</ele>
        <time>2024-05-08T08:05:25.491Z</time>
      </trkpt>
      <trkpt lat="45.877052" lon="10.857212">
        <ele>117.700772</ele>
        <time>2024-05-08T08:05:27.491Z</time>
      </trkpt>
      <trkpt lat="45.877172" lon="10.857205">
        <ele>117.713783</ele>
        <time>2024-05-08T08:05:29.498Z</time>
      </trkpt>
      <trkpt lat="45.877279" lon="10.857244">
        <ele>117.725744</ele>
        <time>2024-05-08T08:05:31.498Z</time>
      </trkpt>
      <trkpt lat="45.877363" lon="10.857311">
        <ele>117.736154</ele>
        <time>2024-05-08T08:05:33.497Z</time>
      </trkpt>
      <trkpt lat="45.877443" lon="10.857379">
        <ele>117.746225</ele>
        <time>2024-05-08T08:05:35.494Z</time>
      </trkpt>
      <trkpt lat="45.877519" lon="10.857451">
        <ele>117.756089</ele>
        <time>2024-05-08T08:05:37.492Z</time>
      </trkpt>
      <trkpt lat="45.877599" lon="10.857515">
        <ele>117.766010</ele>
        <time>2024-05-08T08:05:39.503Z</time>
      </trkpt>
      <trkpt lat="45.877700" lon="10.857622">
        <ele>117.779607</ele>
        <time>2024-05-08T08:05:42.497Z</time>
      </trkpt>
      <trkpt lat="45.877804" lon="10.857673">
        <ele>117.791513</ele>
        <time>2024-05-08T08:05:47.478Z</time>
      </trkpt>
      <trkpt lat="45.877896" lon="10.857610">
        <ele>117.802556</ele>
        <time>2024-05-08T08:05:49.496Z</time>
      </trkpt>
      <trkpt lat="45.877996" lon="10.857551">
        <ele>117.804783</ele>
        <time>2024-05-08T08:05:51.483Z</time>
      </trkpt>
      <trkpt lat="45.878096" lon="10.857495">
        <ele>117.724579</ele>
        <time>2024-05-08T08:05:53.486Z</time>
      </trkpt>
      <trkpt lat="45.878200" lon="10.857440">
        <ele>117.641763</ele>
        <time>2024-05-08T08:05:55.496Z</time>
      </trkpt>
      <trkpt lat="45.878292" lon="10.857370">
        <ele>117.563966</ele>
        <time>2024-05-08T08:05:57.494Z</time>
      </trkpt>
      <trkpt lat="45.878383" lon="10.857304">
        <ele>117.487788</ele>
        <time>2024-05-08T08:05:59.511Z</time>
      </trkpt>
      <trkpt lat="45.878473" lon="10.857255">
        <ele>117.415865</ele>
        <time>2024-05-08T08:06:01.495Z</time>
      </trkpt>
      <trkpt lat="45.878563" lon="10.857229">
        <ele>117.347265</ele>
        <time>2024-05-08T08:06:03.491Z</time>
      </trkpt>
      <trkpt lat="45.878651" lon="10.857201">
        <ele>117.279911</ele>
        <time>2024-05-08T08:06:05.501Z</time>
      </trkpt>
      <trkpt lat="45.878697" lon="10.857086">
        <ele>117.210913</ele>
        <time>2024-05-08T08:06:07.495Z</time>
      </trkpt>
      <trkpt lat="45.878677" lon="10.856956">
        <ele>117.141651</ele>
        <time>2024-05-08T08:06:09.494Z</time>
      </trkpt>
      <trkpt lat="45.878658" lon="10.856768">
        <ele>117.042823</ele>
        <time>2024-05-08T08:06:12.494Z</time>
      </trkpt>
      <trkpt lat="45.878664" lon="10.856590">
        <ele>116.950113</ele>
        <time>2024-05-08T08:06:15.530Z</time>
      </trkpt>
      <trkpt lat="45.878761" lon="10.856480">
        <ele>116.857762</ele>
        <time>2024-05-08T08:06:18.495Z</time>
      </trkpt>
      <trkpt lat="45.878811" lon="10.856340">
        <ele>116.775905</ele>
        <time>2024-05-08T08:06:22.495Z</time>
      </trkpt>
      <trkpt lat="45.878823" lon="10.856198">
        <ele>116.701491</ele>
        <time>2024-05-08T08:06:25.501Z</time>
      </trkpt>
      <trkpt lat="45.878798" lon="10.856025">
        <ele>116.609572</ele>
        <time>2024-05-08T08:06:28.496Z</time>
      </trkpt>
      <trkpt lat="45.878750" lon="10.855849">
        <ele>116.511237</ele>
        <time>2024-05-08T08:06:31.505Z</time>
      </trkpt>
      <trkpt lat="45.878713" lon="10.855730">
        <ele>116.383422</ele>
        <time>2024-05-08T08:06:33.495Z</time>
      </trkpt>
      <trkpt lat="45.878689" lon="10.855565">
        <ele>116.089915</ele>
        <time>2024-05-08T08:06:36.503Z</time>
      </trkpt>
      <trkpt lat="45.878760" lon="10.855406">
        <ele>115.761003</ele>
        <time>2024-05-08T08:06:39.497Z</time>
      </trkpt>
      <trkpt lat="45.878800" lon="10.855287">
        <ele>115.530908</ele>
        <time>2024-05-08T08:06:41.501Z</time>
      </trkpt>
      <trkpt lat="45.878849" lon="10.855169">
        <ele>115.291669</ele>
        <time>2024-05-08T08:06:43.496Z</time>
      </trkpt>
      <trkpt lat="45.878889" lon="10.855048">
        <ele>115.058434</ele>
        <time>2024-05-08T08:06:45.494Z</time>
      </trkpt>
      <trkpt lat="45.878961" lon="10.854938">
        <ele>114.795537</ele>
        <time>2024-05-08T08:06:48.492Z</time>
      </trkpt>
      <trkpt lat="45.879063" lon="10.854945">
        <ele>114.540132</ele>
        <time>2024-05-08T08:06:51.498Z</time>
      </trkpt>
      <trkpt lat="45.879123" lon="10.854846">
        <ele>114.311581</ele>
        <time>2024-05-08T08:06:53.490Z</time>
      </trkpt>
      <trkpt lat="45.879183" lon="10.854742">
        <ele>114.076395</ele>
        <time>2024-05-08T08:06:55.481Z</time>
      </trkpt>
      <trkpt lat="45.879273" lon="10.854639">
        <ele>113.788584</ele>
        <time>2024-05-08T08:06:58.518Z</time>
      </trkpt>
      <trkpt lat="45.879343" lon="10.854553">
        <ele>113.558202</ele>
        <time>2024-05-08T08:07:00.503Z</time>
      </trkpt>
      <trkpt lat="45.879406" lon="10.854424">
        <ele>113.283828</ele>
        <time>2024-05-08T08:07:02.501Z</time>
      </trkpt>
      <trkpt lat="45.879476" lon="10.854273">
        <ele>112.967947</ele>
        <time>2024-05-08T08:07:05.510Z</time>
      </trkpt>
      <trkpt lat="45.879536" lon="10.854173">
        <ele>112.738082</ele>
        <time>2024-05-08T08:07:07.499Z</time>
      </trkpt>
      <trkpt lat="45.879588" lon="10.854060">
        <ele>112.502226</ele>
        <time>2024-05-08T08:07:09.495Z</time>
      </trkpt>
      <trkpt lat="45.879639" lon="10.853943">
        <ele>112.261866</ele>
        <time>2024-05-08T08:07:11.490Z</time>
      </trkpt>
      <trkpt lat="45.879690" lon="10.853831">
        <ele>112.028839</ele>
        <time>2024-05-08T08:07:13.497Z</time>
      </trkpt>
      <trkpt lat="45.879740" lon="10.853722">
        <ele>112.045416</ele>
        <time>2024-05-08T08:07:15.497Z</time>
      </trkpt>
      <trkpt lat="45.879792" lon="10.853613">
        <ele>112.147678</ele>
        <time>2024-05-08T08:07:17.491Z</time>
      </trkpt>
      <trkpt lat="45.879817" lon="10.853418">
        <ele>112.301128</ele>
        <time>2024-05-08T08:07:20.484Z</time>
      </trkpt>
      <trkpt lat="45.879729" lon="10.853328">
        <ele>112.421218</ele>
        <time>2024-05-08T08:07:22.490Z</time>
      </trkpt>
      <trkpt lat="45.879661" lon="10.853170">
        <ele>112.564975</ele>
        <time>2024-05-08T08:07:25.495Z</time>
      </trkpt>
      <trkpt lat="45.879568" lon="10.853050">
        <ele>112.703947</ele>
        <time>2024-05-08T08:07:28.501Z</time>
      </trkpt>
      <trkpt lat="45.879471" lon="10.852928">
        <ele>112.847274</ele>
        <time>2024-05-08T08:07:31.499Z</time>
      </trkpt>
      <trkpt lat="45.879440" lon="10.852807">
        <ele>112.947057</ele>
        <time>2024-05-08T08:07:34.499Z</time>
      </trkpt>
      <trkpt lat="45.879491" lon="10.852685">
        <ele>113.057189</ele>
        <time>2024-05-08T08:07:37.496Z</time>
      </trkpt>
      <trkpt lat="45.879553" lon="10.852546">
        <ele>113.184949</ele>
        <time>2024-05-08T08:07:40.499Z</time>
      </trkpt>
      <trkpt lat="45.879641" lon="10.852411">
        <ele>113.328077</ele>
        <time>2024-05-08T08:07:43.498Z</time>
      </trkpt>
      <trkpt lat="45.879715" lon="10.852280">
        <ele>113.458636</ele>
        <time>2024-05-08T08:07:46.497Z</time>
      </trkpt>
      <trkpt lat="45.879770" lon="10.852172">
        <ele>113.562194</ele>
        <time>2024-05-08T08:07:48.497Z</time>
      </trkpt>
      <trkpt lat="45.879847" lon="10.852015">
        <ele>113.710822</ele>
        <time>2024-05-08T08:07:51.497Z</time>
      </trkpt>
      <trkpt lat="45.879901" lon="10.851895">
        <ele>113.821404</ele>
        <time>2024-05-08T08:07:53.495Z</time>
      </trkpt>
      <trkpt lat="45.879968" lon="10.851731">
        <ele>113.968565</ele>
        <time>2024-05-08T08:07:56.502Z</time>
      </trkpt>
      <trkpt lat="45.880022" lon="10.851588">
        <ele>113.984141</ele>
        <time>2024-05-08T08:07:58.495Z</time>
      </trkpt>
      <trkpt lat="45.880069" lon="10.851460">
        <ele>113.996962</ele>
        <time>2024-05-08T08:08:00.507Z</time>
      </trkpt>
      <trkpt lat="45.880072" lon="10.851323">
        <ele>114.009105</ele>
        <time>2024-05-08T08:08:02.494Z</time>
      </trkpt>
      <trkpt lat="45.880086" lon="10.851184">
        <ele>114.021548</ele>
        <time>2024-05-08T08:08:04.510Z</time>
      </trkpt>
      <trkpt lat="45.880107" lon="10.851044">
        <ele>114.034236</ele>
        <time>2024-05-08T08:08:06.503Z</time>
      </trkpt>
      <trkpt lat="45.880129" lon="10.850903">
        <ele>114.047037</ele>
        <time>2024-05-08T08:08:08.491Z</time>
      </trkpt>
      <trkpt lat="45.880147" lon="10.850763">
        <ele>114.059650</ele>
        <time>2024-05-08T08:08:10.489Z</time>
      </trkpt>
      <trkpt lat="45.880175" lon="10.850632">
        <ele>114.071790</ele>
        <time>2024-05-08T08:08:12.497Z</time>
      </trkpt>
      <trkpt lat="45.880213" lon="10.850502">
        <ele>114.084281</ele>
        <time>2024-05-08T08:08:14.494Z</time>
      </trkpt>
      <trkpt lat="45.880258" lon="10.850387">
        <ele>114.095969</ele>
        <time>2024-05-08T08:08:16.499Z</time>
      </trkpt>
      <trkpt lat="45.880319" lon="10.850265">
        <ele>114.109276</ele>
        <time>2024-05-08T08:08:18.495Z</time>
      </trkpt>
      <trkpt lat="45.880381" lon="10.850168">
        <ele>114.120942</ele>
        <time>2024-05-08T08:08:20.490Z</time>
      </trkpt>
      <trkpt lat="45.880441" lon="10.850062">
        <ele>114.133046</ele>
        <time>2024-05-08T08:08:22.498Z</time>
      </trkpt>
      <trkpt lat="45.880533" lon="10.849917">
        <ele>114.150426</ele>
        <time>2024-05-08T08:08:25.498Z</time>
      </trkpt>
      <trkpt lat="45.880608" lon="10.849832">
        <ele>114.162584</ele>
        <time>2024-05-08T08:08:27.503Z</time>
      </trkpt>
      <trkpt lat="45.880732" lon="10.849765">
        <ele>114.179444</ele>
        <time>2024-05-08T08:08:30.489Z</time>
      </trkpt>
      <trkpt lat="45.880853" lon="10.849867">
        <ele>114.197298</ele>
        <time>2024-05-08T08:08:33.507Z</time>
      </trkpt>
      <trkpt lat="45.880909" lon="10.849975">
        <ele>114.154344</ele>
        <time>2024-05-08T08:08:35.491Z</time>
      </trkpt>
      <trkpt lat="45.881012" lon="10.850099">
        <ele>114.081663</ele>
        <time>2024-05-08T08:08:38.497Z</time>
      </trkpt>
      <trkpt lat="45.881072" lon="10.850206">
        <ele>114.029934</ele>
        <time>2024-05-08T08:08:40.493Z</time>
      </trkpt>
      <trkpt lat="45.881150" lon="10.850294">
        <ele>113.976294</ele>
        <time>2024-05-08T08:08:42.494Z</time>
      </trkpt>
      <trkpt lat="45.881244" lon="10.850306">
        <ele>113.925255</ele>
        <time>2024-05-08T08:08:44.492Z</time>
      </trkpt>
      <trkpt lat="45.881332" lon="10.850206">
        <ele>113.864571</ele>
        <time>2024-05-08T08:08:46.493Z</time>
      </trkpt>
      <trkpt lat="45.881385" lon="10.850082">
        <ele>113.809788</ele>
        <time>2024-05-08T08:08:48.494Z</time>
      </trkpt>
      <trkpt lat="45.881448" lon="10.849980">
        <ele>113.758450</ele>
        <time>2024-05-08T08:08:50.496Z</time>
      </trkpt>
      <trkpt lat="45.881523" lon="10.849883">
        <ele>113.703869</ele>
        <time>2024-05-08T08:08:52.495Z</time>
      </trkpt>
      <trkpt lat="45.881584" lon="10.849786">
        <ele>113.654655</ele>
        <time>2024-05-08T08:08:54.499Z</time>
      </trkpt>
      <trkpt lat="45.881626" lon="10.849661">
        <ele>113.602398</ele>
        <time>2024-05-08T08:08:56.479Z</time>
      </trkpt>
      <trkpt lat="45.881665" lon="10.849500">
        <ele>113.538218</ele>
        <time>2024-05-08T08:08:59.515Z</time>
      </trkpt>
      <trkpt lat="45.881666" lon="10.849341">
        <ele>113.478353</ele>
        <time>2024-05-08T08:09:01.496Z</time>
      </trkpt>
      <trkpt lat="45.881710" lon="10.849175">
        <ele>113.411478</ele>
        <time>2024-05-08T08:09:04.498Z</time>
      </trkpt>
      <trkpt lat="45.881711" lon="10.849034">
        <ele>113.358389</ele>
        <time>2024-05-08T08:09:06.494Z</time>
      </trkpt>
      <trkpt lat="45.881719" lon="10.848897">
        <ele>113.306629</ele>
        <time>2024-05-08T08:09:08.496Z</time>
      </trkpt>
      <trkpt lat="45.881743" lon="10.848768">
        <ele>113.256356</ele>
        <time>2024-05-08T08:09:10.491Z</time>
      </trkpt>
      <trkpt lat="45.881730" lon="10.848563">
        <ele>113.377982</ele>
        <time>2024-05-08T08:09:13.496Z</time>
      </trkpt>
      <trkpt lat="45.881691" lon="10.848380">
        <ele>113.610163</ele>
        <time>2024-05-08T08:09:16.505Z</time>
      </trkpt>
      <trkpt lat="45.881714" lon="10.848248">
        <ele>113.775242</ele>
        <time>2024-05-08T08:09:18.493Z</time>
      </trkpt>
      <trkpt lat="45.881759" lon="10.848069">
        <ele>114.006127</ele>
        <time>2024-05-08T08:09:21.472Z</time>
      </trkpt>
      <trkpt lat="45.881759" lon="10.847903">
        <ele>114.207513</ele>
        <time>2024-05-08T08:09:24.486Z</time>
      </trkpt>
      <trkpt lat="45.881773" lon="10.847719">
        <ele>114.432067</ele>
        <time>2024-05-08T08:09:27.477Z</time>
      </trkpt>
      <trkpt lat="45.881794" lon="10.847539">
        <ele>114.653483</ele>
        <time>2024-05-08T08:09:29.493Z</time>
      </trkpt>
      <trkpt lat="45.881833" lon="10.847417">
        <ele>114.816349</ele>
        <time>2024-05-08T08:09:31.498Z</time>
      </trkpt>
      <trkpt lat="45.881818" lon="10.847222">
        <ele>115.054358</ele>
        <time>2024-05-08T08:09:34.487Z</time>
      </trkpt>
      <trkpt lat="45.881793" lon="10.847082">
        <ele>115.229701</ele>
        <time>2024-05-08T08:09:36.473Z</time>
      </trkpt>
      <trkpt lat="45.881776" lon="10.846937">
        <ele>115.408088</ele>
        <time>2024-05-08T08:09:38.494Z</time>
      </trkpt>
      <trkpt lat="45.881787" lon="10.846787">
        <ele>115.591071</ele>
        <time>2024-05-08T08:09:40.497Z</time>
      </trkpt>
      <trkpt lat="45.881800" lon="10.846648">
        <ele>115.761217</ele>
        <time>2024-05-08T08:09:42.491Z</time>
      </trkpt>
      <trkpt lat="45.881844" lon="10.846524">
        <ele>115.930066</ele>
        <time>2024-05-08T08:09:44.494Z</time>
      </trkpt>
      <trkpt lat="45.881963" lon="10.846471">
        <ele>116.147187</ele>
        <time>2024-05-08T08:09:47.498Z</time>
      </trkpt>
      <trkpt lat="45.882077" lon="10.846476">
        <ele>116.345949</ele>
        <time>2024-05-08T08:09:50.490Z</time>
      </trkpt>
      <trkpt lat="45.882181" lon="10.846484">
        <ele>116.419489</ele>
        <time>2024-05-08T08:09:53.495Z</time>
      </trkpt>
      <trkpt lat="45.882295" lon="10.846558">
        <ele>116.496493</ele>
        <time>2024-05-08T08:09:56.521Z</time>
      </trkpt>
      <trkpt lat="45.882340" lon="10.846731">
        <ele>116.575630</ele>
        <time>2024-05-08T08:09:59.504Z</time>
      </trkpt>
      <trkpt lat="45.882410" lon="10.846883">
        <ele>116.653725</ele>
        <time>2024-05-08T08:10:02.501Z</time>
      </trkpt>
      <trkpt lat="45.882497" lon="10.847035">
        <ele>116.738046</ele>
        <time>2024-05-08T08:10:05.513Z</time>
      </trkpt>
      <trkpt lat="45.882596" lon="10.847162">
        <ele>116.819747</ele>
        <time>2024-05-08T08:10:08.491Z</time>
      </trkpt>
      <trkpt lat="45.882689" lon="10.847287">
        <ele>116.898143</ele>
        <time>2024-05-08T08:10:11.501Z</time>
      </trkpt>
      <trkpt lat="45.882755" lon="10.847380">
        <ele>116.955051</ele>
        <time>2024-05-08T08:10:13.493Z</time>
      </trkpt>
      <trkpt lat="45.882845" lon="10.847505">
        <ele>117.032109</ele>
        <time>2024-05-08T08:10:16.495Z</time>
      </trkpt>
      <trkpt lat="45.882943" lon="10.847626">
        <ele>117.111653</ele>
        <time>2024-05-08T08:10:19.497Z</time>
      </trkpt>
      <trkpt lat="45.883033" lon="10.847750">
        <ele>117.188413</ele>
        <time>2024-05-08T08:10:22.501Z</time>
      </trkpt>
      <trkpt lat="45.883115" lon="10.847892">
        <ele>117.267470</ele>
        <time>2024-05-08T08:10:25.496Z</time>
      </trkpt>
      <trkpt lat="45.883194" lon="10.848032">
        <ele>117.344693</ele>
        <time>2024-05-08T08:10:28.500Z</time>
      </trkpt>
      <trkpt lat="45.883267" lon="10.848176">
        <ele>117.421024</ele>
        <time>2024-05-08T08:10:31.501Z</time>
      </trkpt>
      <trkpt lat="45.883329" lon="10.848329">
        <ele>117.565603</ele>
        <time>2024-05-08T08:10:34.492Z</time>
      </trkpt>
      <trkpt lat="45.883408" lon="10.848456">
        <ele>117.810301</ele>
        <time>2024-05-08T08:10:37.497Z</time>
      </trkpt>
      <trkpt lat="45.883535" lon="10.848428">
        <ele>118.075484</ele>
        <time>2024-05-08T08:10:40.493Z</time>
      </trkpt>
      <trkpt lat="45.883647" lon="10.848357">
        <ele>118.328146</ele>
        <time>2024-05-08T08:10:43.490Z</time>
      </trkpt>
      <trkpt lat="45.883730" lon="10.848228">
        <ele>118.580522</ele>
        <time>2024-05-08T08:10:46.493Z</time>
      </trkpt>
      <trkpt lat="45.883800" lon="10.848076">
        <ele>118.842365</ele>
        <time>2024-05-08T08:10:49.498Z</time>
      </trkpt>
      <trkpt lat="45.883860" lon="10.847926">
        <ele>119.090916</ele>
        <time>2024-05-08T08:10:52.499Z</time>
      </trkpt>
      <trkpt lat="45.883932" lon="10.847779">
        <ele>119.349151</ele>
        <time>2024-05-08T08:10:55.495Z</time>
      </trkpt>
      <trkpt lat="45.884028" lon="10.847681">
        <ele>119.592215</ele>
        <time>2024-05-08T08:10:58.497Z</time>
      </trkpt>
      <trkpt lat="45.884142" lon="10.847695">
        <ele>119.828357</ele>
        <time>2024-05-08T08:11:01.510Z</time>
      </trkpt>
      <trkpt lat="45.884252" lon="10.847749">
        <ele>120.068274</ele>
        <time>2024-05-08T08:11:04.480Z</time>
      </trkpt>
      <trkpt lat="45.884353" lon="10.847817">
        <ele>120.298484</ele>
        <time>2024-05-08T08:11:07.477Z</time>
      </trkpt>
      <trkpt lat="45.884451" lon="10.847882">
        <ele>120.521263</ele>
        <time>2024-05-08T08:11:10.480Z</time>
      </trkpt>
      <trkpt lat="45.884533" lon="10.847945">
        <ele>120.713185</ele>
        <time>2024-05-08T08:11:14.479Z</time>
      </trkpt>
      <trkpt lat="45.884634" lon="10.847988">
        <ele>120.930599</ele>
        <time>2024-05-08T08:11:17.495Z</time>
      </trkpt>
      <trkpt lat="45.884738" lon="10.848050">
        <ele>121.162992</ele>
        <time>2024-05-08T08:11:20.494Z</time>
      </trkpt>
      <trkpt lat="45.884843" lon="10.848117">
        <ele>120.984055</ele>
        <time>2024-05-08T08:11:23.486Z</time>
      </trkpt>
      <trkpt lat="45.884950" lon="10.848182">
        <ele>120.770876</ele>
        <time>2024-05-08T08:11:26.489Z</time>
      </trkpt>
      <trkpt lat="45.885057" lon="10.848247">
        <ele>120.557697</ele>
        <time>2024-05-08T08:11:29.497Z</time>
      </trkpt>
      <trkpt lat="45.885154" lon="10.848290">
        <ele>120.371419</ele>
        <time>2024-05-08T08:11:32.500Z</time>
      </trkpt>
      <trkpt lat="45.885245" lon="10.848297">
        <ele>120.204194</ele>
        <time>2024-05-08T08:11:39.488Z</time>
      </trkpt>
      <trkpt lat="45.885321" lon="10.848173">
        <ele>119.993157</ele>
        <time>2024-05-08T08:11:42.496Z</time>
      </trkpt>
      <trkpt lat="45.885360" lon="10.848044">
        <ele>119.813510</ele>
        <time>2024-05-08T08:11:44.499Z</time>
      </trkpt>
      <trkpt lat="45.885402" lon="10.847889">
        <ele>119.601050</ele>
        <time>2024-05-08T08:11:46.498Z</time>
      </trkpt>
      <trkpt lat="45.885447" lon="10.847728">
        <ele>119.379439</ele>
        <time>2024-05-08T08:11:48.489Z</time>
      </trkpt>
      <trkpt lat="45.885489" lon="10.847555">
        <ele>119.145405</ele>
        <time>2024-05-08T08:11:50.494Z</time>
      </trkpt>
      <trkpt lat="45.885532" lon="10.847385">
        <ele>118.914366</ele>
        <time>2024-05-08T08:11:52.492Z</time>
      </trkpt>
      <trkpt lat="45.885580" lon="10.847203">
        <ele>118.665764</ele>
        <time>2024-05-08T08:11:54.496Z</time>
      </trkpt>
      <trkpt lat="45.885629" lon="10.847021">
        <ele>118.416506</ele>
        <time>2024-05-08T08:11:56.499Z</time>
      </trkpt>
      <trkpt lat="45.885678" lon="10.846850">
        <ele>118.180299</ele>
        <time>2024-05-08T08:11:58.497Z</time>
      </trkpt>
      <trkpt lat="45.885718" lon="10.846688">
        <ele>117.960738</ele>
        <time>2024-05-08T08:12:00.494Z</time>
      </trkpt>
      <trkpt lat="45.885757" lon="10.846535">
        <ele>117.803244</ele>
        <time>2024-05-08T08:12:02.492Z</time>
      </trkpt>
      <trkpt lat="45.885790" lon="10.846400">
        <ele>117.693493</ele>
        <time>2024-05-08T08:12:04.501Z</time>
      </trkpt>
      <trkpt lat="45.885828" lon="10.846272">
        <ele>117.586754</ele>
        <time>2024-05-08T08:12:06.492Z</time>
      </trkpt>
      <trkpt lat="45.885863" lon="10.846109">
        <ele>117.455912</ele>
        <time>2024-05-08T08:12:09.488Z</time>
      </trkpt>
      <trkpt lat="45.885897" lon="10.845936">
        <ele>117.318025</ele>
        <time>2024-05-08T08:12:12.479Z</time>
      </trkpt>
      <trkpt lat="45.885930" lon="10.845805">
        <ele>117.211164</ele>
        <time>2024-05-08T08:12:14.496Z</time>
      </trkpt>
      <trkpt lat="45.885963" lon="10.845668">
        <ele>117.099965</ele>
        <time>2024-05-08T08:12:16.490Z</time>
      </trkpt>
      <trkpt lat="45.885998" lon="10.845538">
        <ele>116.993050</ele>
        <time>2024-05-08T08:12:18.491Z</time>
      </trkpt>
      <trkpt lat="45.886044" lon="10.845408">
        <ele>116.881190</ele>
        <time>2024-05-08T08:12:20.495Z</time>
      </trkpt>
      <trkpt lat="45.886095" lon="10.845269">
        <ele>116.760666</ele>
        <time>2024-05-08T08:12:22.475Z</time>
      </trkpt>
      <trkpt lat="45.886121" lon="10.845124">
        <ele>116.645814</ele>
        <time>2024-05-08T08:12:24.480Z</time>
      </trkpt>
      <trkpt lat="45.886078" lon="10.844996">
        <ele>116.536796</ele>
        <time>2024-05-08T08:12:26.485Z</time>
      </trkpt>
      <trkpt lat="45.885961" lon="10.844999">
        <ele>116.407849</ele>
        <time>2024-05-08T08:12:29.474Z</time>
      </trkpt>
      <trkpt lat="45.885871" lon="10.845121">
        <ele>116.271493</ele>
        <time>2024-05-08T08:12:32.503Z</time>
      </trkpt>
      <trkpt lat="45.885735" lon="10.845130">
        <ele>116.121471</ele>
        <time>2024-05-08T08:12:35.476Z</time>
      </trkpt>
      <trkpt lat="45.885632" lon="10.845104">
        <ele>116.006232</ele>
        <time>2024-05-08T08:12:37.501Z</time>
      </trkpt>
      <trkpt lat="45.885526" lon="10.845080">
        <ele>115.891069</ele>
        <time>2024-05-08T08:12:39.514Z</time>
      </trkpt>
      <trkpt lat="45.885421" lon="10.845047">
        <ele>115.811615</ele>
        <time>2024-05-08T08:12:41.495Z</time>
      </trkpt>
      <trkpt lat="45.885318" lon="10.844991">
        <ele>115.730205</ele>
        <time>2024-05-08T08:12:43.498Z</time>
      </trkpt>
      <trkpt lat="45.885217" lon="10.844944">
        <ele>115.651725</ele>
        <time>2024-05-08T08:12:45.486Z</time>
      </trkpt>
      <trkpt lat="45.885128" lon="10.844846">
        <ele>115.568831</ele>
        <time>2024-05-08T08:12:47.477Z</time>
      </trkpt>
      <trkpt lat="45.885033" lon="10.844760">
        <ele>115.485825</ele>
        <time>2024-05-08T08:12:49.497Z</time>
      </trkpt>
      <trkpt lat="45.884962" lon="10.844661">
        <ele>115.412683</ele>
        <time>2024-05-08T08:12:51.500Z</time>
      </trkpt>
      <trkpt lat="45.884930" lon="10.844528">
        <ele>115.340272</ele>
        <time>2024-05-08T08:12:53.489Z</time>
      </trkpt>
      <trkpt lat="45.884938" lon="10.844392">
        <ele>115.270041</ele>
        <time>2024-05-08T08:12:55.496Z</time>
      </trkpt>
      <trkpt lat="45.884943" lon="10.844238">
        <ele>115.190711</ele>
        <time>2024-05-08T08:12:57.495Z</time>
      </trkpt>
      <trkpt lat="45.884955" lon="10.844067">
        <ele>115.102273</ele>
        <time>2024-05-08T08:12:59.483Z</time>
      </trkpt>
      <trkpt lat="45.884960" lon="10.843937">
        <ele>115.035277</ele>
        <time>2024-05-08T08:13:01.494Z</time>
      </trkpt>
      <trkpt lat="45.884968" lon="10.843794">
        <ele>114.961456</ele>
        <time>2024-05-08T08:13:03.488Z</time>
      </trkpt>
      <trkpt lat="45.884981" lon="10.843659">
        <ele>114.891327</ele>
        <time>2024-05-08T08:13:05.483Z</time>
      </trkpt>
      <trkpt lat="45.884991" lon="10.843499">
        <ele>114.808665</ele>
        <time>2024-05-08T08:13:07.483Z</time>
      </trkpt>
      <trkpt lat="45.884995" lon="10.843333">
        <ele>114.723195</ele>
        <time>2024-05-08T08:13:09.493Z</time>
      </trkpt>
      <trkpt lat="45.884998" lon="10.843183">
        <ele>114.645977</ele>
        <time>2024-05-08T08:13:11.503Z</time>
      </trkpt>
      <trkpt lat="45.884995" lon="10.843012">
        <ele>114.568996</ele>
        <time>2024-05-08T08:13:13.518Z</time>
      </trkpt>
      <trkpt lat="45.885002" lon="10.842855">
        <ele>114.579179</ele>
        <time>2024-05-08T08:13:16.508Z</time>
      </trkpt>
      <trkpt lat="45.884992" lon="10.842713">
        <ele>114.588417</ele>
        <time>2024-05-08T08:13:18.497Z</time>
      </trkpt>
      <trkpt lat="45.884983" lon="10.842548">
        <ele>114.599129</ele>
        <time>2024-05-08T08:13:21.508Z</time>
      </trkpt>
      <trkpt lat="45.885008" lon="10.842400">
        <ele>114.608986</ele>
        <time>2024-05-08T08:13:24.487Z</time>
      </trkpt>
      <trkpt lat="45.885045" lon="10.842255">
        <ele>114.618982</ele>
        <time>2024-05-08T08:13:28.511Z</time>
      </trkpt>
      <trkpt lat="45.885055" lon="10.842106">
        <ele>114.628671</ele>
        <time>2024-05-08T08:13:31.495Z</time>
      </trkpt>
      <trkpt lat="45.885048" lon="10.841949">
        <ele>114.638853</ele>
        <time>2024-05-08T08:13:34.522Z</time>
      </trkpt>
      <trkpt lat="45.885020" lon="10.841793">
        <ele>114.649281</ele>
        <time>2024-05-08T08:13:37.502Z</time>
      </trkpt>
      <trkpt lat="45.884983" lon="10.841646">
        <ele>114.659398</ele>
        <time>2024-05-08T08:13:40.484Z</time>
      </trkpt>
      <trkpt lat="45.884893" lon="10.841540">
        <ele>114.670220</ele>
        <time>2024-05-08T08:13:43.480Z</time>
      </trkpt>
      <trkpt lat="45.884767" lon="10.841514">
        <ele>114.682055</ele>
        <time>2024-05-08T08:13:46.484Z</time>
      </trkpt>
      <trkpt lat="45.884647" lon="10.841496">
        <ele>114.693274</ele>
        <time>2024-05-08T08:13:49.496Z</time>
      </trkpt>
      <trkpt lat="45.884565" lon="10.841353">
        <ele>114.705266</ele>
        <time>2024-05-08T08:13:52.487Z</time>
      </trkpt>
      <trkpt lat="45.884477" lon="10.841215">
        <ele>114.717379</ele>
        <time>2024-05-08T08:13:55.490Z</time>
      </trkpt>
      <trkpt lat="45.884404" lon="10.841071">
        <ele>114.728909</ele>
        <time>2024-05-08T08:13:58.489Z</time>
      </trkpt>
      <trkpt lat="45.884338" lon="10.840938">
        <ele>114.636574</ele>
        <time>2024-05-08T08:14:01.498Z</time>
      </trkpt>
      <trkpt lat="45.884226" lon="10.840893">
        <ele>114.398824</ele>
        <time>2024-05-08T08:14:04.495Z</time>
      </trkpt>
      <trkpt lat="45.884113" lon="10.840848">
        <ele>114.159105</ele>
        <time>2024-05-08T08:14:07.498Z</time>
      </trkpt>
      <trkpt lat="45.884056" lon="10.840736">
        <ele>113.961667</ele>
        <time>2024-05-08T08:14:10.487Z</time>
      </trkpt>
      <trkpt lat="45.884061" lon="10.840594">
        <ele>113.759333</ele>
        <time>2024-05-08T08:14:13.485Z</time>
      </trkpt>
      <trkpt lat="45.884079" lon="10.840428">
        <ele>113.520254</ele>
        <time>2024-05-08T08:14:16.492Z</time>
      </trkpt>
      <trkpt lat="45.884101" lon="10.840262">
        <ele>113.279781</ele>
        <time>2024-05-08T08:14:19.479Z</time>
      </trkpt>
      <trkpt lat="45.884140" lon="10.840102">
        <ele>113.038534</ele>
        <time>2024-05-08T08:14:22.499Z</time>
      </trkpt>
      <trkpt lat="45.884182" lon="10.839948">
        <ele>112.803162</ele>
        <time>2024-05-08T08:14:25.495Z</time>
      </trkpt>
      <trkpt lat="45.884252" lon="10.839823">
        <ele>112.574862</ele>
        <time>2024-05-08T08:14:28.490Z</time>
      </trkpt>
      <trkpt lat="45.884348" lon="10.839783">
        <ele>112.370520</ele>
        <time>2024-05-08T08:14:31.478Z</time>
      </trkpt>
      <trkpt lat="45.884460" lon="10.839779">
        <ele>112.141486</ele>
        <time>2024-05-08T08:14:35.486Z</time>
      </trkpt>
      <trkpt lat="45.884567" lon="10.839820">
        <ele>111.915097</ele>
        <time>2024-05-08T08:14:38.480Z</time>
      </trkpt>
      <trkpt lat="45.884673" lon="10.839765">
        <ele>111.684698</ele>
        <time>2024-05-08T08:14:41.478Z</time>
      </trkpt>
      <trkpt lat="45.884740" lon="10.839616">
        <ele>111.432271</ele>
        <time>2024-05-08T08:14:44.478Z</time>
      </trkpt>
      <trkpt lat="45.884747" lon="10.839485">
        <ele>111.245302</ele>
        <time>2024-05-08T08:14:46.475Z</time>
      </trkpt>
      <trkpt lat="45.884742" lon="10.839356">
        <ele>111.061443</ele>
        <time>2024-05-08T08:14:48.490Z</time>
      </trkpt>
      <trkpt lat="45.884736" lon="10.839184">
        <ele>111.272409</ele>
        <time>2024-05-08T08:14:51.520Z</time>
      </trkpt>
      <trkpt lat="45.884720" lon="10.839016">
        <ele>111.486503</ele>
        <time>2024-05-08T08:14:54.489Z</time>
      </trkpt>
      <trkpt lat="45.884639" lon="10.838901">
        <ele>111.693065</ele>
        <time>2024-05-08T08:14:57.483Z</time>
      </trkpt>
      <trkpt lat="45.884510" lon="10.838877">
        <ele>111.929002</ele>
        <time>2024-05-08T08:15:00.484Z</time>
      </trkpt>
      <trkpt lat="45.884381" lon="10.838903">
        <ele>112.165275</ele>
        <time>2024-05-08T08:15:03.506Z</time>
      </trkpt>
      <trkpt lat="45.884255" lon="10.838920">
        <ele>112.394822</ele>
        <time>2024-05-08T08:15:06.507Z</time>
      </trkpt>
      <trkpt lat="45.884130" lon="10.838930">
        <ele>112.621900</ele>
        <time>2024-05-08T08:15:09.508Z</time>
      </trkpt>
      <trkpt lat="45.884014" lon="10.838891">
        <ele>112.837987</ele>
        <time>2024-05-08T08:15:12.481Z</time>
      </trkpt>
      <trkpt lat="45.883899" lon="10.838832">
        <ele>113.059479</ele>
        <time>2024-05-08T08:15:15.498Z</time>
      </trkpt>
      <trkpt lat="45.883776" lon="10.838790">
        <ele>113.288794</ele>
        <time>2024-05-08T08:15:18.499Z</time>
      </trkpt>
      <trkpt lat="45.883667" lon="10.838732">
        <ele>113.499627</ele>
        <time>2024-05-08T08:15:21.495Z</time>
      </trkpt>
      <trkpt lat="45.883564" lon="10.838690">
        <ele>113.693831</ele>
        <time>2024-05-08T08:15:24.502Z</time>
      </trkpt>
      <trkpt lat="45.883468" lon="10.838652">
        <ele>113.874447</ele>
        <time>2024-05-08T08:15:27.499Z</time>
      </trkpt>
      <trkpt lat="45.883354" lon="10.838638">
        <ele>114.081976</ele>
        <time>2024-05-08T08:15:30.492Z</time>
      </trkpt>
      <trkpt lat="45.883274" lon="10.838570">
        <ele>114.250580</ele>
        <time>2024-05-08T08:15:33.478Z</time>
      </trkpt>
      <trkpt lat="45.883217" lon="10.838420">
        <ele>114.566973</ele>
        <time>2024-05-08T08:15:37.472Z</time>
      </trkpt>
      <trkpt lat="45.883100" lon="10.838365">
        <ele>114.944210</ele>
        <time>2024-05-08T08:15:40.485Z</time>
      </trkpt>
      <trkpt lat="45.882976" lon="10.838321">
        <ele>115.335608</ele>
        <time>2024-05-08T08:15:43.484Z</time>
      </trkpt>
      <trkpt lat="45.882856" lon="10.838277">
        <ele>115.715119</ele>
        <time>2024-05-08T08:15:46.483Z</time>
      </trkpt>
      <trkpt lat="45.882734" lon="10.838236">
        <ele>116.099063</ele>
        <time>2024-05-08T08:15:49.490Z</time>
      </trkpt>
      <trkpt lat="45.882609" lon="10.838200">
        <ele>116.489727</ele>
        <time>2024-05-08T08:15:52.484Z</time>
      </trkpt>
      <trkpt lat="45.882488" lon="10.838170">
        <ele>116.865995</ele>
        <time>2024-05-08T08:15:55.491Z</time>
      </trkpt>
      <trkpt lat="45.882364" lon="10.838138">
        <ele>117.252056</ele>
        <time>2024-05-08T08:15:58.494Z</time>
      </trkpt>
      <trkpt lat="45.882238" lon="10.838120">
        <ele>117.640067</ele>
        <time>2024-05-08T08:16:01.477Z</time>
      </trkpt>
      <trkpt lat="45.882117" lon="10.838097">
        <ele>118.014084</ele>
        <time>2024-05-08T08:16:04.480Z</time>
      </trkpt>
      <trkpt lat="45.881995" lon="10.838078">
        <ele>118.390125</ele>
        <time>2024-05-08T08:16:07.485Z</time>
      </trkpt>
      <trkpt lat="45.881869" lon="10.838070">
        <ele>118.776609</ele>
        <time>2024-05-08T08:16:10.478Z</time>
      </trkpt>
      <trkpt lat="45.881740" lon="10.838060">
        <ele>119.172484</ele>
        <time>2024-05-08T08:16:13.479Z</time>
      </trkpt>
      <trkpt lat="45.881610" lon="10.838050">
        <ele>119.571419</ele>
        <time>2024-05-08T08:16:16.474Z</time>
      </trkpt>
      <trkpt lat="45.881480" lon="10.838038">
        <ele>119.989135</ele>
        <time>2024-05-08T08:16:19.477Z</time>
      </trkpt>
      <trkpt lat="45.881349" lon="10.838022">
        <ele>120.445902</ele>
        <time>2024-05-08T08:16:22.475Z</time>
      </trkpt>
      <trkpt lat="45.881222" lon="10.838002">
        <ele>120.889774</ele>
        <time>2024-05-08T08:16:25.486Z</time>
      </trkpt>
      <trkpt lat="45.881094" lon="10.837980">
        <ele>121.337648</ele>
        <time>2024-05-08T08:16:28.491Z</time>
      </trkpt>
      <trkpt lat="45.880969" lon="10.837962">
        <ele>121.774104</ele>
        <time>2024-05-08T08:16:31.494Z</time>
      </trkpt>
      <trkpt lat="45.880841" lon="10.837940">
        <ele>122.221978</ele>
        <time>2024-05-08T08:16:34.483Z</time>
      </trkpt>
      <trkpt lat="45.880717" lon="10.837915">
        <ele>122.657006</ele>
        <time>2024-05-08T08:16:37.480Z</time>
      </trkpt>
      <trkpt lat="45.880595" lon="10.837894">
        <ele>123.083895</ele>
        <time>2024-05-08T08:16:40.478Z</time>
      </trkpt>
      <trkpt lat="45.880475" lon="10.837866">
        <ele>123.506268</ele>
        <time>2024-05-08T08:16:43.498Z</time>
      </trkpt>
      <trkpt lat="45.880355" lon="10.837838">
        <ele>123.928641</ele>
        <time>2024-05-08T08:16:46.489Z</time>
      </trkpt>
      <trkpt lat="45.880239" lon="10.837798">
        <ele>124.343101</ele>
        <time>2024-05-08T08:16:49.481Z</time>
      </trkpt>
      <trkpt lat="45.880134" lon="10.837761">
        <ele>124.718712</ele>
        <time>2024-05-08T08:16:52.486Z</time>
      </trkpt>
      <trkpt lat="45.880033" lon="10.837708">
        <ele>125.092291</ele>
        <time>2024-05-08T08:16:56.486Z</time>
      </trkpt>
      <trkpt lat="45.879964" lon="10.837796">
        <ele>125.412865</ele>
        <time>2024-05-08T08:17:13.494Z</time>
      </trkpt>
      <trkpt lat="45.879841" lon="10.837823">
        <ele>125.845157</ele>
        <time>2024-05-08T08:17:17.479Z</time>
      </trkpt>
      <trkpt lat="45.879743" lon="10.837833">
        <ele>126.207640</ele>
        <time>2024-05-08T08:17:19.492Z</time>
      </trkpt>
      <trkpt lat="45.879614" lon="10.837813">
        <ele>126.748782</ele>
        <time>2024-05-08T08:17:22.506Z</time>
      </trkpt>
      <trkpt lat="45.879486" lon="10.837806">
        <ele>127.283015</ele>
        <time>2024-05-08T08:17:25.518Z</time>
      </trkpt>
      <trkpt lat="45.879364" lon="10.837797">
        <ele>127.792509</ele>
        <time>2024-05-08T08:17:28.496Z</time>
      </trkpt>
      <trkpt lat="45.879243" lon="10.837794">
        <ele>128.297236</ele>
        <time>2024-05-08T08:17:31.497Z</time>
      </trkpt>
      <trkpt lat="45.879119" lon="10.837818">
        <ele>128.819073</ele>
        <time>2024-05-08T08:17:34.496Z</time>
      </trkpt>
      <trkpt lat="45.878994" lon="10.837850">
        <ele>129.348622</ele>
        <time>2024-05-08T08:17:37.495Z</time>
      </trkpt>
      <trkpt lat="45.878876" lon="10.837890">
        <ele>129.854281</ele>
        <time>2024-05-08T08:17:40.512Z</time>
      </trkpt>
      <trkpt lat="45.878781" lon="10.837895">
        <ele>130.250761</ele>
        <time>2024-05-08T08:17:43.500Z</time>
      </trkpt>
      <trkpt lat="45.878692" lon="10.837928">
        <ele>130.634118</ele>
        <time>2024-05-08T08:17:49.501Z</time>
      </trkpt>
      <trkpt lat="45.878754" lon="10.837717">
        <ele>131.299100</ele>
        <time>2024-05-08T08:18:11.493Z</time>
      </trkpt>
      <trkpt lat="45.878858" lon="10.837647">
        <ele>131.778108</ele>
        <time>2024-05-08T08:18:15.477Z</time>
      </trkpt>
      <trkpt lat="45.878970" lon="10.837648">
        <ele>132.245233</ele>
        <time>2024-05-08T08:18:18.499Z</time>
      </trkpt>
      <trkpt lat="45.878949" lon="10.837781">
        <ele>132.641210</ele>
        <time>2024-05-08T08:18:24.482Z</time>
      </trkpt>
      <trkpt lat="45.878856" lon="10.837812">
        <ele>133.039390</ele>
        <time>2024-05-08T08:18:28.508Z</time>
      </trkpt>
      <trkpt lat="45.878756" lon="10.837825">
        <ele>133.458162</ele>
        <time>2024-05-08T08:18:32.503Z</time>
      </trkpt>
      <trkpt lat="45.878657" lon="10.837852">
        <ele>134.075075</ele>
        <time>2024-05-08T08:18:36.492Z</time>
      </trkpt>
      <trkpt lat="45.878549" lon="10.837889">
        <ele>134.845881</ele>
        <time>2024-05-08T08:18:40.498Z</time>
      </trkpt>
      <trkpt lat="45.878459" lon="10.837959">
        <ele>135.556409</ele>
        <time>2024-05-08T08:18:44.495Z</time>
      </trkpt>
      <trkpt lat="45.878382" lon="10.838043">
        <ele>136.227662</ele>
        <time>2024-05-08T08:18:48.518Z</time>
      </trkpt>
      <trkpt lat="45.878208" lon="10.838128">
        <ele>137.503579</ele>
        <time>2024-05-08T08:21:35.493Z</time>
      </trkpt>
      <trkpt lat="45.878121" lon="10.838193">
        <ele>138.184382</ele>
        <time>2024-05-08T08:21:39.498Z</time>
      </trkpt>
      <trkpt lat="45.878029" lon="10.838258">
        <ele>138.896161</ele>
        <time>2024-05-08T08:21:43.494Z</time>
      </trkpt>
      <trkpt lat="45.877943" lon="10.838314">
        <ele>139.551688</ele>
        <time>2024-05-08T08:21:47.488Z</time>
      </trkpt>
      <trkpt lat="45.877859" lon="10.838372">
        <ele>140.198725</ele>
        <time>2024-05-08T08:21:51.501Z</time>
      </trkpt>
      <trkpt lat="45.877778" lon="10.838463">
        <ele>140.912629</ele>
        <time>2024-05-08T08:21:56.488Z</time>
      </trkpt>
      <trkpt lat="45.877721" lon="10.838591">
        <ele>141.647013</ele>
        <time>2024-05-08T08:22:01.488Z</time>
      </trkpt>
      <trkpt lat="45.877656" lon="10.838708">
        <ele>142.370480</ele>
        <time>2024-05-08T08:22:06.494Z</time>
      </trkpt>
      <trkpt lat="45.877617" lon="10.838830">
        <ele>143.019323</ele>
        <time>2024-05-08T08:22:10.488Z</time>
      </trkpt>
      <trkpt lat="45.877582" lon="10.838952">
        <ele>143.657078</ele>
        <time>2024-05-08T08:22:14.498Z</time>
      </trkpt>
      <trkpt lat="45.877511" lon="10.839068">
        <ele>144.403598</ele>
        <time>2024-05-08T08:22:19.487Z</time>
      </trkpt>
      <trkpt lat="45.877421" lon="10.839050">
        <ele>145.034438</ele>
        <time>2024-05-08T08:22:23.495Z</time>
      </trkpt>
      <trkpt lat="45.877332" lon="10.838960">
        <ele>145.790071</ele>
        <time>2024-05-08T08:22:28.491Z</time>
      </trkpt>
      <trkpt lat="45.877257" lon="10.838846">
        <ele>146.422136</ele>
        <time>2024-05-08T08:22:33.508Z</time>
      </trkpt>
      <trkpt lat="45.877174" lon="10.838775">
        <ele>146.916272</ele>
        <time>2024-05-08T08:22:38.502Z</time>
      </trkpt>
      <trkpt lat="45.877071" lon="10.838714">
        <ele>147.486149</ele>
        <time>2024-05-08T08:22:43.497Z</time>
      </trkpt>
      <trkpt lat="45.876981" lon="10.838728">
        <ele>147.949197</ele>
        <time>2024-05-08T08:22:47.490Z</time>
      </trkpt>
      <trkpt lat="45.876892" lon="10.838774">
        <ele>148.433013</ele>
        <time>2024-05-08T08:22:51.490Z</time>
      </trkpt>
      <trkpt lat="45.876802" lon="10.838831">
        <ele>148.936133</ele>
        <time>2024-05-08T08:22:55.495Z</time>
      </trkpt>
      <trkpt lat="45.876713" lon="10.838875">
        <ele>149.417585</ele>
        <time>2024-05-08T08:22:59.498Z</time>
      </trkpt>
      <trkpt lat="45.876602" lon="10.838857">
        <ele>149.988964</ele>
        <time>2024-05-08T08:23:04.490Z</time>
      </trkpt>
      <trkpt lat="45.876518" lon="10.838808">
        <ele>150.452710</ele>
        <time>2024-05-08T08:23:08.495Z</time>
      </trkpt>
      <trkpt lat="45.876422" lon="10.838734">
        <ele>151.010000</ele>
        <time>2024-05-08T08:23:13.492Z</time>
      </trkpt>
      <trkpt lat="45.876361" lon="10.838623">
        <ele>151.513595</ele>
        <time>2024-05-08T08:23:17.489Z</time>
      </trkpt>
      <trkpt lat="45.876316" lon="10.838493">
        <ele>152.030610</ele>
        <time>2024-05-08T08:23:21.493Z</time>
      </trkpt>
      <trkpt lat="45.876267" lon="10.838368">
        <ele>152.541465</ele>
        <time>2024-05-08T08:23:25.503Z</time>
      </trkpt>
      <trkpt lat="45.876210" lon="10.838253">
        <ele>153.044182</ele>
        <time>2024-05-08T08:23:29.493Z</time>
      </trkpt>
      <trkpt lat="45.876143" lon="10.838163">
        <ele>153.513408</ele>
        <time>2024-05-08T08:23:33.484Z</time>
      </trkpt>
      <trkpt lat="45.876058" lon="10.838100">
        <ele>154.002661</ele>
        <time>2024-05-08T08:23:37.485Z</time>
      </trkpt>
      <trkpt lat="45.875959" lon="10.838094">
        <ele>154.509503</ele>
        <time>2024-05-08T08:23:41.493Z</time>
      </trkpt>
      <trkpt lat="45.875871" lon="10.838121">
        <ele>154.969783</ele>
        <time>2024-05-08T08:23:45.487Z</time>
      </trkpt>
      <trkpt lat="45.875779" lon="10.838102">
        <ele>155.495016</ele>
        <time>2024-05-08T08:23:49.495Z</time>
      </trkpt>
      <trkpt lat="45.875703" lon="10.838020">
        <ele>156.119079</ele>
        <time>2024-05-08T08:23:53.481Z</time>
      </trkpt>
      <trkpt lat="45.875636" lon="10.837925">
        <ele>156.737185</ele>
        <time>2024-05-08T08:23:57.475Z</time>
      </trkpt>
      <trkpt lat="45.875573" lon="10.837825">
        <ele>157.353638</ele>
        <time>2024-05-08T08:24:01.489Z</time>
      </trkpt>
      <trkpt lat="45.875528" lon="10.837713">
        <ele>157.944715</ele>
        <time>2024-05-08T08:24:05.483Z</time>
      </trkpt>
      <trkpt lat="45.875435" lon="10.837635">
        <ele>158.651766</ele>
        <time>2024-05-08T08:24:10.486Z</time>
      </trkpt>
      <trkpt lat="45.875328" lon="10.837623">
        <ele>159.356398</ele>
        <time>2024-05-08T08:24:15.494Z</time>
      </trkpt>
      <trkpt lat="45.875221" lon="10.837626">
        <ele>160.059025</ele>
        <time>2024-05-08T08:24:20.493Z</time>
      </trkpt>
      <trkpt lat="45.875130" lon="10.837578">
        <ele>160.695487</ele>
        <time>2024-05-08T08:24:25.495Z</time>
      </trkpt>
      <trkpt lat="45.875043" lon="10.837473">
        <ele>161.441548</ele>
        <time>2024-05-08T08:24:30.486Z</time>
      </trkpt>
      <trkpt lat="45.874958" lon="10.837419">
        <ele>162.051755</ele>
        <time>2024-05-08T08:24:34.499Z</time>
      </trkpt>
      <trkpt lat="45.874864" lon="10.837394">
        <ele>162.679390</ele>
        <time>2024-05-08T08:24:38.499Z</time>
      </trkpt>
      <trkpt lat="45.874767" lon="10.837414">
        <ele>163.322758</ele>
        <time>2024-05-08T08:24:42.498Z</time>
      </trkpt>
      <trkpt lat="45.874673" lon="10.837457">
        <ele>163.970446</ele>
        <time>2024-05-08T08:24:46.491Z</time>
      </trkpt>
      <trkpt lat="45.874593" lon="10.837538">
        <ele>164.613059</ele>
        <time>2024-05-08T08:24:50.484Z</time>
      </trkpt>
      <trkpt lat="45.874491" lon="10.837594">
        <ele>165.329981</ele>
        <time>2024-05-08T08:24:54.485Z</time>
      </trkpt>
      <trkpt lat="45.874398" lon="10.837578">
        <ele>165.944924</ele>
        <time>2024-05-08T08:24:58.491Z</time>
      </trkpt>
      <trkpt lat="45.874298" lon="10.837541">
        <ele>166.622895</ele>
        <time>2024-05-08T08:25:04.488Z</time>
      </trkpt>
      <trkpt lat="45.874204" lon="10.837510">
        <ele>167.159978</ele>
        <time>2024-05-08T08:25:08.495Z</time>
      </trkpt>
      <trkpt lat="45.874118" lon="10.837466">
        <ele>167.435351</ele>
        <time>2024-05-08T08:25:12.487Z</time>
      </trkpt>
      <trkpt lat="45.874022" lon="10.837402">
        <ele>167.754593</ele>
        <time>2024-05-08T08:25:17.490Z</time>
      </trkpt>
      <trkpt lat="45.873914" lon="10.837351">
        <ele>168.097514</ele>
        <time>2024-05-08T08:25:21.487Z</time>
      </trkpt>
      <trkpt lat="45.873806" lon="10.837315">
        <ele>168.431937</ele>
        <time>2024-05-08T08:25:25.481Z</time>
      </trkpt>
      <trkpt lat="45.873720" lon="10.837276">
        <ele>168.703966</ele>
        <time>2024-05-08T08:25:29.494Z</time>
      </trkpt>
      <trkpt lat="45.873621" lon="10.837239">
        <ele>169.012529</ele>
        <time>2024-05-08T08:25:34.497Z</time>
      </trkpt>
      <trkpt lat="45.873520" lon="10.837177">
        <ele>169.343839</ele>
        <time>2024-05-08T08:25:39.486Z</time>
      </trkpt>
      <trkpt lat="45.873445" lon="10.837067">
        <ele>169.667173</ele>
        <time>2024-05-08T08:25:44.475Z</time>
      </trkpt>
      <trkpt lat="45.873386" lon="10.836966">
        <ele>169.944054</ele>
        <time>2024-05-08T08:25:48.494Z</time>
      </trkpt>
      <trkpt lat="45.873312" lon="10.836889">
        <ele>170.219685</ele>
        <time>2024-05-08T08:25:52.468Z</time>
      </trkpt>
      <trkpt lat="45.873231" lon="10.836833">
        <ele>170.490842</ele>
        <time>2024-05-08T08:25:56.491Z</time>
      </trkpt>
      <trkpt lat="45.873141" lon="10.836816">
        <ele>170.764651</ele>
        <time>2024-05-08T08:26:00.494Z</time>
      </trkpt>
      <trkpt lat="45.873033" lon="10.836836">
        <ele>171.093113</ele>
        <time>2024-05-08T08:26:05.502Z</time>
      </trkpt>
      <trkpt lat="45.872930" lon="10.836850">
        <ele>171.405185</ele>
        <time>2024-05-08T08:26:10.522Z</time>
      </trkpt>
      <trkpt lat="45.872822" lon="10.836884">
        <ele>171.738685</ele>
        <time>2024-05-08T08:26:15.539Z</time>
      </trkpt>
      <trkpt lat="45.872712" lon="10.836921">
        <ele>172.079461</ele>
        <time>2024-05-08T08:26:20.485Z</time>
      </trkpt>
      <trkpt lat="45.872597" lon="10.836927">
        <ele>172.426569</ele>
        <time>2024-05-08T08:26:26.174Z</time>
      </trkpt>
      <trkpt lat="45.872494" lon="10.836868">
        <ele>173.091925</ele>
        <time>2024-05-08T08:26:29.475Z</time>
      </trkpt>
      <trkpt lat="45.872076" lon="10.836570">
        <ele>176.308741</ele>
        <time>2024-05-08T08:26:46.504Z</time>
      </trkpt>
      <trkpt lat="45.871980" lon="10.836569">
        <ele>176.970509</ele>
        <time>2024-05-08T08:26:50.475Z</time>
      </trkpt>
      <trkpt lat="45.871898" lon="10.836486">
        <ele>177.662024</ele>
        <time>2024-05-08T08:26:55.471Z</time>
      </trkpt>
      <trkpt lat="45.871801" lon="10.836471">
        <ele>178.334533</ele>
        <time>2024-05-08T08:27:00.478Z</time>
      </trkpt>
      <trkpt lat="45.871710" lon="10.836505">
        <ele>178.982695</ele>
        <time>2024-05-08T08:27:04.480Z</time>
      </trkpt>
      <trkpt lat="45.871610" lon="10.836588">
        <ele>179.778848</ele>
        <time>2024-05-08T08:27:09.485Z</time>
      </trkpt>
      <trkpt lat="45.871530" lon="10.836700">
        <ele>180.548955</ele>
        <time>2024-05-08T08:27:13.483Z</time>
      </trkpt>
      <trkpt lat="45.871457" lon="10.836788">
        <ele>181.205922</ele>
        <time>2024-05-08T08:27:18.480Z</time>
      </trkpt>
      <trkpt lat="45.871374" lon="10.836839">
        <ele>181.828223</ele>
        <time>2024-05-08T08:27:23.482Z</time>
      </trkpt>
      <trkpt lat="45.871279" lon="10.836820">
        <ele>182.489399</ele>
        <time>2024-05-08T08:27:28.482Z</time>
      </trkpt>
      <trkpt lat="45.871254" lon="10.836645">
        <ele>183.346821</ele>
        <time>2024-05-08T08:30:33.476Z</time>
      </trkpt>
      <trkpt lat="45.871207" lon="10.836534">
        <ele>183.970351</ele>
        <time>2024-05-08T08:32:05.473Z</time>
      </trkpt>
      <trkpt lat="45.871202" lon="10.836356">
        <ele>184.825371</ele>
        <time>2024-05-08T08:33:47.472Z</time>
      </trkpt>
      <trkpt lat="45.871157" lon="10.836239">
        <ele>185.038197</ele>
        <time>2024-05-08T08:33:52.475Z</time>
      </trkpt>
      <trkpt lat="45.871117" lon="10.836085">
        <ele>185.228303</ele>
        <time>2024-05-08T08:33:57.477Z</time>
      </trkpt>
      <trkpt lat="45.871076" lon="10.835946">
        <ele>185.402900</ele>
        <time>2024-05-08T08:34:01.472Z</time>
      </trkpt>
      <trkpt lat="45.871061" lon="10.835803">
        <ele>185.570160</ele>
        <time>2024-05-08T08:34:06.477Z</time>
      </trkpt>
      <trkpt lat="45.870949" lon="10.833529">
        <ele>188.469979</ele>
        <time>2024-05-08T08:34:38.481Z</time>
      </trkpt>
      <trkpt lat="45.870899" lon="10.833667">
        <ele>188.799274</ele>
        <time>2024-05-08T08:34:40.478Z</time>
      </trkpt>
      <trkpt lat="45.870897" lon="10.833907">
        <ele>189.307332</ele>
        <time>2024-05-08T08:34:42.481Z</time>
      </trkpt>
      <trkpt lat="45.870964" lon="10.834330">
        <ele>190.225594</ele>
        <time>2024-05-08T08:34:44.485Z</time>
      </trkpt>
      <trkpt lat="45.871014" lon="10.834454">
        <ele>190.528909</ele>
        <time>2024-05-08T08:34:45.481Z</time>
      </trkpt>
      <trkpt lat="45.871079" lon="10.834563">
        <ele>190.832690</ele>
        <time>2024-05-08T08:34:47.465Z</time>
      </trkpt>
      <trkpt lat="45.871151" lon="10.834703">
        <ele>191.201108</ele>
        <time>2024-05-08T08:34:49.471Z</time>
      </trkpt>
      <trkpt lat="45.871148" lon="10.834552">
        <ele>191.520867</ele>
        <time>2024-05-08T08:34:55.474Z</time>
      </trkpt>
      <trkpt lat="45.871115" lon="10.834407">
        <ele>191.843775</ele>
        <time>2024-05-08T08:34:59.493Z</time>
      </trkpt>
      <trkpt lat="45.871025" lon="10.834329">
        <ele>192.163340</ele>
        <time>2024-05-08T08:35:03.476Z</time>
      </trkpt>
      <trkpt lat="45.870914" lon="10.834315">
        <ele>192.502091</ele>
        <time>2024-05-08T08:35:07.481Z</time>
      </trkpt>
      <trkpt lat="45.870804" lon="10.834293">
        <ele>192.839729</ele>
        <time>2024-05-08T08:35:12.475Z</time>
      </trkpt>
      <trkpt lat="45.870698" lon="10.834269">
        <ele>193.165960</ele>
        <time>2024-05-08T08:35:17.478Z</time>
      </trkpt>
      <trkpt lat="45.870650" lon="10.834155">
        <ele>193.587442</ele>
        <time>2024-05-08T08:35:22.483Z</time>
      </trkpt>
      <trkpt lat="45.870644" lon="10.834010">
        <ele>194.371163</ele>
        <time>2024-05-08T08:35:27.479Z</time>
      </trkpt>
      <trkpt lat="45.870631" lon="10.833862">
        <ele>195.176019</ele>
        <time>2024-05-08T08:35:32.478Z</time>
      </trkpt>
      <trkpt lat="45.870609" lon="10.833726">
        <ele>195.929343</ele>
        <time>2024-05-08T08:35:37.477Z</time>
      </trkpt>
      <trkpt lat="45.870613" lon="10.833571">
        <ele>196.766212</ele>
        <time>2024-05-08T08:35:42.480Z</time>
      </trkpt>
      <trkpt lat="45.870646" lon="10.833433">
        <ele>197.553472</ele>
        <time>2024-05-08T08:35:47.472Z</time>
      </trkpt>
      <trkpt lat="45.870669" lon="10.833295">
        <ele>198.319078</ele>
        <time>2024-05-08T08:35:53.474Z</time>
      </trkpt>
      <trkpt lat="45.870650" lon="10.833162">
        <ele>199.051621</ele>
        <time>2024-05-08T08:35:58.485Z</time>
      </trkpt>
      <trkpt lat="45.870591" lon="10.833044">
        <ele>199.835433</ele>
        <time>2024-05-08T08:36:04.482Z</time>
      </trkpt>
      <trkpt lat="45.870508" lon="10.832967">
        <ele>200.601108</ele>
        <time>2024-05-08T08:36:10.475Z</time>
      </trkpt>
      <trkpt lat="45.870418" lon="10.832903">
        <ele>201.379320</ele>
        <time>2024-05-08T08:36:16.477Z</time>
      </trkpt>
      <trkpt lat="45.870328" lon="10.832868">
        <ele>202.101841</ele>
        <time>2024-05-08T08:36:21.478Z</time>
      </trkpt>
      <trkpt lat="45.870234" lon="10.832873">
        <ele>202.830743</ele>
        <time>2024-05-08T08:36:26.478Z</time>
      </trkpt>
      <trkpt lat="45.870135" lon="10.832903">
        <ele>203.614780</ele>
        <time>2024-05-08T08:36:31.482Z</time>
      </trkpt>
      <trkpt lat="45.870045" lon="10.832951">
        <ele>204.358721</ele>
        <time>2024-05-08T08:36:36.478Z</time>
      </trkpt>
      <trkpt lat="45.869960" lon="10.833036">
        <ele>205.161320</ele>
        <time>2024-05-08T08:36:41.483Z</time>
      </trkpt>
      <trkpt lat="45.869888" lon="10.833134">
        <ele>205.930000</ele>
        <time>2024-05-08T08:36:46.474Z</time>
      </trkpt>
      <trkpt lat="45.869808" lon="10.833226">
        <ele>206.724165</ele>
        <time>2024-05-08T08:36:52.479Z</time>
      </trkpt>
      <trkpt lat="45.869738" lon="10.833339">
        <ele>207.505356</ele>
        <time>2024-05-08T08:36:58.481Z</time>
      </trkpt>
      <trkpt lat="45.869662" lon="10.833441">
        <ele>208.196541</ele>
        <time>2024-05-08T08:37:04.467Z</time>
      </trkpt>
      <trkpt lat="45.869581" lon="10.833517">
        <ele>208.839448</ele>
        <time>2024-05-08T08:37:10.479Z</time>
      </trkpt>
      <trkpt lat="45.869515" lon="10.833610">
        <ele>209.453836</ele>
        <time>2024-05-08T08:37:16.473Z</time>
      </trkpt>
      <trkpt lat="45.869419" lon="10.833679">
        <ele>210.167158</ele>
        <time>2024-05-08T08:37:22.476Z</time>
      </trkpt>
      <trkpt lat="45.869332" lon="10.833750">
        <ele>210.832065</ele>
        <time>2024-05-08T08:37:27.483Z</time>
      </trkpt>
      <trkpt lat="45.869256" lon="10.833826">
        <ele>211.447427</ele>
        <time>2024-05-08T08:37:32.473Z</time>
      </trkpt>
      <trkpt lat="45.869186" lon="10.833916">
        <ele>212.071720</ele>
        <time>2024-05-08T08:37:38.473Z</time>
      </trkpt>
      <trkpt lat="45.869109" lon="10.834010">
        <ele>212.743234</ele>
        <time>2024-05-08T08:37:44.477Z</time>
      </trkpt>
      <trkpt lat="45.869027" lon="10.834109">
        <ele>213.455056</ele>
        <time>2024-05-08T08:37:50.473Z</time>
      </trkpt>
      <trkpt lat="45.868955" lon="10.834219">
        <ele>214.153561</ele>
        <time>2024-05-08T08:37:56.476Z</time>
      </trkpt>
      <trkpt lat="45.868868" lon="10.834301">
        <ele>214.845032</ele>
        <time>2024-05-08T08:38:01.472Z</time>
      </trkpt>
      <trkpt lat="45.868782" lon="10.834351">
        <ele>215.461531</ele>
        <time>2024-05-08T08:38:06.474Z</time>
      </trkpt>
      <trkpt lat="45.868694" lon="10.834391">
        <ele>216.074857</ele>
        <time>2024-05-08T08:38:12.479Z</time>
      </trkpt>
      <trkpt lat="45.868600" lon="10.834425">
        <ele>216.718969</ele>
        <time>2024-05-08T08:38:18.478Z</time>
      </trkpt>
      <trkpt lat="45.868510" lon="10.834472">
        <ele>217.355306</ele>
        <time>2024-05-08T08:38:24.483Z</time>
      </trkpt>
      <trkpt lat="45.868435" lon="10.834402">
        <ele>217.949658</ele>
        <time>2024-05-08T08:38:30.481Z</time>
      </trkpt>
      <trkpt lat="45.868372" lon="10.834297">
        <ele>218.590952</ele>
        <time>2024-05-08T08:38:36.465Z</time>
      </trkpt>
      <trkpt lat="45.868322" lon="10.834173">
        <ele>219.254306</ele>
        <time>2024-05-08T08:38:42.470Z</time>
      </trkpt>
      <trkpt lat="45.868251" lon="10.834075">
        <ele>219.944453</ele>
        <time>2024-05-08T08:38:49.475Z</time>
      </trkpt>
      <trkpt lat="45.868149" lon="10.834060">
        <ele>220.663038</ele>
        <time>2024-05-08T08:38:54.481Z</time>
      </trkpt>
      <trkpt lat="45.868062" lon="10.834105">
        <ele>221.311099</ele>
        <time>2024-05-08T08:39:00.478Z</time>
      </trkpt>
      <trkpt lat="45.867551" lon="10.834071">
        <ele>224.896180</ele>
        <time>2024-05-08T08:39:34.477Z</time>
      </trkpt>
      <trkpt lat="45.867452" lon="10.834128">
        <ele>225.643683</ele>
        <time>2024-05-08T08:39:37.465Z</time>
      </trkpt>
      <trkpt lat="45.867360" lon="10.834150">
        <ele>226.297324</ele>
        <time>2024-05-08T08:39:43.461Z</time>
      </trkpt>
      <trkpt lat="45.867267" lon="10.834130">
        <ele>226.956362</ele>
        <time>2024-05-08T08:40:11.467Z</time>
      </trkpt>
      <trkpt lat="45.867165" lon="10.834141">
        <ele>227.673221</ele>
        <time>2024-05-08T08:40:16.472Z</time>
      </trkpt>
      <trkpt lat="45.867072" lon="10.834127">
        <ele>228.328564</ele>
        <time>2024-05-08T08:40:21.473Z</time>
      </trkpt>
      <trkpt lat="45.866982" lon="10.834140">
        <ele>228.962493</ele>
        <time>2024-05-08T08:40:26.468Z</time>
      </trkpt>
      <trkpt lat="45.866884" lon="10.834176">
        <ele>229.671419</ele>
        <time>2024-05-08T08:40:32.476Z</time>
      </trkpt>
      <trkpt lat="45.866684" lon="10.834273">
        <ele>231.150853</ele>
        <time>2024-05-08T08:44:12.471Z</time>
      </trkpt>
      <trkpt lat="45.866582" lon="10.834250">
        <ele>231.886139</ele>
        <time>2024-05-08T08:44:20.473Z</time>
      </trkpt>
      <trkpt lat="45.866496" lon="10.834208">
        <ele>232.861118</ele>
        <time>2024-05-08T08:44:26.473Z</time>
      </trkpt>
      <trkpt lat="45.866395" lon="10.834148">
        <ele>234.034272</ele>
        <time>2024-05-08T08:44:33.478Z</time>
      </trkpt>
      <trkpt lat="45.866303" lon="10.834067">
        <ele>235.192540</ele>
        <time>2024-05-08T08:44:38.469Z</time>
      </trkpt>
      <trkpt lat="45.865890" lon="10.833763">
        <ele>240.173768</ele>
        <time>2024-05-08T08:45:15.473Z</time>
      </trkpt>
      <trkpt lat="45.865805" lon="10.833692">
        <ele>241.229203</ele>
        <time>2024-05-08T08:45:22.473Z</time>
      </trkpt>
      <trkpt lat="45.865720" lon="10.833638">
        <ele>242.226820</ele>
        <time>2024-05-08T08:45:29.476Z</time>
      </trkpt>
      <trkpt lat="45.865631" lon="10.833687">
        <ele>243.249881</ele>
        <time>2024-05-08T08:45:34.471Z</time>
      </trkpt>
      <trkpt lat="45.865532" lon="10.833711">
        <ele>244.327513</ele>
        <time>2024-05-08T08:45:40.474Z</time>
      </trkpt>
      <trkpt lat="45.865422" lon="10.833749">
        <ele>245.541857</ele>
        <time>2024-05-08T08:45:46.472Z</time>
      </trkpt>
      <trkpt lat="45.865331" lon="10.833837">
        <ele>246.719396</ele>
        <time>2024-05-08T08:45:49.477Z</time>
      </trkpt>
      <trkpt lat="45.865256" lon="10.833928">
        <ele>247.773255</ele>
        <time>2024-05-08T08:45:51.469Z</time>
      </trkpt>
      <trkpt lat="45.865162" lon="10.834023">
        <ele>249.006989</ele>
        <time>2024-05-08T08:45:54.482Z</time>
      </trkpt>
      <trkpt lat="45.865085" lon="10.834125">
        <ele>250.131373</ele>
        <time>2024-05-08T08:46:20.467Z</time>
      </trkpt>
      <trkpt lat="45.864984" lon="10.834133">
        <ele>251.191629</ele>
        <time>2024-05-08T08:46:26.460Z</time>
      </trkpt>
      <trkpt lat="45.864897" lon="10.834075">
        <ele>251.778589</ele>
        <time>2024-05-08T08:46:32.468Z</time>
      </trkpt>
      <trkpt lat="45.864814" lon="10.834011">
        <ele>252.355087</ele>
        <time>2024-05-08T08:46:38.470Z</time>
      </trkpt>
      <trkpt lat="45.864722" lon="10.833958">
        <ele>252.961684</ele>
        <time>2024-05-08T08:46:45.475Z</time>
      </trkpt>
      <trkpt lat="45.864622" lon="10.833907">
        <ele>253.611070</ele>
        <time>2024-05-08T08:46:52.476Z</time>
      </trkpt>
      <trkpt lat="45.864534" lon="10.833848">
        <ele>254.205376</ele>
        <time>2024-05-08T08:46:58.474Z</time>
      </trkpt>
      <trkpt lat="45.864448" lon="10.833781">
        <ele>254.804103</ele>
        <time>2024-05-08T08:47:04.474Z</time>
      </trkpt>
      <trkpt lat="45.864381" lon="10.833687">
        <ele>255.377296</ele>
        <time>2024-05-08T08:47:09.473Z</time>
      </trkpt>
      <trkpt lat="45.864323" lon="10.833568">
        <ele>255.996261</ele>
        <time>2024-05-08T08:47:15.474Z</time>
      </trkpt>
      <trkpt lat="45.863126" lon="10.832857">
        <ele>265.042107</ele>
        <time>2024-05-08T08:48:35.486Z</time>
      </trkpt>
      <trkpt lat="45.863010" lon="10.832861">
        <ele>266.203988</ele>
        <time>2024-05-08T08:48:40.470Z</time>
      </trkpt>
      <trkpt lat="45.862918" lon="10.832876">
        <ele>267.131134</ele>
        <time>2024-05-08T08:48:43.474Z</time>
      </trkpt>
      <trkpt lat="45.862808" lon="10.832900">
        <ele>268.245242</ele>
        <time>2024-05-08T08:48:49.472Z</time>
      </trkpt>
      <trkpt lat="45.862709" lon="10.832914">
        <ele>269.241357</ele>
        <time>2024-05-08T08:48:54.473Z</time>
      </trkpt>
      <trkpt lat="45.862620" lon="10.832859">
        <ele>270.211564</ele>
        <time>2024-05-08T08:49:00.469Z</time>
      </trkpt>
      <trkpt lat="45.862547" lon="10.832772">
        <ele>271.161490</ele>
        <time>2024-05-08T08:49:05.475Z</time>
      </trkpt>
      <trkpt lat="45.862462" lon="10.832715">
        <ele>272.100856</ele>
        <time>2024-05-08T08:49:10.474Z</time>
      </trkpt>
      <trkpt lat="45.862376" lon="10.832644">
        <ele>273.094178</ele>
        <time>2024-05-08T08:49:15.471Z</time>
      </trkpt>
      <trkpt lat="45.862298" lon="10.832543">
        <ele>274.145864</ele>
        <time>2024-05-08T08:49:21.474Z</time>
      </trkpt>
      <trkpt lat="45.862220" lon="10.832475">
        <ele>275.059573</ele>
        <time>2024-05-08T08:49:26.477Z</time>
      </trkpt>
      <trkpt lat="45.862146" lon="10.832364">
        <ele>276.131100</ele>
        <time>2024-05-08T08:49:32.469Z</time>
      </trkpt>
      <trkpt lat="45.862091" lon="10.832230">
        <ele>277.215727</ele>
        <time>2024-05-08T08:49:38.469Z</time>
      </trkpt>
      <trkpt lat="45.862050" lon="10.832087">
        <ele>278.294098</ele>
        <time>2024-05-08T08:49:44.471Z</time>
      </trkpt>
      <trkpt lat="45.862029" lon="10.831957">
        <ele>279.224679</ele>
        <time>2024-05-08T08:49:49.469Z</time>
      </trkpt>
      <trkpt lat="45.862013" lon="10.831813">
        <ele>280.201165</ele>
        <time>2024-05-08T08:49:55.471Z</time>
      </trkpt>
      <trkpt lat="45.861997" lon="10.831683">
        <ele>280.563999</ele>
        <time>2024-05-08T08:50:01.464Z</time>
      </trkpt>
      <trkpt lat="45.861978" lon="10.831546">
        <ele>280.947930</ele>
        <time>2024-05-08T08:50:07.487Z</time>
      </trkpt>
      <trkpt lat="45.861955" lon="10.831409">
        <ele>281.335253</ele>
        <time>2024-05-08T08:50:13.489Z</time>
      </trkpt>
      <trkpt lat="45.861953" lon="10.831270">
        <ele>281.717368</ele>
        <time>2024-05-08T08:50:19.481Z</time>
      </trkpt>
      <trkpt lat="45.861978" lon="10.831129">
        <ele>282.117262</ele>
        <time>2024-05-08T08:50:25.475Z</time>
      </trkpt>
      <trkpt lat="45.862027" lon="10.831017">
        <ele>282.480794</ele>
        <time>2024-05-08T08:50:32.480Z</time>
      </trkpt>
      <trkpt lat="45.862006" lon="10.831276">
        <ele>283.197449</ele>
        <time>2024-05-08T08:57:39.498Z</time>
      </trkpt>
      <trkpt lat="45.861941" lon="10.831170">
        <ele>283.585632</ele>
        <time>2024-05-08T08:57:46.488Z</time>
      </trkpt>
      <trkpt lat="45.862077" lon="10.830836">
        <ele>284.649017</ele>
        <time>2024-05-08T09:08:00.478Z</time>
      </trkpt>
      <trkpt lat="45.862120" lon="10.830715">
        <ele>285.022377</ele>
        <time>2024-05-08T09:08:04.474Z</time>
      </trkpt>
      <trkpt lat="45.862175" lon="10.830577">
        <ele>285.459383</ele>
        <time>2024-05-08T09:08:09.474Z</time>
      </trkpt>
      <trkpt lat="45.862230" lon="10.830458">
        <ele>285.851925</ele>
        <time>2024-05-08T09:08:14.478Z</time>
      </trkpt>
      <trkpt lat="45.862263" lon="10.830328">
        <ele>286.232218</ele>
        <time>2024-05-08T09:08:19.483Z</time>
      </trkpt>
      <trkpt lat="45.862321" lon="10.830192">
        <ele>286.670528</ele>
        <time>2024-05-08T09:08:24.451Z</time>
      </trkpt>
      <trkpt lat="45.862343" lon="10.830056">
        <ele>287.054266</ele>
        <time>2024-05-08T09:08:29.483Z</time>
      </trkpt>
      <trkpt lat="45.862403" lon="10.829959">
        <ele>287.489494</ele>
        <time>2024-05-08T09:08:34.477Z</time>
      </trkpt>
      <trkpt lat="45.862506" lon="10.830012">
        <ele>288.168813</ele>
        <time>2024-05-08T09:08:40.476Z</time>
      </trkpt>
      <trkpt lat="45.862469" lon="10.830156">
        <ele>288.832451</ele>
        <time>2024-05-08T09:08:44.469Z</time>
      </trkpt>
      <trkpt lat="45.862396" lon="10.830284">
        <ele>289.547790</ele>
        <time>2024-05-08T09:08:48.480Z</time>
      </trkpt>
      <trkpt lat="45.862363" lon="10.830411">
        <ele>290.133877</ele>
        <time>2024-05-08T09:08:52.469Z</time>
      </trkpt>
      <trkpt lat="45.862315" lon="10.830544">
        <ele>290.781564</ele>
        <time>2024-05-08T09:08:57.469Z</time>
      </trkpt>
      <trkpt lat="45.862247" lon="10.830672">
        <ele>291.477650</ele>
        <time>2024-05-08T09:09:02.476Z</time>
      </trkpt>
      <trkpt lat="45.862195" lon="10.830778">
        <ele>292.038261</ele>
        <time>2024-05-08T09:09:06.456Z</time>
      </trkpt>
      <trkpt lat="45.862178" lon="10.830937">
        <ele>292.733783</ele>
        <time>2024-05-08T09:09:11.472Z</time>
      </trkpt>
      <trkpt lat="45.862156" lon="10.831087">
        <ele>293.396565</ele>
        <time>2024-05-08T09:09:16.471Z</time>
      </trkpt>
      <trkpt lat="45.862143" lon="10.831226">
        <ele>294.002955</ele>
        <time>2024-05-08T09:09:21.482Z</time>
      </trkpt>
      <trkpt lat="45.862154" lon="10.831370">
        <ele>294.629301</ele>
        <time>2024-05-08T09:09:26.480Z</time>
      </trkpt>
      <trkpt lat="45.862176" lon="10.831496">
        <ele>295.190950</ele>
        <time>2024-05-08T09:09:30.486Z</time>
      </trkpt>
      <trkpt lat="45.862203" lon="10.831639">
        <ele>295.831560</ele>
        <time>2024-05-08T09:09:35.483Z</time>
      </trkpt>
      <trkpt lat="45.862231" lon="10.831792">
        <ele>296.515546</ele>
        <time>2024-05-08T09:09:40.469Z</time>
      </trkpt>
      <trkpt lat="45.862254" lon="10.831943">
        <ele>297.183858</ele>
        <time>2024-05-08T09:09:45.481Z</time>
      </trkpt>
      <trkpt lat="45.862276" lon="10.832094">
        <ele>297.850870</ele>
        <time>2024-05-08T09:09:50.477Z</time>
      </trkpt>
      <trkpt lat="45.862315" lon="10.832232">
        <ele>298.495567</ele>
        <time>2024-05-08T09:09:55.477Z</time>
      </trkpt>
      <trkpt lat="45.862415" lon="10.832232">
        <ele>299.125283</ele>
        <time>2024-05-08T09:10:01.475Z</time>
      </trkpt>
      <trkpt lat="45.862441" lon="10.832103">
        <ele>299.714195</ele>
        <time>2024-05-08T09:10:06.463Z</time>
      </trkpt>
      <trkpt lat="45.862397" lon="10.831969">
        <ele>300.363864</ele>
        <time>2024-05-08T09:10:11.473Z</time>
      </trkpt>
      <trkpt lat="45.862360" lon="10.831846">
        <ele>300.951420</ele>
        <time>2024-05-08T09:10:15.485Z</time>
      </trkpt>
      <trkpt lat="45.862332" lon="10.831722">
        <ele>301.523062</ele>
        <time>2024-05-08T09:10:19.473Z</time>
      </trkpt>
      <trkpt lat="45.862323" lon="10.831583">
        <ele>302.135240</ele>
        <time>2024-05-08T09:10:24.480Z</time>
      </trkpt>
      <trkpt lat="45.862332" lon="10.831454">
        <ele>302.703768</ele>
        <time>2024-05-08T09:10:29.471Z</time>
      </trkpt>
      <trkpt lat="45.862353" lon="10.831305">
        <ele>303.370417</ele>
        <time>2024-05-08T09:10:34.485Z</time>
      </trkpt>
      <trkpt lat="45.862367" lon="10.831164">
        <ele>303.994989</ele>
        <time>2024-05-08T09:10:39.476Z</time>
      </trkpt>
      <trkpt lat="45.862381" lon="10.831024">
        <ele>304.615220</ele>
        <time>2024-05-08T09:10:44.478Z</time>
      </trkpt>
      <trkpt lat="45.862392" lon="10.830888">
        <ele>305.215622</ele>
        <time>2024-05-08T09:10:49.484Z</time>
      </trkpt>
      <trkpt lat="45.862428" lon="10.830734">
        <ele>305.927983</ele>
        <time>2024-05-08T09:10:54.477Z</time>
      </trkpt>
      <trkpt lat="45.862463" lon="10.830590">
        <ele>306.596814</ele>
        <time>2024-05-08T09:10:59.472Z</time>
      </trkpt>
      <trkpt lat="45.862500" lon="10.830454">
        <ele>307.237103</ele>
        <time>2024-05-08T09:11:04.476Z</time>
      </trkpt>
      <trkpt lat="45.862543" lon="10.830311">
        <ele>307.920154</ele>
        <time>2024-05-08T09:11:09.483Z</time>
      </trkpt>
      <trkpt lat="45.862632" lon="10.830259">
        <ele>308.525216</ele>
        <time>2024-05-08T09:11:13.475Z</time>
      </trkpt>
      <trkpt lat="45.862691" lon="10.830386">
        <ele>309.194692</ele>
        <time>2024-05-08T09:11:18.474Z</time>
      </trkpt>
      <trkpt lat="45.862635" lon="10.830507">
        <ele>309.825964</ele>
        <time>2024-05-08T09:11:22.477Z</time>
      </trkpt>
      <trkpt lat="45.862572" lon="10.830621">
        <ele>310.406442</ele>
        <time>2024-05-08T09:11:26.478Z</time>
      </trkpt>
      <trkpt lat="45.862527" lon="10.830740">
        <ele>310.946550</ele>
        <time>2024-05-08T09:11:30.472Z</time>
      </trkpt>
      <trkpt lat="45.862502" lon="10.830887">
        <ele>311.550104</ele>
        <time>2024-05-08T09:11:34.477Z</time>
      </trkpt>
      <trkpt lat="45.862499" lon="10.831036">
        <ele>312.144653</ele>
        <time>2024-05-08T09:11:38.480Z</time>
      </trkpt>
      <trkpt lat="45.862504" lon="10.831177">
        <ele>312.707774</ele>
        <time>2024-05-08T09:11:42.474Z</time>
      </trkpt>
      <trkpt lat="45.862522" lon="10.831312">
        <ele>313.256015</ele>
        <time>2024-05-08T09:11:46.496Z</time>
      </trkpt>
      <trkpt lat="45.862531" lon="10.831453">
        <ele>313.820764</ele>
        <time>2024-05-08T09:11:50.474Z</time>
      </trkpt>
      <trkpt lat="45.862538" lon="10.831607">
        <ele>314.436314</ele>
        <time>2024-05-08T09:11:55.492Z</time>
      </trkpt>
      <trkpt lat="45.862556" lon="10.831758">
        <ele>315.047351</ele>
        <time>2024-05-08T09:12:00.486Z</time>
      </trkpt>
      <trkpt lat="45.862575" lon="10.831888">
        <ele>315.577165</ele>
        <time>2024-05-08T09:12:04.471Z</time>
      </trkpt>
      <trkpt lat="45.862597" lon="10.832024">
        <ele>316.134056</ele>
        <time>2024-05-08T09:12:08.483Z</time>
      </trkpt>
      <trkpt lat="45.862620" lon="10.832154">
        <ele>316.669045</ele>
        <time>2024-05-08T09:12:12.472Z</time>
      </trkpt>
      <trkpt lat="45.862651" lon="10.832302">
        <ele>317.285480</ele>
        <time>2024-05-08T09:12:17.455Z</time>
      </trkpt>
      <trkpt lat="45.862680" lon="10.832443">
        <ele>317.871886</ele>
        <time>2024-05-08T09:12:23.466Z</time>
      </trkpt>
      <trkpt lat="45.862820" lon="10.832453">
        <ele>318.674740</ele>
        <time>2024-05-08T09:14:42.471Z</time>
      </trkpt>
      <trkpt lat="45.862805" lon="10.832309">
        <ele>319.255484</ele>
        <time>2024-05-08T09:14:46.474Z</time>
      </trkpt>
      <trkpt lat="45.862741" lon="10.832176">
        <ele>319.900294</ele>
        <time>2024-05-08T09:14:50.471Z</time>
      </trkpt>
      <trkpt lat="45.862693" lon="10.832038">
        <ele>320.698702</ele>
        <time>2024-05-08T09:14:54.471Z</time>
      </trkpt>
      <trkpt lat="45.862666" lon="10.831899">
        <ele>321.510433</ele>
        <time>2024-05-08T09:14:58.473Z</time>
      </trkpt>
      <trkpt lat="45.862665" lon="10.831763">
        <ele>322.275484</ele>
        <time>2024-05-08T09:15:02.480Z</time>
      </trkpt>
      <trkpt lat="45.862661" lon="10.831628">
        <ele>323.035554</ele>
        <time>2024-05-08T09:15:06.476Z</time>
      </trkpt>
      <trkpt lat="45.862680" lon="10.831478">
        <ele>323.893158</ele>
        <time>2024-05-08T09:15:10.481Z</time>
      </trkpt>
      <trkpt lat="45.862676" lon="10.831331">
        <ele>324.720672</ele>
        <time>2024-05-08T09:15:14.481Z</time>
      </trkpt>
      <trkpt lat="45.862672" lon="10.831202">
        <ele>325.447024</ele>
        <time>2024-05-08T09:15:18.481Z</time>
      </trkpt>
      <trkpt lat="45.862681" lon="10.831057">
        <ele>326.265891</ele>
        <time>2024-05-08T09:15:23.476Z</time>
      </trkpt>
      <trkpt lat="45.862698" lon="10.830912">
        <ele>327.093003</ele>
        <time>2024-05-08T09:15:28.478Z</time>
      </trkpt>
      <trkpt lat="45.862745" lon="10.830769">
        <ele>327.982477</ele>
        <time>2024-05-08T09:15:33.475Z</time>
      </trkpt>
      <trkpt lat="45.862795" lon="10.830630">
        <ele>328.862509</ele>
        <time>2024-05-08T09:15:38.476Z</time>
      </trkpt>
      <trkpt lat="45.862814" lon="10.830483">
        <ele>329.703513</ele>
        <time>2024-05-08T09:15:43.479Z</time>
      </trkpt>
      <trkpt lat="45.862817" lon="10.830348">
        <ele>330.463281</ele>
        <time>2024-05-08T09:15:48.472Z</time>
      </trkpt>
      <trkpt lat="45.862806" lon="10.830210">
        <ele>331.244606</ele>
        <time>2024-05-08T09:15:53.469Z</time>
      </trkpt>
      <trkpt lat="45.862781" lon="10.830084">
        <ele>331.981569</ele>
        <time>2024-05-08T09:15:58.480Z</time>
      </trkpt>
      <trkpt lat="45.862786" lon="10.829943">
        <ele>332.775729</ele>
        <time>2024-05-08T09:16:03.476Z</time>
      </trkpt>
      <trkpt lat="45.862795" lon="10.829812">
        <ele>333.516188</ele>
        <time>2024-05-08T09:16:07.472Z</time>
      </trkpt>
      <trkpt lat="45.862759" lon="10.829667">
        <ele>334.382107</ele>
        <time>2024-05-08T09:16:12.478Z</time>
      </trkpt>
      <trkpt lat="45.862674" lon="10.829590">
        <ele>334.929353</ele>
        <time>2024-05-08T09:16:16.470Z</time>
      </trkpt>
      <trkpt lat="45.862582" lon="10.829523">
        <ele>335.392775</ele>
        <time>2024-05-08T09:16:21.457Z</time>
      </trkpt>
      <trkpt lat="45.862482" lon="10.829541">
        <ele>335.845540</ele>
        <time>2024-05-08T09:16:26.485Z</time>
      </trkpt>
      <trkpt lat="45.862428" lon="10.829354">
        <ele>336.478872</ele>
        <time>2024-05-08T09:17:55.472Z</time>
      </trkpt>
      <trkpt lat="45.862367" lon="10.829225">
        <ele>336.966696</ele>
        <time>2024-05-08T09:18:00.473Z</time>
      </trkpt>
      <trkpt lat="45.862320" lon="10.829086">
        <ele>337.450109</ele>
        <time>2024-05-08T09:18:05.474Z</time>
      </trkpt>
      <trkpt lat="45.862272" lon="10.828959">
        <ele>337.902174</ele>
        <time>2024-05-08T09:18:10.476Z</time>
      </trkpt>
      <trkpt lat="45.862226" lon="10.828824">
        <ele>338.372370</ele>
        <time>2024-05-08T09:18:15.472Z</time>
      </trkpt>
      <trkpt lat="45.862227" lon="10.828674">
        <ele>338.841667</ele>
        <time>2024-05-08T09:18:20.459Z</time>
      </trkpt>
      <trkpt lat="45.862276" lon="10.828545">
        <ele>339.301376</ele>
        <time>2024-05-08T09:18:25.462Z</time>
      </trkpt>
      <trkpt lat="45.862356" lon="10.828442">
        <ele>339.784081</ele>
        <time>2024-05-08T09:18:30.466Z</time>
      </trkpt>
      <trkpt lat="45.862461" lon="10.828409">
        <ele>340.266957</ele>
        <time>2024-05-08T09:18:35.459Z</time>
      </trkpt>
      <trkpt lat="45.862561" lon="10.828408">
        <ele>340.716217</ele>
        <time>2024-05-08T09:18:39.457Z</time>
      </trkpt>
      <trkpt lat="45.862654" lon="10.828397">
        <ele>341.135433</ele>
        <time>2024-05-08T09:18:43.473Z</time>
      </trkpt>
      <trkpt lat="45.862755" lon="10.828370">
        <ele>341.596970</ele>
        <time>2024-05-08T09:18:48.466Z</time>
      </trkpt>
      <trkpt lat="45.862860" lon="10.828326">
        <ele>342.088356</ele>
        <time>2024-05-08T09:18:53.468Z</time>
      </trkpt>
      <trkpt lat="45.862942" lon="10.828258">
        <ele>342.513753</ele>
        <time>2024-05-08T09:18:57.484Z</time>
      </trkpt>
      <trkpt lat="45.863025" lon="10.828205">
        <ele>343.051921</ele>
        <time>2024-05-08T09:19:01.472Z</time>
      </trkpt>
      <trkpt lat="45.863109" lon="10.828122">
        <ele>343.754611</ele>
        <time>2024-05-08T09:19:06.476Z</time>
      </trkpt>
      <trkpt lat="45.863171" lon="10.828018">
        <ele>344.411625</ele>
        <time>2024-05-08T09:19:10.475Z</time>
      </trkpt>
      <trkpt lat="45.863226" lon="10.827915">
        <ele>345.034524</ele>
        <time>2024-05-08T09:19:14.481Z</time>
      </trkpt>
      <trkpt lat="45.863281" lon="10.827806">
        <ele>345.680510</ele>
        <time>2024-05-08T09:19:18.484Z</time>
      </trkpt>
      <trkpt lat="45.863328" lon="10.827665">
        <ele>346.430704</ele>
        <time>2024-05-08T09:19:23.474Z</time>
      </trkpt>
      <trkpt lat="45.863335" lon="10.827508">
        <ele>347.185700</ele>
        <time>2024-05-08T09:19:28.479Z</time>
      </trkpt>
      <trkpt lat="45.863305" lon="10.827370">
        <ele>347.879491</ele>
        <time>2024-05-08T09:19:32.470Z</time>
      </trkpt>
      <trkpt lat="45.863249" lon="10.827267">
        <ele>348.506607</ele>
        <time>2024-05-08T09:19:36.472Z</time>
      </trkpt>
      <trkpt lat="45.863199" lon="10.827147">
        <ele>349.177710</ele>
        <time>2024-05-08T09:19:40.473Z</time>
      </trkpt>
      <trkpt lat="45.863177" lon="10.827016">
        <ele>349.824412</ele>
        <time>2024-05-08T09:19:44.467Z</time>
      </trkpt>
      <trkpt lat="45.863161" lon="10.826888">
        <ele>350.448511</ele>
        <time>2024-05-08T09:19:48.476Z</time>
      </trkpt>
      <trkpt lat="45.863189" lon="10.826763">
        <ele>351.078667</ele>
        <time>2024-05-08T09:19:52.473Z</time>
      </trkpt>
      <trkpt lat="45.863230" lon="10.826620">
        <ele>351.820825</ele>
        <time>2024-05-08T09:19:57.474Z</time>
      </trkpt>
      <trkpt lat="45.863263" lon="10.826496">
        <ele>352.457885</ele>
        <time>2024-05-08T09:20:01.470Z</time>
      </trkpt>
      <trkpt lat="45.863311" lon="10.826355">
        <ele>353.211080</ele>
        <time>2024-05-08T09:20:06.473Z</time>
      </trkpt>
      <trkpt lat="45.863357" lon="10.826238">
        <ele>353.855879</ele>
        <time>2024-05-08T09:20:10.471Z</time>
      </trkpt>
      <trkpt lat="45.863416" lon="10.826124">
        <ele>354.537520</ele>
        <time>2024-05-08T09:20:14.473Z</time>
      </trkpt>
      <trkpt lat="45.863466" lon="10.826006">
        <ele>355.163292</ele>
        <time>2024-05-08T09:20:18.470Z</time>
      </trkpt>
      <trkpt lat="45.863518" lon="10.825892">
        <ele>355.625884</ele>
        <time>2024-05-08T09:20:22.469Z</time>
      </trkpt>
      <trkpt lat="45.863577" lon="10.825786">
        <ele>356.086507</ele>
        <time>2024-05-08T09:20:26.470Z</time>
      </trkpt>
      <trkpt lat="45.863637" lon="10.825680">
        <ele>356.550189</ele>
        <time>2024-05-08T09:20:30.471Z</time>
      </trkpt>
      <trkpt lat="45.863699" lon="10.825571">
        <ele>357.027923</ele>
        <time>2024-05-08T09:20:34.466Z</time>
      </trkpt>
      <trkpt lat="45.863760" lon="10.825467">
        <ele>357.489482</ele>
        <time>2024-05-08T09:20:38.468Z</time>
      </trkpt>
      <trkpt lat="45.863823" lon="10.825367">
        <ele>357.947222</ele>
        <time>2024-05-08T09:20:42.497Z</time>
      </trkpt>
      <trkpt lat="45.863885" lon="10.825254">
        <ele>358.435547</ele>
        <time>2024-05-08T09:20:46.465Z</time>
      </trkpt>
      <trkpt lat="45.863932" lon="10.825122">
        <ele>358.938784</ele>
        <time>2024-05-08T09:20:50.465Z</time>
      </trkpt>
      <trkpt lat="45.863960" lon="10.824986">
        <ele>359.420177</ele>
        <time>2024-05-08T09:20:54.474Z</time>
      </trkpt>
      <trkpt lat="45.863990" lon="10.824855">
        <ele>359.888273</ele>
        <time>2024-05-08T09:20:58.482Z</time>
      </trkpt>
      <trkpt lat="45.864008" lon="10.824727">
        <ele>360.331528</ele>
        <time>2024-05-08T09:21:02.470Z</time>
      </trkpt>
      <trkpt lat="45.864039" lon="10.824575">
        <ele>360.869151</ele>
        <time>2024-05-08T09:21:07.469Z</time>
      </trkpt>
      <trkpt lat="45.864070" lon="10.824450">
        <ele>361.319556</ele>
        <time>2024-05-08T09:21:11.465Z</time>
      </trkpt>
      <trkpt lat="45.864092" lon="10.824319">
        <ele>361.776972</ele>
        <time>2024-05-08T09:21:15.477Z</time>
      </trkpt>
      <trkpt lat="45.864119" lon="10.824184">
        <ele>362.253741</ele>
        <time>2024-05-08T09:21:19.471Z</time>
      </trkpt>
      <trkpt lat="45.864154" lon="10.824057">
        <ele>362.717362</ele>
        <time>2024-05-08T09:21:23.478Z</time>
      </trkpt>
      <trkpt lat="45.864182" lon="10.823930">
        <ele>363.169541</ele>
        <time>2024-05-08T09:21:27.467Z</time>
      </trkpt>
      <trkpt lat="45.864212" lon="10.823776">
        <ele>363.712347</ele>
        <time>2024-05-08T09:21:32.470Z</time>
      </trkpt>
      <trkpt lat="45.864243" lon="10.823622">
        <ele>364.430579</ele>
        <time>2024-05-08T09:21:37.472Z</time>
      </trkpt>
      <trkpt lat="45.864280" lon="10.823501">
        <ele>365.067135</ele>
        <time>2024-05-08T09:21:41.471Z</time>
      </trkpt>
      <trkpt lat="45.864336" lon="10.823359">
        <ele>365.853197</ele>
        <time>2024-05-08T09:21:46.466Z</time>
      </trkpt>
      <trkpt lat="45.864385" lon="10.823216">
        <ele>366.620880</ele>
        <time>2024-05-08T09:21:51.473Z</time>
      </trkpt>
      <trkpt lat="45.864437" lon="10.823073">
        <ele>367.397948</ele>
        <time>2024-05-08T09:21:56.469Z</time>
      </trkpt>
      <trkpt lat="45.864484" lon="10.822929">
        <ele>368.163982</ele>
        <time>2024-05-08T09:22:01.465Z</time>
      </trkpt>
      <trkpt lat="45.864524" lon="10.822782">
        <ele>368.924195</ele>
        <time>2024-05-08T09:22:06.476Z</time>
      </trkpt>
      <trkpt lat="45.864548" lon="10.822657">
        <ele>369.548765</ele>
        <time>2024-05-08T09:22:10.472Z</time>
      </trkpt>
      <trkpt lat="45.864566" lon="10.822529">
        <ele>370.177764</ele>
        <time>2024-05-08T09:22:15.469Z</time>
      </trkpt>
      <trkpt lat="45.864595" lon="10.822401">
        <ele>370.826129</ele>
        <time>2024-05-08T09:22:19.473Z</time>
      </trkpt>
      <trkpt lat="45.864628" lon="10.822253">
        <ele>371.574672</ele>
        <time>2024-05-08T09:22:24.468Z</time>
      </trkpt>
      <trkpt lat="45.864659" lon="10.822109">
        <ele>372.300682</ele>
        <time>2024-05-08T09:22:29.476Z</time>
      </trkpt>
      <trkpt lat="45.864692" lon="10.821988">
        <ele>372.926623</ele>
        <time>2024-05-08T09:22:33.472Z</time>
      </trkpt>
      <trkpt lat="45.864749" lon="10.821851">
        <ele>373.695340</ele>
        <time>2024-05-08T09:22:38.467Z</time>
      </trkpt>
      <trkpt lat="45.864785" lon="10.821730">
        <ele>374.329142</ele>
        <time>2024-05-08T09:22:42.477Z</time>
      </trkpt>
      <trkpt lat="45.864819" lon="10.821605">
        <ele>374.975544</ele>
        <time>2024-05-08T09:22:46.457Z</time>
      </trkpt>
      <trkpt lat="45.864853" lon="10.821485">
        <ele>375.599574</ele>
        <time>2024-05-08T09:22:50.476Z</time>
      </trkpt>
      <trkpt lat="45.864894" lon="10.821363">
        <ele>376.252079</ele>
        <time>2024-05-08T09:22:54.474Z</time>
      </trkpt>
      <trkpt lat="45.864929" lon="10.821214">
        <ele>376.033962</ele>
        <time>2024-05-08T09:22:59.470Z</time>
      </trkpt>
      <trkpt lat="45.864989" lon="10.821092">
        <ele>375.787918</ele>
        <time>2024-05-08T09:23:04.465Z</time>
      </trkpt>
      <trkpt lat="45.865048" lon="10.820994">
        <ele>375.574510</ele>
        <time>2024-05-08T09:23:08.486Z</time>
      </trkpt>
      <trkpt lat="45.865136" lon="10.820912">
        <ele>375.326346</ele>
        <time>2024-05-08T09:23:13.473Z</time>
      </trkpt>
      <trkpt lat="45.865223" lon="10.820815">
        <ele>375.065785</ele>
        <time>2024-05-08T09:23:18.479Z</time>
      </trkpt>
      <trkpt lat="45.865280" lon="10.820678">
        <ele>374.802887</ele>
        <time>2024-05-08T09:23:23.482Z</time>
      </trkpt>
      <trkpt lat="45.865305" lon="10.820547">
        <ele>374.579130</ele>
        <time>2024-05-08T09:23:27.471Z</time>
      </trkpt>
      <trkpt lat="45.865313" lon="10.820402">
        <ele>374.339520</ele>
        <time>2024-05-08T09:23:32.466Z</time>
      </trkpt>
      <trkpt lat="45.865270" lon="10.820273">
        <ele>374.103923</ele>
        <time>2024-05-08T09:23:37.472Z</time>
      </trkpt>
      <trkpt lat="45.865289" lon="10.820112">
        <ele>373.834922</ele>
        <time>2024-05-08T09:23:41.463Z</time>
      </trkpt>
      <trkpt lat="45.865302" lon="10.819948">
        <ele>373.563016</ele>
        <time>2024-05-08T09:23:44.501Z</time>
      </trkpt>
      <trkpt lat="45.865287" lon="10.819769">
        <ele>373.266018</ele>
        <time>2024-05-08T09:23:47.463Z</time>
      </trkpt>
      <trkpt lat="45.865228" lon="10.819584">
        <ele>372.930822</ele>
        <time>2024-05-08T09:23:50.452Z</time>
      </trkpt>
      <trkpt lat="45.865223" lon="10.819436">
        <ele>372.686731</ele>
        <time>2024-05-08T09:23:52.482Z</time>
      </trkpt>
      <trkpt lat="45.865258" lon="10.819263">
        <ele>372.389959</ele>
        <time>2024-05-08T09:23:54.463Z</time>
      </trkpt>
      <trkpt lat="45.865280" lon="10.819122">
        <ele>372.151927</ele>
        <time>2024-05-08T09:23:56.479Z</time>
      </trkpt>
      <trkpt lat="45.865261" lon="10.818985">
        <ele>372.003554</ele>
        <time>2024-05-08T09:23:58.467Z</time>
      </trkpt>
      <trkpt lat="45.865186" lon="10.818901">
        <ele>371.952423</ele>
        <time>2024-05-08T09:24:00.459Z</time>
      </trkpt>
      <trkpt lat="45.865094" lon="10.818794">
        <ele>371.888781</ele>
        <time>2024-05-08T09:24:04.480Z</time>
      </trkpt>
      <trkpt lat="45.865007" lon="10.818677">
        <ele>371.824705</ele>
        <time>2024-05-08T09:24:07.471Z</time>
      </trkpt>
      <trkpt lat="45.864941" lon="10.818572">
        <ele>371.771754</ele>
        <time>2024-05-08T09:24:10.477Z</time>
      </trkpt>
      <trkpt lat="45.864874" lon="10.818477">
        <ele>371.721138</ele>
        <time>2024-05-08T09:24:13.450Z</time>
      </trkpt>
      <trkpt lat="45.864798" lon="10.818371">
        <ele>371.664183</ele>
        <time>2024-05-08T09:24:17.495Z</time>
      </trkpt>
      <trkpt lat="45.864739" lon="10.818252">
        <ele>371.609498</ele>
        <time>2024-05-08T09:24:22.469Z</time>
      </trkpt>
      <trkpt lat="45.864694" lon="10.818109">
        <ele>371.550755</ele>
        <time>2024-05-08T09:24:25.487Z</time>
      </trkpt>
      <trkpt lat="45.864641" lon="10.817999">
        <ele>371.500680</ele>
        <time>2024-05-08T09:24:29.474Z</time>
      </trkpt>
      <trkpt lat="45.864548" lon="10.818021">
        <ele>371.450012</ele>
        <time>2024-05-08T09:24:40.460Z</time>
      </trkpt>
      <trkpt lat="45.864479" lon="10.817891">
        <ele>371.388822</ele>
        <time>2024-05-08T09:24:44.482Z</time>
      </trkpt>
      <trkpt lat="45.864419" lon="10.817769">
        <ele>371.332910</ele>
        <time>2024-05-08T09:24:47.470Z</time>
      </trkpt>
      <trkpt lat="45.864302" lon="10.817785">
        <ele>371.269728</ele>
        <time>2024-05-08T09:24:51.484Z</time>
      </trkpt>
      <trkpt lat="45.864228" lon="10.817892">
        <ele>371.213275</ele>
        <time>2024-05-08T09:24:56.461Z</time>
      </trkpt>
      <trkpt lat="45.864229" lon="10.818030">
        <ele>371.161612</ele>
        <time>2024-05-08T09:25:01.469Z</time>
      </trkpt>
      <trkpt lat="45.864232" lon="10.818180">
        <ele>371.105436</ele>
        <time>2024-05-08T09:25:07.466Z</time>
      </trkpt>
      <trkpt lat="45.864228" lon="10.818327">
        <ele>371.246870</ele>
        <time>2024-05-08T09:25:12.471Z</time>
      </trkpt>
      <trkpt lat="45.864174" lon="10.818466">
        <ele>372.322708</ele>
        <time>2024-05-08T09:25:17.473Z</time>
      </trkpt>
      <trkpt lat="45.864161" lon="10.818600">
        <ele>373.237182</ele>
        <time>2024-05-08T09:25:24.471Z</time>
      </trkpt>
      <trkpt lat="45.864111" lon="10.818743">
        <ele>374.318742</ele>
        <time>2024-05-08T09:25:30.474Z</time>
      </trkpt>
      <trkpt lat="45.864036" lon="10.818842">
        <ele>375.307542</ele>
        <time>2024-05-08T09:25:34.475Z</time>
      </trkpt>
      <trkpt lat="45.863971" lon="10.818736">
        <ele>376.262207</ele>
        <time>2024-05-08T09:25:41.448Z</time>
      </trkpt>
      <trkpt lat="45.863968" lon="10.818369">
        <ele>378.742996</ele>
        <time>2024-05-08T09:26:25.476Z</time>
      </trkpt>
      <trkpt lat="45.863976" lon="10.818236">
        <ele>379.645314</ele>
        <time>2024-05-08T09:26:31.472Z</time>
      </trkpt>
      <trkpt lat="45.863988" lon="10.818088">
        <ele>380.652430</ele>
        <time>2024-05-08T09:26:38.489Z</time>
      </trkpt>
      <trkpt lat="45.863990" lon="10.817948">
        <ele>381.598914</ele>
        <time>2024-05-08T09:26:44.476Z</time>
      </trkpt>
      <trkpt lat="45.863996" lon="10.817803">
        <ele>382.580723</ele>
        <time>2024-05-08T09:26:50.476Z</time>
      </trkpt>
      <trkpt lat="45.863998" lon="10.817671">
        <ele>383.473145</ele>
        <time>2024-05-08T09:26:55.474Z</time>
      </trkpt>
      <trkpt lat="45.863998" lon="10.817524">
        <ele>384.466744</ele>
        <time>2024-05-08T09:27:01.474Z</time>
      </trkpt>
      <trkpt lat="45.863989" lon="10.817374">
        <ele>385.484377</ele>
        <time>2024-05-08T09:27:07.477Z</time>
      </trkpt>
      <trkpt lat="45.863988" lon="10.817243">
        <ele>386.369882</ele>
        <time>2024-05-08T09:27:12.465Z</time>
      </trkpt>
      <trkpt lat="45.863994" lon="10.817088">
        <ele>387.419171</ele>
        <time>2024-05-08T09:27:18.466Z</time>
      </trkpt>
      <trkpt lat="45.863991" lon="10.816950">
        <ele>388.352392</ele>
        <time>2024-05-08T09:27:23.476Z</time>
      </trkpt>
      <trkpt lat="45.863966" lon="10.816825">
        <ele>389.200944</ele>
        <time>2024-05-08T09:27:28.471Z</time>
      </trkpt>
      <trkpt lat="45.863911" lon="10.816697">
        <ele>390.174044</ele>
        <time>2024-05-08T09:27:34.473Z</time>
      </trkpt>
      <trkpt lat="45.863846" lon="10.816579">
        <ele>391.147459</ele>
        <time>2024-05-08T09:27:40.466Z</time>
      </trkpt>
      <trkpt lat="45.863788" lon="10.816450">
        <ele>392.140911</ele>
        <time>2024-05-08T09:27:46.470Z</time>
      </trkpt>
      <trkpt lat="45.863743" lon="10.816316">
        <ele>393.103413</ele>
        <time>2024-05-08T09:27:52.466Z</time>
      </trkpt>
      <trkpt lat="45.863707" lon="10.816175">
        <ele>394.075042</ele>
        <time>2024-05-08T09:27:58.470Z</time>
      </trkpt>
      <trkpt lat="45.863680" lon="10.816027">
        <ele>395.064891</ele>
        <time>2024-05-08T09:28:04.482Z</time>
      </trkpt>
      <trkpt lat="45.863669" lon="10.815880">
        <ele>396.021432</ele>
        <time>2024-05-08T09:28:10.463Z</time>
      </trkpt>
      <trkpt lat="45.863665" lon="10.815748">
        <ele>396.876259</ele>
        <time>2024-05-08T09:28:16.473Z</time>
      </trkpt>
      <trkpt lat="45.863670" lon="10.815614">
        <ele>397.744460</ele>
        <time>2024-05-08T09:28:22.469Z</time>
      </trkpt>
      <trkpt lat="45.863679" lon="10.815473">
        <ele>398.660531</ele>
        <time>2024-05-08T09:28:28.467Z</time>
      </trkpt>
      <trkpt lat="45.863693" lon="10.815344">
        <ele>399.505215</ele>
        <time>2024-05-08T09:28:34.466Z</time>
      </trkpt>
      <trkpt lat="45.863719" lon="10.815199">
        <ele>400.473941</ele>
        <time>2024-05-08T09:28:40.469Z</time>
      </trkpt>
      <trkpt lat="45.863733" lon="10.815050">
        <ele>401.446682</ele>
        <time>2024-05-08T09:28:46.468Z</time>
      </trkpt>
      <trkpt lat="45.863759" lon="10.814904">
        <ele>402.421674</ele>
        <time>2024-05-08T09:28:52.469Z</time>
      </trkpt>
      <trkpt lat="45.863777" lon="10.814755">
        <ele>403.400077</ele>
        <time>2024-05-08T09:28:58.471Z</time>
      </trkpt>
      <trkpt lat="45.863811" lon="10.814614">
        <ele>404.365466</ele>
        <time>2024-05-08T09:29:04.472Z</time>
      </trkpt>
      <trkpt lat="45.863852" lon="10.814476">
        <ele>405.341212</ele>
        <time>2024-05-08T09:29:10.477Z</time>
      </trkpt>
      <trkpt lat="45.863893" lon="10.814348">
        <ele>406.296040</ele>
        <time>2024-05-08T09:29:15.460Z</time>
      </trkpt>
      <trkpt lat="45.863932" lon="10.814225">
        <ele>407.211956</ele>
        <time>2024-05-08T09:29:20.476Z</time>
      </trkpt>
      <trkpt lat="45.863965" lon="10.814101">
        <ele>408.111584</ele>
        <time>2024-05-08T09:29:25.467Z</time>
      </trkpt>
      <trkpt lat="45.863989" lon="10.813963">
        <ele>409.075537</ele>
        <time>2024-05-08T09:29:31.475Z</time>
      </trkpt>
      <trkpt lat="45.864000" lon="10.813830">
        <ele>409.983215</ele>
        <time>2024-05-08T09:29:37.462Z</time>
      </trkpt>
      <trkpt lat="45.864006" lon="10.813695">
        <ele>410.899973</ele>
        <time>2024-05-08T09:29:43.478Z</time>
      </trkpt>
      <trkpt lat="45.864020" lon="10.813559">
        <ele>411.831663</ele>
        <time>2024-05-08T09:29:49.467Z</time>
      </trkpt>
      <trkpt lat="45.864034" lon="10.813416">
        <ele>412.810306</ele>
        <time>2024-05-08T09:29:56.471Z</time>
      </trkpt>
      <trkpt lat="45.864045" lon="10.813282">
        <ele>413.724713</ele>
        <time>2024-05-08T09:30:02.465Z</time>
      </trkpt>
      <trkpt lat="45.864096" lon="10.813151">
        <ele>414.741823</ele>
        <time>2024-05-08T09:30:08.480Z</time>
      </trkpt>
      <trkpt lat="45.864176" lon="10.813066">
        <ele>415.710319</ele>
        <time>2024-05-08T09:30:14.469Z</time>
      </trkpt>
      <trkpt lat="45.864277" lon="10.813023">
        <ele>416.735538</ele>
        <time>2024-05-08T09:30:20.471Z</time>
      </trkpt>
      <trkpt lat="45.864371" lon="10.813024">
        <ele>417.650371</ele>
        <time>2024-05-08T09:30:24.469Z</time>
      </trkpt>
      <trkpt lat="45.864457" lon="10.812962">
        <ele>418.586872</ele>
        <time>2024-05-08T09:30:28.471Z</time>
      </trkpt>
      <trkpt lat="45.864492" lon="10.812839">
        <ele>419.487346</ele>
        <time>2024-05-08T09:30:32.463Z</time>
      </trkpt>
      <trkpt lat="45.864513" lon="10.812693">
        <ele>420.497668</ele>
        <time>2024-05-08T09:30:37.477Z</time>
      </trkpt>
      <trkpt lat="45.864516" lon="10.812557">
        <ele>421.419795</ele>
        <time>2024-05-08T09:30:42.469Z</time>
      </trkpt>
      <trkpt lat="45.864534" lon="10.812427">
        <ele>422.318046</ele>
        <time>2024-05-08T09:30:47.464Z</time>
      </trkpt>
      <trkpt lat="45.864551" lon="10.812294">
        <ele>423.201542</ele>
        <time>2024-05-08T09:30:52.467Z</time>
      </trkpt>
      <trkpt lat="45.864560" lon="10.812160">
        <ele>424.053863</ele>
        <time>2024-05-08T09:30:57.467Z</time>
      </trkpt>
      <trkpt lat="45.864576" lon="10.812024">
        <ele>424.927112</ele>
        <time>2024-05-08T09:31:02.467Z</time>
      </trkpt>
      <trkpt lat="45.864608" lon="10.811887">
        <ele>425.841983</ele>
        <time>2024-05-08T09:31:07.467Z</time>
      </trkpt>
      <trkpt lat="45.864633" lon="10.811739">
        <ele>426.806178</ele>
        <time>2024-05-08T09:31:12.463Z</time>
      </trkpt>
      <trkpt lat="45.864631" lon="10.811605">
        <ele>427.654756</ele>
        <time>2024-05-08T09:31:17.466Z</time>
      </trkpt>
      <trkpt lat="45.864604" lon="10.811471">
        <ele>428.537941</ele>
        <time>2024-05-08T09:31:22.472Z</time>
      </trkpt>
      <trkpt lat="45.864597" lon="10.811341">
        <ele>429.363456</ele>
        <time>2024-05-08T09:31:27.477Z</time>
      </trkpt>
      <trkpt lat="45.864576" lon="10.811200">
        <ele>430.276348</ele>
        <time>2024-05-08T09:31:33.475Z</time>
      </trkpt>
      <trkpt lat="45.864558" lon="10.811059">
        <ele>431.183928</ele>
        <time>2024-05-08T09:31:39.477Z</time>
      </trkpt>
      <trkpt lat="45.864552" lon="10.810921">
        <ele>432.059338</ele>
        <time>2024-05-08T09:31:49.474Z</time>
      </trkpt>
      <trkpt lat="45.864520" lon="10.810780">
        <ele>432.998256</ele>
        <time>2024-05-08T09:31:55.468Z</time>
      </trkpt>
      <trkpt lat="45.864511" lon="10.810651">
        <ele>433.819073</ele>
        <time>2024-05-08T09:32:00.475Z</time>
      </trkpt>
      <trkpt lat="45.864513" lon="10.810515">
        <ele>434.680312</ele>
        <time>2024-05-08T09:32:05.468Z</time>
      </trkpt>
      <trkpt lat="45.864518" lon="10.810378">
        <ele>435.548881</ele>
        <time>2024-05-08T09:32:10.474Z</time>
      </trkpt>
      <trkpt lat="45.864520" lon="10.810246">
        <ele>436.384801</ele>
        <time>2024-05-08T09:32:15.471Z</time>
      </trkpt>
      <trkpt lat="45.864518" lon="10.810093">
        <ele>437.353650</ele>
        <time>2024-05-08T09:32:21.466Z</time>
      </trkpt>
      <trkpt lat="45.864538" lon="10.809958">
        <ele>438.227495</ele>
        <time>2024-05-08T09:32:26.455Z</time>
      </trkpt>
      <trkpt lat="45.864571" lon="10.809824">
        <ele>439.117194</ele>
        <time>2024-05-08T09:32:31.472Z</time>
      </trkpt>
      <trkpt lat="45.864619" lon="10.809696">
        <ele>439.803237</ele>
        <time>2024-05-08T09:32:36.468Z</time>
      </trkpt>
      <trkpt lat="45.864676" lon="10.809568">
        <ele>440.520210</ele>
        <time>2024-05-08T09:32:41.462Z</time>
      </trkpt>
      <trkpt lat="45.864721" lon="10.809442">
        <ele>441.188439</ele>
        <time>2024-05-08T09:32:46.468Z</time>
      </trkpt>
      <trkpt lat="45.864768" lon="10.809319">
        <ele>441.850514</ele>
        <time>2024-05-08T09:32:51.462Z</time>
      </trkpt>
      <trkpt lat="45.864815" lon="10.809179">
        <ele>442.583934</ele>
        <time>2024-05-08T09:32:57.476Z</time>
      </trkpt>
      <trkpt lat="45.864847" lon="10.809055">
        <ele>443.207972</ele>
        <time>2024-05-08T09:33:02.467Z</time>
      </trkpt>
      <trkpt lat="45.864866" lon="10.808923">
        <ele>443.844040</ele>
        <time>2024-05-08T09:33:07.469Z</time>
      </trkpt>
      <trkpt lat="45.864888" lon="10.808781">
        <ele>444.530514</ele>
        <time>2024-05-08T09:33:13.470Z</time>
      </trkpt>
      <trkpt lat="45.864916" lon="10.808641">
        <ele>445.217873</ele>
        <time>2024-05-08T09:33:19.465Z</time>
      </trkpt>
      <trkpt lat="45.864938" lon="10.808509">
        <ele>445.858365</ele>
        <time>2024-05-08T09:33:24.466Z</time>
      </trkpt>
      <trkpt lat="45.864971" lon="10.808386">
        <ele>446.480384</ele>
        <time>2024-05-08T09:33:29.469Z</time>
      </trkpt>
      <trkpt lat="45.865005" lon="10.808266">
        <ele>447.091735</ele>
        <time>2024-05-08T09:33:34.465Z</time>
      </trkpt>
      <trkpt lat="45.865053" lon="10.808149">
        <ele>447.732544</ele>
        <time>2024-05-08T09:33:39.457Z</time>
      </trkpt>
      <trkpt lat="45.865098" lon="10.808015">
        <ele>448.434571</ele>
        <time>2024-05-08T09:33:44.470Z</time>
      </trkpt>
      <trkpt lat="45.865138" lon="10.807892">
        <ele>449.075174</ele>
        <time>2024-05-08T09:33:49.474Z</time>
      </trkpt>
      <trkpt lat="45.865172" lon="10.807767">
        <ele>449.708440</ele>
        <time>2024-05-08T09:33:54.470Z</time>
      </trkpt>
      <trkpt lat="45.865202" lon="10.807644">
        <ele>450.323440</ele>
        <time>2024-05-08T09:33:59.466Z</time>
      </trkpt>
      <trkpt lat="45.865202" lon="10.807493">
        <ele>451.035996</ele>
        <time>2024-05-08T09:34:04.469Z</time>
      </trkpt>
      <trkpt lat="45.865191" lon="10.807346">
        <ele>451.609966</ele>
        <time>2024-05-08T09:34:09.467Z</time>
      </trkpt>
      <trkpt lat="45.865183" lon="10.807208">
        <ele>452.086736</ele>
        <time>2024-05-08T09:34:14.465Z</time>
      </trkpt>
      <trkpt lat="45.865178" lon="10.807067">
        <ele>452.572820</ele>
        <time>2024-05-08T09:34:19.469Z</time>
      </trkpt>
      <trkpt lat="45.865172" lon="10.806925">
        <ele>453.062617</ele>
        <time>2024-05-08T09:34:24.468Z</time>
      </trkpt>
      <trkpt lat="45.865161" lon="10.806783">
        <ele>453.554532</ele>
        <time>2024-05-08T09:34:29.463Z</time>
      </trkpt>
      <trkpt lat="45.865157" lon="10.806643">
        <ele>454.036950</ele>
        <time>2024-05-08T09:34:34.471Z</time>
      </trkpt>
      <trkpt lat="45.865150" lon="10.806508">
        <ele>454.503034</ele>
        <time>2024-05-08T09:34:39.467Z</time>
      </trkpt>
      <trkpt lat="45.865142" lon="10.806359">
        <ele>455.017556</ele>
        <time>2024-05-08T09:34:45.468Z</time>
      </trkpt>
      <trkpt lat="45.865136" lon="10.806214">
        <ele>455.517664</ele>
        <time>2024-05-08T09:34:51.462Z</time>
      </trkpt>
      <trkpt lat="45.865127" lon="10.806059">
        <ele>456.053173</ele>
        <time>2024-05-08T09:34:56.462Z</time>
      </trkpt>
      <trkpt lat="45.865120" lon="10.805923">
        <ele>456.522692</ele>
        <time>2024-05-08T09:35:01.467Z</time>
      </trkpt>
      <trkpt lat="45.865107" lon="10.805766">
        <ele>457.067043</ele>
        <time>2024-05-08T09:35:06.469Z</time>
      </trkpt>
      <trkpt lat="45.865096" lon="10.805616">
        <ele>457.586341</ele>
        <time>2024-05-08T09:35:11.465Z</time>
      </trkpt>
      <trkpt lat="45.865093" lon="10.805476">
        <ele>458.068582</ele>
        <time>2024-05-08T09:35:16.471Z</time>
      </trkpt>
      <trkpt lat="45.865078" lon="10.805346">
        <ele>458.522269</ele>
        <time>2024-05-08T09:35:20.467Z</time>
      </trkpt>
      <trkpt lat="45.865049" lon="10.805201">
        <ele>459.041680</ele>
        <time>2024-05-08T09:35:25.462Z</time>
      </trkpt>
      <trkpt lat="45.865268" lon="10.802997">
        <ele>464.635505</ele>
        <time>2024-05-08T09:36:40.457Z</time>
      </trkpt>
      <trkpt lat="45.865308" lon="10.802874">
        <ele>464.954811</ele>
        <time>2024-05-08T09:36:44.468Z</time>
      </trkpt>
      <trkpt lat="45.865354" lon="10.802759">
        <ele>465.266756</ele>
        <time>2024-05-08T09:36:48.454Z</time>
      </trkpt>
      <trkpt lat="45.865411" lon="10.802657">
        <ele>465.574375</ele>
        <time>2024-05-08T09:36:52.464Z</time>
      </trkpt>
      <trkpt lat="45.865473" lon="10.802525">
        <ele>465.948883</ele>
        <time>2024-05-08T09:36:57.452Z</time>
      </trkpt>
      <trkpt lat="45.865505" lon="10.802398">
        <ele>466.215741</ele>
        <time>2024-05-08T09:37:01.450Z</time>
      </trkpt>
      <trkpt lat="45.865510" lon="10.802264">
        <ele>465.799815</ele>
        <time>2024-05-08T09:37:05.450Z</time>
      </trkpt>
      <trkpt lat="45.865531" lon="10.802134">
        <ele>465.386184</ele>
        <time>2024-05-08T09:37:09.446Z</time>
      </trkpt>
      <trkpt lat="45.865468" lon="10.802007">
        <ele>464.902882</ele>
        <time>2024-05-08T09:37:14.455Z</time>
      </trkpt>
      <trkpt lat="45.865370" lon="10.802046">
        <ele>464.450238</ele>
        <time>2024-05-08T09:37:17.460Z</time>
      </trkpt>
      <trkpt lat="45.865283" lon="10.802106">
        <ele>464.020656</ele>
        <time>2024-05-08T09:37:20.467Z</time>
      </trkpt>
      <trkpt lat="45.865219" lon="10.802252">
        <ele>463.485932</ele>
        <time>2024-05-08T09:37:23.455Z</time>
      </trkpt>
      <trkpt lat="45.865127" lon="10.802343">
        <ele>462.988697</ele>
        <time>2024-05-08T09:37:26.460Z</time>
      </trkpt>
      <trkpt lat="45.865010" lon="10.802336">
        <ele>462.467471</ele>
        <time>2024-05-08T09:37:29.457Z</time>
      </trkpt>
      <trkpt lat="45.864871" lon="10.802348">
        <ele>461.847656</ele>
        <time>2024-05-08T09:37:32.477Z</time>
      </trkpt>
      <trkpt lat="45.864759" lon="10.802456">
        <ele>461.247175</ele>
        <time>2024-05-08T09:37:35.474Z</time>
      </trkpt>
      <trkpt lat="45.864650" lon="10.802501">
        <ele>460.742358</ele>
        <time>2024-05-08T09:37:38.479Z</time>
      </trkpt>
      <trkpt lat="45.864555" lon="10.802446">
        <ele>460.286437</ele>
        <time>2024-05-08T09:37:41.477Z</time>
      </trkpt>
      <trkpt lat="45.864515" lon="10.802291">
        <ele>459.774080</ele>
        <time>2024-05-08T09:37:45.457Z</time>
      </trkpt>
      <trkpt lat="45.864488" lon="10.802138">
        <ele>459.284861</ele>
        <time>2024-05-08T09:37:49.462Z</time>
      </trkpt>
      <trkpt lat="45.864473" lon="10.801989">
        <ele>458.818229</ele>
        <time>2024-05-08T09:37:53.479Z</time>
      </trkpt>
      <trkpt lat="45.864434" lon="10.801841">
        <ele>458.327751</ele>
        <time>2024-05-08T09:37:57.456Z</time>
      </trkpt>
      <trkpt lat="45.864423" lon="10.801692">
        <ele>458.778227</ele>
        <time>2024-05-08T09:38:01.461Z</time>
      </trkpt>
      <trkpt lat="45.864433" lon="10.801554">
        <ele>459.396188</ele>
        <time>2024-05-08T09:38:05.463Z</time>
      </trkpt>
      <trkpt lat="45.864447" lon="10.801420">
        <ele>459.999694</ele>
        <time>2024-05-08T09:38:09.466Z</time>
      </trkpt>
      <trkpt lat="45.864434" lon="10.801282">
        <ele>460.619934</ele>
        <time>2024-05-08T09:38:13.481Z</time>
      </trkpt>
      <trkpt lat="45.864423" lon="10.801141">
        <ele>461.251867</ele>
        <time>2024-05-08T09:38:18.469Z</time>
      </trkpt>
      <trkpt lat="45.864399" lon="10.801009">
        <ele>461.859495</ele>
        <time>2024-05-08T09:38:23.476Z</time>
      </trkpt>
      <trkpt lat="45.864355" lon="10.800871">
        <ele>462.535502</ele>
        <time>2024-05-08T09:38:29.471Z</time>
      </trkpt>
      <trkpt lat="45.864316" lon="10.800734">
        <ele>463.194708</ele>
        <time>2024-05-08T09:38:35.458Z</time>
      </trkpt>
      <trkpt lat="45.864267" lon="10.800606">
        <ele>463.845278</ele>
        <time>2024-05-08T09:38:41.463Z</time>
      </trkpt>
      <trkpt lat="45.864219" lon="10.800482">
        <ele>464.477162</ele>
        <time>2024-05-08T09:38:48.470Z</time>
      </trkpt>
      <trkpt lat="45.864174" lon="10.800340">
        <ele>465.172034</ele>
        <time>2024-05-08T09:38:54.471Z</time>
      </trkpt>
      <trkpt lat="45.864144" lon="10.800196">
        <ele>465.841490</ele>
        <time>2024-05-08T09:38:59.473Z</time>
      </trkpt>
      <trkpt lat="45.864119" lon="10.800044">
        <ele>466.537118</ele>
        <time>2024-05-08T09:39:04.462Z</time>
      </trkpt>
      <trkpt lat="45.864109" lon="10.799911">
        <ele>467.132936</ele>
        <time>2024-05-08T09:39:08.475Z</time>
      </trkpt>
      <trkpt lat="45.864100" lon="10.799759">
        <ele>467.812380</ele>
        <time>2024-05-08T09:39:14.474Z</time>
      </trkpt>
      <trkpt lat="45.864123" lon="10.799623">
        <ele>468.435725</ele>
        <time>2024-05-08T09:39:20.467Z</time>
      </trkpt>
      <trkpt lat="45.864124" lon="10.799490">
        <ele>469.028135</ele>
        <time>2024-05-08T09:39:26.464Z</time>
      </trkpt>
      <trkpt lat="45.864080" lon="10.799355">
        <ele>469.692019</ele>
        <time>2024-05-08T09:39:32.459Z</time>
      </trkpt>
      <trkpt lat="45.864057" lon="10.799209">
        <ele>469.871913</ele>
        <time>2024-05-08T09:39:38.473Z</time>
      </trkpt>
      <trkpt lat="45.864053" lon="10.799079">
        <ele>469.993315</ele>
        <time>2024-05-08T09:39:43.441Z</time>
      </trkpt>
      <trkpt lat="45.864064" lon="10.798932">
        <ele>470.131249</ele>
        <time>2024-05-08T09:39:49.455Z</time>
      </trkpt>
      <trkpt lat="45.864109" lon="10.798808">
        <ele>470.261702</ele>
        <time>2024-05-08T09:39:54.473Z</time>
      </trkpt>
      <trkpt lat="45.864187" lon="10.798677">
        <ele>470.422504</ele>
        <time>2024-05-08T09:39:58.465Z</time>
      </trkpt>
      <trkpt lat="45.864269" lon="10.798593">
        <ele>470.557451</ele>
        <time>2024-05-08T09:40:01.464Z</time>
      </trkpt>
      <trkpt lat="45.864346" lon="10.798493">
        <ele>470.696542</ele>
        <time>2024-05-08T09:40:04.469Z</time>
      </trkpt>
      <trkpt lat="45.864417" lon="10.798375">
        <ele>470.842033</ele>
        <time>2024-05-08T09:40:07.474Z</time>
      </trkpt>
      <trkpt lat="45.864474" lon="10.798238">
        <ele>470.990922</ele>
        <time>2024-05-08T09:40:10.467Z</time>
      </trkpt>
      <trkpt lat="45.864518" lon="10.798108">
        <ele>471.125772</ele>
        <time>2024-05-08T09:40:13.467Z</time>
      </trkpt>
      <trkpt lat="45.864545" lon="10.797979">
        <ele>471.251441</ele>
        <time>2024-05-08T09:40:16.484Z</time>
      </trkpt>
      <trkpt lat="45.864592" lon="10.797826">
        <ele>471.407453</ele>
        <time>2024-05-08T09:40:20.483Z</time>
      </trkpt>
      <trkpt lat="45.864651" lon="10.797706">
        <ele>471.544500</ele>
        <time>2024-05-08T09:40:24.473Z</time>
      </trkpt>
      <trkpt lat="45.864737" lon="10.797600">
        <ele>471.696338</ele>
        <time>2024-05-08T09:40:28.469Z</time>
      </trkpt>
      <trkpt lat="45.864824" lon="10.797544">
        <ele>471.824070</ele>
        <time>2024-05-08T09:40:31.465Z</time>
      </trkpt>
      <trkpt lat="45.864918" lon="10.797480">
        <ele>471.963444</ele>
        <time>2024-05-08T09:40:34.466Z</time>
      </trkpt>
      <trkpt lat="45.864999" lon="10.797388">
        <ele>472.101804</ele>
        <time>2024-05-08T09:40:37.472Z</time>
      </trkpt>
      <trkpt lat="45.865043" lon="10.797226">
        <ele>472.722952</ele>
        <time>2024-05-08T09:40:40.457Z</time>
      </trkpt>
      <trkpt lat="45.865066" lon="10.797057">
        <ele>473.545583</ele>
        <time>2024-05-08T09:40:43.469Z</time>
      </trkpt>
      <trkpt lat="45.865073" lon="10.796890">
        <ele>474.344828</ele>
        <time>2024-05-08T09:40:46.473Z</time>
      </trkpt>
      <trkpt lat="45.865050" lon="10.796731">
        <ele>475.120627</ele>
        <time>2024-05-08T09:40:50.466Z</time>
      </trkpt>
      <trkpt lat="45.865020" lon="10.796585">
        <ele>475.847838</ele>
        <time>2024-05-08T09:40:55.465Z</time>
      </trkpt>
      <trkpt lat="45.865022" lon="10.796434">
        <ele>476.569334</ele>
        <time>2024-05-08T09:41:00.470Z</time>
      </trkpt>
      <trkpt lat="45.865058" lon="10.796290">
        <ele>477.300249</ele>
        <time>2024-05-08T09:41:05.466Z</time>
      </trkpt>
      <trkpt lat="45.865049" lon="10.796152">
        <ele>477.962394</ele>
        <time>2024-05-08T09:41:10.469Z</time>
      </trkpt>
      <trkpt lat="45.865016" lon="10.796030">
        <ele>478.587646</ele>
        <time>2024-05-08T09:41:15.468Z</time>
      </trkpt>
      <trkpt lat="45.864959" lon="10.795899">
        <ele>479.325593</ele>
        <time>2024-05-08T09:41:20.464Z</time>
      </trkpt>
      <trkpt lat="45.864903" lon="10.795778">
        <ele>480.019666</ele>
        <time>2024-05-08T09:41:25.461Z</time>
      </trkpt>
      <trkpt lat="45.864860" lon="10.795661">
        <ele>480.651677</ele>
        <time>2024-05-08T09:41:30.468Z</time>
      </trkpt>
      <trkpt lat="45.864816" lon="10.795546">
        <ele>481.278529</ele>
        <time>2024-05-08T09:41:36.466Z</time>
      </trkpt>
      <trkpt lat="45.864796" lon="10.795402">
        <ele>481.980006</ele>
        <time>2024-05-08T09:41:42.471Z</time>
      </trkpt>
      <trkpt lat="45.864812" lon="10.795251">
        <ele>482.709678</ele>
        <time>2024-05-08T09:41:48.464Z</time>
      </trkpt>
      <trkpt lat="45.864823" lon="10.795119">
        <ele>483.344778</ele>
        <time>2024-05-08T09:41:54.470Z</time>
      </trkpt>
      <trkpt lat="45.864895" lon="10.795031">
        <ele>483.993409</ele>
        <time>2024-05-08T09:41:59.470Z</time>
      </trkpt>
      <trkpt lat="45.864973" lon="10.794938">
        <ele>484.670901</ele>
        <time>2024-05-08T09:42:04.465Z</time>
      </trkpt>
      <trkpt lat="45.865031" lon="10.794827">
        <ele>485.273175</ele>
        <time>2024-05-08T09:42:10.464Z</time>
      </trkpt>
      <trkpt lat="45.865090" lon="10.794721">
        <ele>485.862109</ele>
        <time>2024-05-08T09:42:15.464Z</time>
      </trkpt>
      <trkpt lat="45.865158" lon="10.794637">
        <ele>486.421134</ele>
        <time>2024-05-08T09:42:20.466Z</time>
      </trkpt>
      <trkpt lat="45.865223" lon="10.794527">
        <ele>487.047244</ele>
        <time>2024-05-08T09:42:25.462Z</time>
      </trkpt>
      <trkpt lat="45.865266" lon="10.794412">
        <ele>487.613736</ele>
        <time>2024-05-08T09:42:30.466Z</time>
      </trkpt>
      <trkpt lat="45.865279" lon="10.794280">
        <ele>488.192306</ele>
        <time>2024-05-08T09:42:35.470Z</time>
      </trkpt>
      <trkpt lat="45.865264" lon="10.794151">
        <ele>488.759908</ele>
        <time>2024-05-08T09:42:40.466Z</time>
      </trkpt>
      <trkpt lat="45.865239" lon="10.794014">
        <ele>489.374553</ele>
        <time>2024-05-08T09:42:45.462Z</time>
      </trkpt>
      <trkpt lat="45.865203" lon="10.793867">
        <ele>490.050826</ele>
        <time>2024-05-08T09:42:50.471Z</time>
      </trkpt>
      <trkpt lat="45.865167" lon="10.793749">
        <ele>490.609931</ele>
        <time>2024-05-08T09:42:55.464Z</time>
      </trkpt>
      <trkpt lat="45.865118" lon="10.793636">
        <ele>491.187656</ele>
        <time>2024-05-08T09:43:00.470Z</time>
      </trkpt>
      <trkpt lat="45.865075" lon="10.793497">
        <ele>491.847756</ele>
        <time>2024-05-08T09:43:06.464Z</time>
      </trkpt>
      <trkpt lat="45.865065" lon="10.793360">
        <ele>492.445584</ele>
        <time>2024-05-08T09:43:11.467Z</time>
      </trkpt>
      <trkpt lat="45.865028" lon="10.793239">
        <ele>493.019117</ele>
        <time>2024-05-08T09:43:16.470Z</time>
      </trkpt>
      <trkpt lat="45.864997" lon="10.793103">
        <ele>493.640166</ele>
        <time>2024-05-08T09:43:22.460Z</time>
      </trkpt>
      <trkpt lat="45.864992" lon="10.792948">
        <ele>494.313579</ele>
        <time>2024-05-08T09:43:28.476Z</time>
      </trkpt>
      <trkpt lat="45.865023" lon="10.792811">
        <ele>494.938754</ele>
        <time>2024-05-08T09:43:33.469Z</time>
      </trkpt>
      <trkpt lat="45.865066" lon="10.792688">
        <ele>495.536061</ele>
        <time>2024-05-08T09:43:39.465Z</time>
      </trkpt>
      <trkpt lat="45.865102" lon="10.792569">
        <ele>495.970299</ele>
        <time>2024-05-08T09:43:44.474Z</time>
      </trkpt>
      <trkpt lat="45.865142" lon="10.792428">
        <ele>496.416713</ele>
        <time>2024-05-08T09:43:49.480Z</time>
      </trkpt>
      <trkpt lat="45.865165" lon="10.792276">
        <ele>496.872789</ele>
        <time>2024-05-08T09:43:54.462Z</time>
      </trkpt>
      <trkpt lat="45.865172" lon="10.792147">
        <ele>497.252173</ele>
        <time>2024-05-08T09:43:59.470Z</time>
      </trkpt>
      <trkpt lat="45.865149" lon="10.792016">
        <ele>497.648295</ele>
        <time>2024-05-08T09:44:05.472Z</time>
      </trkpt>
      <trkpt lat="45.865129" lon="10.791875">
        <ele>498.070207</ele>
        <time>2024-05-08T09:44:11.462Z</time>
      </trkpt>
      <trkpt lat="45.865138" lon="10.791737">
        <ele>498.476604</ele>
        <time>2024-05-08T09:44:17.468Z</time>
      </trkpt>
      <trkpt lat="45.865145" lon="10.791496">
        <ele>499.183848</ele>
        <time>2024-05-08T09:45:25.472Z</time>
      </trkpt>
      <trkpt lat="45.865152" lon="10.791367">
        <ele>499.563232</ele>
        <time>2024-05-08T09:45:29.460Z</time>
      </trkpt>
      <trkpt lat="45.865159" lon="10.791222">
        <ele>499.989402</ele>
        <time>2024-05-08T09:45:33.463Z</time>
      </trkpt>
      <trkpt lat="45.865148" lon="10.791082">
        <ele>500.402497</ele>
        <time>2024-05-08T09:45:37.469Z</time>
      </trkpt>
      <trkpt lat="45.865116" lon="10.790948">
        <ele>500.817857</ele>
        <time>2024-05-08T09:45:41.500Z</time>
      </trkpt>
      <trkpt lat="45.865090" lon="10.790811">
        <ele>501.234202</ele>
        <time>2024-05-08T09:45:45.489Z</time>
      </trkpt>
      <trkpt lat="45.865069" lon="10.790673">
        <ele>501.648378</ele>
        <time>2024-05-08T09:45:49.476Z</time>
      </trkpt>
      <trkpt lat="45.865045" lon="10.790536">
        <ele>502.062589</ele>
        <time>2024-05-08T09:45:54.479Z</time>
      </trkpt>
      <trkpt lat="45.865028" lon="10.790389">
        <ele>502.499508</ele>
        <time>2024-05-08T09:45:59.484Z</time>
      </trkpt>
      <trkpt lat="45.865023" lon="10.790255">
        <ele>502.892970</ele>
        <time>2024-05-08T09:46:03.458Z</time>
      </trkpt>
      <trkpt lat="45.865032" lon="10.790123">
        <ele>503.291453</ele>
        <time>2024-05-08T09:46:07.474Z</time>
      </trkpt>
      <trkpt lat="45.865029" lon="10.789991">
        <ele>504.253302</ele>
        <time>2024-05-08T09:46:11.464Z</time>
      </trkpt>
      <trkpt lat="45.865013" lon="10.789846">
        <ele>505.322492</ele>
        <time>2024-05-08T09:46:16.474Z</time>
      </trkpt>
      <trkpt lat="45.864960" lon="10.789730">
        <ele>506.332918</ele>
        <time>2024-05-08T09:46:21.459Z</time>
      </trkpt>
      <trkpt lat="45.864906" lon="10.789621">
        <ele>507.307150</ele>
        <time>2024-05-08T09:46:26.470Z</time>
      </trkpt>
      <trkpt lat="45.864880" lon="10.789491">
        <ele>508.292199</ele>
        <time>2024-05-08T09:46:31.470Z</time>
      </trkpt>
      <trkpt lat="45.864904" lon="10.789338">
        <ele>509.434400</ele>
        <time>2024-05-08T09:46:36.463Z</time>
      </trkpt>
      <trkpt lat="45.864950" lon="10.789219">
        <ele>510.425639</ele>
        <time>2024-05-08T09:46:40.461Z</time>
      </trkpt>
      <trkpt lat="45.864927" lon="10.789089">
        <ele>511.402492</ele>
        <time>2024-05-08T09:46:46.452Z</time>
      </trkpt>
      <trkpt lat="45.864865" lon="10.788995">
        <ele>512.345428</ele>
        <time>2024-05-08T09:46:50.456Z</time>
      </trkpt>
      <trkpt lat="45.864906" lon="10.788870">
        <ele>513.351720</ele>
        <time>2024-05-08T09:46:54.462Z</time>
      </trkpt>
      <trkpt lat="45.864993" lon="10.788834">
        <ele>514.298639</ele>
        <time>2024-05-08T09:46:58.475Z</time>
      </trkpt>
      <trkpt lat="45.865074" lon="10.788900">
        <ele>515.272650</ele>
        <time>2024-05-08T09:47:05.456Z</time>
      </trkpt>
      <trkpt lat="45.865180" lon="10.788949">
        <ele>516.437282</ele>
        <time>2024-05-08T09:47:18.463Z</time>
      </trkpt>
      <trkpt lat="45.865256" lon="10.789038">
        <ele>517.462913</ele>
        <time>2024-05-08T09:47:23.466Z</time>
      </trkpt>
      <trkpt lat="45.865353" lon="10.789012">
        <ele>518.494916</ele>
        <time>2024-05-08T09:47:38.508Z</time>
      </trkpt>
      <trkpt lat="45.865459" lon="10.788975">
        <ele>519.635806</ele>
        <time>2024-05-08T09:47:43.468Z</time>
      </trkpt>
      <trkpt lat="45.865527" lon="10.788862">
        <ele>520.723482</ele>
        <time>2024-05-08T09:47:48.471Z</time>
      </trkpt>
      <trkpt lat="45.865638" lon="10.788821">
        <ele>521.922172</ele>
        <time>2024-05-08T09:47:53.468Z</time>
      </trkpt>
      <trkpt lat="45.865744" lon="10.788827">
        <ele>522.821691</ele>
        <time>2024-05-08T09:47:57.455Z</time>
      </trkpt>
      <trkpt lat="45.865845" lon="10.788840">
        <ele>523.646611</ele>
        <time>2024-05-08T09:48:01.461Z</time>
      </trkpt>
      <trkpt lat="45.865939" lon="10.788843">
        <ele>524.411483</ele>
        <time>2024-05-08T09:48:07.461Z</time>
      </trkpt>
      <trkpt lat="45.866028" lon="10.788867">
        <ele>525.148144</ele>
        <time>2024-05-08T09:48:13.465Z</time>
      </trkpt>
      <trkpt lat="45.866120" lon="10.788842">
        <ele>525.909838</ele>
        <time>2024-05-08T09:48:16.471Z</time>
      </trkpt>
      <trkpt lat="45.866195" lon="10.788747">
        <ele>526.723374</ele>
        <time>2024-05-08T09:48:21.466Z</time>
      </trkpt>
      <trkpt lat="45.866256" lon="10.788619">
        <ele>527.601996</ele>
        <time>2024-05-08T09:48:26.463Z</time>
      </trkpt>
      <trkpt lat="45.866310" lon="10.788502">
        <ele>528.397122</ele>
        <time>2024-05-08T09:48:31.472Z</time>
      </trkpt>
      <trkpt lat="45.866355" lon="10.788374">
        <ele>529.209365</ele>
        <time>2024-05-08T09:48:36.458Z</time>
      </trkpt>
      <trkpt lat="45.866417" lon="10.788254">
        <ele>530.055799</ele>
        <time>2024-05-08T09:48:41.469Z</time>
      </trkpt>
      <trkpt lat="45.866481" lon="10.788134">
        <ele>530.912026</ele>
        <time>2024-05-08T09:48:46.442Z</time>
      </trkpt>
      <trkpt lat="45.866533" lon="10.788001">
        <ele>531.776054</ele>
        <time>2024-05-08T09:48:51.449Z</time>
      </trkpt>
      <trkpt lat="45.866584" lon="10.787867">
        <ele>532.641094</ele>
        <time>2024-05-08T09:48:56.461Z</time>
      </trkpt>
      <trkpt lat="45.866641" lon="10.787745">
        <ele>533.473321</ele>
        <time>2024-05-08T09:49:01.469Z</time>
      </trkpt>
      <trkpt lat="45.866679" lon="10.787628">
        <ele>534.204626</ele>
        <time>2024-05-08T09:49:05.468Z</time>
      </trkpt>
      <trkpt lat="45.866723" lon="10.787511">
        <ele>534.957862</ele>
        <time>2024-05-08T09:49:09.464Z</time>
      </trkpt>
      <trkpt lat="45.866768" lon="10.787374">
        <ele>535.815918</ele>
        <time>2024-05-08T09:49:14.464Z</time>
      </trkpt>
      <trkpt lat="45.866816" lon="10.787237">
        <ele>536.684665</ele>
        <time>2024-05-08T09:49:19.458Z</time>
      </trkpt>
      <trkpt lat="45.866854" lon="10.787095">
        <ele>537.338751</ele>
        <time>2024-05-08T09:49:24.463Z</time>
      </trkpt>
      <trkpt lat="45.866913" lon="10.786975">
        <ele>537.962172</ele>
        <time>2024-05-08T09:49:30.461Z</time>
      </trkpt>
      <trkpt lat="45.866960" lon="10.786836">
        <ele>538.617943</ele>
        <time>2024-05-08T09:49:36.459Z</time>
      </trkpt>
      <trkpt lat="45.867011" lon="10.786706">
        <ele>539.251182</ele>
        <time>2024-05-08T09:49:41.464Z</time>
      </trkpt>
      <trkpt lat="45.867057" lon="10.786564">
        <ele>539.915834</ele>
        <time>2024-05-08T09:49:46.461Z</time>
      </trkpt>
      <trkpt lat="45.867116" lon="10.786431">
        <ele>540.585078</ele>
        <time>2024-05-08T09:49:51.457Z</time>
      </trkpt>
      <trkpt lat="45.867191" lon="10.786319">
        <ele>541.244520</ele>
        <time>2024-05-08T09:49:56.470Z</time>
      </trkpt>
      <trkpt lat="45.867274" lon="10.786225">
        <ele>541.888749</ele>
        <time>2024-05-08T09:50:01.468Z</time>
      </trkpt>
      <trkpt lat="45.867343" lon="10.786132">
        <ele>542.465480</ele>
        <time>2024-05-08T09:50:06.468Z</time>
      </trkpt>
      <trkpt lat="45.867418" lon="10.786044">
        <ele>543.055744</ele>
        <time>2024-05-08T09:50:11.464Z</time>
      </trkpt>
      <trkpt lat="45.867491" lon="10.785950">
        <ele>543.653309</ele>
        <time>2024-05-08T09:50:16.464Z</time>
      </trkpt>
      <trkpt lat="45.867557" lon="10.785857">
        <ele>544.216845</ele>
        <time>2024-05-08T09:50:21.463Z</time>
      </trkpt>
      <trkpt lat="45.867625" lon="10.785770">
        <ele>544.771892</ele>
        <time>2024-05-08T09:50:26.461Z</time>
      </trkpt>
      <trkpt lat="45.867691" lon="10.785673">
        <ele>545.347444</ele>
        <time>2024-05-08T09:50:31.467Z</time>
      </trkpt>
      <trkpt lat="45.867753" lon="10.785572">
        <ele>545.918851</ele>
        <time>2024-05-08T09:50:36.469Z</time>
      </trkpt>
      <trkpt lat="45.867797" lon="10.785453">
        <ele>546.490648</ele>
        <time>2024-05-08T09:50:41.463Z</time>
      </trkpt>
      <trkpt lat="45.867847" lon="10.785343">
        <ele>547.048128</ele>
        <time>2024-05-08T09:50:46.464Z</time>
      </trkpt>
      <trkpt lat="45.867868" lon="10.785192">
        <ele>547.713449</ele>
        <time>2024-05-08T09:50:52.461Z</time>
      </trkpt>
      <trkpt lat="45.867888" lon="10.785044">
        <ele>548.714656</ele>
        <time>2024-05-08T09:50:58.462Z</time>
      </trkpt>
      <trkpt lat="45.867878" lon="10.784908">
        <ele>549.622855</ele>
        <time>2024-05-08T09:51:04.461Z</time>
      </trkpt>
      <trkpt lat="45.867630" lon="10.784946">
        <ele>552.001544</ele>
        <time>2024-05-08T09:53:19.478Z</time>
      </trkpt>
      <trkpt lat="45.867538" lon="10.785015">
        <ele>552.991429</ele>
        <time>2024-05-08T09:53:26.473Z</time>
      </trkpt>
      <trkpt lat="45.867459" lon="10.784917">
        <ele>553.987049</ele>
        <time>2024-05-08T09:53:32.464Z</time>
      </trkpt>
      <trkpt lat="45.867422" lon="10.784775">
        <ele>554.993942</ele>
        <time>2024-05-08T09:53:38.468Z</time>
      </trkpt>
      <trkpt lat="45.867407" lon="10.784632">
        <ele>555.954329</ele>
        <time>2024-05-08T09:53:44.459Z</time>
      </trkpt>
      <trkpt lat="45.867399" lon="10.784488">
        <ele>556.913681</ele>
        <time>2024-05-08T09:53:50.474Z</time>
      </trkpt>
      <trkpt lat="45.867384" lon="10.784345">
        <ele>557.874069</ele>
        <time>2024-05-08T09:53:56.465Z</time>
      </trkpt>
      <trkpt lat="45.867360" lon="10.784191">
        <ele>558.922095</ele>
        <time>2024-05-08T09:54:02.468Z</time>
      </trkpt>
      <trkpt lat="45.867349" lon="10.784052">
        <ele>559.851146</ele>
        <time>2024-05-08T09:54:07.470Z</time>
      </trkpt>
      <trkpt lat="45.867367" lon="10.783908">
        <ele>560.822747</ele>
        <time>2024-05-08T09:54:13.455Z</time>
      </trkpt>
      <trkpt lat="45.867399" lon="10.783780">
        <ele>561.725930</ele>
        <time>2024-05-08T09:54:19.462Z</time>
      </trkpt>
      <trkpt lat="45.867423" lon="10.783655">
        <ele>562.587043</ele>
        <time>2024-05-08T09:54:24.470Z</time>
      </trkpt>
      <trkpt lat="45.867430" lon="10.783525">
        <ele>563.452958</ele>
        <time>2024-05-08T09:54:29.451Z</time>
      </trkpt>
      <trkpt lat="45.867438" lon="10.783378">
        <ele>564.432171</ele>
        <time>2024-05-08T09:54:35.470Z</time>
      </trkpt>
      <trkpt lat="45.867456" lon="10.783242">
        <ele>565.341937</ele>
        <time>2024-05-08T09:54:41.451Z</time>
      </trkpt>
      <trkpt lat="45.867483" lon="10.783118">
        <ele>566.188735</ele>
        <time>2024-05-08T09:54:46.460Z</time>
      </trkpt>
      <trkpt lat="45.867523" lon="10.782997">
        <ele>567.061751</ele>
        <time>2024-05-08T09:54:51.456Z</time>
      </trkpt>
      <trkpt lat="45.867556" lon="10.782874">
        <ele>567.920887</ele>
        <time>2024-05-08T09:54:56.468Z</time>
      </trkpt>
      <trkpt lat="45.867588" lon="10.782732">
        <ele>568.893673</ele>
        <time>2024-05-08T09:55:02.477Z</time>
      </trkpt>
      <trkpt lat="45.867626" lon="10.782593">
        <ele>569.866966</ele>
        <time>2024-05-08T09:55:08.462Z</time>
      </trkpt>
      <trkpt lat="45.867668" lon="10.782455">
        <ele>570.848580</ele>
        <time>2024-05-08T09:55:14.461Z</time>
      </trkpt>
      <trkpt lat="45.867708" lon="10.782322">
        <ele>571.792845</ele>
        <time>2024-05-08T09:55:20.462Z</time>
      </trkpt>
      <trkpt lat="45.867773" lon="10.782201">
        <ele>572.788908</ele>
        <time>2024-05-08T09:55:26.460Z</time>
      </trkpt>
      <trkpt lat="45.867854" lon="10.782140">
        <ele>573.645014</ele>
        <time>2024-05-08T09:55:31.455Z</time>
      </trkpt>
      <trkpt lat="45.867937" lon="10.782080">
        <ele>574.514794</ele>
        <time>2024-05-08T09:55:36.457Z</time>
      </trkpt>
      <trkpt lat="45.868025" lon="10.782041">
        <ele>575.376831</ele>
        <time>2024-05-08T09:55:41.459Z</time>
      </trkpt>
      <trkpt lat="45.868009" lon="10.782179">
        <ele>576.288660</ele>
        <time>2024-05-08T09:55:47.458Z</time>
      </trkpt>
      <trkpt lat="45.867951" lon="10.782280">
        <ele>577.141939</ele>
        <time>2024-05-08T09:55:51.458Z</time>
      </trkpt>
      <trkpt lat="45.867909" lon="10.782407">
        <ele>578.058306</ele>
        <time>2024-05-08T09:55:56.462Z</time>
      </trkpt>
      <trkpt lat="45.867937" lon="10.782534">
        <ele>578.926559</ele>
        <time>2024-05-08T09:56:02.461Z</time>
      </trkpt>
      <trkpt lat="45.868126" lon="10.782238">
        <ele>581.544135</ele>
        <time>2024-05-08T09:57:48.447Z</time>
      </trkpt>
      <trkpt lat="45.868202" lon="10.782158">
        <ele>582.831735</ele>
        <time>2024-05-08T09:57:53.442Z</time>
      </trkpt>
      <trkpt lat="45.868303" lon="10.782110">
        <ele>584.362264</ele>
        <time>2024-05-08T09:57:59.468Z</time>
      </trkpt>
      <trkpt lat="45.868404" lon="10.782084">
        <ele>585.838459</ele>
        <time>2024-05-08T09:58:05.461Z</time>
      </trkpt>
      <trkpt lat="45.868497" lon="10.782022">
        <ele>587.313531</ele>
        <time>2024-05-08T09:58:11.461Z</time>
      </trkpt>
      <trkpt lat="45.868567" lon="10.781939">
        <ele>588.619464</ele>
        <time>2024-05-08T09:58:16.450Z</time>
      </trkpt>
      <trkpt lat="45.868640" lon="10.781841">
        <ele>590.057065</ele>
        <time>2024-05-08T09:58:22.469Z</time>
      </trkpt>
      <trkpt lat="45.868681" lon="10.781716">
        <ele>591.441211</ele>
        <time>2024-05-08T09:58:28.471Z</time>
      </trkpt>
      <trkpt lat="45.868725" lon="10.781599">
        <ele>592.773263</ele>
        <time>2024-05-08T09:58:34.469Z</time>
      </trkpt>
      <trkpt lat="45.868805" lon="10.781539">
        <ele>594.071673</ele>
        <time>2024-05-08T09:58:39.460Z</time>
      </trkpt>
      <trkpt lat="45.868906" lon="10.781523">
        <ele>595.533522</ele>
        <time>2024-05-08T09:58:46.458Z</time>
      </trkpt>
      <trkpt lat="45.869000" lon="10.781501">
        <ele>596.903693</ele>
        <time>2024-05-08T09:58:52.447Z</time>
      </trkpt>
      <trkpt lat="45.869096" lon="10.781527">
        <ele>598.309140</ele>
        <time>2024-05-08T09:58:58.468Z</time>
      </trkpt>
      <trkpt lat="45.869194" lon="10.781541">
        <ele>599.725975</ele>
        <time>2024-05-08T09:59:04.466Z</time>
      </trkpt>
      <trkpt lat="45.869292" lon="10.781508">
        <ele>601.174087</ele>
        <time>2024-05-08T09:59:10.465Z</time>
      </trkpt>
      <trkpt lat="45.869397" lon="10.781471">
        <ele>602.729476</ele>
        <time>2024-05-08T09:59:16.469Z</time>
      </trkpt>
      <trkpt lat="45.869490" lon="10.781444">
        <ele>604.094484</ele>
        <time>2024-05-08T09:59:21.466Z</time>
      </trkpt>
      <trkpt lat="45.869578" lon="10.781411">
        <ele>605.402941</ele>
        <time>2024-05-08T09:59:25.462Z</time>
      </trkpt>
      <trkpt lat="45.869684" lon="10.781403">
        <ele>606.930014</ele>
        <time>2024-05-08T09:59:30.462Z</time>
      </trkpt>
      <trkpt lat="45.869638" lon="10.781230">
        <ele>608.002328</ele>
        <time>2024-05-08T10:01:21.469Z</time>
      </trkpt>
      <trkpt lat="45.869582" lon="10.781109">
        <ele>608.537603</ele>
        <time>2024-05-08T10:01:30.458Z</time>
      </trkpt>
      <trkpt lat="45.869528" lon="10.780993">
        <ele>609.051680</ele>
        <time>2024-05-08T10:01:38.468Z</time>
      </trkpt>
      <trkpt lat="45.869506" lon="10.780867">
        <ele>609.530259</ele>
        <time>2024-05-08T10:01:46.468Z</time>
      </trkpt>
      <trkpt lat="45.869503" lon="10.780726">
        <ele>610.049970</ele>
        <time>2024-05-08T10:01:56.472Z</time>
      </trkpt>
      <trkpt lat="45.869586" lon="10.780666">
        <ele>610.541627</ele>
        <time>2024-05-08T10:02:06.454Z</time>
      </trkpt>
      <trkpt lat="45.869645" lon="10.780566">
        <ele>611.024519</ele>
        <time>2024-05-08T10:02:15.466Z</time>
      </trkpt>
      <trkpt lat="45.869555" lon="10.780649">
        <ele>611.590444</ele>
        <time>2024-05-08T10:04:43.455Z</time>
      </trkpt>
      <trkpt lat="45.869496" lon="10.780824">
        <ele>612.306775</ele>
        <time>2024-05-08T10:04:46.460Z</time>
      </trkpt>
      <trkpt lat="45.869532" lon="10.780972">
        <ele>612.884347</ele>
        <time>2024-05-08T10:04:48.456Z</time>
      </trkpt>
      <trkpt lat="45.869560" lon="10.781110">
        <ele>613.413908</ele>
        <time>2024-05-08T10:04:50.457Z</time>
      </trkpt>
      <trkpt lat="45.869637" lon="10.781221">
        <ele>613.991162</ele>
        <time>2024-05-08T10:04:52.453Z</time>
      </trkpt>
      <trkpt lat="45.869696" lon="10.781382">
        <ele>614.661446</ele>
        <time>2024-05-08T10:04:55.458Z</time>
      </trkpt>
      <trkpt lat="45.869754" lon="10.781485">
        <ele>615.149477</ele>
        <time>2024-05-08T10:04:57.457Z</time>
      </trkpt>
      <trkpt lat="45.869830" lon="10.781586">
        <ele>615.697348</ele>
        <time>2024-05-08T10:05:02.450Z</time>
      </trkpt>
      <trkpt lat="45.869916" lon="10.781660">
        <ele>616.227803</ele>
        <time>2024-05-08T10:05:07.449Z</time>
      </trkpt>
      <trkpt lat="45.869994" lon="10.781740">
        <ele>616.734946</ele>
        <time>2024-05-08T10:05:13.457Z</time>
      </trkpt>
      <trkpt lat="45.870075" lon="10.781802">
        <ele>617.401581</ele>
        <time>2024-05-08T10:05:19.455Z</time>
      </trkpt>
      <trkpt lat="45.870177" lon="10.781825">
        <ele>618.578532</ele>
        <time>2024-05-08T10:05:26.457Z</time>
      </trkpt>
      <trkpt lat="45.870274" lon="10.781830">
        <ele>619.684955</ele>
        <time>2024-05-08T10:05:32.458Z</time>
      </trkpt>
      <trkpt lat="45.870371" lon="10.781835">
        <ele>620.791378</ele>
        <time>2024-05-08T10:05:38.457Z</time>
      </trkpt>
      <trkpt lat="45.870478" lon="10.781833">
        <ele>622.011183</ele>
        <time>2024-05-08T10:05:44.455Z</time>
      </trkpt>
      <trkpt lat="45.870569" lon="10.781783">
        <ele>623.121820</ele>
        <time>2024-05-08T10:05:50.446Z</time>
      </trkpt>
      <trkpt lat="45.870653" lon="10.781714">
        <ele>624.224894</ele>
        <time>2024-05-08T10:05:56.449Z</time>
      </trkpt>
      <trkpt lat="45.870732" lon="10.781619">
        <ele>625.399408</ele>
        <time>2024-05-08T10:06:02.455Z</time>
      </trkpt>
      <trkpt lat="45.870796" lon="10.781505">
        <ele>626.561696</ele>
        <time>2024-05-08T10:06:07.462Z</time>
      </trkpt>
      <trkpt lat="45.870824" lon="10.781377">
        <ele>627.626582</ele>
        <time>2024-05-08T10:06:12.455Z</time>
      </trkpt>
      <trkpt lat="45.870836" lon="10.781245">
        <ele>628.683150</ele>
        <time>2024-05-08T10:06:17.453Z</time>
      </trkpt>
      <trkpt lat="45.870850" lon="10.781095">
        <ele>629.884338</ele>
        <time>2024-05-08T10:06:23.461Z</time>
      </trkpt>
      <trkpt lat="45.870861" lon="10.780958">
        <ele>630.978904</ele>
        <time>2024-05-08T10:06:28.456Z</time>
      </trkpt>
      <trkpt lat="45.870896" lon="10.780823">
        <ele>632.122257</ele>
        <time>2024-05-08T10:06:33.461Z</time>
      </trkpt>
      <trkpt lat="45.870911" lon="10.780684">
        <ele>633.238661</ele>
        <time>2024-05-08T10:06:38.461Z</time>
      </trkpt>
      <trkpt lat="45.870970" lon="10.780585">
        <ele>634.272938</ele>
        <time>2024-05-08T10:08:21.455Z</time>
      </trkpt>
      <trkpt lat="45.871005" lon="10.780445">
        <ele>635.453561</ele>
        <time>2024-05-08T10:08:26.456Z</time>
      </trkpt>
      <trkpt lat="45.871030" lon="10.780313">
        <ele>636.539299</ele>
        <time>2024-05-08T10:08:31.459Z</time>
      </trkpt>
      <trkpt lat="45.871057" lon="10.780185">
        <ele>637.590668</ele>
        <time>2024-05-08T10:08:36.499Z</time>
      </trkpt>
      <trkpt lat="45.871087" lon="10.780058">
        <ele>638.338403</ele>
        <time>2024-05-08T10:08:41.469Z</time>
      </trkpt>
      <trkpt lat="45.871111" lon="10.779922">
        <ele>639.120651</ele>
        <time>2024-05-08T10:08:46.437Z</time>
      </trkpt>
      <trkpt lat="45.871135" lon="10.779790">
        <ele>639.881301</ele>
        <time>2024-05-08T10:08:51.464Z</time>
      </trkpt>
      <trkpt lat="45.871162" lon="10.779663">
        <ele>640.621666</ele>
        <time>2024-05-08T10:08:56.466Z</time>
      </trkpt>
      <trkpt lat="45.871185" lon="10.779525">
        <ele>641.412825</ele>
        <time>2024-05-08T10:09:01.452Z</time>
      </trkpt>
      <trkpt lat="45.871210" lon="10.779394">
        <ele>642.170157</ele>
        <time>2024-05-08T10:09:06.469Z</time>
      </trkpt>
      <trkpt lat="45.871236" lon="10.779260">
        <ele>642.945745</ele>
        <time>2024-05-08T10:09:11.454Z</time>
      </trkpt>
      <trkpt lat="45.871260" lon="10.779127">
        <ele>643.711788</ele>
        <time>2024-05-08T10:09:17.451Z</time>
      </trkpt>
      <trkpt lat="45.871280" lon="10.778999">
        <ele>644.443204</ele>
        <time>2024-05-08T10:09:24.465Z</time>
      </trkpt>
      <trkpt lat="45.871319" lon="10.778860">
        <ele>645.278758</ele>
        <time>2024-05-08T10:09:30.460Z</time>
      </trkpt>
      <trkpt lat="45.871335" lon="10.778724">
        <ele>646.047776</ele>
        <time>2024-05-08T10:09:36.455Z</time>
      </trkpt>
      <trkpt lat="45.871358" lon="10.778595">
        <ele>646.790224</ele>
        <time>2024-05-08T10:09:42.455Z</time>
      </trkpt>
      <trkpt lat="45.871389" lon="10.778462">
        <ele>647.572214</ele>
        <time>2024-05-08T10:09:48.461Z</time>
      </trkpt>
      <trkpt lat="45.871419" lon="10.778324">
        <ele>648.378264</ele>
        <time>2024-05-08T10:09:54.462Z</time>
      </trkpt>
      <trkpt lat="45.871443" lon="10.778186">
        <ele>649.171322</ele>
        <time>2024-05-08T10:10:00.463Z</time>
      </trkpt>
      <trkpt lat="45.871467" lon="10.778055">
        <ele>649.926574</ele>
        <time>2024-05-08T10:10:06.469Z</time>
      </trkpt>
      <trkpt lat="45.871509" lon="10.777940">
        <ele>650.650610</ele>
        <time>2024-05-08T10:10:11.463Z</time>
      </trkpt>
      <trkpt lat="45.871588" lon="10.777862">
        <ele>651.418280</ele>
        <time>2024-05-08T10:10:16.458Z</time>
      </trkpt>
      <trkpt lat="45.871690" lon="10.777891">
        <ele>652.216137</ele>
        <time>2024-05-08T10:10:21.467Z</time>
      </trkpt>
      <trkpt lat="45.871740" lon="10.778016">
        <ele>652.920524</ele>
        <time>2024-05-08T10:10:26.456Z</time>
      </trkpt>
      <trkpt lat="45.871717" lon="10.778174">
        <ele>653.709231</ele>
        <time>2024-05-08T10:10:31.453Z</time>
      </trkpt>
      <trkpt lat="45.871683" lon="10.778297">
        <ele>654.355862</ele>
        <time>2024-05-08T10:10:35.454Z</time>
      </trkpt>
      <trkpt lat="45.871646" lon="10.778421">
        <ele>655.015041</ele>
        <time>2024-05-08T10:10:39.487Z</time>
      </trkpt>
      <trkpt lat="45.871615" lon="10.778564">
        <ele>655.746849</ele>
        <time>2024-05-08T10:10:44.460Z</time>
      </trkpt>
      <trkpt lat="45.871594" lon="10.778714">
        <ele>656.494445</ele>
        <time>2024-05-08T10:10:51.455Z</time>
      </trkpt>
      <trkpt lat="45.871576" lon="10.778875">
        <ele>657.291198</ele>
        <time>2024-05-08T10:10:56.454Z</time>
      </trkpt>
      <trkpt lat="45.871598" lon="10.779012">
        <ele>657.978178</ele>
        <time>2024-05-08T10:11:00.461Z</time>
      </trkpt>
      <trkpt lat="45.871675" lon="10.779095">
        <ele>658.653798</ele>
        <time>2024-05-08T10:11:04.466Z</time>
      </trkpt>
      <trkpt lat="45.871766" lon="10.779046">
        <ele>659.335812</ele>
        <time>2024-05-08T10:11:08.431Z</time>
      </trkpt>
      <trkpt lat="45.871797" lon="10.778914">
        <ele>660.016487</ele>
        <time>2024-05-08T10:11:13.454Z</time>
      </trkpt>
      <trkpt lat="45.871813" lon="10.778767">
        <ele>660.743477</ele>
        <time>2024-05-08T10:11:18.454Z</time>
      </trkpt>
      <trkpt lat="45.871841" lon="10.778630">
        <ele>661.441124</ele>
        <time>2024-05-08T10:11:23.461Z</time>
      </trkpt>
      <trkpt lat="45.871871" lon="10.778488">
        <ele>662.166197</ele>
        <time>2024-05-08T10:11:28.447Z</time>
      </trkpt>
      <trkpt lat="45.871897" lon="10.778360">
        <ele>662.817696</ele>
        <time>2024-05-08T10:11:33.466Z</time>
      </trkpt>
      <trkpt lat="45.871929" lon="10.778236">
        <ele>663.463857</ele>
        <time>2024-05-08T10:11:38.459Z</time>
      </trkpt>
      <trkpt lat="45.871966" lon="10.778100">
        <ele>664.177301</ele>
        <time>2024-05-08T10:11:44.444Z</time>
      </trkpt>
      <trkpt lat="45.871991" lon="10.777966">
        <ele>664.994804</ele>
        <time>2024-05-08T10:11:50.449Z</time>
      </trkpt>
      <trkpt lat="45.872006" lon="10.777837">
        <ele>665.972900</ele>
        <time>2024-05-08T10:11:55.454Z</time>
      </trkpt>
      <trkpt lat="45.872014" lon="10.777689">
        <ele>667.083058</ele>
        <time>2024-05-08T10:12:01.453Z</time>
      </trkpt>
      <trkpt lat="45.872030" lon="10.777545">
        <ele>668.173598</ele>
        <time>2024-05-08T10:12:07.459Z</time>
      </trkpt>
      <trkpt lat="45.872039" lon="10.777402">
        <ele>669.247393</ele>
        <time>2024-05-08T10:12:13.469Z</time>
      </trkpt>
      <trkpt lat="45.872048" lon="10.777257">
        <ele>670.336085</ele>
        <time>2024-05-08T10:12:19.457Z</time>
      </trkpt>
      <trkpt lat="45.872062" lon="10.777116">
        <ele>671.401231</ele>
        <time>2024-05-08T10:12:25.466Z</time>
      </trkpt>
      <trkpt lat="45.872054" lon="10.776969">
        <ele>672.503932</ele>
        <time>2024-05-08T10:12:31.459Z</time>
      </trkpt>
      <trkpt lat="45.872047" lon="10.776835">
        <ele>673.508876</ele>
        <time>2024-05-08T10:12:37.450Z</time>
      </trkpt>
      <trkpt lat="45.872045" lon="10.776698">
        <ele>674.533665</ele>
        <time>2024-05-08T10:12:43.440Z</time>
      </trkpt>
      <trkpt lat="45.872036" lon="10.776562">
        <ele>675.555333</ele>
        <time>2024-05-08T10:12:49.459Z</time>
      </trkpt>
      <trkpt lat="45.872027" lon="10.776415">
        <ele>676.658924</ele>
        <time>2024-05-08T10:12:55.454Z</time>
      </trkpt>
      <trkpt lat="45.872016" lon="10.776275">
        <ele>677.712569</ele>
        <time>2024-05-08T10:13:01.457Z</time>
      </trkpt>
      <trkpt lat="45.872010" lon="10.776133">
        <ele>678.776479</ele>
        <time>2024-05-08T10:13:07.457Z</time>
      </trkpt>
      <trkpt lat="45.872012" lon="10.775989">
        <ele>679.853607</ele>
        <time>2024-05-08T10:13:13.459Z</time>
      </trkpt>
      <trkpt lat="45.872017" lon="10.775849">
        <ele>680.901983</ele>
        <time>2024-05-08T10:13:19.456Z</time>
      </trkpt>
      <trkpt lat="45.872015" lon="10.775697">
        <ele>682.038928</ele>
        <time>2024-05-08T10:13:25.460Z</time>
      </trkpt>
      <trkpt lat="45.871991" lon="10.775563">
        <ele>683.073681</ele>
        <time>2024-05-08T10:13:31.462Z</time>
      </trkpt>
      <trkpt lat="45.871965" lon="10.775432">
        <ele>684.022572</ele>
        <time>2024-05-08T10:13:37.455Z</time>
      </trkpt>
      <trkpt lat="45.871939" lon="10.775298">
        <ele>684.662108</ele>
        <time>2024-05-08T10:13:43.450Z</time>
      </trkpt>
      <trkpt lat="45.871905" lon="10.775159">
        <ele>685.339447</ele>
        <time>2024-05-08T10:13:49.453Z</time>
      </trkpt>
      <trkpt lat="45.871871" lon="10.775015">
        <ele>686.038515</ele>
        <time>2024-05-08T10:13:55.456Z</time>
      </trkpt>
      <trkpt lat="45.871857" lon="10.774885">
        <ele>686.643295</ele>
        <time>2024-05-08T10:14:00.457Z</time>
      </trkpt>
      <trkpt lat="45.871832" lon="10.774756">
        <ele>687.258916</ele>
        <time>2024-05-08T10:14:05.464Z</time>
      </trkpt>
      <trkpt lat="45.871802" lon="10.774620">
        <ele>687.914804</ele>
        <time>2024-05-08T10:14:10.450Z</time>
      </trkpt>
      <trkpt lat="45.871773" lon="10.774493">
        <ele>688.529284</ele>
        <time>2024-05-08T10:14:15.457Z</time>
      </trkpt>
      <trkpt lat="45.871748" lon="10.774361">
        <ele>689.158204</ele>
        <time>2024-05-08T10:14:20.456Z</time>
      </trkpt>
      <trkpt lat="45.871723" lon="10.774224">
        <ele>689.809334</ele>
        <time>2024-05-08T10:14:25.451Z</time>
      </trkpt>
      <trkpt lat="45.871693" lon="10.774098">
        <ele>690.421553</ele>
        <time>2024-05-08T10:14:30.446Z</time>
      </trkpt>
      <trkpt lat="45.871655" lon="10.773978">
        <ele>691.027632</ele>
        <time>2024-05-08T10:14:35.439Z</time>
      </trkpt>
      <trkpt lat="45.871614" lon="10.773861">
        <ele>691.629826</ele>
        <time>2024-05-08T10:14:40.457Z</time>
      </trkpt>
      <trkpt lat="45.871568" lon="10.773722">
        <ele>692.337391</ele>
        <time>2024-05-08T10:14:46.461Z</time>
      </trkpt>
      <trkpt lat="45.871540" lon="10.773579">
        <ele>693.020338</ele>
        <time>2024-05-08T10:14:52.457Z</time>
      </trkpt>
      <trkpt lat="45.871522" lon="10.773430">
        <ele>693.715602</ele>
        <time>2024-05-08T10:14:58.452Z</time>
      </trkpt>
      <trkpt lat="45.871499" lon="10.773289">
        <ele>694.381404</ele>
        <time>2024-05-08T10:15:03.458Z</time>
      </trkpt>
      <trkpt lat="45.871507" lon="10.773145">
        <ele>695.045550</ele>
        <time>2024-05-08T10:15:08.463Z</time>
      </trkpt>
      <trkpt lat="45.871532" lon="10.773006">
        <ele>695.705582</ele>
        <time>2024-05-08T10:15:13.464Z</time>
      </trkpt>
      <trkpt lat="45.871575" lon="10.772866">
        <ele>696.078087</ele>
        <time>2024-05-08T10:15:18.455Z</time>
      </trkpt>
      <trkpt lat="45.871623" lon="10.772736">
        <ele>696.394237</ele>
        <time>2024-05-08T10:15:23.457Z</time>
      </trkpt>
      <trkpt lat="45.871672" lon="10.772601">
        <ele>696.721332</ele>
        <time>2024-05-08T10:15:28.456Z</time>
      </trkpt>
      <trkpt lat="45.871718" lon="10.772465">
        <ele>697.046183</ele>
        <time>2024-05-08T10:15:33.456Z</time>
      </trkpt>
      <trkpt lat="45.871759" lon="10.772336">
        <ele>697.350852</ele>
        <time>2024-05-08T10:15:38.451Z</time>
      </trkpt>
      <trkpt lat="45.871798" lon="10.772203">
        <ele>697.660912</ele>
        <time>2024-05-08T10:15:43.467Z</time>
      </trkpt>
      <trkpt lat="45.871833" lon="10.772075">
        <ele>697.956369</ele>
        <time>2024-05-08T10:15:48.450Z</time>
      </trkpt>
      <trkpt lat="45.871871" lon="10.771954">
        <ele>698.241560</ele>
        <time>2024-05-08T10:15:53.457Z</time>
      </trkpt>
      <trkpt lat="45.871912" lon="10.771822">
        <ele>698.552103</ele>
        <time>2024-05-08T10:15:58.459Z</time>
      </trkpt>
      <trkpt lat="45.871951" lon="10.771685">
        <ele>698.870100</ele>
        <time>2024-05-08T10:16:03.456Z</time>
      </trkpt>
      <trkpt lat="45.871993" lon="10.771561">
        <ele>699.166366</ele>
        <time>2024-05-08T10:16:08.452Z</time>
      </trkpt>
      <trkpt lat="45.872035" lon="10.771443">
        <ele>699.451096</ele>
        <time>2024-05-08T10:16:13.455Z</time>
      </trkpt>
      <trkpt lat="45.872073" lon="10.771311">
        <ele>699.757983</ele>
        <time>2024-05-08T10:16:18.454Z</time>
      </trkpt>
      <trkpt lat="45.872114" lon="10.771169">
        <ele>700.088263</ele>
        <time>2024-05-08T10:16:23.445Z</time>
      </trkpt>
      <trkpt lat="45.872161" lon="10.771025">
        <ele>700.429953</ele>
        <time>2024-05-08T10:16:28.437Z</time>
      </trkpt>
      <trkpt lat="45.872198" lon="10.770900">
        <ele>700.721777</ele>
        <time>2024-05-08T10:16:32.456Z</time>
      </trkpt>
      <trkpt lat="45.872236" lon="10.770762">
        <ele>701.040615</ele>
        <time>2024-05-08T10:16:36.462Z</time>
      </trkpt>
      <trkpt lat="45.872270" lon="10.770619">
        <ele>701.339645</ele>
        <time>2024-05-08T10:16:40.457Z</time>
      </trkpt>
      <trkpt lat="45.872308" lon="10.770477">
        <ele>701.360561</ele>
        <time>2024-05-08T10:16:44.459Z</time>
      </trkpt>
      <trkpt lat="45.872350" lon="10.770325">
        <ele>701.383045</ele>
        <time>2024-05-08T10:16:48.457Z</time>
      </trkpt>
      <trkpt lat="45.872383" lon="10.770195">
        <ele>701.402070</ele>
        <time>2024-05-08T10:16:51.461Z</time>
      </trkpt>
      <trkpt lat="45.872422" lon="10.770057">
        <ele>701.422547</ele>
        <time>2024-05-08T10:16:54.461Z</time>
      </trkpt>
      <trkpt lat="45.872464" lon="10.769916">
        <ele>701.443633</ele>
        <time>2024-05-08T10:16:57.463Z</time>
      </trkpt>
      <trkpt lat="45.872506" lon="10.769767">
        <ele>701.465734</ele>
        <time>2024-05-08T10:17:00.461Z</time>
      </trkpt>
      <trkpt lat="45.872541" lon="10.769608">
        <ele>701.488662</ele>
        <time>2024-05-08T10:17:03.452Z</time>
      </trkpt>
      <trkpt lat="45.872572" lon="10.769456">
        <ele>701.510439</ele>
        <time>2024-05-08T10:17:06.462Z</time>
      </trkpt>
      <trkpt lat="45.872600" lon="10.769300">
        <ele>701.532589</ele>
        <time>2024-05-08T10:17:09.457Z</time>
      </trkpt>
      <trkpt lat="45.872634" lon="10.769121">
        <ele>701.558099</ele>
        <time>2024-05-08T10:17:12.456Z</time>
      </trkpt>
      <trkpt lat="45.872659" lon="10.768992">
        <ele>701.576509</ele>
        <time>2024-05-08T10:17:14.465Z</time>
      </trkpt>
      <trkpt lat="45.872687" lon="10.768864">
        <ele>701.594956</ele>
        <time>2024-05-08T10:17:16.449Z</time>
      </trkpt>
      <trkpt lat="45.872738" lon="10.768700">
        <ele>701.619651</ele>
        <time>2024-05-08T10:17:19.458Z</time>
      </trkpt>
      <trkpt lat="45.872787" lon="10.768529">
        <ele>701.645076</ele>
        <time>2024-05-08T10:17:22.449Z</time>
      </trkpt>
      <trkpt lat="45.872849" lon="10.768365">
        <ele>701.670733</ele>
        <time>2024-05-08T10:17:25.445Z</time>
      </trkpt>
      <trkpt lat="45.872919" lon="10.768217">
        <ele>701.716078</ele>
        <time>2024-05-08T10:17:28.444Z</time>
      </trkpt>
      <trkpt lat="45.872991" lon="10.768075">
        <ele>701.961982</ele>
        <time>2024-05-08T10:17:31.459Z</time>
      </trkpt>
      <trkpt lat="45.873060" lon="10.767936">
        <ele>702.200951</ele>
        <time>2024-05-08T10:17:34.450Z</time>
      </trkpt>
      <trkpt lat="45.873128" lon="10.767800">
        <ele>702.435335</ele>
        <time>2024-05-08T10:17:37.452Z</time>
      </trkpt>
      <trkpt lat="45.873190" lon="10.767661">
        <ele>702.666418</ele>
        <time>2024-05-08T10:17:40.462Z</time>
      </trkpt>
      <trkpt lat="45.873239" lon="10.767519">
        <ele>702.888270</ele>
        <time>2024-05-08T10:17:43.449Z</time>
      </trkpt>
      <trkpt lat="45.873290" lon="10.767382">
        <ele>703.105740</ele>
        <time>2024-05-08T10:17:46.457Z</time>
      </trkpt>
      <trkpt lat="45.873341" lon="10.767240">
        <ele>703.329406</ele>
        <time>2024-05-08T10:17:49.457Z</time>
      </trkpt>
      <trkpt lat="45.873394" lon="10.767114">
        <ele>703.535475</ele>
        <time>2024-05-08T10:17:52.447Z</time>
      </trkpt>
      <trkpt lat="45.873447" lon="10.766999">
        <ele>703.728530</ele>
        <time>2024-05-08T10:17:55.450Z</time>
      </trkpt>
      <trkpt lat="45.873509" lon="10.766884">
        <ele>703.932131</ele>
        <time>2024-05-08T10:17:58.455Z</time>
      </trkpt>
      <trkpt lat="45.873579" lon="10.766789">
        <ele>704.125760</ele>
        <time>2024-05-08T10:18:01.456Z</time>
      </trkpt>
      <trkpt lat="45.873656" lon="10.766705">
        <ele>704.320165</ele>
        <time>2024-05-08T10:18:04.440Z</time>
      </trkpt>
      <trkpt lat="45.873740" lon="10.766638">
        <ele>704.513346</ele>
        <time>2024-05-08T10:18:07.459Z</time>
      </trkpt>
      <trkpt lat="45.873829" lon="10.766569">
        <ele>704.716690</ele>
        <time>2024-05-08T10:18:10.462Z</time>
      </trkpt>
      <trkpt lat="45.873924" lon="10.766505">
        <ele>704.927659</ele>
        <time>2024-05-08T10:18:13.470Z</time>
      </trkpt>
      <trkpt lat="45.874019" lon="10.766431">
        <ele>705.144943</ele>
        <time>2024-05-08T10:18:16.467Z</time>
      </trkpt>
      <trkpt lat="45.874111" lon="10.766360">
        <ele>705.300253</ele>
        <time>2024-05-08T10:18:19.467Z</time>
      </trkpt>
      <trkpt lat="45.874198" lon="10.766293">
        <ele>705.260693</ele>
        <time>2024-05-08T10:18:22.448Z</time>
      </trkpt>
      <trkpt lat="45.874286" lon="10.766224">
        <ele>705.220515</ele>
        <time>2024-05-08T10:18:25.466Z</time>
      </trkpt>
      <trkpt lat="45.874385" lon="10.766151">
        <ele>705.175919</ele>
        <time>2024-05-08T10:18:28.444Z</time>
      </trkpt>
      <trkpt lat="45.874485" lon="10.766082">
        <ele>705.131461</ele>
        <time>2024-05-08T10:18:31.480Z</time>
      </trkpt>
      <trkpt lat="45.874609" lon="10.766058">
        <ele>705.081320</ele>
        <time>2024-05-08T10:18:34.461Z</time>
      </trkpt>
      <trkpt lat="45.874738" lon="10.766069">
        <ele>705.029534</ele>
        <time>2024-05-08T10:18:37.450Z</time>
      </trkpt>
      <trkpt lat="45.874864" lon="10.766112">
        <ele>704.977635</ele>
        <time>2024-05-08T10:18:40.470Z</time>
      </trkpt>
      <trkpt lat="45.874982" lon="10.766189">
        <ele>704.925697</ele>
        <time>2024-05-08T10:18:43.470Z</time>
      </trkpt>
      <trkpt lat="45.875079" lon="10.766315">
        <ele>704.873286</ele>
        <time>2024-05-08T10:18:46.458Z</time>
      </trkpt>
      <trkpt lat="45.875151" lon="10.766461">
        <ele>704.823368</ele>
        <time>2024-05-08T10:18:49.468Z</time>
      </trkpt>
      <trkpt lat="45.875204" lon="10.766613">
        <ele>704.775938</ele>
        <time>2024-05-08T10:18:52.436Z</time>
      </trkpt>
      <trkpt lat="45.875251" lon="10.766783">
        <ele>704.724905</ele>
        <time>2024-05-08T10:18:55.458Z</time>
      </trkpt>
      <trkpt lat="45.875292" lon="10.766962">
        <ele>704.672330</ele>
        <time>2024-05-08T10:18:58.459Z</time>
      </trkpt>
      <trkpt lat="45.875336" lon="10.767139">
        <ele>704.619893</ele>
        <time>2024-05-08T10:19:01.458Z</time>
      </trkpt>
      <trkpt lat="45.875381" lon="10.767313">
        <ele>704.435920</ele>
        <time>2024-05-08T10:19:04.458Z</time>
      </trkpt>
      <trkpt lat="45.875437" lon="10.767428">
        <ele>704.143642</ele>
        <time>2024-05-08T10:19:07.456Z</time>
      </trkpt>
      <trkpt lat="45.875529" lon="10.767468">
        <ele>703.856101</ele>
        <time>2024-05-08T10:19:19.453Z</time>
      </trkpt>
      <trkpt lat="45.875603" lon="10.767569">
        <ele>703.550735</ele>
        <time>2024-05-08T10:19:27.454Z</time>
      </trkpt>
      <trkpt lat="45.875695" lon="10.767606">
        <ele>703.264941</ele>
        <time>2024-05-08T10:19:35.461Z</time>
      </trkpt>
      <trkpt lat="45.875782" lon="10.767660">
        <ele>702.981429</ele>
        <time>2024-05-08T10:19:43.447Z</time>
      </trkpt>
      <trkpt lat="45.875875" lon="10.767660">
        <ele>702.703229</ele>
        <time>2024-05-08T10:19:52.454Z</time>
      </trkpt>
      <trkpt lat="45.875974" lon="10.767669">
        <ele>702.406488</ele>
        <time>2024-05-08T10:20:01.457Z</time>
      </trkpt>
      <trkpt lat="45.875957" lon="10.767799">
        <ele>702.131008</ele>
        <time>2024-05-08T10:29:43.434Z</time>
      </trkpt>
      <trkpt lat="45.876017" lon="10.767900">
        <ele>701.854493</ele>
        <time>2024-05-08T10:29:59.434Z</time>
      </trkpt>
      <trkpt lat="45.876126" lon="10.767983">
        <ele>701.485444</ele>
        <time>2024-05-08T10:30:03.438Z</time>
      </trkpt>
      <trkpt lat="45.876210" lon="10.768051">
        <ele>701.197005</ele>
        <time>2024-05-08T10:30:06.444Z</time>
      </trkpt>
      <trkpt lat="45.876321" lon="10.768085">
        <ele>700.857494</ele>
        <time>2024-05-08T10:30:10.442Z</time>
      </trkpt>
      <trkpt lat="45.876413" lon="10.768131">
        <ele>700.566087</ele>
        <time>2024-05-08T10:30:13.438Z</time>
      </trkpt>
      <trkpt lat="45.876516" lon="10.768154">
        <ele>700.254272</ele>
        <time>2024-05-08T10:30:16.435Z</time>
      </trkpt>
      <trkpt lat="45.876612" lon="10.768121">
        <ele>699.958988</ele>
        <time>2024-05-08T10:30:19.448Z</time>
      </trkpt>
      <trkpt lat="45.876694" lon="10.768048">
        <ele>699.670400</ele>
        <time>2024-05-08T10:30:22.446Z</time>
      </trkpt>
      <trkpt lat="45.876767" lon="10.767972">
        <ele>699.400698</ele>
        <time>2024-05-08T10:30:25.462Z</time>
      </trkpt>
      <trkpt lat="45.876829" lon="10.767873">
        <ele>699.248469</ele>
        <time>2024-05-08T10:30:28.443Z</time>
      </trkpt>
      <trkpt lat="45.876887" lon="10.767763">
        <ele>699.385434</ele>
        <time>2024-05-08T10:30:31.441Z</time>
      </trkpt>
      <trkpt lat="45.876954" lon="10.767657">
        <ele>699.527544</ele>
        <time>2024-05-08T10:30:34.446Z</time>
      </trkpt>
      <trkpt lat="45.877020" lon="10.767533">
        <ele>699.682475</ele>
        <time>2024-05-08T10:30:37.440Z</time>
      </trkpt>
      <trkpt lat="45.877076" lon="10.767393">
        <ele>699.842742</ele>
        <time>2024-05-08T10:30:40.438Z</time>
      </trkpt>
      <trkpt lat="45.877112" lon="10.767242">
        <ele>700.001169</ele>
        <time>2024-05-08T10:30:43.435Z</time>
      </trkpt>
      <trkpt lat="45.877134" lon="10.767079">
        <ele>700.165974</ele>
        <time>2024-05-08T10:30:46.447Z</time>
      </trkpt>
      <trkpt lat="45.877173" lon="10.766916">
        <ele>700.337055</ele>
        <time>2024-05-08T10:30:49.441Z</time>
      </trkpt>
      <trkpt lat="45.877219" lon="10.766746">
        <ele>700.518093</ele>
        <time>2024-05-08T10:30:52.442Z</time>
      </trkpt>
      <trkpt lat="45.877248" lon="10.766576">
        <ele>700.691826</ele>
        <time>2024-05-08T10:30:55.444Z</time>
      </trkpt>
      <trkpt lat="45.877277" lon="10.766443">
        <ele>700.830164</ele>
        <time>2024-05-08T10:30:58.434Z</time>
      </trkpt>
      <trkpt lat="45.877340" lon="10.766292">
        <ele>701.004899</ele>
        <time>2024-05-08T10:31:02.441Z</time>
      </trkpt>
      <trkpt lat="45.877379" lon="10.766156">
        <ele>701.150895</ele>
        <time>2024-05-08T10:31:05.642Z</time>
      </trkpt>
      <trkpt lat="45.877431" lon="10.766030">
        <ele>701.296284</ele>
        <time>2024-05-08T10:31:08.427Z</time>
      </trkpt>
      <trkpt lat="45.877487" lon="10.765909">
        <ele>701.440504</ele>
        <time>2024-05-08T10:31:11.615Z</time>
      </trkpt>
      <trkpt lat="45.877538" lon="10.765792">
        <ele>701.577522</ele>
        <time>2024-05-08T10:31:14.435Z</time>
      </trkpt>
      <trkpt lat="45.877595" lon="10.765685">
        <ele>701.711254</ele>
        <time>2024-05-08T10:31:17.440Z</time>
      </trkpt>
      <trkpt lat="45.877659" lon="10.765556">
        <ele>701.788143</ele>
        <time>2024-05-08T10:31:21.432Z</time>
      </trkpt>
      <trkpt lat="45.877709" lon="10.765443">
        <ele>701.809826</ele>
        <time>2024-05-08T10:31:25.452Z</time>
      </trkpt>
      <trkpt lat="45.877754" lon="10.765326">
        <ele>701.831473</ele>
        <time>2024-05-08T10:31:30.437Z</time>
      </trkpt>
      <trkpt lat="45.877803" lon="10.765214">
        <ele>701.852895</ele>
        <time>2024-05-08T10:31:35.448Z</time>
      </trkpt>
      <trkpt lat="45.877834" lon="10.765064">
        <ele>701.878235</ele>
        <time>2024-05-08T10:31:39.441Z</time>
      </trkpt>
      <trkpt lat="45.877884" lon="10.764906">
        <ele>701.906342</ele>
        <time>2024-05-08T10:31:43.453Z</time>
      </trkpt>
      <trkpt lat="45.877908" lon="10.764771">
        <ele>701.928906</ele>
        <time>2024-05-08T10:31:46.448Z</time>
      </trkpt>
      <trkpt lat="45.877939" lon="10.764633">
        <ele>701.952389</ele>
        <time>2024-05-08T10:31:49.444Z</time>
      </trkpt>
      <trkpt lat="45.877965" lon="10.764498">
        <ele>701.975073</ele>
        <time>2024-05-08T10:31:52.434Z</time>
      </trkpt>
      <trkpt lat="45.877987" lon="10.764370">
        <ele>701.996425</ele>
        <time>2024-05-08T10:31:55.439Z</time>
      </trkpt>
      <trkpt lat="45.878004" lon="10.764220">
        <ele>702.021036</ele>
        <time>2024-05-08T10:31:59.440Z</time>
      </trkpt>
      <trkpt lat="45.878005" lon="10.764068">
        <ele>702.045653</ele>
        <time>2024-05-08T10:32:03.446Z</time>
      </trkpt>
      <trkpt lat="45.877987" lon="10.763915">
        <ele>702.070782</ele>
        <time>2024-05-08T10:32:08.436Z</time>
      </trkpt>
      <trkpt lat="45.877951" lon="10.763794">
        <ele>702.092092</ele>
        <time>2024-05-08T10:32:12.445Z</time>
      </trkpt>
      <trkpt lat="45.877908" lon="10.763667">
        <ele>702.114963</ele>
        <time>2024-05-08T10:32:16.440Z</time>
      </trkpt>
      <trkpt lat="45.877847" lon="10.763528">
        <ele>702.141572</ele>
        <time>2024-05-08T10:32:20.438Z</time>
      </trkpt>
      <trkpt lat="45.877776" lon="10.763417">
        <ele>702.165984</ele>
        <time>2024-05-08T10:32:24.446Z</time>
      </trkpt>
      <trkpt lat="45.877685" lon="10.763306">
        <ele>702.179385</ele>
        <time>2024-05-08T10:32:28.436Z</time>
      </trkpt>
      <trkpt lat="45.877598" lon="10.763235">
        <ele>702.086483</ele>
        <time>2024-05-08T10:32:30.435Z</time>
      </trkpt>
      <trkpt lat="45.877486" lon="10.763177">
        <ele>701.975944</ele>
        <time>2024-05-08T10:32:33.452Z</time>
      </trkpt>
      <trkpt lat="45.877394" lon="10.763137">
        <ele>701.886699</ele>
        <time>2024-05-08T10:32:37.442Z</time>
      </trkpt>
      <trkpt lat="45.877319" lon="10.763023">
        <ele>701.785315</ele>
        <time>2024-05-08T10:32:42.433Z</time>
      </trkpt>
      <trkpt lat="45.877274" lon="10.762899">
        <ele>701.694928</ele>
        <time>2024-05-08T10:32:46.459Z</time>
      </trkpt>
      <trkpt lat="45.877288" lon="10.762729">
        <ele>701.584276</ele>
        <time>2024-05-08T10:32:50.446Z</time>
      </trkpt>
      <trkpt lat="45.877355" lon="10.762642">
        <ele>701.500419</ele>
        <time>2024-05-08T10:32:53.455Z</time>
      </trkpt>
      <trkpt lat="45.877458" lon="10.762596">
        <ele>701.400273</ele>
        <time>2024-05-08T10:32:57.442Z</time>
      </trkpt>
      <trkpt lat="45.877574" lon="10.762538">
        <ele>701.286234</ele>
        <time>2024-05-08T10:33:01.433Z</time>
      </trkpt>
      <trkpt lat="45.877670" lon="10.762517">
        <ele>701.196075</ele>
        <time>2024-05-08T10:33:04.437Z</time>
      </trkpt>
      <trkpt lat="45.877770" lon="10.762557">
        <ele>701.099697</ele>
        <time>2024-05-08T10:33:08.445Z</time>
      </trkpt>
      <trkpt lat="45.877861" lon="10.762599">
        <ele>701.010954</ele>
        <time>2024-05-08T10:33:12.469Z</time>
      </trkpt>
      <trkpt lat="45.877961" lon="10.762604">
        <ele>700.918052</ele>
        <time>2024-05-08T10:33:16.461Z</time>
      </trkpt>
      <trkpt lat="45.878065" lon="10.762624">
        <ele>700.820632</ele>
        <time>2024-05-08T10:33:19.437Z</time>
      </trkpt>
      <trkpt lat="45.878174" lon="10.762672">
        <ele>700.714782</ele>
        <time>2024-05-08T10:33:22.437Z</time>
      </trkpt>
      <trkpt lat="45.878297" lon="10.762710">
        <ele>700.597971</ele>
        <time>2024-05-08T10:33:25.438Z</time>
      </trkpt>
      <trkpt lat="45.878408" lon="10.762650">
        <ele>700.618572</ele>
        <time>2024-05-08T10:33:28.452Z</time>
      </trkpt>
      <trkpt lat="45.878514" lon="10.762612">
        <ele>700.918111</ele>
        <time>2024-05-08T10:33:31.444Z</time>
      </trkpt>
      <trkpt lat="45.878620" lon="10.762574">
        <ele>701.217649</ele>
        <time>2024-05-08T10:33:34.436Z</time>
      </trkpt>
      <trkpt lat="45.878722" lon="10.762518">
        <ele>701.517038</ele>
        <time>2024-05-08T10:33:37.428Z</time>
      </trkpt>
      <trkpt lat="45.878820" lon="10.762429">
        <ele>701.834926</ele>
        <time>2024-05-08T10:33:40.433Z</time>
      </trkpt>
      <trkpt lat="45.878903" lon="10.762322">
        <ele>702.140699</ele>
        <time>2024-05-08T10:33:43.454Z</time>
      </trkpt>
      <trkpt lat="45.878973" lon="10.762211">
        <ele>702.426570</ele>
        <time>2024-05-08T10:33:46.458Z</time>
      </trkpt>
      <trkpt lat="45.879050" lon="10.762091">
        <ele>702.738069</ele>
        <time>2024-05-08T10:34:22.434Z</time>
      </trkpt>
      <trkpt lat="45.879091" lon="10.761962">
        <ele>703.008741</ele>
        <time>2024-05-08T10:34:25.430Z</time>
      </trkpt>
      <trkpt lat="45.879126" lon="10.761807">
        <ele>703.319767</ele>
        <time>2024-05-08T10:34:28.433Z</time>
      </trkpt>
      <trkpt lat="45.879147" lon="10.761663">
        <ele>703.600590</ele>
        <time>2024-05-08T10:34:31.440Z</time>
      </trkpt>
      <trkpt lat="45.879155" lon="10.761504">
        <ele>703.904869</ele>
        <time>2024-05-08T10:34:34.436Z</time>
      </trkpt>
      <trkpt lat="45.879171" lon="10.761363">
        <ele>704.177551</ele>
        <time>2024-05-08T10:34:37.439Z</time>
      </trkpt>
      <trkpt lat="45.879200" lon="10.761223">
        <ele>704.456350</ele>
        <time>2024-05-08T10:34:41.430Z</time>
      </trkpt>
      <trkpt lat="45.879222" lon="10.761092">
        <ele>704.713565</ele>
        <time>2024-05-08T10:34:45.449Z</time>
      </trkpt>
      <trkpt lat="45.879251" lon="10.760966">
        <ele>704.966867</ele>
        <time>2024-05-08T10:34:49.458Z</time>
      </trkpt>
      <trkpt lat="45.879283" lon="10.760823">
        <ele>705.253568</ele>
        <time>2024-05-08T10:34:53.448Z</time>
      </trkpt>
      <trkpt lat="45.879337" lon="10.760683">
        <ele>705.645267</ele>
        <time>2024-05-08T10:34:57.450Z</time>
      </trkpt>
      <trkpt lat="45.879408" lon="10.760574">
        <ele>706.160302</ele>
        <time>2024-05-08T10:35:01.449Z</time>
      </trkpt>
      <trkpt lat="45.879485" lon="10.760474">
        <ele>706.674772</ele>
        <time>2024-05-08T10:35:05.449Z</time>
      </trkpt>
      <trkpt lat="45.879560" lon="10.760384">
        <ele>707.159121</ele>
        <time>2024-05-08T10:35:09.455Z</time>
      </trkpt>
      <trkpt lat="45.879670" lon="10.760338">
        <ele>707.726926</ele>
        <time>2024-05-08T10:35:13.432Z</time>
      </trkpt>
      <trkpt lat="45.879757" lon="10.760404">
        <ele>708.214546</ele>
        <time>2024-05-08T10:35:17.451Z</time>
      </trkpt>
      <trkpt lat="45.879804" lon="10.760522">
        <ele>708.683606</ele>
        <time>2024-05-08T10:35:21.454Z</time>
      </trkpt>
      <trkpt lat="45.879888" lon="10.760597">
        <ele>709.173788</ele>
        <time>2024-05-08T10:35:25.452Z</time>
      </trkpt>
      <trkpt lat="45.879976" lon="10.760568">
        <ele>709.621256</ele>
        <time>2024-05-08T10:35:29.453Z</time>
      </trkpt>
      <trkpt lat="45.880048" lon="10.760451">
        <ele>710.160045</ele>
        <time>2024-05-08T10:35:34.459Z</time>
      </trkpt>
      <trkpt lat="45.880072" lon="10.760325">
        <ele>710.610756</ele>
        <time>2024-05-08T10:35:39.454Z</time>
      </trkpt>
      <trkpt lat="45.880038" lon="10.760192">
        <ele>711.099602</ele>
        <time>2024-05-08T10:35:45.464Z</time>
      </trkpt>
      <trkpt lat="45.880134" lon="10.760204">
        <ele>711.577186</ele>
        <time>2024-05-08T10:36:54.440Z</time>
      </trkpt>
      <trkpt lat="45.880185" lon="10.760323">
        <ele>712.059332</ele>
        <time>2024-05-08T10:36:59.448Z</time>
      </trkpt>
      <trkpt lat="45.880140" lon="10.760441">
        <ele>712.523546</ele>
        <time>2024-05-08T10:37:02.464Z</time>
      </trkpt>
      <trkpt lat="45.880092" lon="10.760554">
        <ele>712.980273</ele>
        <time>2024-05-08T10:37:05.460Z</time>
      </trkpt>
      <trkpt lat="45.880037" lon="10.760657">
        <ele>713.428152</ele>
        <time>2024-05-08T10:37:08.466Z</time>
      </trkpt>
      <trkpt lat="45.879977" lon="10.760755">
        <ele>713.878436</ele>
        <time>2024-05-08T10:37:11.451Z</time>
      </trkpt>
      <trkpt lat="45.879904" lon="10.760842">
        <ele>714.348543</ele>
        <time>2024-05-08T10:37:14.452Z</time>
      </trkpt>
      <trkpt lat="45.879838" lon="10.760934">
        <ele>714.564497</ele>
        <time>2024-05-08T10:37:17.461Z</time>
      </trkpt>
      <trkpt lat="45.879782" lon="10.761069">
        <ele>714.809616</ele>
        <time>2024-05-08T10:37:21.448Z</time>
      </trkpt>
      <trkpt lat="45.879883" lon="10.761063">
        <ele>715.036105</ele>
        <time>2024-05-08T10:37:26.447Z</time>
      </trkpt>
      <trkpt lat="45.879971" lon="10.760965">
        <ele>715.285587</ele>
        <time>2024-05-08T10:37:31.452Z</time>
      </trkpt>
      <trkpt lat="45.880039" lon="10.760878">
        <ele>715.489616</ele>
        <time>2024-05-08T10:37:35.457Z</time>
      </trkpt>
      <trkpt lat="45.880111" lon="10.760783">
        <ele>715.708662</ele>
        <time>2024-05-08T10:37:39.458Z</time>
      </trkpt>
      <trkpt lat="45.880179" lon="10.760694">
        <ele>715.914778</ele>
        <time>2024-05-08T10:37:43.459Z</time>
      </trkpt>
      <trkpt lat="45.880245" lon="10.760590">
        <ele>716.134282</ele>
        <time>2024-05-08T10:37:48.455Z</time>
      </trkpt>
      <trkpt lat="45.880291" lon="10.760452">
        <ele>716.372934</ele>
        <time>2024-05-08T10:37:53.445Z</time>
      </trkpt>
      <trkpt lat="45.880344" lon="10.760324">
        <ele>716.605232</ele>
        <time>2024-05-08T10:37:58.446Z</time>
      </trkpt>
      <trkpt lat="45.880369" lon="10.760193">
        <ele>716.817102</ele>
        <time>2024-05-08T10:38:03.445Z</time>
      </trkpt>
      <trkpt lat="45.880407" lon="10.760059">
        <ele>717.042788</ele>
        <time>2024-05-08T10:38:09.439Z</time>
      </trkpt>
      <trkpt lat="45.880371" lon="10.760305">
        <ele>717.434879</ele>
        <time>2024-05-08T10:39:14.462Z</time>
      </trkpt>
      <trkpt lat="45.880308" lon="10.760452">
        <ele>717.704133</ele>
        <time>2024-05-08T10:39:16.460Z</time>
      </trkpt>
      <trkpt lat="45.880247" lon="10.760572">
        <ele>717.935895</ele>
        <time>2024-05-08T10:39:18.462Z</time>
      </trkpt>
      <trkpt lat="45.880170" lon="10.760705">
        <ele>718.205709</ele>
        <time>2024-05-08T10:39:20.459Z</time>
      </trkpt>
      <trkpt lat="45.880077" lon="10.760816">
        <ele>718.333106</ele>
        <time>2024-05-08T10:39:22.476Z</time>
      </trkpt>
      <trkpt lat="45.879986" lon="10.760944">
        <ele>718.106992</ele>
        <time>2024-05-08T10:39:24.472Z</time>
      </trkpt>
      <trkpt lat="45.879891" lon="10.761047">
        <ele>717.895683</ele>
        <time>2024-05-08T10:39:26.450Z</time>
      </trkpt>
      <trkpt lat="45.879795" lon="10.761068">
        <ele>717.723285</ele>
        <time>2024-05-08T10:39:28.465Z</time>
      </trkpt>
      <trkpt lat="45.879691" lon="10.761068">
        <ele>717.538649</ele>
        <time>2024-05-08T10:39:30.466Z</time>
      </trkpt>
      <trkpt lat="45.879612" lon="10.761138">
        <ele>717.373858</ele>
        <time>2024-05-08T10:39:32.457Z</time>
      </trkpt>
      <trkpt lat="45.879514" lon="10.761242">
        <ele>717.157542</ele>
        <time>2024-05-08T10:39:35.456Z</time>
      </trkpt>
      <trkpt lat="45.879440" lon="10.761349">
        <ele>716.971133</ele>
        <time>2024-05-08T10:39:38.454Z</time>
      </trkpt>
      <trkpt lat="45.879388" lon="10.761487">
        <ele>716.777190</ele>
        <time>2024-05-08T10:39:42.446Z</time>
      </trkpt>
      <trkpt lat="45.879373" lon="10.761659">
        <ele>716.562946</ele>
        <time>2024-05-08T10:39:46.455Z</time>
      </trkpt>
      <trkpt lat="45.879378" lon="10.761825">
        <ele>716.357587</ele>
        <time>2024-05-08T10:39:49.454Z</time>
      </trkpt>
      <trkpt lat="45.879387" lon="10.762017">
        <ele>716.119747</ele>
        <time>2024-05-08T10:39:52.446Z</time>
      </trkpt>
      <trkpt lat="45.879392" lon="10.762150">
        <ele>715.955127</ele>
        <time>2024-05-08T10:39:54.450Z</time>
      </trkpt>
      <trkpt lat="45.879389" lon="10.762286">
        <ele>715.786954</ele>
        <time>2024-05-08T10:39:56.447Z</time>
      </trkpt>
      <trkpt lat="45.879333" lon="10.762398">
        <ele>715.616525</ele>
        <time>2024-05-08T10:39:58.450Z</time>
      </trkpt>
      <trkpt lat="45.879274" lon="10.762554">
        <ele>715.397102</ele>
        <time>2024-05-08T10:40:01.453Z</time>
      </trkpt>
      <trkpt lat="45.879199" lon="10.762667">
        <ele>715.204138</ele>
        <time>2024-05-08T10:40:04.450Z</time>
      </trkpt>
      <trkpt lat="45.879085" lon="10.762734">
        <ele>715.426816</ele>
        <time>2024-05-08T10:40:07.446Z</time>
      </trkpt>
      <trkpt lat="45.878994" lon="10.762759">
        <ele>715.595540</ele>
        <time>2024-05-08T10:40:09.446Z</time>
      </trkpt>
      <trkpt lat="45.878864" lon="10.762801">
        <ele>715.838199</ele>
        <time>2024-05-08T10:40:12.449Z</time>
      </trkpt>
      <trkpt lat="45.878738" lon="10.762836">
        <ele>716.071910</ele>
        <time>2024-05-08T10:40:15.451Z</time>
      </trkpt>
      <trkpt lat="45.878613" lon="10.762878">
        <ele>716.305693</ele>
        <time>2024-05-08T10:40:18.447Z</time>
      </trkpt>
      <trkpt lat="45.878486" lon="10.762930">
        <ele>716.546186</ele>
        <time>2024-05-08T10:40:21.451Z</time>
      </trkpt>
      <trkpt lat="45.878368" lon="10.762978">
        <ele>716.769528</ele>
        <time>2024-05-08T10:40:24.447Z</time>
      </trkpt>
      <trkpt lat="45.878256" lon="10.763023">
        <ele>716.981321</ele>
        <time>2024-05-08T10:40:27.449Z</time>
      </trkpt>
      <trkpt lat="45.878146" lon="10.763061">
        <ele>717.187355</ele>
        <time>2024-05-08T10:40:30.447Z</time>
      </trkpt>
      <trkpt lat="45.878046" lon="10.763117">
        <ele>717.382816</ele>
        <time>2024-05-08T10:40:33.436Z</time>
      </trkpt>
      <trkpt lat="45.877980" lon="10.763228">
        <ele>717.567887</ele>
        <time>2024-05-08T10:40:36.451Z</time>
      </trkpt>
      <trkpt lat="45.877964" lon="10.763393">
        <ele>717.779099</ele>
        <time>2024-05-08T10:40:39.448Z</time>
      </trkpt>
      <trkpt lat="45.878004" lon="10.763555">
        <ele>717.997023</ele>
        <time>2024-05-08T10:40:42.458Z</time>
      </trkpt>
      <trkpt lat="45.878106" lon="10.763654">
        <ele>718.221207</ele>
        <time>2024-05-08T10:40:45.466Z</time>
      </trkpt>
      <trkpt lat="45.878228" lon="10.763735">
        <ele>718.465968</ele>
        <time>2024-05-08T10:40:48.456Z</time>
      </trkpt>
      <trkpt lat="45.878308" lon="10.763800">
        <ele>718.300899</ele>
        <time>2024-05-08T10:40:50.450Z</time>
      </trkpt>
      <trkpt lat="45.878400" lon="10.763865">
        <ele>718.085832</ele>
        <time>2024-05-08T10:40:52.456Z</time>
      </trkpt>
      <trkpt lat="45.878489" lon="10.763931">
        <ele>717.875728</ele>
        <time>2024-05-08T10:40:54.446Z</time>
      </trkpt>
      <trkpt lat="45.878591" lon="10.764024">
        <ele>717.622301</ele>
        <time>2024-05-08T10:40:57.445Z</time>
      </trkpt>
      <trkpt lat="45.878796" lon="10.764172">
        <ele>717.141020</ele>
        <time>2024-05-08T10:41:31.453Z</time>
      </trkpt>
      <trkpt lat="45.878900" lon="10.764272">
        <ele>716.878496</ele>
        <time>2024-05-08T10:41:34.454Z</time>
      </trkpt>
      <trkpt lat="45.878981" lon="10.764348">
        <ele>716.675549</ele>
        <time>2024-05-08T10:41:36.452Z</time>
      </trkpt>
      <trkpt lat="45.879052" lon="10.764451">
        <ele>716.463874</ele>
        <time>2024-05-08T10:41:38.442Z</time>
      </trkpt>
      <trkpt lat="45.879101" lon="10.764576">
        <ele>716.254382</ele>
        <time>2024-05-08T10:41:40.434Z</time>
      </trkpt>
      <trkpt lat="45.879132" lon="10.764718">
        <ele>716.037057</ele>
        <time>2024-05-08T10:41:42.440Z</time>
      </trkpt>
      <trkpt lat="45.879126" lon="10.764885">
        <ele>715.792855</ele>
        <time>2024-05-08T10:41:44.458Z</time>
      </trkpt>
      <trkpt lat="45.879101" lon="10.765034">
        <ele>715.569034</ele>
        <time>2024-05-08T10:41:46.443Z</time>
      </trkpt>
      <trkpt lat="45.879051" lon="10.765180">
        <ele>715.331423</ele>
        <time>2024-05-08T10:41:48.471Z</time>
      </trkpt>
      <trkpt lat="45.878991" lon="10.765317">
        <ele>715.095060</ele>
        <time>2024-05-08T10:41:50.453Z</time>
      </trkpt>
      <trkpt lat="45.878935" lon="10.765458">
        <ele>714.858000</ele>
        <time>2024-05-08T10:41:52.443Z</time>
      </trkpt>
      <trkpt lat="45.878894" lon="10.765594">
        <ele>714.656148</ele>
        <time>2024-05-08T10:41:54.445Z</time>
      </trkpt>
      <trkpt lat="45.878890" lon="10.765725">
        <ele>714.508050</ele>
        <time>2024-05-08T10:41:56.453Z</time>
      </trkpt>
      <trkpt lat="45.878886" lon="10.765879">
        <ele>714.333996</ele>
        <time>2024-05-08T10:41:58.443Z</time>
      </trkpt>
      <trkpt lat="45.878864" lon="10.766035">
        <ele>714.154225</ele>
        <time>2024-05-08T10:42:00.458Z</time>
      </trkpt>
      <trkpt lat="45.878856" lon="10.766182">
        <ele>713.987691</ele>
        <time>2024-05-08T10:42:02.444Z</time>
      </trkpt>
      <trkpt lat="45.878829" lon="10.766338">
        <ele>713.806135</ele>
        <time>2024-05-08T10:42:04.452Z</time>
      </trkpt>
      <trkpt lat="45.878819" lon="10.766499">
        <ele>713.623574</ele>
        <time>2024-05-08T10:42:06.454Z</time>
      </trkpt>
      <trkpt lat="45.878784" lon="10.766664">
        <ele>713.428758</ele>
        <time>2024-05-08T10:42:08.447Z</time>
      </trkpt>
      <trkpt lat="45.878696" lon="10.766806">
        <ele>713.214039</ele>
        <time>2024-05-08T10:42:10.447Z</time>
      </trkpt>
      <trkpt lat="45.878607" lon="10.766934">
        <ele>713.009716</ele>
        <time>2024-05-08T10:42:12.442Z</time>
      </trkpt>
      <trkpt lat="45.878520" lon="10.767082">
        <ele>712.790939</ele>
        <time>2024-05-08T10:42:14.448Z</time>
      </trkpt>
      <trkpt lat="45.878439" lon="10.767239">
        <ele>712.570232</ele>
        <time>2024-05-08T10:42:16.440Z</time>
      </trkpt>
      <trkpt lat="45.878371" lon="10.767419">
        <ele>712.338928</ele>
        <time>2024-05-08T10:42:18.446Z</time>
      </trkpt>
      <trkpt lat="45.878314" lon="10.767617">
        <ele>712.096932</ele>
        <time>2024-05-08T10:42:20.425Z</time>
      </trkpt>
      <trkpt lat="45.878254" lon="10.767817">
        <ele>711.850962</ele>
        <time>2024-05-08T10:42:22.458Z</time>
      </trkpt>
      <trkpt lat="45.878192" lon="10.768007">
        <ele>711.455934</ele>
        <time>2024-05-08T10:42:24.453Z</time>
      </trkpt>
      <trkpt lat="45.878126" lon="10.768174">
        <ele>711.041978</ele>
        <time>2024-05-08T10:42:26.464Z</time>
      </trkpt>
      <trkpt lat="45.878055" lon="10.768318">
        <ele>710.661598</ele>
        <time>2024-05-08T10:42:28.460Z</time>
      </trkpt>
      <trkpt lat="45.877958" lon="10.768367">
        <ele>710.343217</ele>
        <time>2024-05-08T10:42:30.453Z</time>
      </trkpt>
      <trkpt lat="45.877839" lon="10.768401">
        <ele>709.967530</ele>
        <time>2024-05-08T10:42:33.451Z</time>
      </trkpt>
      <trkpt lat="45.877732" lon="10.768403">
        <ele>709.636189</ele>
        <time>2024-05-08T10:42:36.446Z</time>
      </trkpt>
      <trkpt lat="45.877604" lon="10.768420">
        <ele>709.238162</ele>
        <time>2024-05-08T10:42:40.444Z</time>
      </trkpt>
      <trkpt lat="45.877510" lon="10.768509">
        <ele>708.889559</ele>
        <time>2024-05-08T10:42:43.460Z</time>
      </trkpt>
      <trkpt lat="45.877411" lon="10.768590">
        <ele>708.536775</ele>
        <time>2024-05-08T10:42:46.453Z</time>
      </trkpt>
      <trkpt lat="45.877295" lon="10.768648">
        <ele>708.156456</ele>
        <time>2024-05-08T10:42:49.430Z</time>
      </trkpt>
      <trkpt lat="45.877210" lon="10.768699">
        <ele>707.871225</ele>
        <time>2024-05-08T10:42:51.459Z</time>
      </trkpt>
      <trkpt lat="45.877089" lon="10.768758">
        <ele>707.475563</ele>
        <time>2024-05-08T10:42:54.435Z</time>
      </trkpt>
      <trkpt lat="45.876962" lon="10.768812">
        <ele>707.065455</ele>
        <time>2024-05-08T10:42:57.449Z</time>
      </trkpt>
      <trkpt lat="45.876868" lon="10.768822">
        <ele>706.773599</ele>
        <time>2024-05-08T10:42:59.453Z</time>
      </trkpt>
      <trkpt lat="45.876779" lon="10.768774">
        <ele>706.479235</ele>
        <time>2024-05-08T10:43:01.455Z</time>
      </trkpt>
      <trkpt lat="45.876687" lon="10.768751">
        <ele>706.213416</ele>
        <time>2024-05-08T10:43:03.443Z</time>
      </trkpt>
      <trkpt lat="45.876594" lon="10.768714">
        <ele>706.158993</ele>
        <time>2024-05-08T10:43:05.445Z</time>
      </trkpt>
      <trkpt lat="45.876479" lon="10.768618">
        <ele>706.083981</ele>
        <time>2024-05-08T10:43:08.438Z</time>
      </trkpt>
      <trkpt lat="45.876459" lon="10.768431">
        <ele>706.009697</ele>
        <time>2024-05-08T10:43:11.449Z</time>
      </trkpt>
      <trkpt lat="45.876483" lon="10.768302">
        <ele>705.957271</ele>
        <time>2024-05-08T10:43:13.452Z</time>
      </trkpt>
      <trkpt lat="45.876501" lon="10.768163">
        <ele>705.901759</ele>
        <time>2024-05-08T10:43:16.463Z</time>
      </trkpt>
      <trkpt lat="45.876402" lon="10.768115">
        <ele>705.842833</ele>
        <time>2024-05-08T10:43:19.439Z</time>
      </trkpt>
      <trkpt lat="45.876301" lon="10.768079">
        <ele>705.784145</ele>
        <time>2024-05-08T10:43:22.445Z</time>
      </trkpt>
      <trkpt lat="45.876189" lon="10.768051">
        <ele>705.720033</ele>
        <time>2024-05-08T10:43:25.454Z</time>
      </trkpt>
      <trkpt lat="45.876088" lon="10.767985">
        <ele>705.657456</ele>
        <time>2024-05-08T10:43:28.453Z</time>
      </trkpt>
      <trkpt lat="45.875990" lon="10.767914">
        <ele>705.595555</ele>
        <time>2024-05-08T10:43:31.441Z</time>
      </trkpt>
      <trkpt lat="45.875907" lon="10.767847">
        <ele>705.541861</ele>
        <time>2024-05-08T10:43:34.450Z</time>
      </trkpt>
      <trkpt lat="45.875835" lon="10.767752">
        <ele>705.486725</ele>
        <time>2024-05-08T10:43:37.462Z</time>
      </trkpt>
      <trkpt lat="45.875762" lon="10.767665">
        <ele>705.433230</ele>
        <time>2024-05-08T10:43:40.447Z</time>
      </trkpt>
      <trkpt lat="45.875656" lon="10.767606">
        <ele>705.369119</ele>
        <time>2024-05-08T10:43:44.444Z</time>
      </trkpt>
      <trkpt lat="45.875567" lon="10.767534">
        <ele>705.311513</ele>
        <time>2024-05-08T10:43:48.446Z</time>
      </trkpt>
      <trkpt lat="45.875508" lon="10.767434">
        <ele>705.260047</ele>
        <time>2024-05-08T10:43:52.442Z</time>
      </trkpt>
      <trkpt lat="45.875425" lon="10.767380">
        <ele>705.208660</ele>
        <time>2024-05-08T10:43:57.445Z</time>
      </trkpt>
      <trkpt lat="45.875396" lon="10.767239">
        <ele>705.292095</ele>
        <time>2024-05-08T10:44:01.449Z</time>
      </trkpt>
      <trkpt lat="45.875349" lon="10.767102">
        <ele>705.390879</ele>
        <time>2024-05-08T10:44:05.427Z</time>
      </trkpt>
      <trkpt lat="45.875318" lon="10.766950">
        <ele>705.493323</ele>
        <time>2024-05-08T10:44:09.446Z</time>
      </trkpt>
      <trkpt lat="45.875282" lon="10.766787">
        <ele>705.603927</ele>
        <time>2024-05-08T10:44:13.438Z</time>
      </trkpt>
      <trkpt lat="45.875245" lon="10.766639">
        <ele>705.705637</ele>
        <time>2024-05-08T10:44:16.457Z</time>
      </trkpt>
      <trkpt lat="45.875198" lon="10.766504">
        <ele>705.803262</ele>
        <time>2024-05-08T10:44:19.460Z</time>
      </trkpt>
      <trkpt lat="45.875153" lon="10.766381">
        <ele>705.893133</ele>
        <time>2024-05-08T10:44:22.484Z</time>
      </trkpt>
      <trkpt lat="45.875083" lon="10.766258">
        <ele>705.995886</ele>
        <time>2024-05-08T10:44:25.453Z</time>
      </trkpt>
      <trkpt lat="45.874993" lon="10.766154">
        <ele>706.103196</ele>
        <time>2024-05-08T10:44:28.444Z</time>
      </trkpt>
      <trkpt lat="45.874883" lon="10.766079">
        <ele>706.216315</ele>
        <time>2024-05-08T10:44:31.430Z</time>
      </trkpt>
      <trkpt lat="45.874758" lon="10.766032">
        <ele>706.336354</ele>
        <time>2024-05-08T10:44:34.446Z</time>
      </trkpt>
      <trkpt lat="45.874624" lon="10.766030">
        <ele>706.460847</ele>
        <time>2024-05-08T10:44:37.448Z</time>
      </trkpt>
      <trkpt lat="45.874534" lon="10.766054">
        <ele>706.545886</ele>
        <time>2024-05-08T10:44:39.444Z</time>
      </trkpt>
      <trkpt lat="45.874447" lon="10.766095">
        <ele>706.630949</ele>
        <time>2024-05-08T10:44:41.443Z</time>
      </trkpt>
      <trkpt lat="45.874363" lon="10.766156">
        <ele>706.718392</ele>
        <time>2024-05-08T10:44:43.444Z</time>
      </trkpt>
      <trkpt lat="45.874241" lon="10.766240">
        <ele>706.844080</ele>
        <time>2024-05-08T10:44:46.444Z</time>
      </trkpt>
      <trkpt lat="45.874159" lon="10.766297">
        <ele>706.764910</ele>
        <time>2024-05-08T10:44:48.441Z</time>
      </trkpt>
      <trkpt lat="45.874076" lon="10.766363">
        <ele>706.583253</ele>
        <time>2024-05-08T10:44:50.445Z</time>
      </trkpt>
      <trkpt lat="45.873959" lon="10.766455">
        <ele>706.327848</ele>
        <time>2024-05-08T10:44:53.440Z</time>
      </trkpt>
      <trkpt lat="45.873841" lon="10.766549">
        <ele>706.069479</ele>
        <time>2024-05-08T10:44:56.441Z</time>
      </trkpt>
      <trkpt lat="45.873720" lon="10.766641">
        <ele>705.807330</ele>
        <time>2024-05-08T10:44:59.451Z</time>
      </trkpt>
      <trkpt lat="45.873638" lon="10.766705">
        <ele>705.628634</ele>
        <time>2024-05-08T10:45:01.438Z</time>
      </trkpt>
      <trkpt lat="45.873546" lon="10.766732">
        <ele>705.448835</ele>
        <time>2024-05-08T10:45:03.434Z</time>
      </trkpt>
      <trkpt lat="45.873464" lon="10.766677">
        <ele>705.275546</ele>
        <time>2024-05-08T10:45:05.438Z</time>
      </trkpt>
      <trkpt lat="45.873422" lon="10.766507">
        <ele>705.035064</ele>
        <time>2024-05-08T10:45:08.432Z</time>
      </trkpt>
      <trkpt lat="45.873487" lon="10.766342">
        <ele>704.782324</ele>
        <time>2024-05-08T10:45:11.467Z</time>
      </trkpt>
      <trkpt lat="45.873540" lon="10.766175">
        <ele>704.537650</ele>
        <time>2024-05-08T10:45:14.438Z</time>
      </trkpt>
      <trkpt lat="45.873589" lon="10.766005">
        <ele>704.292361</ele>
        <time>2024-05-08T10:45:17.451Z</time>
      </trkpt>
      <trkpt lat="45.873635" lon="10.765831">
        <ele>704.044233</ele>
        <time>2024-05-08T10:45:20.448Z</time>
      </trkpt>
      <trkpt lat="45.873668" lon="10.765699">
        <ele>703.857257</ele>
        <time>2024-05-08T10:45:22.448Z</time>
      </trkpt>
      <trkpt lat="45.873702" lon="10.765557">
        <ele>703.657068</ele>
        <time>2024-05-08T10:45:24.443Z</time>
      </trkpt>
      <trkpt lat="45.873741" lon="10.765434">
        <ele>703.476888</ele>
        <time>2024-05-08T10:45:26.449Z</time>
      </trkpt>
      <trkpt lat="45.873782" lon="10.765296">
        <ele>703.430230</ele>
        <time>2024-05-08T10:45:28.446Z</time>
      </trkpt>
      <trkpt lat="45.873826" lon="10.765149">
        <ele>703.428886</ele>
        <time>2024-05-08T10:45:30.434Z</time>
      </trkpt>
      <trkpt lat="45.873849" lon="10.764993">
        <ele>703.427546</ele>
        <time>2024-05-08T10:45:32.448Z</time>
      </trkpt>
      <trkpt lat="45.873840" lon="10.764831">
        <ele>703.426181</ele>
        <time>2024-05-08T10:45:34.456Z</time>
      </trkpt>
      <trkpt lat="45.873793" lon="10.764691">
        <ele>703.424876</ele>
        <time>2024-05-08T10:45:36.438Z</time>
      </trkpt>
      <trkpt lat="45.873718" lon="10.764560">
        <ele>703.423451</ele>
        <time>2024-05-08T10:45:38.440Z</time>
      </trkpt>
      <trkpt lat="45.873629" lon="10.764453">
        <ele>703.422051</ele>
        <time>2024-05-08T10:45:40.438Z</time>
      </trkpt>
      <trkpt lat="45.873528" lon="10.764356">
        <ele>703.420585</ele>
        <time>2024-05-08T10:45:42.448Z</time>
      </trkpt>
      <trkpt lat="45.873429" lon="10.764260">
        <ele>703.419144</ele>
        <time>2024-05-08T10:45:44.448Z</time>
      </trkpt>
      <trkpt lat="45.873334" lon="10.764164">
        <ele>703.417742</ele>
        <time>2024-05-08T10:45:46.449Z</time>
      </trkpt>
      <trkpt lat="45.873239" lon="10.764068">
        <ele>703.416341</ele>
        <time>2024-05-08T10:45:48.437Z</time>
      </trkpt>
      <trkpt lat="45.873159" lon="10.763977">
        <ele>703.415110</ele>
        <time>2024-05-08T10:45:50.444Z</time>
      </trkpt>
      <trkpt lat="45.873087" lon="10.763867">
        <ele>703.413842</ele>
        <time>2024-05-08T10:45:52.442Z</time>
      </trkpt>
      <trkpt lat="45.873028" lon="10.763743">
        <ele>703.412580</ele>
        <time>2024-05-08T10:45:54.438Z</time>
      </trkpt>
      <trkpt lat="45.872981" lon="10.763605">
        <ele>703.411290</ele>
        <time>2024-05-08T10:45:56.442Z</time>
      </trkpt>
      <trkpt lat="45.872944" lon="10.763458">
        <ele>703.409977</ele>
        <time>2024-05-08T10:45:58.452Z</time>
      </trkpt>
      <trkpt lat="45.872904" lon="10.763316">
        <ele>703.395457</ele>
        <time>2024-05-08T10:46:00.446Z</time>
      </trkpt>
      <trkpt lat="45.872867" lon="10.763177">
        <ele>703.373848</ele>
        <time>2024-05-08T10:46:02.449Z</time>
      </trkpt>
      <trkpt lat="45.872832" lon="10.763027">
        <ele>703.350876</ele>
        <time>2024-05-08T10:46:04.437Z</time>
      </trkpt>
      <trkpt lat="45.872799" lon="10.762874">
        <ele>703.327618</ele>
        <time>2024-05-08T10:46:06.440Z</time>
      </trkpt>
      <trkpt lat="45.872764" lon="10.762723">
        <ele>703.304508</ele>
        <time>2024-05-08T10:46:08.435Z</time>
      </trkpt>
      <trkpt lat="45.872729" lon="10.762581">
        <ele>703.282635</ele>
        <time>2024-05-08T10:46:10.441Z</time>
      </trkpt>
      <trkpt lat="45.872683" lon="10.762448">
        <ele>703.261070</ele>
        <time>2024-05-08T10:46:12.442Z</time>
      </trkpt>
      <trkpt lat="45.872633" lon="10.762311">
        <ele>703.238609</ele>
        <time>2024-05-08T10:46:14.444Z</time>
      </trkpt>
      <trkpt lat="45.872568" lon="10.762183">
        <ele>703.215604</ele>
        <time>2024-05-08T10:46:16.432Z</time>
      </trkpt>
      <trkpt lat="45.872494" lon="10.762073">
        <ele>703.193394</ele>
        <time>2024-05-08T10:46:18.444Z</time>
      </trkpt>
      <trkpt lat="45.872415" lon="10.761970">
        <ele>703.171141</ele>
        <time>2024-05-08T10:46:20.442Z</time>
      </trkpt>
      <trkpt lat="45.872342" lon="10.761862">
        <ele>703.149284</ele>
        <time>2024-05-08T10:46:22.437Z</time>
      </trkpt>
      <trkpt lat="45.872259" lon="10.761760">
        <ele>703.126502</ele>
        <time>2024-05-08T10:46:24.435Z</time>
      </trkpt>
      <trkpt lat="45.872179" lon="10.761662">
        <ele>703.104573</ele>
        <time>2024-05-08T10:46:26.450Z</time>
      </trkpt>
      <trkpt lat="45.872094" lon="10.761574">
        <ele>703.082720</ele>
        <time>2024-05-08T10:46:28.443Z</time>
      </trkpt>
      <trkpt lat="45.872012" lon="10.761505">
        <ele>703.062900</ele>
        <time>2024-05-08T10:46:30.446Z</time>
      </trkpt>
      <trkpt lat="45.871961" lon="10.761377">
        <ele>703.041485</ele>
        <time>2024-05-08T10:46:33.449Z</time>
      </trkpt>
      <trkpt lat="45.871859" lon="10.761310">
        <ele>702.987288</ele>
        <time>2024-05-08T10:46:36.457Z</time>
      </trkpt>
      <trkpt lat="45.871749" lon="10.761226">
        <ele>702.912176</ele>
        <time>2024-05-08T10:46:39.430Z</time>
      </trkpt>
      <trkpt lat="45.871654" lon="10.761126">
        <ele>702.841164</ele>
        <time>2024-05-08T10:46:42.436Z</time>
      </trkpt>
      <trkpt lat="45.871577" lon="10.761024">
        <ele>702.778008</ele>
        <time>2024-05-08T10:46:45.444Z</time>
      </trkpt>
      <trkpt lat="45.871507" lon="10.760903">
        <ele>702.711968</ele>
        <time>2024-05-08T10:46:48.448Z</time>
      </trkpt>
      <trkpt lat="45.871440" lon="10.760760">
        <ele>702.639612</ele>
        <time>2024-05-08T10:46:51.443Z</time>
      </trkpt>
      <trkpt lat="45.871391" lon="10.760592">
        <ele>702.563150</ele>
        <time>2024-05-08T10:46:54.447Z</time>
      </trkpt>
      <trkpt lat="45.871384" lon="10.760413">
        <ele>702.487889</ele>
        <time>2024-05-08T10:46:57.456Z</time>
      </trkpt>
      <trkpt lat="45.871391" lon="10.760240">
        <ele>702.415143</ele>
        <time>2024-05-08T10:47:00.440Z</time>
      </trkpt>
      <trkpt lat="45.871400" lon="10.760055">
        <ele>702.337292</ele>
        <time>2024-05-08T10:47:03.441Z</time>
      </trkpt>
      <trkpt lat="45.871414" lon="10.759881">
        <ele>702.263762</ele>
        <time>2024-05-08T10:47:06.434Z</time>
      </trkpt>
      <trkpt lat="45.871396" lon="10.759699">
        <ele>702.186594</ele>
        <time>2024-05-08T10:47:09.440Z</time>
      </trkpt>
      <trkpt lat="45.871364" lon="10.759576">
        <ele>702.131473</ele>
        <time>2024-05-08T10:47:11.441Z</time>
      </trkpt>
      <trkpt lat="45.871329" lon="10.759442">
        <ele>702.071393</ele>
        <time>2024-05-08T10:47:13.432Z</time>
      </trkpt>
      <trkpt lat="45.871328" lon="10.759297">
        <ele>702.010520</ele>
        <time>2024-05-08T10:47:15.429Z</time>
      </trkpt>
      <trkpt lat="45.871346" lon="10.759123">
        <ele>702.009805</ele>
        <time>2024-05-08T10:47:18.452Z</time>
      </trkpt>
      <trkpt lat="45.871392" lon="10.758968">
        <ele>702.328439</ele>
        <time>2024-05-08T10:47:21.449Z</time>
      </trkpt>
      <trkpt lat="45.871480" lon="10.758881">
        <ele>702.618601</ele>
        <time>2024-05-08T10:47:24.433Z</time>
      </trkpt>
      <trkpt lat="45.871602" lon="10.758857">
        <ele>702.953050</ele>
        <time>2024-05-08T10:47:27.438Z</time>
      </trkpt>
      <trkpt lat="45.871696" lon="10.758871">
        <ele>703.209725</ele>
        <time>2024-05-08T10:47:29.444Z</time>
      </trkpt>
      <trkpt lat="45.871818" lon="10.758920">
        <ele>703.553792</ele>
        <time>2024-05-08T10:47:32.462Z</time>
      </trkpt>
      <trkpt lat="45.871938" lon="10.758919">
        <ele>703.879720</ele>
        <time>2024-05-08T10:47:35.435Z</time>
      </trkpt>
      <trkpt lat="45.872053" lon="10.758904">
        <ele>704.193348</ele>
        <time>2024-05-08T10:47:38.439Z</time>
      </trkpt>
      <trkpt lat="45.872158" lon="10.758928">
        <ele>704.482119</ele>
        <time>2024-05-08T10:47:41.444Z</time>
      </trkpt>
      <trkpt lat="45.872267" lon="10.758952">
        <ele>704.781625</ele>
        <time>2024-05-08T10:47:44.447Z</time>
      </trkpt>
      <trkpt lat="45.872364" lon="10.758878">
        <ele>705.079938</ele>
        <time>2024-05-08T10:47:47.455Z</time>
      </trkpt>
      <trkpt lat="45.872444" lon="10.758764">
        <ele>705.386020</ele>
        <time>2024-05-08T10:47:50.462Z</time>
      </trkpt>
      <trkpt lat="45.872489" lon="10.758606">
        <ele>705.708837</ele>
        <time>2024-05-08T10:47:54.472Z</time>
      </trkpt>
      <trkpt lat="45.872533" lon="10.758450">
        <ele>706.027127</ele>
        <time>2024-05-08T10:47:58.438Z</time>
      </trkpt>
      <trkpt lat="45.872572" lon="10.758293">
        <ele>706.342352</ele>
        <time>2024-05-08T10:48:01.440Z</time>
      </trkpt>
      <trkpt lat="45.872626" lon="10.758128">
        <ele>706.687126</ele>
        <time>2024-05-08T10:48:04.446Z</time>
      </trkpt>
      <trkpt lat="45.872667" lon="10.757962">
        <ele>706.817888</ele>
        <time>2024-05-08T10:48:07.457Z</time>
      </trkpt>
      <trkpt lat="45.872706" lon="10.757800">
        <ele>706.787719</ele>
        <time>2024-05-08T10:48:09.450Z</time>
      </trkpt>
      <trkpt lat="45.872726" lon="10.757639">
        <ele>706.758935</ele>
        <time>2024-05-08T10:48:11.449Z</time>
      </trkpt>
      <trkpt lat="45.872745" lon="10.757482">
        <ele>706.730888</ele>
        <time>2024-05-08T10:48:13.438Z</time>
      </trkpt>
      <trkpt lat="45.872767" lon="10.757318">
        <ele>706.701493</ele>
        <time>2024-05-08T10:48:15.444Z</time>
      </trkpt>
      <trkpt lat="45.872776" lon="10.757144">
        <ele>706.670784</ele>
        <time>2024-05-08T10:48:17.444Z</time>
      </trkpt>
      <trkpt lat="45.872780" lon="10.756989">
        <ele>706.643485</ele>
        <time>2024-05-08T10:48:19.437Z</time>
      </trkpt>
      <trkpt lat="45.872796" lon="10.756825">
        <ele>706.614339</ele>
        <time>2024-05-08T10:48:21.435Z</time>
      </trkpt>
      <trkpt lat="45.872814" lon="10.756665">
        <ele>706.585813</ele>
        <time>2024-05-08T10:48:23.443Z</time>
      </trkpt>
      <trkpt lat="45.872830" lon="10.756498">
        <ele>706.556144</ele>
        <time>2024-05-08T10:48:25.447Z</time>
      </trkpt>
      <trkpt lat="45.872813" lon="10.756334">
        <ele>706.526961</ele>
        <time>2024-05-08T10:48:27.449Z</time>
      </trkpt>
      <trkpt lat="45.872787" lon="10.756175">
        <ele>706.498216</ele>
        <time>2024-05-08T10:48:29.458Z</time>
      </trkpt>
      <trkpt lat="45.872764" lon="10.756016">
        <ele>706.469634</ele>
        <time>2024-05-08T10:48:31.469Z</time>
      </trkpt>
      <trkpt lat="45.872695" lon="10.755900">
        <ele>706.442781</ele>
        <time>2024-05-08T10:48:33.443Z</time>
      </trkpt>
      <trkpt lat="45.872631" lon="10.755781">
        <ele>706.416316</ele>
        <time>2024-05-08T10:48:35.445Z</time>
      </trkpt>
      <trkpt lat="45.872541" lon="10.755690">
        <ele>706.388493</ele>
        <time>2024-05-08T10:48:37.441Z</time>
      </trkpt>
      <trkpt lat="45.872431" lon="10.755620">
        <ele>706.294635</ele>
        <time>2024-05-08T10:48:39.445Z</time>
      </trkpt>
      <trkpt lat="45.872310" lon="10.755541">
        <ele>706.165722</ele>
        <time>2024-05-08T10:48:41.448Z</time>
      </trkpt>
      <trkpt lat="45.872235" lon="10.755378">
        <ele>706.033786</ele>
        <time>2024-05-08T10:48:43.438Z</time>
      </trkpt>
      <trkpt lat="45.872181" lon="10.755197">
        <ele>705.900810</ele>
        <time>2024-05-08T10:48:45.452Z</time>
      </trkpt>
      <trkpt lat="45.872145" lon="10.755019">
        <ele>705.775639</ele>
        <time>2024-05-08T10:48:47.464Z</time>
      </trkpt>
      <trkpt lat="45.872095" lon="10.754882">
        <ele>705.671185</ele>
        <time>2024-05-08T10:48:49.434Z</time>
      </trkpt>
      <trkpt lat="45.872043" lon="10.754774">
        <ele>705.582514</ele>
        <time>2024-05-08T10:48:51.444Z</time>
      </trkpt>
      <trkpt lat="45.871962" lon="10.754626">
        <ele>705.455390</ele>
        <time>2024-05-08T10:48:53.442Z</time>
      </trkpt>
      <trkpt lat="45.871928" lon="10.754456">
        <ele>705.335947</ele>
        <time>2024-05-08T10:48:55.441Z</time>
      </trkpt>
      <trkpt lat="45.871867" lon="10.754322">
        <ele>705.227834</ele>
        <time>2024-05-08T10:48:57.450Z</time>
      </trkpt>
      <trkpt lat="45.871777" lon="10.754219">
        <ele>705.116221</ele>
        <time>2024-05-08T10:48:59.445Z</time>
      </trkpt>
      <trkpt lat="45.871680" lon="10.754114">
        <ele>704.998414</ele>
        <time>2024-05-08T10:49:02.457Z</time>
      </trkpt>
      <trkpt lat="45.871587" lon="10.753993">
        <ele>704.876707</ele>
        <time>2024-05-08T10:49:04.472Z</time>
      </trkpt>
      <trkpt lat="45.871501" lon="10.753901">
        <ele>704.772702</ele>
        <time>2024-05-08T10:49:06.444Z</time>
      </trkpt>
      <trkpt lat="45.871436" lon="10.753769">
        <ele>704.663522</ele>
        <time>2024-05-08T10:49:08.455Z</time>
      </trkpt>
      <trkpt lat="45.871336" lon="10.753609">
        <ele>704.572419</ele>
        <time>2024-05-08T10:49:11.445Z</time>
      </trkpt>
      <trkpt lat="45.871250" lon="10.753501">
        <ele>704.512564</ele>
        <time>2024-05-08T10:49:13.451Z</time>
      </trkpt>
      <trkpt lat="45.871175" lon="10.753370">
        <ele>704.450692</ele>
        <time>2024-05-08T10:49:15.448Z</time>
      </trkpt>
      <trkpt lat="45.871084" lon="10.753253">
        <ele>704.386699</ele>
        <time>2024-05-08T10:49:17.446Z</time>
      </trkpt>
      <trkpt lat="45.870978" lon="10.753102">
        <ele>704.308475</ele>
        <time>2024-05-08T10:49:19.461Z</time>
      </trkpt>
      <trkpt lat="45.870876" lon="10.752933">
        <ele>704.226883</ele>
        <time>2024-05-08T10:49:21.439Z</time>
      </trkpt>
      <trkpt lat="45.870791" lon="10.752783">
        <ele>704.156329</ele>
        <time>2024-05-08T10:49:23.435Z</time>
      </trkpt>
      <trkpt lat="45.870721" lon="10.752621">
        <ele>704.086774</ele>
        <time>2024-05-08T10:49:25.448Z</time>
      </trkpt>
      <trkpt lat="45.870662" lon="10.752462">
        <ele>704.021045</ele>
        <time>2024-05-08T10:49:27.443Z</time>
      </trkpt>
      <trkpt lat="45.870615" lon="10.752333">
        <ele>703.967931</ele>
        <time>2024-05-08T10:49:29.444Z</time>
      </trkpt>
      <trkpt lat="45.870567" lon="10.752198">
        <ele>703.912631</ele>
        <time>2024-05-08T10:49:31.435Z</time>
      </trkpt>
      <trkpt lat="45.870552" lon="10.752065">
        <ele>703.863478</ele>
        <time>2024-05-08T10:49:33.448Z</time>
      </trkpt>
      <trkpt lat="45.870562" lon="10.751935">
        <ele>703.815764</ele>
        <time>2024-05-08T10:49:35.449Z</time>
      </trkpt>
      <trkpt lat="45.870544" lon="10.751773">
        <ele>703.755916</ele>
        <time>2024-05-08T10:49:38.456Z</time>
      </trkpt>
      <trkpt lat="45.870502" lon="10.751646">
        <ele>703.704625</ele>
        <time>2024-05-08T10:49:41.443Z</time>
      </trkpt>
      <trkpt lat="45.870443" lon="10.751512">
        <ele>703.841835</ele>
        <time>2024-05-08T10:49:44.444Z</time>
      </trkpt>
      <trkpt lat="45.870369" lon="10.751375">
        <ele>704.042247</ele>
        <time>2024-05-08T10:49:47.440Z</time>
      </trkpt>
      <trkpt lat="45.870282" lon="10.751276">
        <ele>704.226507</ele>
        <time>2024-05-08T10:49:50.445Z</time>
      </trkpt>
      <trkpt lat="45.870180" lon="10.751169">
        <ele>704.436186</ele>
        <time>2024-05-08T10:49:53.450Z</time>
      </trkpt>
      <trkpt lat="45.870099" lon="10.751101">
        <ele>704.591935</ele>
        <time>2024-05-08T10:49:55.447Z</time>
      </trkpt>
      <trkpt lat="45.870018" lon="10.751006">
        <ele>704.765535</ele>
        <time>2024-05-08T10:49:58.456Z</time>
      </trkpt>
      <trkpt lat="45.869984" lon="10.750873">
        <ele>704.929297</ele>
        <time>2024-05-08T10:50:01.458Z</time>
      </trkpt>
      <trkpt lat="45.869963" lon="10.750742">
        <ele>705.084675</ele>
        <time>2024-05-08T10:50:04.438Z</time>
      </trkpt>
      <trkpt lat="45.869956" lon="10.750594">
        <ele>705.256136</ele>
        <time>2024-05-08T10:50:07.438Z</time>
      </trkpt>
      <trkpt lat="45.869914" lon="10.750394">
        <ele>705.497592</ele>
        <time>2024-05-08T10:50:09.442Z</time>
      </trkpt>
      <trkpt lat="45.869841" lon="10.750236">
        <ele>705.716765</ele>
        <time>2024-05-08T10:50:11.443Z</time>
      </trkpt>
      <trkpt lat="45.869746" lon="10.750120">
        <ele>705.923760</ele>
        <time>2024-05-08T10:50:13.445Z</time>
      </trkpt>
      <trkpt lat="45.869660" lon="10.750033">
        <ele>706.098383</ele>
        <time>2024-05-08T10:50:15.443Z</time>
      </trkpt>
      <trkpt lat="45.869607" lon="10.749898">
        <ele>706.277519</ele>
        <time>2024-05-08T10:50:17.453Z</time>
      </trkpt>
      <trkpt lat="45.869547" lon="10.749781">
        <ele>706.445474</ele>
        <time>2024-05-08T10:50:19.430Z</time>
      </trkpt>
      <trkpt lat="45.869466" lon="10.749671">
        <ele>706.630531</ele>
        <time>2024-05-08T10:50:21.436Z</time>
      </trkpt>
      <trkpt lat="45.869381" lon="10.749540">
        <ele>706.550195</ele>
        <time>2024-05-08T10:50:23.441Z</time>
      </trkpt>
      <trkpt lat="45.869336" lon="10.749357">
        <ele>706.366969</ele>
        <time>2024-05-08T10:50:25.440Z</time>
      </trkpt>
      <trkpt lat="45.869336" lon="10.749210">
        <ele>706.228187</ele>
        <time>2024-05-08T10:50:26.448Z</time>
      </trkpt>
      <trkpt lat="45.869307" lon="10.749004">
        <ele>706.029769</ele>
        <time>2024-05-08T10:50:28.448Z</time>
      </trkpt>
      <trkpt lat="45.869294" lon="10.748826">
        <ele>705.860799</ele>
        <time>2024-05-08T10:50:30.441Z</time>
      </trkpt>
      <trkpt lat="45.869274" lon="10.748675">
        <ele>705.715684</ele>
        <time>2024-05-08T10:50:33.445Z</time>
      </trkpt>
      <trkpt lat="45.869197" lon="10.748553">
        <ele>705.560229</ele>
        <time>2024-05-08T10:50:54.436Z</time>
      </trkpt>
      <trkpt lat="45.869147" lon="10.748444">
        <ele>705.436999</ele>
        <time>2024-05-08T10:50:57.453Z</time>
      </trkpt>
      <trkpt lat="45.869098" lon="10.748321">
        <ele>705.303213</ele>
        <time>2024-05-08T10:51:00.445Z</time>
      </trkpt>
      <trkpt lat="45.869053" lon="10.748195">
        <ele>705.169522</ele>
        <time>2024-05-08T10:51:03.440Z</time>
      </trkpt>
      <trkpt lat="45.869003" lon="10.748063">
        <ele>705.027654</ele>
        <time>2024-05-08T10:51:06.426Z</time>
      </trkpt>
      <trkpt lat="45.868952" lon="10.747939">
        <ele>704.891688</ele>
        <time>2024-05-08T10:51:09.440Z</time>
      </trkpt>
      <trkpt lat="45.868900" lon="10.747807">
        <ele>704.748505</ele>
        <time>2024-05-08T10:51:13.447Z</time>
      </trkpt>
      <trkpt lat="45.868834" lon="10.747665">
        <ele>704.587320</ele>
        <time>2024-05-08T10:51:17.459Z</time>
      </trkpt>
      <trkpt lat="45.868769" lon="10.747124">
        <ele>704.180229</ele>
        <time>2024-05-08T10:51:54.447Z</time>
      </trkpt>
      <trkpt lat="45.868887" lon="10.747046">
        <ele>704.118244</ele>
        <time>2024-05-08T10:51:57.436Z</time>
      </trkpt>
      <trkpt lat="45.868980" lon="10.747114">
        <ele>704.068446</ele>
        <time>2024-05-08T10:51:59.448Z</time>
      </trkpt>
      <trkpt lat="45.869065" lon="10.747185">
        <ele>704.021525</ele>
        <time>2024-05-08T10:52:01.446Z</time>
      </trkpt>
      <trkpt lat="45.869159" lon="10.747231">
        <ele>703.974138</ele>
        <time>2024-05-08T10:52:03.447Z</time>
      </trkpt>
      <trkpt lat="45.869261" lon="10.747258">
        <ele>703.924647</ele>
        <time>2024-05-08T10:52:05.457Z</time>
      </trkpt>
      <trkpt lat="45.869365" lon="10.747270">
        <ele>703.874860</ele>
        <time>2024-05-08T10:52:07.455Z</time>
      </trkpt>
      <trkpt lat="45.869470" lon="10.747171">
        <ele>703.814924</ele>
        <time>2024-05-08T10:52:09.455Z</time>
      </trkpt>
      <trkpt lat="45.869537" lon="10.747035">
        <ele>703.759571</ele>
        <time>2024-05-08T10:52:11.442Z</time>
      </trkpt>
      <trkpt lat="45.869593" lon="10.746899">
        <ele>703.707075</ele>
        <time>2024-05-08T10:52:13.441Z</time>
      </trkpt>
      <trkpt lat="45.869643" lon="10.746766">
        <ele>703.656856</ele>
        <time>2024-05-08T10:52:15.445Z</time>
      </trkpt>
      <trkpt lat="45.869698" lon="10.746638">
        <ele>703.606881</ele>
        <time>2024-05-08T10:52:17.448Z</time>
      </trkpt>
      <trkpt lat="45.869758" lon="10.746521">
        <ele>703.558602</ele>
        <time>2024-05-08T10:52:19.432Z</time>
      </trkpt>
      <trkpt lat="45.869821" lon="10.746418">
        <ele>703.513051</ele>
        <time>2024-05-08T10:52:21.440Z</time>
      </trkpt>
      <trkpt lat="45.869881" lon="10.746317">
        <ele>703.468940</ele>
        <time>2024-05-08T10:52:23.444Z</time>
      </trkpt>
      <trkpt lat="45.869939" lon="10.746211">
        <ele>703.424148</ele>
        <time>2024-05-08T10:52:25.441Z</time>
      </trkpt>
      <trkpt lat="45.869988" lon="10.746101">
        <ele>703.383175</ele>
        <time>2024-05-08T10:52:27.442Z</time>
      </trkpt>
      <trkpt lat="45.870037" lon="10.745992">
        <ele>703.405282</ele>
        <time>2024-05-08T10:52:29.450Z</time>
      </trkpt>
      <trkpt lat="45.870112" lon="10.745833">
        <ele>703.438007</ele>
        <time>2024-05-08T10:52:32.442Z</time>
      </trkpt>
      <trkpt lat="45.870174" lon="10.745667">
        <ele>703.470106</ele>
        <time>2024-05-08T10:52:35.466Z</time>
      </trkpt>
      <trkpt lat="45.870250" lon="10.745539">
        <ele>703.498770</ele>
        <time>2024-05-08T10:52:38.456Z</time>
      </trkpt>
      <trkpt lat="45.870300" lon="10.745403">
        <ele>703.524976</ele>
        <time>2024-05-08T10:52:41.446Z</time>
      </trkpt>
      <trkpt lat="45.870355" lon="10.745263">
        <ele>703.552366</ele>
        <time>2024-05-08T10:52:44.441Z</time>
      </trkpt>
      <trkpt lat="45.870421" lon="10.745112">
        <ele>703.582745</ele>
        <time>2024-05-08T10:52:47.442Z</time>
      </trkpt>
      <trkpt lat="45.870464" lon="10.744994">
        <ele>703.605439</ele>
        <time>2024-05-08T10:52:49.446Z</time>
      </trkpt>
      <trkpt lat="45.870504" lon="10.744869">
        <ele>703.628880</ele>
        <time>2024-05-08T10:52:51.440Z</time>
      </trkpt>
      <trkpt lat="45.870530" lon="10.744738">
        <ele>703.652091</ele>
        <time>2024-05-08T10:52:53.456Z</time>
      </trkpt>
      <trkpt lat="45.870556" lon="10.744607">
        <ele>703.675302</ele>
        <time>2024-05-08T10:52:55.461Z</time>
      </trkpt>
      <trkpt lat="45.870585" lon="10.744477">
        <ele>703.698563</ele>
        <time>2024-05-08T10:52:57.450Z</time>
      </trkpt>
      <trkpt lat="45.870617" lon="10.744348">
        <ele>703.721897</ele>
        <time>2024-05-08T10:52:59.447Z</time>
      </trkpt>
      <trkpt lat="45.870657" lon="10.744169">
        <ele>703.753930</ele>
        <time>2024-05-08T10:53:02.440Z</time>
      </trkpt>
      <trkpt lat="45.870697" lon="10.743986">
        <ele>703.786613</ele>
        <time>2024-05-08T10:53:05.448Z</time>
      </trkpt>
      <trkpt lat="45.870728" lon="10.743861">
        <ele>703.809223</ele>
        <time>2024-05-08T10:53:07.446Z</time>
      </trkpt>
      <trkpt lat="45.870753" lon="10.743728">
        <ele>703.813201</ele>
        <time>2024-05-08T10:53:09.446Z</time>
      </trkpt>
      <trkpt lat="45.870789" lon="10.743600">
        <ele>703.791644</ele>
        <time>2024-05-08T10:53:11.442Z</time>
      </trkpt>
      <trkpt lat="45.870831" lon="10.743477">
        <ele>703.770252</ele>
        <time>2024-05-08T10:53:13.452Z</time>
      </trkpt>
      <trkpt lat="45.870875" lon="10.743355">
        <ele>703.748797</ele>
        <time>2024-05-08T10:53:15.460Z</time>
      </trkpt>
      <trkpt lat="45.870919" lon="10.743228">
        <ele>703.726646</ele>
        <time>2024-05-08T10:53:17.433Z</time>
      </trkpt>
      <trkpt lat="45.870963" lon="10.743099">
        <ele>703.704215</ele>
        <time>2024-05-08T10:53:19.440Z</time>
      </trkpt>
      <trkpt lat="45.871006" lon="10.742970">
        <ele>703.681882</ele>
        <time>2024-05-08T10:53:21.440Z</time>
      </trkpt>
      <trkpt lat="45.871040" lon="10.742835">
        <ele>703.659465</ele>
        <time>2024-05-08T10:53:23.437Z</time>
      </trkpt>
      <trkpt lat="45.871074" lon="10.742705">
        <ele>703.637780</ele>
        <time>2024-05-08T10:53:25.435Z</time>
      </trkpt>
      <trkpt lat="45.871137" lon="10.742560">
        <ele>703.611091</ele>
        <time>2024-05-08T10:53:28.444Z</time>
      </trkpt>
      <trkpt lat="45.871211" lon="10.742454">
        <ele>703.587652</ele>
        <time>2024-05-08T10:53:34.439Z</time>
      </trkpt>
      <trkpt lat="45.871361" lon="10.742261">
        <ele>703.542486</ele>
        <time>2024-05-08T10:55:38.448Z</time>
      </trkpt>
      <trkpt lat="45.871427" lon="10.742142">
        <ele>703.518729</ele>
        <time>2024-05-08T10:55:41.430Z</time>
      </trkpt>
      <trkpt lat="45.871512" lon="10.742024">
        <ele>703.492217</ele>
        <time>2024-05-08T10:55:44.448Z</time>
      </trkpt>
      <trkpt lat="45.871616" lon="10.741946">
        <ele>703.465904</ele>
        <time>2024-05-08T10:55:47.447Z</time>
      </trkpt>
      <trkpt lat="45.871713" lon="10.741883">
        <ele>703.442029</ele>
        <time>2024-05-08T10:55:50.449Z</time>
      </trkpt>
      <trkpt lat="45.871800" lon="10.741811">
        <ele>703.419510</ele>
        <time>2024-05-08T10:55:53.447Z</time>
      </trkpt>
      <trkpt lat="45.871881" lon="10.741750">
        <ele>703.634969</ele>
        <time>2024-05-08T10:55:56.480Z</time>
      </trkpt>
      <trkpt lat="45.871972" lon="10.741705">
        <ele>703.866219</ele>
        <time>2024-05-08T10:55:59.447Z</time>
      </trkpt>
      <trkpt lat="45.872070" lon="10.741699">
        <ele>704.101904</ele>
        <time>2024-05-08T10:56:02.440Z</time>
      </trkpt>
      <trkpt lat="45.872171" lon="10.741732">
        <ele>704.350785</ele>
        <time>2024-05-08T10:56:06.441Z</time>
      </trkpt>
      <trkpt lat="45.872256" lon="10.741779">
        <ele>704.569633</ele>
        <time>2024-05-08T10:56:09.436Z</time>
      </trkpt>
      <trkpt lat="45.872353" lon="10.741850">
        <ele>704.831224</ele>
        <time>2024-05-08T10:56:12.446Z</time>
      </trkpt>
      <trkpt lat="45.872457" lon="10.741925">
        <ele>705.110844</ele>
        <time>2024-05-08T10:56:15.448Z</time>
      </trkpt>
      <trkpt lat="45.872566" lon="10.741982">
        <ele>705.389566</ele>
        <time>2024-05-08T10:56:18.444Z</time>
      </trkpt>
      <trkpt lat="45.872682" lon="10.742050">
        <ele>705.690609</ele>
        <time>2024-05-08T10:56:21.457Z</time>
      </trkpt>
      <trkpt lat="45.872800" lon="10.742119">
        <ele>705.996734</ele>
        <time>2024-05-08T10:56:24.446Z</time>
      </trkpt>
      <trkpt lat="45.872901" lon="10.742212">
        <ele>706.285004</ele>
        <time>2024-05-08T10:56:27.438Z</time>
      </trkpt>
      <trkpt lat="45.872993" lon="10.742304">
        <ele>706.554362</ele>
        <time>2024-05-08T10:56:30.439Z</time>
      </trkpt>
      <trkpt lat="45.873094" lon="10.742406">
        <ele>706.851029</ele>
        <time>2024-05-08T10:56:33.450Z</time>
      </trkpt>
      <trkpt lat="45.873159" lon="10.742551">
        <ele>707.139534</ele>
        <time>2024-05-08T10:56:36.445Z</time>
      </trkpt>
      <trkpt lat="45.873154" lon="10.742741">
        <ele>707.457617</ele>
        <time>2024-05-08T10:56:39.447Z</time>
      </trkpt>
      <trkpt lat="45.873149" lon="10.742872">
        <ele>707.677100</ele>
        <time>2024-05-08T10:56:41.434Z</time>
      </trkpt>
      <trkpt lat="45.873214" lon="10.743033">
        <ele>707.831249</ele>
        <time>2024-05-08T10:56:44.443Z</time>
      </trkpt>
      <trkpt lat="45.873324" lon="10.743122">
        <ele>707.941988</ele>
        <time>2024-05-08T10:56:47.443Z</time>
      </trkpt>
      <trkpt lat="45.873444" lon="10.743204">
        <ele>708.058547</ele>
        <time>2024-05-08T10:56:50.446Z</time>
      </trkpt>
      <trkpt lat="45.873519" lon="10.743282">
        <ele>708.139766</ele>
        <time>2024-05-08T10:56:52.447Z</time>
      </trkpt>
      <trkpt lat="45.873582" lon="10.743393">
        <ele>708.227222</ele>
        <time>2024-05-08T10:56:54.449Z</time>
      </trkpt>
      <trkpt lat="45.873640" lon="10.743500">
        <ele>708.310034</ele>
        <time>2024-05-08T10:56:56.440Z</time>
      </trkpt>
      <trkpt lat="45.873724" lon="10.743626">
        <ele>708.416567</ele>
        <time>2024-05-08T10:56:59.457Z</time>
      </trkpt>
      <trkpt lat="45.873815" lon="10.743751">
        <ele>708.527012</ele>
        <time>2024-05-08T10:57:02.453Z</time>
      </trkpt>
      <trkpt lat="45.873941" lon="10.743755">
        <ele>708.637556</ele>
        <time>2024-05-08T10:57:05.445Z</time>
      </trkpt>
      <trkpt lat="45.874040" lon="10.743716">
        <ele>708.727597</ele>
        <time>2024-05-08T10:57:07.443Z</time>
      </trkpt>
      <trkpt lat="45.874152" lon="10.743690">
        <ele>708.827109</ele>
        <time>2024-05-08T10:57:09.440Z</time>
      </trkpt>
      <trkpt lat="45.874267" lon="10.743691">
        <ele>708.927980</ele>
        <time>2024-05-08T10:57:11.452Z</time>
      </trkpt>
      <trkpt lat="45.874377" lon="10.743767">
        <ele>709.035046</ele>
        <time>2024-05-08T10:57:13.441Z</time>
      </trkpt>
      <trkpt lat="45.874472" lon="10.743852">
        <ele>709.133217</ele>
        <time>2024-05-08T10:57:15.453Z</time>
      </trkpt>
      <trkpt lat="45.874566" lon="10.743904">
        <ele>709.221570</ele>
        <time>2024-05-08T10:57:17.451Z</time>
      </trkpt>
      <trkpt lat="45.874690" lon="10.743899">
        <ele>709.339768</ele>
        <time>2024-05-08T10:57:20.436Z</time>
      </trkpt>
      <trkpt lat="45.874782" lon="10.743884">
        <ele>709.485196</ele>
        <time>2024-05-08T10:57:22.444Z</time>
      </trkpt>
      <trkpt lat="45.874889" lon="10.743856">
        <ele>709.656022</ele>
        <time>2024-05-08T10:57:24.442Z</time>
      </trkpt>
      <trkpt lat="45.875016" lon="10.743798">
        <ele>709.865335</ele>
        <time>2024-05-08T10:57:26.446Z</time>
      </trkpt>
      <trkpt lat="45.875122" lon="10.743731">
        <ele>710.047232</ele>
        <time>2024-05-08T10:57:28.457Z</time>
      </trkpt>
      <trkpt lat="45.875232" lon="10.743669">
        <ele>710.232831</ele>
        <time>2024-05-08T10:57:30.437Z</time>
      </trkpt>
      <trkpt lat="45.875337" lon="10.743613">
        <ele>710.408751</ele>
        <time>2024-05-08T10:57:32.442Z</time>
      </trkpt>
      <trkpt lat="45.875437" lon="10.743562">
        <ele>710.575424</ele>
        <time>2024-05-08T10:57:34.441Z</time>
      </trkpt>
      <trkpt lat="45.875542" lon="10.743556">
        <ele>710.740472</ele>
        <time>2024-05-08T10:57:36.457Z</time>
      </trkpt>
      <trkpt lat="45.875644" lon="10.743547">
        <ele>710.900981</ele>
        <time>2024-05-08T10:57:39.436Z</time>
      </trkpt>
      <trkpt lat="45.875770" lon="10.743540">
        <ele>711.099031</ele>
        <time>2024-05-08T10:57:42.442Z</time>
      </trkpt>
      <trkpt lat="45.875889" lon="10.743567">
        <ele>711.288256</ele>
        <time>2024-05-08T10:57:45.446Z</time>
      </trkpt>
      <trkpt lat="45.876006" lon="10.743601">
        <ele>711.475746</ele>
        <time>2024-05-08T10:57:48.448Z</time>
      </trkpt>
      <trkpt lat="45.876131" lon="10.743627">
        <ele>711.674125</ele>
        <time>2024-05-08T10:57:51.450Z</time>
      </trkpt>
      <trkpt lat="45.876221" lon="10.743648">
        <ele>711.817336</ele>
        <time>2024-05-08T10:57:53.462Z</time>
      </trkpt>
      <trkpt lat="45.876313" lon="10.743675">
        <ele>711.964822</ele>
        <time>2024-05-08T10:57:55.447Z</time>
      </trkpt>
      <trkpt lat="45.876402" lon="10.743697">
        <ele>712.106665</ele>
        <time>2024-05-08T10:57:57.437Z</time>
      </trkpt>
      <trkpt lat="45.876491" lon="10.743736">
        <ele>712.504501</ele>
        <time>2024-05-08T10:57:59.435Z</time>
      </trkpt>
      <trkpt lat="45.876576" lon="10.743804">
        <ele>713.009294</ele>
        <time>2024-05-08T10:58:01.437Z</time>
      </trkpt>
      <trkpt lat="45.876649" lon="10.743897">
        <ele>713.515548</ele>
        <time>2024-05-08T10:58:03.437Z</time>
      </trkpt>
      <trkpt lat="45.876730" lon="10.743978">
        <ele>714.027617</ele>
        <time>2024-05-08T10:58:05.451Z</time>
      </trkpt>
      <trkpt lat="45.876802" lon="10.744061">
        <ele>714.506602</ele>
        <time>2024-05-08T10:58:07.450Z</time>
      </trkpt>
      <trkpt lat="45.876885" lon="10.744141">
        <ele>715.025199</ele>
        <time>2024-05-08T10:58:09.451Z</time>
      </trkpt>
      <trkpt lat="45.876947" lon="10.744253">
        <ele>715.542052</ele>
        <time>2024-05-08T10:58:11.467Z</time>
      </trkpt>
      <trkpt lat="45.877005" lon="10.744375">
        <ele>716.075669</ele>
        <time>2024-05-08T10:58:13.458Z</time>
      </trkpt>
      <trkpt lat="45.877068" lon="10.744493">
        <ele>716.612798</ele>
        <time>2024-05-08T10:58:15.442Z</time>
      </trkpt>
      <trkpt lat="45.877122" lon="10.744598">
        <ele>717.084325</ele>
        <time>2024-05-08T10:58:17.449Z</time>
      </trkpt>
      <trkpt lat="45.877206" lon="10.744696">
        <ele>717.645787</ele>
        <time>2024-05-08T10:58:19.437Z</time>
      </trkpt>
      <trkpt lat="45.877305" lon="10.744832">
        <ele>718.356522</ele>
        <time>2024-05-08T10:58:22.454Z</time>
      </trkpt>
      <trkpt lat="45.877373" lon="10.744928">
        <ele>718.851205</ele>
        <time>2024-05-08T10:58:24.448Z</time>
      </trkpt>
      <trkpt lat="45.877459" lon="10.745004">
        <ele>719.375082</ele>
        <time>2024-05-08T10:58:26.439Z</time>
      </trkpt>
      <trkpt lat="45.877560" lon="10.745079">
        <ele>719.964982</ele>
        <time>2024-05-08T10:58:29.445Z</time>
      </trkpt>
      <trkpt lat="45.877655" lon="10.745149">
        <ele>720.518937</ele>
        <time>2024-05-08T10:58:32.440Z</time>
      </trkpt>
      <trkpt lat="45.877755" lon="10.745208">
        <ele>721.079828</ele>
        <time>2024-05-08T10:58:35.433Z</time>
      </trkpt>
      <trkpt lat="45.877854" lon="10.745244">
        <ele>721.556438</ele>
        <time>2024-05-08T10:58:39.437Z</time>
      </trkpt>
      <trkpt lat="45.877946" lon="10.745219">
        <ele>721.849622</ele>
        <time>2024-05-08T10:58:43.440Z</time>
      </trkpt>
      <trkpt lat="45.878138" lon="10.745178">
        <ele>722.457427</ele>
        <time>2024-05-08T10:59:51.454Z</time>
      </trkpt>
      <trkpt lat="45.878227" lon="10.745130">
        <ele>722.755104</ele>
        <time>2024-05-08T10:59:54.448Z</time>
      </trkpt>
      <trkpt lat="45.878303" lon="10.745042">
        <ele>723.060770</ele>
        <time>2024-05-08T10:59:57.446Z</time>
      </trkpt>
      <trkpt lat="45.878365" lon="10.744938">
        <ele>723.359245</ele>
        <time>2024-05-08T11:00:16.446Z</time>
      </trkpt>
      <trkpt lat="45.878399" lon="10.744810">
        <ele>723.657895</ele>
        <time>2024-05-08T11:00:21.438Z</time>
      </trkpt>
      <trkpt lat="45.878442" lon="10.744675">
        <ele>723.981522</ele>
        <time>2024-05-08T11:00:26.444Z</time>
      </trkpt>
      <trkpt lat="45.878487" lon="10.744525">
        <ele>724.337577</ele>
        <time>2024-05-08T11:00:29.442Z</time>
      </trkpt>
      <trkpt lat="45.878539" lon="10.744415">
        <ele>724.627424</ele>
        <time>2024-05-08T11:00:31.445Z</time>
      </trkpt>
      <trkpt lat="45.878575" lon="10.744253">
        <ele>724.998124</ele>
        <time>2024-05-08T11:00:34.448Z</time>
      </trkpt>
      <trkpt lat="45.878609" lon="10.744098">
        <ele>725.352386</ele>
        <time>2024-05-08T11:00:38.436Z</time>
      </trkpt>
      <trkpt lat="45.878624" lon="10.743944">
        <ele>725.691362</ele>
        <time>2024-05-08T11:00:41.443Z</time>
      </trkpt>
      <trkpt lat="45.878664" lon="10.743792">
        <ele>726.045590</ele>
        <time>2024-05-08T11:00:44.443Z</time>
      </trkpt>
      <trkpt lat="45.878720" lon="10.743627">
        <ele>726.445740</ele>
        <time>2024-05-08T11:00:47.450Z</time>
      </trkpt>
      <trkpt lat="45.878762" lon="10.743493">
        <ele>726.766087</ele>
        <time>2024-05-08T11:00:49.440Z</time>
      </trkpt>
      <trkpt lat="45.878836" lon="10.743338">
        <ele>727.016994</ele>
        <time>2024-05-08T11:00:52.441Z</time>
      </trkpt>
      <trkpt lat="45.878839" lon="10.743192">
        <ele>726.596221</ele>
        <time>2024-05-08T11:00:55.442Z</time>
      </trkpt>
      <trkpt lat="45.878810" lon="10.743034">
        <ele>726.125508</ele>
        <time>2024-05-08T11:00:59.441Z</time>
      </trkpt>
      <trkpt lat="45.878767" lon="10.742873">
        <ele>725.628746</ele>
        <time>2024-05-08T11:01:02.447Z</time>
      </trkpt>
      <trkpt lat="45.878762" lon="10.742711">
        <ele>725.161604</ele>
        <time>2024-05-08T11:01:05.442Z</time>
      </trkpt>
      <trkpt lat="45.878767" lon="10.742550">
        <ele>724.697341</ele>
        <time>2024-05-08T11:01:08.445Z</time>
      </trkpt>
      <trkpt lat="45.878794" lon="10.742385">
        <ele>724.209062</ele>
        <time>2024-05-08T11:01:12.441Z</time>
      </trkpt>
      <trkpt lat="45.878854" lon="10.742271">
        <ele>723.797367</ele>
        <time>2024-05-08T11:01:16.439Z</time>
      </trkpt>
      <trkpt lat="45.878957" lon="10.742222">
        <ele>723.348390</ele>
        <time>2024-05-08T11:01:20.446Z</time>
      </trkpt>
      <trkpt lat="45.879050" lon="10.742167">
        <ele>722.932220</ele>
        <time>2024-05-08T11:01:22.442Z</time>
      </trkpt>
      <trkpt lat="45.879163" lon="10.742137">
        <ele>722.456711</ele>
        <time>2024-05-08T11:01:24.446Z</time>
      </trkpt>
      <trkpt lat="45.879251" lon="10.742073">
        <ele>722.048557</ele>
        <time>2024-05-08T11:01:26.439Z</time>
      </trkpt>
      <trkpt lat="45.879341" lon="10.741986">
        <ele>721.599663</ele>
        <time>2024-05-08T11:01:30.446Z</time>
      </trkpt>
      <trkpt lat="45.879464" lon="10.741940">
        <ele>721.073726</ele>
        <time>2024-05-08T11:01:33.435Z</time>
      </trkpt>
      <trkpt lat="45.879582" lon="10.741924">
        <ele>720.583276</ele>
        <time>2024-05-08T11:01:35.459Z</time>
      </trkpt>
      <trkpt lat="45.879694" lon="10.741852">
        <ele>720.075529</ele>
        <time>2024-05-08T11:01:38.445Z</time>
      </trkpt>
      <trkpt lat="45.879774" lon="10.741761">
        <ele>719.657572</ele>
        <time>2024-05-08T11:01:41.440Z</time>
      </trkpt>
      <trkpt lat="45.879873" lon="10.741666">
        <ele>719.350826</ele>
        <time>2024-05-08T11:01:43.431Z</time>
      </trkpt>
      <trkpt lat="45.879947" lon="10.741580">
        <ele>719.105585</ele>
        <time>2024-05-08T11:01:45.439Z</time>
      </trkpt>
      <trkpt lat="45.880028" lon="10.741473">
        <ele>718.822064</ele>
        <time>2024-05-08T11:01:48.448Z</time>
      </trkpt>
      <trkpt lat="45.880148" lon="10.741423">
        <ele>718.500148</ele>
        <time>2024-05-08T11:01:51.443Z</time>
      </trkpt>
      <trkpt lat="45.880253" lon="10.741385">
        <ele>718.221168</ele>
        <time>2024-05-08T11:01:54.445Z</time>
      </trkpt>
      <trkpt lat="45.880342" lon="10.741299">
        <ele>717.944812</ele>
        <time>2024-05-08T11:01:57.449Z</time>
      </trkpt>
      <trkpt lat="45.880384" lon="10.741172">
        <ele>717.692628</ele>
        <time>2024-05-08T11:02:00.449Z</time>
      </trkpt>
      <trkpt lat="45.880413" lon="10.741001">
        <ele>717.376952</ele>
        <time>2024-05-08T11:02:03.443Z</time>
      </trkpt>
      <trkpt lat="45.880446" lon="10.740798">
        <ele>717.003055</ele>
        <time>2024-05-08T11:02:06.448Z</time>
      </trkpt>
      <trkpt lat="45.880495" lon="10.740646">
        <ele>716.702616</ele>
        <time>2024-05-08T11:02:08.444Z</time>
      </trkpt>
      <trkpt lat="45.880544" lon="10.740473">
        <ele>716.367624</ele>
        <time>2024-05-08T11:02:11.439Z</time>
      </trkpt>
      <trkpt lat="45.880559" lon="10.740317">
        <ele>716.085166</ele>
        <time>2024-05-08T11:02:14.439Z</time>
      </trkpt>
      <trkpt lat="45.880573" lon="10.740163">
        <ele>715.806606</ele>
        <time>2024-05-08T11:02:17.440Z</time>
      </trkpt>
      <trkpt lat="45.880590" lon="10.740003">
        <ele>715.516307</ele>
        <time>2024-05-08T11:02:20.439Z</time>
      </trkpt>
      <trkpt lat="45.880627" lon="10.739860">
        <ele>715.242680</ele>
        <time>2024-05-08T11:02:22.441Z</time>
      </trkpt>
      <trkpt lat="45.880684" lon="10.739715">
        <ele>714.925063</ele>
        <time>2024-05-08T11:02:26.446Z</time>
      </trkpt>
      <trkpt lat="45.880718" lon="10.739536">
        <ele>714.519449</ele>
        <time>2024-05-08T11:02:30.443Z</time>
      </trkpt>
      <trkpt lat="45.880763" lon="10.739373">
        <ele>714.136120</ele>
        <time>2024-05-08T11:02:33.453Z</time>
      </trkpt>
      <trkpt lat="45.880827" lon="10.739256">
        <ele>713.810835</ele>
        <time>2024-05-08T11:02:35.443Z</time>
      </trkpt>
      <trkpt lat="45.880872" lon="10.739108">
        <ele>713.457781</ele>
        <time>2024-05-08T11:02:38.441Z</time>
      </trkpt>
      <trkpt lat="45.880960" lon="10.739010">
        <ele>713.108123</ele>
        <time>2024-05-08T11:02:42.443Z</time>
      </trkpt>
      <trkpt lat="45.881150" lon="10.738954">
        <ele>712.499049</ele>
        <time>2024-05-08T11:02:45.448Z</time>
      </trkpt>
      <trkpt lat="45.881326" lon="10.738877">
        <ele>711.921303</ele>
        <time>2024-05-08T11:02:47.450Z</time>
      </trkpt>
      <trkpt lat="45.881443" lon="10.738761">
        <ele>711.474881</ele>
        <time>2024-05-08T11:02:50.441Z</time>
      </trkpt>
      <trkpt lat="45.881574" lon="10.738728">
        <ele>711.057233</ele>
        <time>2024-05-08T11:02:52.442Z</time>
      </trkpt>
      <trkpt lat="45.881669" lon="10.738659">
        <ele>710.722946</ele>
        <time>2024-05-08T11:02:54.446Z</time>
      </trkpt>
      <trkpt lat="45.881750" lon="10.738522">
        <ele>710.330019</ele>
        <time>2024-05-08T11:02:57.441Z</time>
      </trkpt>
      <trkpt lat="45.881781" lon="10.738383">
        <ele>710.010946</ele>
        <time>2024-05-08T11:03:00.452Z</time>
      </trkpt>
      <trkpt lat="45.881791" lon="10.738243">
        <ele>709.703293</ele>
        <time>2024-05-08T11:03:03.451Z</time>
      </trkpt>
      <trkpt lat="45.881761" lon="10.738094">
        <ele>709.381074</ele>
        <time>2024-05-08T11:03:06.445Z</time>
      </trkpt>
      <trkpt lat="45.881720" lon="10.737957">
        <ele>709.356742</ele>
        <time>2024-05-08T11:03:09.437Z</time>
      </trkpt>
      <trkpt lat="45.881697" lon="10.737830">
        <ele>709.335331</ele>
        <time>2024-05-08T11:03:12.442Z</time>
      </trkpt>
      <trkpt lat="45.881650" lon="10.737680">
        <ele>709.308491</ele>
        <time>2024-05-08T11:03:16.445Z</time>
      </trkpt>
      <trkpt lat="45.881594" lon="10.737534">
        <ele>709.281293</ele>
        <time>2024-05-08T11:03:20.448Z</time>
      </trkpt>
      <trkpt lat="45.881547" lon="10.737405">
        <ele>709.257536</ele>
        <time>2024-05-08T11:03:23.443Z</time>
      </trkpt>
      <trkpt lat="45.881481" lon="10.737247">
        <ele>709.227471</ele>
        <time>2024-05-08T11:03:26.445Z</time>
      </trkpt>
      <trkpt lat="45.881411" lon="10.737132">
        <ele>709.202546</ele>
        <time>2024-05-08T11:03:28.441Z</time>
      </trkpt>
      <trkpt lat="45.881381" lon="10.736993">
        <ele>709.178801</ele>
        <time>2024-05-08T11:03:30.454Z</time>
      </trkpt>
      <trkpt lat="45.881394" lon="10.736804">
        <ele>709.147813</ele>
        <time>2024-05-08T11:03:33.444Z</time>
      </trkpt>
      <trkpt lat="45.881385" lon="10.736635">
        <ele>709.120158</ele>
        <time>2024-05-08T11:03:36.448Z</time>
      </trkpt>
      <trkpt lat="45.881361" lon="10.736465">
        <ele>709.091855</ele>
        <time>2024-05-08T11:03:39.439Z</time>
      </trkpt>
      <trkpt lat="45.881346" lon="10.736287">
        <ele>709.062600</ele>
        <time>2024-05-08T11:03:42.446Z</time>
      </trkpt>
      <trkpt lat="45.881322" lon="10.736098">
        <ele>709.031253</ele>
        <time>2024-05-08T11:03:45.445Z</time>
      </trkpt>
      <trkpt lat="45.881293" lon="10.735946">
        <ele>709.005537</ele>
        <time>2024-05-08T11:03:48.444Z</time>
      </trkpt>
      <trkpt lat="45.881242" lon="10.735800">
        <ele>708.978884</ele>
        <time>2024-05-08T11:03:51.443Z</time>
      </trkpt>
      <trkpt lat="45.881242" lon="10.735642">
        <ele>708.942457</ele>
        <time>2024-05-08T11:03:54.439Z</time>
      </trkpt>
      <trkpt lat="45.881230" lon="10.735511">
        <ele>708.891313</ele>
        <time>2024-05-08T11:03:56.441Z</time>
      </trkpt>
      <trkpt lat="45.881235" lon="10.735350">
        <ele>708.828931</ele>
        <time>2024-05-08T11:04:00.445Z</time>
      </trkpt>
      <trkpt lat="45.881253" lon="10.735193">
        <ele>708.767341</ele>
        <time>2024-05-08T11:04:03.448Z</time>
      </trkpt>
      <trkpt lat="45.881268" lon="10.735013">
        <ele>708.697170</ele>
        <time>2024-05-08T11:04:06.452Z</time>
      </trkpt>
      <trkpt lat="45.881283" lon="10.734865">
        <ele>708.639278</ele>
        <time>2024-05-08T11:04:09.441Z</time>
      </trkpt>
      <trkpt lat="45.881285" lon="10.734717">
        <ele>708.581980</ele>
        <time>2024-05-08T11:04:12.438Z</time>
      </trkpt>
      <trkpt lat="45.881288" lon="10.734574">
        <ele>708.526602</ele>
        <time>2024-05-08T11:04:15.425Z</time>
      </trkpt>
      <trkpt lat="45.881283" lon="10.734437">
        <ele>708.473500</ele>
        <time>2024-05-08T11:04:18.441Z</time>
      </trkpt>
      <trkpt lat="45.881280" lon="10.734290">
        <ele>708.416575</ele>
        <time>2024-05-08T11:04:21.435Z</time>
      </trkpt>
      <trkpt lat="45.881266" lon="10.734124">
        <ele>708.351850</ele>
        <time>2024-05-08T11:04:24.440Z</time>
      </trkpt>
      <trkpt lat="45.881277" lon="10.733937">
        <ele>708.279208</ele>
        <time>2024-05-08T11:04:27.447Z</time>
      </trkpt>
      <trkpt lat="45.881328" lon="10.733760">
        <ele>708.205059</ele>
        <time>2024-05-08T11:04:30.443Z</time>
      </trkpt>
      <trkpt lat="45.881388" lon="10.733660">
        <ele>708.153958</ele>
        <time>2024-05-08T11:04:32.448Z</time>
      </trkpt>
      <trkpt lat="45.881460" lon="10.733579">
        <ele>708.103108</ele>
        <time>2024-05-08T11:04:34.439Z</time>
      </trkpt>
      <trkpt lat="45.881534" lon="10.733488">
        <ele>708.048944</ele>
        <time>2024-05-08T11:04:36.438Z</time>
      </trkpt>
      <trkpt lat="45.881613" lon="10.733397">
        <ele>707.992639</ele>
        <time>2024-05-08T11:04:38.436Z</time>
      </trkpt>
      <trkpt lat="45.881697" lon="10.733311">
        <ele>707.874985</ele>
        <time>2024-05-08T11:04:40.440Z</time>
      </trkpt>
      <trkpt lat="45.881777" lon="10.733199">
        <ele>707.665882</ele>
        <time>2024-05-08T11:04:42.441Z</time>
      </trkpt>
      <trkpt lat="45.881856" lon="10.733112">
        <ele>707.479551</ele>
        <time>2024-05-08T11:04:44.444Z</time>
      </trkpt>
      <trkpt lat="45.881940" lon="10.733017">
        <ele>707.279433</ele>
        <time>2024-05-08T11:04:46.461Z</time>
      </trkpt>
      <trkpt lat="45.882019" lon="10.732905">
        <ele>707.071667</ele>
        <time>2024-05-08T11:04:48.459Z</time>
      </trkpt>
      <trkpt lat="45.882093" lon="10.732780">
        <ele>706.857851</ele>
        <time>2024-05-08T11:04:50.449Z</time>
      </trkpt>
      <trkpt lat="45.882161" lon="10.732638">
        <ele>706.633263</ele>
        <time>2024-05-08T11:04:52.448Z</time>
      </trkpt>
      <trkpt lat="45.882232" lon="10.732491">
        <ele>706.400124</ele>
        <time>2024-05-08T11:04:54.456Z</time>
      </trkpt>
      <trkpt lat="45.882310" lon="10.732353">
        <ele>706.168493</ele>
        <time>2024-05-08T11:04:56.438Z</time>
      </trkpt>
      <trkpt lat="45.882380" lon="10.732179">
        <ele>705.906623</ele>
        <time>2024-05-08T11:04:58.448Z</time>
      </trkpt>
      <trkpt lat="45.882451" lon="10.732040">
        <ele>705.681970</ele>
        <time>2024-05-08T11:05:00.444Z</time>
      </trkpt>
      <trkpt lat="45.882513" lon="10.731909">
        <ele>705.475556</ele>
        <time>2024-05-08T11:05:02.449Z</time>
      </trkpt>
      <trkpt lat="45.882584" lon="10.731779">
        <ele>705.260247</ele>
        <time>2024-05-08T11:05:04.449Z</time>
      </trkpt>
      <trkpt lat="45.882658" lon="10.731668">
        <ele>705.059979</ele>
        <time>2024-05-08T11:05:06.431Z</time>
      </trkpt>
      <trkpt lat="45.882707" lon="10.731530">
        <ele>704.858118</ele>
        <time>2024-05-08T11:05:08.465Z</time>
      </trkpt>
      <trkpt lat="45.882769" lon="10.731408">
        <ele>704.661291</ele>
        <time>2024-05-08T11:05:10.477Z</time>
      </trkpt>
      <trkpt lat="45.882839" lon="10.731275">
        <ele>704.745488</ele>
        <time>2024-05-08T11:05:12.461Z</time>
      </trkpt>
      <trkpt lat="45.882893" lon="10.731148">
        <ele>704.941411</ele>
        <time>2024-05-08T11:05:14.456Z</time>
      </trkpt>
      <trkpt lat="45.882940" lon="10.731035">
        <ele>705.114712</ele>
        <time>2024-05-08T11:05:16.438Z</time>
      </trkpt>
      <trkpt lat="45.883006" lon="10.730877">
        <ele>705.357301</ele>
        <time>2024-05-08T11:05:19.442Z</time>
      </trkpt>
      <trkpt lat="45.883064" lon="10.730716">
        <ele>705.595964</ele>
        <time>2024-05-08T11:05:22.437Z</time>
      </trkpt>
      <trkpt lat="45.883125" lon="10.730562">
        <ele>705.829234</ele>
        <time>2024-05-08T11:05:25.446Z</time>
      </trkpt>
      <trkpt lat="45.883156" lon="10.730381">
        <ele>706.074632</ele>
        <time>2024-05-08T11:05:28.444Z</time>
      </trkpt>
      <trkpt lat="45.883159" lon="10.730206">
        <ele>706.305094</ele>
        <time>2024-05-08T11:05:31.443Z</time>
      </trkpt>
      <trkpt lat="45.883177" lon="10.730027">
        <ele>706.543199</ele>
        <time>2024-05-08T11:05:34.446Z</time>
      </trkpt>
      <trkpt lat="45.883213" lon="10.729889">
        <ele>706.737219</ele>
        <time>2024-05-08T11:05:37.440Z</time>
      </trkpt>
      <trkpt lat="45.883252" lon="10.729750">
        <ele>706.934521</ele>
        <time>2024-05-08T11:05:40.418Z</time>
      </trkpt>
      <trkpt lat="45.883323" lon="10.729667">
        <ele>707.107641</ele>
        <time>2024-05-08T11:05:43.442Z</time>
      </trkpt>
      <trkpt lat="45.883467" lon="10.729706">
        <ele>707.384776</ele>
        <time>2024-05-08T11:05:46.449Z</time>
      </trkpt>
      <trkpt lat="45.883584" lon="10.729731">
        <ele>707.608484</ele>
        <time>2024-05-08T11:05:48.449Z</time>
      </trkpt>
      <trkpt lat="45.883687" lon="10.729758">
        <ele>707.806498</ele>
        <time>2024-05-08T11:05:50.454Z</time>
      </trkpt>
      <trkpt lat="45.883803" lon="10.729760">
        <ele>707.954044</ele>
        <time>2024-05-08T11:05:52.447Z</time>
      </trkpt>
      <trkpt lat="45.883915" lon="10.729771">
        <ele>707.662349</ele>
        <time>2024-05-08T11:05:54.446Z</time>
      </trkpt>
      <trkpt lat="45.884023" lon="10.729797">
        <ele>707.377815</ele>
        <time>2024-05-08T11:05:56.440Z</time>
      </trkpt>
      <trkpt lat="45.884124" lon="10.729886">
        <ele>707.069943</ele>
        <time>2024-05-08T11:05:58.449Z</time>
      </trkpt>
      <trkpt lat="45.884233" lon="10.730014">
        <ele>706.704136</ele>
        <time>2024-05-08T11:06:00.434Z</time>
      </trkpt>
      <trkpt lat="45.884321" lon="10.730162">
        <ele>706.352082</ele>
        <time>2024-05-08T11:06:02.441Z</time>
      </trkpt>
      <trkpt lat="45.884422" lon="10.730321">
        <ele>705.962751</ele>
        <time>2024-05-08T11:06:04.458Z</time>
      </trkpt>
      <trkpt lat="45.884495" lon="10.730432">
        <ele>705.686551</ele>
        <time>2024-05-08T11:06:05.426Z</time>
      </trkpt>
      <trkpt lat="45.884612" lon="10.730606">
        <ele>705.248981</ele>
        <time>2024-05-08T11:06:07.448Z</time>
      </trkpt>
      <trkpt lat="45.884714" lon="10.730785">
        <ele>704.830575</ele>
        <time>2024-05-08T11:06:09.449Z</time>
      </trkpt>
      <trkpt lat="45.884776" lon="10.730923">
        <ele>704.533499</ele>
        <time>2024-05-08T11:06:11.433Z</time>
      </trkpt>
      <trkpt lat="45.884828" lon="10.731059">
        <ele>704.252848</ele>
        <time>2024-05-08T11:06:15.444Z</time>
      </trkpt>
      <trkpt lat="45.884941" lon="10.731135">
        <ele>703.928650</ele>
        <time>2024-05-08T11:06:26.438Z</time>
      </trkpt>
      <trkpt lat="45.885063" lon="10.731158">
        <ele>703.608933</ele>
        <time>2024-05-08T11:06:29.444Z</time>
      </trkpt>
      <trkpt lat="45.885153" lon="10.731155">
        <ele>703.375019</ele>
        <time>2024-05-08T11:06:31.447Z</time>
      </trkpt>
      <trkpt lat="45.885242" lon="10.731139">
        <ele>703.298789</ele>
        <time>2024-05-08T11:06:33.442Z</time>
      </trkpt>
      <trkpt lat="45.885334" lon="10.731129">
        <ele>703.267734</ele>
        <time>2024-05-08T11:06:35.441Z</time>
      </trkpt>
      <trkpt lat="45.885426" lon="10.731115">
        <ele>703.236595</ele>
        <time>2024-05-08T11:06:37.434Z</time>
      </trkpt>
      <trkpt lat="45.885520" lon="10.731102">
        <ele>703.204809</ele>
        <time>2024-05-08T11:06:39.438Z</time>
      </trkpt>
      <trkpt lat="45.885656" lon="10.731096">
        <ele>703.159012</ele>
        <time>2024-05-08T11:06:42.442Z</time>
      </trkpt>
      <trkpt lat="45.885746" lon="10.731090">
        <ele>703.128686</ele>
        <time>2024-05-08T11:06:44.439Z</time>
      </trkpt>
      <trkpt lat="45.885840" lon="10.731081">
        <ele>703.096976</ele>
        <time>2024-05-08T11:06:46.448Z</time>
      </trkpt>
      <trkpt lat="45.885956" lon="10.731090">
        <ele>703.057875</ele>
        <time>2024-05-08T11:06:49.452Z</time>
      </trkpt>
      <trkpt lat="45.885935" lon="10.731258">
        <ele>703.017884</ele>
        <time>2024-05-08T11:06:55.435Z</time>
      </trkpt>
      <trkpt lat="45.885886" lon="10.731418">
        <ele>702.976929</ele>
        <time>2024-05-08T11:06:58.439Z</time>
      </trkpt>
      <trkpt lat="45.885839" lon="10.731534">
        <ele>702.945482</ele>
        <time>2024-05-08T11:07:00.445Z</time>
      </trkpt>
      <trkpt lat="45.885785" lon="10.731655">
        <ele>702.911806</ele>
        <time>2024-05-08T11:07:02.451Z</time>
      </trkpt>
      <trkpt lat="45.885739" lon="10.731767">
        <ele>702.881337</ele>
        <time>2024-05-08T11:07:04.439Z</time>
      </trkpt>
      <trkpt lat="45.885690" lon="10.731923">
        <ele>702.841238</ele>
        <time>2024-05-08T11:07:07.429Z</time>
      </trkpt>
      <trkpt lat="45.885667" lon="10.732058">
        <ele>702.808674</ele>
        <time>2024-05-08T11:07:10.436Z</time>
      </trkpt>
      <trkpt lat="45.885755" lon="10.732166">
        <ele>702.769717</ele>
        <time>2024-05-08T11:07:14.441Z</time>
      </trkpt>
      <trkpt lat="45.885862" lon="10.732222">
        <ele>702.731387</ele>
        <time>2024-05-08T11:07:17.443Z</time>
      </trkpt>
      <trkpt lat="45.885963" lon="10.732314">
        <ele>702.641081</ele>
        <time>2024-05-08T11:07:20.441Z</time>
      </trkpt>
      <trkpt lat="45.885996" lon="10.732459">
        <ele>702.535429</ele>
        <time>2024-05-08T11:07:23.449Z</time>
      </trkpt>
      <trkpt lat="45.885969" lon="10.732600">
        <ele>702.434151</ele>
        <time>2024-05-08T11:07:26.438Z</time>
      </trkpt>
      <trkpt lat="45.885912" lon="10.732731">
        <ele>702.327159</ele>
        <time>2024-05-08T11:07:29.444Z</time>
      </trkpt>
      <trkpt lat="45.885861" lon="10.732883">
        <ele>702.210299</ele>
        <time>2024-05-08T11:07:32.442Z</time>
      </trkpt>
      <trkpt lat="45.885786" lon="10.733010">
        <ele>702.094955</ele>
        <time>2024-05-08T11:07:35.438Z</time>
      </trkpt>
      <trkpt lat="45.885718" lon="10.733147">
        <ele>701.978424</ele>
        <time>2024-05-08T11:07:38.441Z</time>
      </trkpt>
      <trkpt lat="45.885694" lon="10.733309">
        <ele>701.863716</ele>
        <time>2024-05-08T11:07:41.439Z</time>
      </trkpt>
      <trkpt lat="45.885660" lon="10.733447">
        <ele>701.762332</ele>
        <time>2024-05-08T11:07:44.455Z</time>
      </trkpt>
      <trkpt lat="45.885610" lon="10.733557">
        <ele>701.671346</ele>
        <time>2024-05-08T11:07:47.446Z</time>
      </trkpt>
      <trkpt lat="45.885562" lon="10.733684">
        <ele>701.571262</ele>
        <time>2024-05-08T11:07:51.441Z</time>
      </trkpt>
      <trkpt lat="45.885499" lon="10.733811">
        <ele>701.463257</ele>
        <time>2024-05-08T11:07:55.443Z</time>
      </trkpt>
      <trkpt lat="45.885438" lon="10.733946">
        <ele>701.351790</ele>
        <time>2024-05-08T11:07:59.448Z</time>
      </trkpt>
      <trkpt lat="45.885378" lon="10.734078">
        <ele>701.242607</ele>
        <time>2024-05-08T11:08:03.446Z</time>
      </trkpt>
      <trkpt lat="45.885322" lon="10.734213">
        <ele>701.133768</ele>
        <time>2024-05-08T11:08:08.441Z</time>
      </trkpt>
      <trkpt lat="45.885274" lon="10.734352">
        <ele>701.026306</ele>
        <time>2024-05-08T11:08:12.437Z</time>
      </trkpt>
      <trkpt lat="45.885254" lon="10.734517">
        <ele>700.920103</ele>
        <time>2024-05-08T11:08:16.442Z</time>
      </trkpt>
      <trkpt lat="45.885230" lon="10.734659">
        <ele>700.877569</ele>
        <time>2024-05-08T11:08:19.438Z</time>
      </trkpt>
      <trkpt lat="45.885193" lon="10.734800">
        <ele>700.833708</ele>
        <time>2024-05-08T11:08:22.442Z</time>
      </trkpt>
      <trkpt lat="45.885166" lon="10.734937">
        <ele>700.792263</ele>
        <time>2024-05-08T11:08:25.436Z</time>
      </trkpt>
      <trkpt lat="45.885130" lon="10.735100">
        <ele>700.742486</ele>
        <time>2024-05-08T11:08:28.445Z</time>
      </trkpt>
      <trkpt lat="45.885102" lon="10.735267">
        <ele>700.692486</ele>
        <time>2024-05-08T11:08:31.445Z</time>
      </trkpt>
      <trkpt lat="45.885074" lon="10.735418">
        <ele>700.647000</ele>
        <time>2024-05-08T11:08:34.468Z</time>
      </trkpt>
      <trkpt lat="45.885068" lon="10.735566">
        <ele>700.603848</ele>
        <time>2024-05-08T11:08:37.445Z</time>
      </trkpt>
      <trkpt lat="45.885102" lon="10.735730">
        <ele>700.554039</ele>
        <time>2024-05-08T11:08:41.457Z</time>
      </trkpt>
      <trkpt lat="45.885179" lon="10.735836">
        <ele>700.509444</ele>
        <time>2024-05-08T11:08:45.449Z</time>
      </trkpt>
      <trkpt lat="45.885054" lon="10.735570">
        <ele>700.416025</ele>
        <time>2024-05-08T11:14:34.441Z</time>
      </trkpt>
      <trkpt lat="45.885059" lon="10.735417">
        <ele>700.371441</ele>
        <time>2024-05-08T11:14:37.440Z</time>
      </trkpt>
      <trkpt lat="45.885083" lon="10.735262">
        <ele>700.325221</ele>
        <time>2024-05-08T11:14:40.466Z</time>
      </trkpt>
      <trkpt lat="45.885112" lon="10.735120">
        <ele>700.282146</ele>
        <time>2024-05-08T11:14:43.438Z</time>
      </trkpt>
      <trkpt lat="45.885138" lon="10.734977">
        <ele>700.239125</ele>
        <time>2024-05-08T11:14:46.424Z</time>
      </trkpt>
      <trkpt lat="45.885165" lon="10.734842">
        <ele>700.198240</ele>
        <time>2024-05-08T11:14:49.438Z</time>
      </trkpt>
      <trkpt lat="45.885195" lon="10.734685">
        <ele>700.241692</ele>
        <time>2024-05-08T11:14:53.451Z</time>
      </trkpt>
      <trkpt lat="45.885220" lon="10.734560">
        <ele>700.345728</ele>
        <time>2024-05-08T11:14:56.446Z</time>
      </trkpt>
      <trkpt lat="45.885244" lon="10.734427">
        <ele>700.455634</ele>
        <time>2024-05-08T11:14:59.456Z</time>
      </trkpt>
      <trkpt lat="45.885260" lon="10.734257">
        <ele>700.592858</ele>
        <time>2024-05-08T11:15:03.461Z</time>
      </trkpt>
      <trkpt lat="45.885248" lon="10.734127">
        <ele>700.697759</ele>
        <time>2024-05-08T11:15:06.434Z</time>
      </trkpt>
      <trkpt lat="45.885244" lon="10.733983">
        <ele>700.813039</ele>
        <time>2024-05-08T11:15:09.424Z</time>
      </trkpt>
      <trkpt lat="45.885243" lon="10.733836">
        <ele>700.930633</ele>
        <time>2024-05-08T11:15:12.432Z</time>
      </trkpt>
      <trkpt lat="45.885240" lon="10.733675">
        <ele>701.059467</ele>
        <time>2024-05-08T11:15:15.441Z</time>
      </trkpt>
      <trkpt lat="45.885244" lon="10.733516">
        <ele>701.186738</ele>
        <time>2024-05-08T11:15:18.445Z</time>
      </trkpt>
      <trkpt lat="45.885265" lon="10.733360">
        <ele>701.313837</ele>
        <time>2024-05-08T11:15:21.441Z</time>
      </trkpt>
      <trkpt lat="45.885308" lon="10.733206">
        <ele>701.446566</ele>
        <time>2024-05-08T11:15:24.441Z</time>
      </trkpt>
      <trkpt lat="45.885354" lon="10.733049">
        <ele>701.582825</ele>
        <time>2024-05-08T11:15:27.443Z</time>
      </trkpt>
      <trkpt lat="45.885414" lon="10.732902">
        <ele>701.719137</ele>
        <time>2024-05-08T11:15:30.442Z</time>
      </trkpt>
      <trkpt lat="45.885478" lon="10.732757">
        <ele>701.856477</ele>
        <time>2024-05-08T11:15:33.436Z</time>
      </trkpt>
      <trkpt lat="45.885539" lon="10.732613">
        <ele>701.991318</ele>
        <time>2024-05-08T11:15:36.430Z</time>
      </trkpt>
      <trkpt lat="45.885589" lon="10.732470">
        <ele>702.119326</ele>
        <time>2024-05-08T11:15:39.444Z</time>
      </trkpt>
      <trkpt lat="45.885592" lon="10.732332">
        <ele>702.229769</ele>
        <time>2024-05-08T11:15:42.460Z</time>
      </trkpt>
      <trkpt lat="45.885619" lon="10.732200">
        <ele>702.121585</ele>
        <time>2024-05-08T11:15:46.453Z</time>
      </trkpt>
      <trkpt lat="45.885640" lon="10.732054">
        <ele>701.974783</ele>
        <time>2024-05-08T11:15:51.449Z</time>
      </trkpt>
      <trkpt lat="45.885565" lon="10.731976">
        <ele>701.843805</ele>
        <time>2024-05-08T11:15:55.441Z</time>
      </trkpt>
      <trkpt lat="45.885487" lon="10.731911">
        <ele>701.716246</ele>
        <time>2024-05-08T11:15:59.447Z</time>
      </trkpt>
      <trkpt lat="45.885393" lon="10.731889">
        <ele>701.581521</ele>
        <time>2024-05-08T11:16:03.437Z</time>
      </trkpt>
      <trkpt lat="45.885335" lon="10.732044">
        <ele>701.408239</ele>
        <time>2024-05-08T11:16:07.429Z</time>
      </trkpt>
      <trkpt lat="45.885276" lon="10.732189">
        <ele>701.242854</ele>
        <time>2024-05-08T11:16:10.462Z</time>
      </trkpt>
      <trkpt lat="45.885194" lon="10.732351">
        <ele>701.045617</ele>
        <time>2024-05-08T11:16:13.445Z</time>
      </trkpt>
      <trkpt lat="45.885140" lon="10.732458">
        <ele>700.915477</ele>
        <time>2024-05-08T11:16:15.441Z</time>
      </trkpt>
      <trkpt lat="45.885057" lon="10.732606">
        <ele>700.728330</ele>
        <time>2024-05-08T11:16:18.417Z</time>
      </trkpt>
      <trkpt lat="45.884999" lon="10.732708">
        <ele>700.598639</ele>
        <time>2024-05-08T11:16:20.436Z</time>
      </trkpt>
      <trkpt lat="45.884925" lon="10.732848">
        <ele>700.425541</ele>
        <time>2024-05-08T11:16:23.436Z</time>
      </trkpt>
      <trkpt lat="45.884854" lon="10.732977">
        <ele>700.263605</ele>
        <time>2024-05-08T11:16:26.443Z</time>
      </trkpt>
      <trkpt lat="45.884764" lon="10.733051">
        <ele>700.116913</ele>
        <time>2024-05-08T11:16:29.438Z</time>
      </trkpt>
      <trkpt lat="45.884661" lon="10.733009">
        <ele>699.965454</ele>
        <time>2024-05-08T11:16:32.447Z</time>
      </trkpt>
      <trkpt lat="45.884588" lon="10.732889">
        <ele>699.808525</ele>
        <time>2024-05-08T11:16:35.450Z</time>
      </trkpt>
      <trkpt lat="45.884514" lon="10.732770">
        <ele>699.698095</ele>
        <time>2024-05-08T11:16:38.442Z</time>
      </trkpt>
      <trkpt lat="45.884452" lon="10.732638">
        <ele>699.699610</ele>
        <time>2024-05-08T11:16:41.437Z</time>
      </trkpt>
      <trkpt lat="45.884352" lon="10.732549">
        <ele>699.701217</ele>
        <time>2024-05-08T11:16:45.442Z</time>
      </trkpt>
      <trkpt lat="45.884240" lon="10.732532">
        <ele>699.702756</ele>
        <time>2024-05-08T11:16:49.438Z</time>
      </trkpt>
      <trkpt lat="45.884124" lon="10.732556">
        <ele>699.704357</ele>
        <time>2024-05-08T11:16:53.443Z</time>
      </trkpt>
      <trkpt lat="45.884032" lon="10.732557">
        <ele>699.705614</ele>
        <time>2024-05-08T11:16:56.447Z</time>
      </trkpt>
      <trkpt lat="45.883922" lon="10.732499">
        <ele>699.707216</ele>
        <time>2024-05-08T11:17:00.454Z</time>
      </trkpt>
      <trkpt lat="45.883845" lon="10.732388">
        <ele>699.708706</ele>
        <time>2024-05-08T11:17:04.421Z</time>
      </trkpt>
      <trkpt lat="45.883777" lon="10.732258">
        <ele>699.710253</ele>
        <time>2024-05-08T11:17:08.424Z</time>
      </trkpt>
      <trkpt lat="45.883677" lon="10.732232">
        <ele>699.711641</ele>
        <time>2024-05-08T11:17:12.427Z</time>
      </trkpt>
      <trkpt lat="45.883602" lon="10.732304">
        <ele>699.712874</ele>
        <time>2024-05-08T11:17:15.439Z</time>
      </trkpt>
      <trkpt lat="45.883571" lon="10.732456">
        <ele>699.714381</ele>
        <time>2024-05-08T11:17:18.441Z</time>
      </trkpt>
      <trkpt lat="45.883544" lon="10.732616">
        <ele>699.715947</ele>
        <time>2024-05-08T11:17:21.440Z</time>
      </trkpt>
      <trkpt lat="45.883492" lon="10.732749">
        <ele>699.717398</ele>
        <time>2024-05-08T11:17:24.435Z</time>
      </trkpt>
      <trkpt lat="45.883399" lon="10.732815">
        <ele>699.718815</ele>
        <time>2024-05-08T11:17:28.470Z</time>
      </trkpt>
      <trkpt lat="45.883307" lon="10.732788">
        <ele>699.720098</ele>
        <time>2024-05-08T11:17:32.450Z</time>
      </trkpt>
      <trkpt lat="45.883207" lon="10.732763">
        <ele>699.721485</ele>
        <time>2024-05-08T11:17:36.438Z</time>
      </trkpt>
      <trkpt lat="45.883104" lon="10.732830">
        <ele>699.849109</ele>
        <time>2024-05-08T11:17:41.436Z</time>
      </trkpt>
      <trkpt lat="45.883032" lon="10.732934">
        <ele>700.069078</ele>
        <time>2024-05-08T11:17:45.446Z</time>
      </trkpt>
      <trkpt lat="45.882942" lon="10.732903">
        <ele>700.268467</ele>
        <time>2024-05-08T11:17:49.453Z</time>
      </trkpt>
      <trkpt lat="45.882839" lon="10.732858">
        <ele>700.500401</ele>
        <time>2024-05-08T11:17:53.445Z</time>
      </trkpt>
      <trkpt lat="45.882754" lon="10.732902">
        <ele>700.695049</ele>
        <time>2024-05-08T11:17:56.450Z</time>
      </trkpt>
      <trkpt lat="45.882677" lon="10.732969">
        <ele>700.888993</ele>
        <time>2024-05-08T11:17:59.455Z</time>
      </trkpt>
      <trkpt lat="45.882591" lon="10.733026">
        <ele>701.093038</ele>
        <time>2024-05-08T11:18:02.442Z</time>
      </trkpt>
      <trkpt lat="45.882503" lon="10.733076">
        <ele>701.296913</ele>
        <time>2024-05-08T11:18:05.447Z</time>
      </trkpt>
      <trkpt lat="45.882395" lon="10.733130">
        <ele>701.543275</ele>
        <time>2024-05-08T11:18:09.431Z</time>
      </trkpt>
      <trkpt lat="45.882305" lon="10.733154">
        <ele>701.740480</ele>
        <time>2024-05-08T11:18:12.442Z</time>
      </trkpt>
      <trkpt lat="45.882213" lon="10.733140">
        <ele>701.939790</ele>
        <time>2024-05-08T11:18:15.441Z</time>
      </trkpt>
      <trkpt lat="45.882129" lon="10.733087">
        <ele>702.137443</ele>
        <time>2024-05-08T11:18:19.442Z</time>
      </trkpt>
      <trkpt lat="45.882034" lon="10.733073">
        <ele>702.343182</ele>
        <time>2024-05-08T11:18:23.447Z</time>
      </trkpt>
      <trkpt lat="45.881943" lon="10.733194">
        <ele>702.610324</ele>
        <time>2024-05-08T11:18:27.442Z</time>
      </trkpt>
      <trkpt lat="45.881858" lon="10.733289">
        <ele>702.842342</ele>
        <time>2024-05-08T11:18:30.442Z</time>
      </trkpt>
      <trkpt lat="45.881766" lon="10.733359">
        <ele>703.066629</ele>
        <time>2024-05-08T11:18:33.435Z</time>
      </trkpt>
      <trkpt lat="45.881669" lon="10.733403">
        <ele>703.285773</ele>
        <time>2024-05-08T11:18:37.443Z</time>
      </trkpt>
      <trkpt lat="45.881573" lon="10.733379">
        <ele>703.495701</ele>
        <time>2024-05-08T11:18:42.442Z</time>
      </trkpt>
      <trkpt lat="45.881492" lon="10.733446">
        <ele>703.609052</ele>
        <time>2024-05-08T11:18:46.415Z</time>
      </trkpt>
      <trkpt lat="45.881412" lon="10.733550">
        <ele>703.636739</ele>
        <time>2024-05-08T11:18:51.447Z</time>
      </trkpt>
      <trkpt lat="45.881343" lon="10.733634">
        <ele>703.659948</ele>
        <time>2024-05-08T11:18:55.447Z</time>
      </trkpt>
      <trkpt lat="45.881284" lon="10.733760">
        <ele>703.687074</ele>
        <time>2024-05-08T11:18:59.444Z</time>
      </trkpt>
      <trkpt lat="45.881252" lon="10.733894">
        <ele>703.712380</ele>
        <time>2024-05-08T11:19:03.448Z</time>
      </trkpt>
      <trkpt lat="45.881250" lon="10.734034">
        <ele>703.737394</ele>
        <time>2024-05-08T11:19:07.458Z</time>
      </trkpt>
      <trkpt lat="45.881254" lon="10.734187">
        <ele>703.764744</ele>
        <time>2024-05-08T11:19:11.449Z</time>
      </trkpt>
      <trkpt lat="45.881254" lon="10.734320">
        <ele>703.788503</ele>
        <time>2024-05-08T11:19:15.445Z</time>
      </trkpt>
      <trkpt lat="45.881252" lon="10.734491">
        <ele>703.819054</ele>
        <time>2024-05-08T11:19:21.439Z</time>
      </trkpt>
      <trkpt lat="45.881264" lon="10.734660">
        <ele>703.849399</ele>
        <time>2024-05-08T11:19:24.438Z</time>
      </trkpt>
      <trkpt lat="45.881261" lon="10.734810">
        <ele>703.876206</ele>
        <time>2024-05-08T11:19:27.454Z</time>
      </trkpt>
      <trkpt lat="45.881252" lon="10.734976">
        <ele>703.905949</ele>
        <time>2024-05-08T11:19:31.423Z</time>
      </trkpt>
      <trkpt lat="45.881258" lon="10.735122">
        <ele>703.932075</ele>
        <time>2024-05-08T11:19:34.437Z</time>
      </trkpt>
      <trkpt lat="45.881266" lon="10.735259">
        <ele>703.956634</ele>
        <time>2024-05-08T11:19:37.442Z</time>
      </trkpt>
      <trkpt lat="45.881256" lon="10.735415">
        <ele>703.984618</ele>
        <time>2024-05-08T11:19:41.444Z</time>
      </trkpt>
      <trkpt lat="45.881257" lon="10.735571">
        <ele>704.012487</ele>
        <time>2024-05-08T11:19:45.430Z</time>
      </trkpt>
      <trkpt lat="45.881233" lon="10.735729">
        <ele>704.041375</ele>
        <time>2024-05-08T11:19:48.446Z</time>
      </trkpt>
      <trkpt lat="45.881212" lon="10.735900">
        <ele>704.238549</ele>
        <time>2024-05-08T11:19:52.438Z</time>
      </trkpt>
      <trkpt lat="45.881247" lon="10.736042">
        <ele>704.591763</ele>
        <time>2024-05-08T11:19:55.438Z</time>
      </trkpt>
      <trkpt lat="45.881293" lon="10.736181">
        <ele>704.952643</ele>
        <time>2024-05-08T11:19:58.445Z</time>
      </trkpt>
      <trkpt lat="45.881284" lon="10.736313">
        <ele>705.263636</ele>
        <time>2024-05-08T11:20:01.438Z</time>
      </trkpt>
      <trkpt lat="45.881290" lon="10.736472">
        <ele>705.637005</ele>
        <time>2024-05-08T11:20:04.441Z</time>
      </trkpt>
      <trkpt lat="45.881327" lon="10.736614">
        <ele>705.992524</ele>
        <time>2024-05-08T11:20:07.439Z</time>
      </trkpt>
      <trkpt lat="45.881354" lon="10.736745">
        <ele>706.312872</ele>
        <time>2024-05-08T11:20:11.441Z</time>
      </trkpt>
      <trkpt lat="45.881381" lon="10.736883">
        <ele>706.648989</ele>
        <time>2024-05-08T11:20:15.442Z</time>
      </trkpt>
      <trkpt lat="45.881412" lon="10.737007">
        <ele>706.957923</ele>
        <time>2024-05-08T11:20:18.449Z</time>
      </trkpt>
      <trkpt lat="45.881459" lon="10.737137">
        <ele>707.301402</ele>
        <time>2024-05-08T11:20:21.442Z</time>
      </trkpt>
      <trkpt lat="45.881522" lon="10.737250">
        <ele>707.640861</ele>
        <time>2024-05-08T11:20:24.440Z</time>
      </trkpt>
      <trkpt lat="45.881560" lon="10.737383">
        <ele>707.977961</ele>
        <time>2024-05-08T11:20:28.446Z</time>
      </trkpt>
      <trkpt lat="45.881614" lon="10.737501">
        <ele>708.309074</ele>
        <time>2024-05-08T11:20:32.443Z</time>
      </trkpt>
      <trkpt lat="45.881648" lon="10.737641">
        <ele>708.656745</ele>
        <time>2024-05-08T11:20:37.448Z</time>
      </trkpt>
      <trkpt lat="45.881695" lon="10.737766">
        <ele>708.989862</ele>
        <time>2024-05-08T11:20:41.452Z</time>
      </trkpt>
      <trkpt lat="45.881724" lon="10.737917">
        <ele>709.357150</ele>
        <time>2024-05-08T11:20:45.443Z</time>
      </trkpt>
      <trkpt lat="45.881750" lon="10.738041">
        <ele>709.660804</ele>
        <time>2024-05-08T11:20:49.448Z</time>
      </trkpt>
      <trkpt lat="45.881771" lon="10.738187">
        <ele>710.010372</ele>
        <time>2024-05-08T11:20:53.450Z</time>
      </trkpt>
      <trkpt lat="45.881786" lon="10.738321">
        <ele>710.357781</ele>
        <time>2024-05-08T11:20:57.442Z</time>
      </trkpt>
      <trkpt lat="45.881757" lon="10.738467">
        <ele>710.762851</ele>
        <time>2024-05-08T11:21:02.440Z</time>
      </trkpt>
      <trkpt lat="45.881726" lon="10.738603">
        <ele>711.144650</ele>
        <time>2024-05-08T11:21:05.442Z</time>
      </trkpt>
      <trkpt lat="45.881646" lon="10.738686">
        <ele>711.522857</ele>
        <time>2024-05-08T11:21:08.434Z</time>
      </trkpt>
      <trkpt lat="45.881517" lon="10.738719">
        <ele>712.025030</ele>
        <time>2024-05-08T11:21:11.440Z</time>
      </trkpt>
      <trkpt lat="45.881428" lon="10.738751">
        <ele>712.376646</ele>
        <time>2024-05-08T11:21:13.445Z</time>
      </trkpt>
      <trkpt lat="45.881359" lon="10.738840">
        <ele>712.732051</ele>
        <time>2024-05-08T11:21:15.446Z</time>
      </trkpt>
      <trkpt lat="45.881285" lon="10.738928">
        <ele>713.100230</ele>
        <time>2024-05-08T11:21:18.450Z</time>
      </trkpt>
      <trkpt lat="45.881186" lon="10.738955">
        <ele>713.486426</ele>
        <time>2024-05-08T11:21:23.439Z</time>
      </trkpt>
      <trkpt lat="45.881075" lon="10.738951">
        <ele>713.911969</ele>
        <time>2024-05-08T11:21:28.445Z</time>
      </trkpt>
      <trkpt lat="45.880970" lon="10.738989">
        <ele>714.326957</ele>
        <time>2024-05-08T11:21:32.440Z</time>
      </trkpt>
      <trkpt lat="45.880911" lon="10.739117">
        <ele>714.736537</ele>
        <time>2024-05-08T11:21:37.456Z</time>
      </trkpt>
      <trkpt lat="45.880858" lon="10.739227">
        <ele>715.093454</ele>
        <time>2024-05-08T11:21:41.441Z</time>
      </trkpt>
      <trkpt lat="45.880789" lon="10.739334">
        <ele>715.482591</ele>
        <time>2024-05-08T11:21:45.441Z</time>
      </trkpt>
      <trkpt lat="45.880745" lon="10.739454">
        <ele>715.844448</ele>
        <time>2024-05-08T11:21:49.450Z</time>
      </trkpt>
      <trkpt lat="45.880735" lon="10.739616">
        <ele>716.278363</ele>
        <time>2024-05-08T11:21:54.441Z</time>
      </trkpt>
      <trkpt lat="45.880722" lon="10.739757">
        <ele>716.657838</ele>
        <time>2024-05-08T11:21:57.434Z</time>
      </trkpt>
      <trkpt lat="45.880650" lon="10.739891">
        <ele>717.013572</ele>
        <time>2024-05-08T11:22:03.440Z</time>
      </trkpt>
      <trkpt lat="45.880609" lon="10.740014">
        <ele>717.025672</ele>
        <time>2024-05-08T11:22:06.440Z</time>
      </trkpt>
      <trkpt lat="45.880565" lon="10.740132">
        <ele>717.037550</ele>
        <time>2024-05-08T11:22:08.444Z</time>
      </trkpt>
      <trkpt lat="45.880507" lon="10.740274">
        <ele>717.052158</ele>
        <time>2024-05-08T11:22:11.440Z</time>
      </trkpt>
      <trkpt lat="45.880501" lon="10.740432">
        <ele>717.066199</ele>
        <time>2024-05-08T11:22:14.451Z</time>
      </trkpt>
      <trkpt lat="45.880458" lon="10.740586">
        <ele>717.080921</ele>
        <time>2024-05-08T11:22:17.442Z</time>
      </trkpt>
      <trkpt lat="45.880431" lon="10.740713">
        <ele>717.092704</ele>
        <time>2024-05-08T11:22:20.441Z</time>
      </trkpt>
      <trkpt lat="45.880423" lon="10.740850">
        <ele>717.104903</ele>
        <time>2024-05-08T11:22:23.443Z</time>
      </trkpt>
      <trkpt lat="45.880392" lon="10.741008">
        <ele>717.119469</ele>
        <time>2024-05-08T11:22:26.444Z</time>
      </trkpt>
      <trkpt lat="45.880362" lon="10.741158">
        <ele>717.133317</ele>
        <time>2024-05-08T11:22:29.450Z</time>
      </trkpt>
      <trkpt lat="45.880337" lon="10.741293">
        <ele>717.145712</ele>
        <time>2024-05-08T11:22:32.437Z</time>
      </trkpt>
      <trkpt lat="45.880275" lon="10.741395">
        <ele>717.157727</ele>
        <time>2024-05-08T11:22:36.444Z</time>
      </trkpt>
      <trkpt lat="45.880169" lon="10.741441">
        <ele>717.171841</ele>
        <time>2024-05-08T11:22:42.436Z</time>
      </trkpt>
      <trkpt lat="45.880077" lon="10.741483">
        <ele>717.184145</ele>
        <time>2024-05-08T11:22:45.435Z</time>
      </trkpt>
      <trkpt lat="45.879964" lon="10.741532">
        <ele>717.199190</ele>
        <time>2024-05-08T11:22:48.442Z</time>
      </trkpt>
      <trkpt lat="45.879871" lon="10.741622">
        <ele>717.213483</ele>
        <time>2024-05-08T11:22:52.441Z</time>
      </trkpt>
      <trkpt lat="45.879793" lon="10.741715">
        <ele>717.226403</ele>
        <time>2024-05-08T11:22:55.441Z</time>
      </trkpt>
      <trkpt lat="45.879730" lon="10.741808">
        <ele>717.237917</ele>
        <time>2024-05-08T11:22:58.442Z</time>
      </trkpt>
      <trkpt lat="45.879625" lon="10.741875">
        <ele>717.490199</ele>
        <time>2024-05-08T11:23:02.452Z</time>
      </trkpt>
      <trkpt lat="45.879518" lon="10.741944">
        <ele>717.777671</ele>
        <time>2024-05-08T11:24:25.426Z</time>
      </trkpt>
      <trkpt lat="45.879417" lon="10.741963">
        <ele>718.027335</ele>
        <time>2024-05-08T11:24:29.424Z</time>
      </trkpt>
      <trkpt lat="45.879329" lon="10.742048">
        <ele>718.287253</ele>
        <time>2024-05-08T11:24:34.430Z</time>
      </trkpt>
      <trkpt lat="45.879234" lon="10.742136">
        <ele>718.564315</ele>
        <time>2024-05-08T11:24:39.434Z</time>
      </trkpt>
      <trkpt lat="45.879120" lon="10.742157">
        <ele>718.846017</ele>
        <time>2024-05-08T11:24:43.427Z</time>
      </trkpt>
      <trkpt lat="45.879002" lon="10.742149">
        <ele>719.135557</ele>
        <time>2024-05-08T11:24:46.428Z</time>
      </trkpt>
      <trkpt lat="45.878906" lon="10.742162">
        <ele>719.371896</ele>
        <time>2024-05-08T11:24:49.432Z</time>
      </trkpt>
      <trkpt lat="45.878825" lon="10.742289">
        <ele>719.665792</ele>
        <time>2024-05-08T11:24:52.432Z</time>
      </trkpt>
      <trkpt lat="45.878806" lon="10.742430">
        <ele>719.910850</ele>
        <time>2024-05-08T11:24:56.426Z</time>
      </trkpt>
      <trkpt lat="45.878731" lon="10.742542">
        <ele>720.176019</ele>
        <time>2024-05-08T11:25:00.437Z</time>
      </trkpt>
      <trkpt lat="45.878727" lon="10.742699">
        <ele>720.444093</ele>
        <time>2024-05-08T11:25:03.427Z</time>
      </trkpt>
      <trkpt lat="45.878778" lon="10.742834">
        <ele>720.706178</ele>
        <time>2024-05-08T11:25:05.421Z</time>
      </trkpt>
      <trkpt lat="45.878833" lon="10.742992">
        <ele>721.007603</ele>
        <time>2024-05-08T11:25:08.432Z</time>
      </trkpt>
      <trkpt lat="45.878855" lon="10.743142">
        <ele>721.269171</ele>
        <time>2024-05-08T11:25:12.429Z</time>
      </trkpt>
      <trkpt lat="45.878837" lon="10.743297">
        <ele>721.537306</ele>
        <time>2024-05-08T11:25:16.428Z</time>
      </trkpt>
      <trkpt lat="45.878803" lon="10.743457">
        <ele>721.778236</ele>
        <time>2024-05-08T11:25:20.430Z</time>
      </trkpt>
      <trkpt lat="45.878728" lon="10.743579">
        <ele>721.985207</ele>
        <time>2024-05-08T11:25:23.431Z</time>
      </trkpt>
      <trkpt lat="45.878644" lon="10.743642">
        <ele>722.158300</ele>
        <time>2024-05-08T11:25:25.427Z</time>
      </trkpt>
      <trkpt lat="45.878587" lon="10.743760">
        <ele>722.340939</ele>
        <time>2024-05-08T11:25:29.428Z</time>
      </trkpt>
      <trkpt lat="45.878576" lon="10.743891">
        <ele>722.508734</ele>
        <time>2024-05-08T11:25:32.430Z</time>
      </trkpt>
      <trkpt lat="45.878558" lon="10.744027">
        <ele>722.684777</ele>
        <time>2024-05-08T11:25:35.431Z</time>
      </trkpt>
      <trkpt lat="45.878527" lon="10.744170">
        <ele>722.875237</ele>
        <time>2024-05-08T11:25:39.431Z</time>
      </trkpt>
      <trkpt lat="45.878489" lon="10.744301">
        <ele>723.055707</ele>
        <time>2024-05-08T11:25:43.427Z</time>
      </trkpt>
      <trkpt lat="45.878456" lon="10.744461">
        <ele>723.267914</ele>
        <time>2024-05-08T11:25:47.430Z</time>
      </trkpt>
      <trkpt lat="45.878438" lon="10.744620">
        <ele>723.472764</ele>
        <time>2024-05-08T11:25:52.431Z</time>
      </trkpt>
      <trkpt lat="45.878390" lon="10.744773">
        <ele>723.686172</ele>
        <time>2024-05-08T11:25:56.430Z</time>
      </trkpt>
      <trkpt lat="45.878360" lon="10.744901">
        <ele>723.857921</ele>
        <time>2024-05-08T11:26:00.434Z</time>
      </trkpt>
      <trkpt lat="45.878301" lon="10.745001">
        <ele>724.024612</ele>
        <time>2024-05-08T11:26:06.460Z</time>
      </trkpt>
      <trkpt lat="45.878222" lon="10.745093">
        <ele>724.210383</ele>
        <time>2024-05-08T11:26:13.422Z</time>
      </trkpt>
      <trkpt lat="45.878109" lon="10.745166">
        <ele>724.436706</ele>
        <time>2024-05-08T11:26:17.421Z</time>
      </trkpt>
      <trkpt lat="45.877999" lon="10.745216">
        <ele>724.647455</ele>
        <time>2024-05-08T11:26:20.434Z</time>
      </trkpt>
      <trkpt lat="45.877879" lon="10.745252">
        <ele>724.871379</ele>
        <time>2024-05-08T11:26:23.442Z</time>
      </trkpt>
      <trkpt lat="45.877784" lon="10.745261">
        <ele>724.636193</ele>
        <time>2024-05-08T11:26:25.428Z</time>
      </trkpt>
      <trkpt lat="45.877696" lon="10.745215">
        <ele>724.181601</ele>
        <time>2024-05-08T11:26:27.438Z</time>
      </trkpt>
      <trkpt lat="45.877592" lon="10.745172">
        <ele>723.656249</ele>
        <time>2024-05-08T11:26:29.452Z</time>
      </trkpt>
      <trkpt lat="45.877477" lon="10.745074">
        <ele>723.007143</ele>
        <time>2024-05-08T11:26:31.439Z</time>
      </trkpt>
      <trkpt lat="45.877383" lon="10.744958">
        <ele>722.405555</ele>
        <time>2024-05-08T11:26:33.449Z</time>
      </trkpt>
      <trkpt lat="45.877273" lon="10.744834">
        <ele>721.726767</ele>
        <time>2024-05-08T11:26:35.436Z</time>
      </trkpt>
      <trkpt lat="45.877193" lon="10.744713">
        <ele>721.162817</ele>
        <time>2024-05-08T11:26:37.434Z</time>
      </trkpt>
      <trkpt lat="45.877118" lon="10.744584">
        <ele>720.594819</ele>
        <time>2024-05-08T11:26:39.435Z</time>
      </trkpt>
      <trkpt lat="45.877024" lon="10.744412">
        <ele>719.855820</ele>
        <time>2024-05-08T11:26:41.434Z</time>
      </trkpt>
      <trkpt lat="45.876915" lon="10.744233">
        <ele>719.052117</ele>
        <time>2024-05-08T11:26:43.438Z</time>
      </trkpt>
      <trkpt lat="45.876808" lon="10.744080">
        <ele>718.319199</ele>
        <time>2024-05-08T11:26:45.430Z</time>
      </trkpt>
      <trkpt lat="45.876699" lon="10.743957">
        <ele>717.646313</ele>
        <time>2024-05-08T11:26:47.433Z</time>
      </trkpt>
      <trkpt lat="45.876597" lon="10.743832">
        <ele>716.995440</ele>
        <time>2024-05-08T11:26:49.442Z</time>
      </trkpt>
      <trkpt lat="45.876498" lon="10.743729">
        <ele>716.402031</ele>
        <time>2024-05-08T11:26:51.438Z</time>
      </trkpt>
      <trkpt lat="45.876370" lon="10.743695">
        <ele>715.800597</ele>
        <time>2024-05-08T11:26:53.437Z</time>
      </trkpt>
      <trkpt lat="45.876249" lon="10.743667">
        <ele>715.247592</ele>
        <time>2024-05-08T11:26:55.439Z</time>
      </trkpt>
      <trkpt lat="45.876136" lon="10.743641">
        <ele>714.731223</ele>
        <time>2024-05-08T11:26:57.429Z</time>
      </trkpt>
      <trkpt lat="45.876025" lon="10.743610">
        <ele>714.220999</ele>
        <time>2024-05-08T11:26:59.439Z</time>
      </trkpt>
      <trkpt lat="45.875921" lon="10.743583">
        <ele>713.744136</ele>
        <time>2024-05-08T11:27:01.443Z</time>
      </trkpt>
      <trkpt lat="45.875817" lon="10.743576">
        <ele>713.274362</ele>
        <time>2024-05-08T11:27:03.422Z</time>
      </trkpt>
      <trkpt lat="45.875706" lon="10.743566">
        <ele>712.772534</ele>
        <time>2024-05-08T11:27:05.413Z</time>
      </trkpt>
      <trkpt lat="45.875593" lon="10.743567">
        <ele>712.262656</ele>
        <time>2024-05-08T11:27:07.415Z</time>
      </trkpt>
      <trkpt lat="45.875475" lon="10.743575">
        <ele>711.729634</ele>
        <time>2024-05-08T11:27:09.437Z</time>
      </trkpt>
      <trkpt lat="45.875345" lon="10.743613">
        <ele>711.131036</ele>
        <time>2024-05-08T11:27:11.453Z</time>
      </trkpt>
      <trkpt lat="45.875228" lon="10.743662">
        <ele>710.581135</ele>
        <time>2024-05-08T11:27:13.429Z</time>
      </trkpt>
      <trkpt lat="45.875117" lon="10.743717">
        <ele>710.051327</ele>
        <time>2024-05-08T11:27:15.437Z</time>
      </trkpt>
      <trkpt lat="45.875013" lon="10.743786">
        <ele>709.534423</ele>
        <time>2024-05-08T11:27:17.440Z</time>
      </trkpt>
      <trkpt lat="45.874907" lon="10.743823">
        <ele>709.042219</ele>
        <time>2024-05-08T11:27:19.439Z</time>
      </trkpt>
      <trkpt lat="45.874796" lon="10.743846">
        <ele>708.536189</ele>
        <time>2024-05-08T11:27:22.435Z</time>
      </trkpt>
      <trkpt lat="45.874699" lon="10.743865">
        <ele>708.094464</ele>
        <time>2024-05-08T11:27:26.444Z</time>
      </trkpt>
      <trkpt lat="45.874584" lon="10.743868">
        <ele>708.101990</ele>
        <time>2024-05-08T11:27:31.424Z</time>
      </trkpt>
      <trkpt lat="45.874477" lon="10.743827">
        <ele>708.117140</ele>
        <time>2024-05-08T11:27:35.458Z</time>
      </trkpt>
      <trkpt lat="45.874387" lon="10.743755">
        <ele>708.131234</ele>
        <time>2024-05-08T11:27:38.426Z</time>
      </trkpt>
      <trkpt lat="45.874289" lon="10.743691">
        <ele>708.145962</ele>
        <time>2024-05-08T11:27:41.442Z</time>
      </trkpt>
      <trkpt lat="45.874192" lon="10.743656">
        <ele>708.159645</ele>
        <time>2024-05-08T11:27:44.431Z</time>
      </trkpt>
      <trkpt lat="45.874097" lon="10.743665">
        <ele>708.172670</ele>
        <time>2024-05-08T11:27:47.448Z</time>
      </trkpt>
      <trkpt lat="45.874009" lon="10.743711">
        <ele>708.185482</ele>
        <time>2024-05-08T11:27:50.445Z</time>
      </trkpt>
      <trkpt lat="45.873907" lon="10.743758">
        <ele>708.200137</ele>
        <time>2024-05-08T11:27:53.439Z</time>
      </trkpt>
      <trkpt lat="45.873811" lon="10.743744">
        <ele>708.213338</ele>
        <time>2024-05-08T11:27:56.438Z</time>
      </trkpt>
      <trkpt lat="45.873736" lon="10.743650">
        <ele>708.226956</ele>
        <time>2024-05-08T11:27:59.439Z</time>
      </trkpt>
      <trkpt lat="45.873665" lon="10.743520">
        <ele>708.242694</ele>
        <time>2024-05-08T11:28:02.448Z</time>
      </trkpt>
      <trkpt lat="45.873586" lon="10.743372">
        <ele>708.260458</ele>
        <time>2024-05-08T11:28:05.454Z</time>
      </trkpt>
      <trkpt lat="45.873529" lon="10.743270">
        <ele>708.272916</ele>
        <time>2024-05-08T11:28:07.433Z</time>
      </trkpt>
      <trkpt lat="45.873420" lon="10.743167">
        <ele>708.290766</ele>
        <time>2024-05-08T11:28:10.441Z</time>
      </trkpt>
      <trkpt lat="45.873309" lon="10.743101">
        <ele>708.307202</ele>
        <time>2024-05-08T11:28:13.431Z</time>
      </trkpt>
      <trkpt lat="45.873213" lon="10.742996">
        <ele>708.323710</ele>
        <time>2024-05-08T11:28:16.444Z</time>
      </trkpt>
      <trkpt lat="45.873174" lon="10.742874">
        <ele>708.291427</ele>
        <time>2024-05-08T11:28:18.446Z</time>
      </trkpt>
      <trkpt lat="45.873172" lon="10.742728">
        <ele>708.145862</ele>
        <time>2024-05-08T11:28:20.433Z</time>
      </trkpt>
      <trkpt lat="45.873169" lon="10.742582">
        <ele>708.000263</ele>
        <time>2024-05-08T11:28:22.441Z</time>
      </trkpt>
      <trkpt lat="45.873128" lon="10.742444">
        <ele>707.850700</ele>
        <time>2024-05-08T11:28:24.439Z</time>
      </trkpt>
      <trkpt lat="45.873054" lon="10.742360">
        <ele>707.715659</ele>
        <time>2024-05-08T11:28:26.436Z</time>
      </trkpt>
      <trkpt lat="45.872970" lon="10.742279">
        <ele>707.570805</ele>
        <time>2024-05-08T11:28:28.435Z</time>
      </trkpt>
      <trkpt lat="45.872886" lon="10.742188">
        <ele>707.420167</ele>
        <time>2024-05-08T11:28:30.441Z</time>
      </trkpt>
      <trkpt lat="45.872795" lon="10.742113">
        <ele>707.269955</ele>
        <time>2024-05-08T11:28:32.445Z</time>
      </trkpt>
      <trkpt lat="45.872701" lon="10.742053">
        <ele>707.122682</ele>
        <time>2024-05-08T11:28:34.435Z</time>
      </trkpt>
      <trkpt lat="45.872604" lon="10.742027">
        <ele>706.981409</ele>
        <time>2024-05-08T11:28:36.435Z</time>
      </trkpt>
      <trkpt lat="45.872482" lon="10.741941">
        <ele>706.786836</ele>
        <time>2024-05-08T11:28:39.435Z</time>
      </trkpt>
      <trkpt lat="45.872398" lon="10.741889">
        <ele>706.655878</ele>
        <time>2024-05-08T11:28:41.442Z</time>
      </trkpt>
      <trkpt lat="45.872316" lon="10.741831">
        <ele>706.525013</ele>
        <time>2024-05-08T11:28:43.432Z</time>
      </trkpt>
      <trkpt lat="45.872197" lon="10.741755">
        <ele>706.338555</ele>
        <time>2024-05-08T11:28:46.422Z</time>
      </trkpt>
      <trkpt lat="45.872080" lon="10.741716">
        <ele>706.166593</ele>
        <time>2024-05-08T11:28:49.442Z</time>
      </trkpt>
      <trkpt lat="45.871976" lon="10.741716">
        <ele>706.017695</ele>
        <time>2024-05-08T11:28:51.434Z</time>
      </trkpt>
      <trkpt lat="45.871860" lon="10.741799">
        <ele>705.832148</ele>
        <time>2024-05-08T11:28:53.440Z</time>
      </trkpt>
      <trkpt lat="45.871731" lon="10.741890">
        <ele>705.583711</ele>
        <time>2024-05-08T11:28:55.441Z</time>
      </trkpt>
      <trkpt lat="45.871591" lon="10.741964">
        <ele>705.300585</ele>
        <time>2024-05-08T11:28:57.437Z</time>
      </trkpt>
      <trkpt lat="45.871478" lon="10.742065">
        <ele>705.047985</ele>
        <time>2024-05-08T11:28:59.420Z</time>
      </trkpt>
      <trkpt lat="45.871393" lon="10.742198">
        <ele>704.809421</ele>
        <time>2024-05-08T11:29:01.433Z</time>
      </trkpt>
      <trkpt lat="45.871326" lon="10.742303">
        <ele>704.621216</ele>
        <time>2024-05-08T11:29:04.432Z</time>
      </trkpt>
      <trkpt lat="45.871168" lon="10.742480">
        <ele>704.240917</ele>
        <time>2024-05-08T11:31:54.446Z</time>
      </trkpt>
      <trkpt lat="45.871100" lon="10.742593">
        <ele>704.043552</ele>
        <time>2024-05-08T11:31:57.437Z</time>
      </trkpt>
      <trkpt lat="45.871064" lon="10.742745">
        <ele>703.831389</ele>
        <time>2024-05-08T11:32:00.427Z</time>
      </trkpt>
      <trkpt lat="45.871024" lon="10.742913">
        <ele>703.596764</ele>
        <time>2024-05-08T11:32:03.440Z</time>
      </trkpt>
      <trkpt lat="45.870972" lon="10.743087">
        <ele>703.346547</ele>
        <time>2024-05-08T11:32:06.431Z</time>
      </trkpt>
      <trkpt lat="45.870915" lon="10.743252">
        <ele>703.103145</ele>
        <time>2024-05-08T11:32:09.421Z</time>
      </trkpt>
      <trkpt lat="45.870857" lon="10.743417">
        <ele>702.858895</ele>
        <time>2024-05-08T11:32:12.428Z</time>
      </trkpt>
      <trkpt lat="45.870811" lon="10.743588">
        <ele>702.616647</ele>
        <time>2024-05-08T11:32:15.421Z</time>
      </trkpt>
      <trkpt lat="45.870769" lon="10.743761">
        <ele>702.374537</ele>
        <time>2024-05-08T11:32:18.440Z</time>
      </trkpt>
      <trkpt lat="45.870726" lon="10.743940">
        <ele>702.344213</ele>
        <time>2024-05-08T11:32:21.428Z</time>
      </trkpt>
      <trkpt lat="45.870689" lon="10.744113">
        <ele>702.344646</ele>
        <time>2024-05-08T11:32:24.439Z</time>
      </trkpt>
      <trkpt lat="45.870649" lon="10.744289">
        <ele>702.345089</ele>
        <time>2024-05-08T11:32:27.451Z</time>
      </trkpt>
      <trkpt lat="45.870611" lon="10.744415">
        <ele>702.345418</ele>
        <time>2024-05-08T11:32:29.439Z</time>
      </trkpt>
      <trkpt lat="45.870578" lon="10.744540">
        <ele>702.345738</ele>
        <time>2024-05-08T11:32:31.445Z</time>
      </trkpt>
      <trkpt lat="45.870553" lon="10.744666">
        <ele>702.346051</ele>
        <time>2024-05-08T11:32:33.441Z</time>
      </trkpt>
      <trkpt lat="45.870523" lon="10.744793">
        <ele>702.346372</ele>
        <time>2024-05-08T11:32:35.430Z</time>
      </trkpt>
      <trkpt lat="45.870486" lon="10.744919">
        <ele>702.346700</ele>
        <time>2024-05-08T11:32:37.445Z</time>
      </trkpt>
      <trkpt lat="45.870439" lon="10.745039">
        <ele>702.347029</ele>
        <time>2024-05-08T11:32:39.432Z</time>
      </trkpt>
      <trkpt lat="45.870391" lon="10.745154">
        <ele>702.347350</ele>
        <time>2024-05-08T11:32:41.439Z</time>
      </trkpt>
      <trkpt lat="45.870343" lon="10.745270">
        <ele>702.347673</ele>
        <time>2024-05-08T11:32:43.442Z</time>
      </trkpt>
      <trkpt lat="45.870301" lon="10.745389">
        <ele>702.347992</ele>
        <time>2024-05-08T11:32:45.442Z</time>
      </trkpt>
      <trkpt lat="45.870256" lon="10.745502">
        <ele>702.348304</ele>
        <time>2024-05-08T11:32:47.444Z</time>
      </trkpt>
      <trkpt lat="45.870200" lon="10.745615">
        <ele>702.348636</ele>
        <time>2024-05-08T11:32:49.428Z</time>
      </trkpt>
      <trkpt lat="45.870147" lon="10.745728">
        <ele>702.348962</ele>
        <time>2024-05-08T11:32:51.442Z</time>
      </trkpt>
      <trkpt lat="45.870090" lon="10.745843">
        <ele>702.349300</ele>
        <time>2024-05-08T11:32:53.438Z</time>
      </trkpt>
      <trkpt lat="45.870032" lon="10.745964">
        <ele>702.349651</ele>
        <time>2024-05-08T11:32:55.433Z</time>
      </trkpt>
      <trkpt lat="45.869975" lon="10.746088">
        <ele>702.350783</ele>
        <time>2024-05-08T11:32:57.454Z</time>
      </trkpt>
      <trkpt lat="45.869926" lon="10.746211">
        <ele>702.380307</ele>
        <time>2024-05-08T11:32:59.436Z</time>
      </trkpt>
      <trkpt lat="45.869857" lon="10.746318">
        <ele>702.410692</ele>
        <time>2024-05-08T11:33:01.442Z</time>
      </trkpt>
      <trkpt lat="45.869782" lon="10.746419">
        <ele>702.441457</ele>
        <time>2024-05-08T11:33:03.433Z</time>
      </trkpt>
      <trkpt lat="45.869727" lon="10.746537">
        <ele>702.471041</ele>
        <time>2024-05-08T11:33:05.437Z</time>
      </trkpt>
      <trkpt lat="45.869680" lon="10.746654">
        <ele>702.499184</ele>
        <time>2024-05-08T11:33:07.431Z</time>
      </trkpt>
      <trkpt lat="45.869621" lon="10.746819">
        <ele>702.537829</ele>
        <time>2024-05-08T11:33:10.417Z</time>
      </trkpt>
      <trkpt lat="45.869554" lon="10.746968">
        <ele>702.574784</ele>
        <time>2024-05-08T11:33:13.441Z</time>
      </trkpt>
      <trkpt lat="45.869473" lon="10.747125">
        <ele>702.615495</ele>
        <time>2024-05-08T11:33:16.428Z</time>
      </trkpt>
      <trkpt lat="45.869399" lon="10.747208">
        <ele>702.643590</ele>
        <time>2024-05-08T11:33:18.421Z</time>
      </trkpt>
      <trkpt lat="45.869305" lon="10.747209">
        <ele>702.671718</ele>
        <time>2024-05-08T11:33:20.424Z</time>
      </trkpt>
      <trkpt lat="45.869212" lon="10.747186">
        <ele>702.699955</ele>
        <time>2024-05-08T11:33:22.436Z</time>
      </trkpt>
      <trkpt lat="45.869121" lon="10.747154">
        <ele>702.727989</ele>
        <time>2024-05-08T11:33:24.436Z</time>
      </trkpt>
      <trkpt lat="45.869008" lon="10.747069">
        <ele>702.766158</ele>
        <time>2024-05-08T11:33:27.441Z</time>
      </trkpt>
      <trkpt lat="45.868886" lon="10.746999">
        <ele>702.805469</ele>
        <time>2024-05-08T11:33:30.431Z</time>
      </trkpt>
      <trkpt lat="45.868773" lon="10.747056">
        <ele>702.841306</ele>
        <time>2024-05-08T11:33:33.436Z</time>
      </trkpt>
      <trkpt lat="45.868733" lon="10.747223">
        <ele>702.878102</ele>
        <time>2024-05-08T11:33:36.439Z</time>
      </trkpt>
      <trkpt lat="45.868743" lon="10.747354">
        <ele>702.930352</ele>
        <time>2024-05-08T11:33:38.440Z</time>
      </trkpt>
      <trkpt lat="45.868765" lon="10.747486">
        <ele>702.999006</ele>
        <time>2024-05-08T11:33:40.443Z</time>
      </trkpt>
      <trkpt lat="45.868799" lon="10.747613">
        <ele>703.067828</ele>
        <time>2024-05-08T11:33:42.432Z</time>
      </trkpt>
      <trkpt lat="45.868832" lon="10.747735">
        <ele>703.134030</ele>
        <time>2024-05-08T11:33:44.442Z</time>
      </trkpt>
      <trkpt lat="45.868882" lon="10.747855">
        <ele>703.204765</ele>
        <time>2024-05-08T11:33:46.435Z</time>
      </trkpt>
      <trkpt lat="45.868948" lon="10.747981">
        <ele>703.284518</ele>
        <time>2024-05-08T11:33:48.435Z</time>
      </trkpt>
      <trkpt lat="45.869020" lon="10.748120">
        <ele>703.372147</ele>
        <time>2024-05-08T11:33:50.446Z</time>
      </trkpt>
      <trkpt lat="45.869089" lon="10.748261">
        <ele>703.459318</ele>
        <time>2024-05-08T11:33:52.440Z</time>
      </trkpt>
      <trkpt lat="45.869151" lon="10.748411">
        <ele>703.547550</ele>
        <time>2024-05-08T11:33:54.442Z</time>
      </trkpt>
      <trkpt lat="45.869211" lon="10.748567">
        <ele>703.637694</ele>
        <time>2024-05-08T11:33:56.433Z</time>
      </trkpt>
      <trkpt lat="45.869260" lon="10.748733">
        <ele>703.728892</ele>
        <time>2024-05-08T11:33:58.428Z</time>
      </trkpt>
      <trkpt lat="45.869287" lon="10.748903">
        <ele>703.817088</ele>
        <time>2024-05-08T11:34:00.422Z</time>
      </trkpt>
      <trkpt lat="45.869283" lon="10.749079">
        <ele>703.906158</ele>
        <time>2024-05-08T11:34:02.438Z</time>
      </trkpt>
      <trkpt lat="45.869278" lon="10.749233">
        <ele>703.984137</ele>
        <time>2024-05-08T11:34:04.444Z</time>
      </trkpt>
      <trkpt lat="45.869296" lon="10.749391">
        <ele>704.065118</ele>
        <time>2024-05-08T11:34:06.436Z</time>
      </trkpt>
      <trkpt lat="45.869335" lon="10.749517">
        <ele>704.134863</ele>
        <time>2024-05-08T11:34:08.432Z</time>
      </trkpt>
      <trkpt lat="45.869387" lon="10.749629">
        <ele>704.222562</ele>
        <time>2024-05-08T11:34:10.441Z</time>
      </trkpt>
      <trkpt lat="45.869465" lon="10.749753">
        <ele>704.509817</ele>
        <time>2024-05-08T11:34:13.436Z</time>
      </trkpt>
      <trkpt lat="45.869549" lon="10.749850">
        <ele>704.775913</ele>
        <time>2024-05-08T11:34:16.426Z</time>
      </trkpt>
      <trkpt lat="45.869603" lon="10.749976">
        <ele>705.030244</ele>
        <time>2024-05-08T11:34:19.436Z</time>
      </trkpt>
      <trkpt lat="45.869677" lon="10.750064">
        <ele>705.267431</ele>
        <time>2024-05-08T11:34:22.425Z</time>
      </trkpt>
      <trkpt lat="45.869768" lon="10.750167">
        <ele>705.553471</ele>
        <time>2024-05-08T11:34:25.435Z</time>
      </trkpt>
      <trkpt lat="45.869847" lon="10.750283">
        <ele>705.832394</ele>
        <time>2024-05-08T11:34:28.432Z</time>
      </trkpt>
      <trkpt lat="45.869898" lon="10.750427">
        <ele>706.110107</ele>
        <time>2024-05-08T11:34:31.456Z</time>
      </trkpt>
      <trkpt lat="45.869935" lon="10.750584">
        <ele>706.395025</ele>
        <time>2024-05-08T11:34:34.430Z</time>
      </trkpt>
      <trkpt lat="45.869970" lon="10.750780">
        <ele>706.742846</ele>
        <time>2024-05-08T11:34:37.431Z</time>
      </trkpt>
      <trkpt lat="45.870021" lon="10.750947">
        <ele>707.056311</ele>
        <time>2024-05-08T11:34:40.438Z</time>
      </trkpt>
      <trkpt lat="45.870081" lon="10.751062">
        <ele>707.303331</ele>
        <time>2024-05-08T11:34:42.434Z</time>
      </trkpt>
      <trkpt lat="45.870169" lon="10.751147">
        <ele>707.565145</ele>
        <time>2024-05-08T11:34:44.433Z</time>
      </trkpt>
      <trkpt lat="45.870243" lon="10.751252">
        <ele>707.821956</ele>
        <time>2024-05-08T11:34:46.436Z</time>
      </trkpt>
      <trkpt lat="45.870332" lon="10.751331">
        <ele>708.080254</ele>
        <time>2024-05-08T11:34:48.434Z</time>
      </trkpt>
      <trkpt lat="45.870403" lon="10.751442">
        <ele>708.339348</ele>
        <time>2024-05-08T11:34:50.433Z</time>
      </trkpt>
      <trkpt lat="45.870458" lon="10.751578">
        <ele>708.609697</ele>
        <time>2024-05-08T11:34:52.436Z</time>
      </trkpt>
      <trkpt lat="45.870511" lon="10.751728">
        <ele>708.539155</ele>
        <time>2024-05-08T11:34:54.445Z</time>
      </trkpt>
      <trkpt lat="45.870549" lon="10.751900">
        <ele>708.426171</ele>
        <time>2024-05-08T11:34:56.438Z</time>
      </trkpt>
      <trkpt lat="45.870562" lon="10.752110">
        <ele>708.294167</ele>
        <time>2024-05-08T11:34:58.426Z</time>
      </trkpt>
      <trkpt lat="45.870633" lon="10.752307">
        <ele>708.155277</ele>
        <time>2024-05-08T11:35:00.431Z</time>
      </trkpt>
      <trkpt lat="45.870693" lon="10.752513">
        <ele>708.015466</ele>
        <time>2024-05-08T11:35:02.436Z</time>
      </trkpt>
      <trkpt lat="45.870769" lon="10.752703">
        <ele>707.878270</ele>
        <time>2024-05-08T11:35:04.447Z</time>
      </trkpt>
      <trkpt lat="45.870857" lon="10.752873">
        <ele>707.745637</ele>
        <time>2024-05-08T11:35:06.433Z</time>
      </trkpt>
      <trkpt lat="45.870947" lon="10.753026">
        <ele>707.620231</ele>
        <time>2024-05-08T11:35:08.438Z</time>
      </trkpt>
      <trkpt lat="45.871031" lon="10.753164">
        <ele>707.505464</ele>
        <time>2024-05-08T11:35:10.435Z</time>
      </trkpt>
      <trkpt lat="45.871093" lon="10.753313">
        <ele>707.396783</ele>
        <time>2024-05-08T11:35:12.437Z</time>
      </trkpt>
      <trkpt lat="45.871187" lon="10.753367">
        <ele>707.305744</ele>
        <time>2024-05-08T11:35:14.437Z</time>
      </trkpt>
      <trkpt lat="45.871256" lon="10.753454">
        <ele>707.223179</ele>
        <time>2024-05-08T11:35:16.429Z</time>
      </trkpt>
      <trkpt lat="45.871340" lon="10.753556">
        <ele>707.124263</ele>
        <time>2024-05-08T11:35:18.432Z</time>
      </trkpt>
      <trkpt lat="45.871405" lon="10.753669">
        <ele>707.032491</ele>
        <time>2024-05-08T11:35:20.438Z</time>
      </trkpt>
      <trkpt lat="45.871450" lon="10.753782">
        <ele>707.027297</ele>
        <time>2024-05-08T11:35:22.425Z</time>
      </trkpt>
      <trkpt lat="45.871565" lon="10.753945">
        <ele>707.047986</ele>
        <time>2024-05-08T11:35:25.441Z</time>
      </trkpt>
      <trkpt lat="45.871667" lon="10.754057">
        <ele>707.064427</ele>
        <time>2024-05-08T11:35:28.420Z</time>
      </trkpt>
      <trkpt lat="45.871761" lon="10.754170">
        <ele>707.080123</ele>
        <time>2024-05-08T11:35:31.431Z</time>
      </trkpt>
      <trkpt lat="45.871850" lon="10.754283">
        <ele>707.095334</ele>
        <time>2024-05-08T11:35:34.439Z</time>
      </trkpt>
      <trkpt lat="45.871892" lon="10.754410">
        <ele>707.107869</ele>
        <time>2024-05-08T11:35:36.439Z</time>
      </trkpt>
      <trkpt lat="45.871937" lon="10.754531">
        <ele>707.120099</ele>
        <time>2024-05-08T11:35:38.432Z</time>
      </trkpt>
      <trkpt lat="45.871994" lon="10.754702">
        <ele>707.137002</ele>
        <time>2024-05-08T11:35:41.434Z</time>
      </trkpt>
      <trkpt lat="45.872067" lon="10.754807">
        <ele>707.150231</ele>
        <time>2024-05-08T11:35:43.426Z</time>
      </trkpt>
      <trkpt lat="45.872127" lon="10.754979">
        <ele>707.167383</ele>
        <time>2024-05-08T11:35:46.437Z</time>
      </trkpt>
      <trkpt lat="45.872154" lon="10.755118">
        <ele>707.180249</ele>
        <time>2024-05-08T11:35:48.437Z</time>
      </trkpt>
      <trkpt lat="45.872194" lon="10.755245">
        <ele>707.192676</ele>
        <time>2024-05-08T11:35:50.434Z</time>
      </trkpt>
      <trkpt lat="45.872238" lon="10.755371">
        <ele>707.205244</ele>
        <time>2024-05-08T11:35:52.427Z</time>
      </trkpt>
      <trkpt lat="45.872306" lon="10.755514">
        <ele>707.220682</ele>
        <time>2024-05-08T11:35:55.435Z</time>
      </trkpt>
      <trkpt lat="45.872392" lon="10.755590">
        <ele>707.233612</ele>
        <time>2024-05-08T11:35:58.432Z</time>
      </trkpt>
      <trkpt lat="45.872488" lon="10.755614">
        <ele>707.246090</ele>
        <time>2024-05-08T11:36:01.433Z</time>
      </trkpt>
      <trkpt lat="45.872583" lon="10.755659">
        <ele>707.293374</ele>
        <time>2024-05-08T11:36:04.437Z</time>
      </trkpt>
      <trkpt lat="45.872637" lon="10.755776">
        <ele>707.345837</ele>
        <time>2024-05-08T11:36:08.434Z</time>
      </trkpt>
      <trkpt lat="45.872693" lon="10.755888">
        <ele>707.397372</ele>
        <time>2024-05-08T11:36:12.434Z</time>
      </trkpt>
      <trkpt lat="45.872760" lon="10.755976">
        <ele>707.446108</ele>
        <time>2024-05-08T11:36:15.442Z</time>
      </trkpt>
      <trkpt lat="45.872793" lon="10.756119">
        <ele>707.502413</ele>
        <time>2024-05-08T11:36:18.438Z</time>
      </trkpt>
      <trkpt lat="45.872824" lon="10.756286">
        <ele>707.567008</ele>
        <time>2024-05-08T11:36:21.443Z</time>
      </trkpt>
      <trkpt lat="45.872848" lon="10.756471">
        <ele>707.637341</ele>
        <time>2024-05-08T11:36:24.435Z</time>
      </trkpt>
      <trkpt lat="45.872841" lon="10.756601">
        <ele>707.686072</ele>
        <time>2024-05-08T11:36:26.437Z</time>
      </trkpt>
      <trkpt lat="45.872802" lon="10.756782">
        <ele>707.756885</ele>
        <time>2024-05-08T11:36:29.435Z</time>
      </trkpt>
      <trkpt lat="45.872787" lon="10.756924">
        <ele>707.810564</ele>
        <time>2024-05-08T11:36:31.435Z</time>
      </trkpt>
      <trkpt lat="45.872795" lon="10.757086">
        <ele>707.871263</ele>
        <time>2024-05-08T11:36:33.441Z</time>
      </trkpt>
      <trkpt lat="45.872786" lon="10.757248">
        <ele>707.932002</ele>
        <time>2024-05-08T11:36:35.442Z</time>
      </trkpt>
      <trkpt lat="45.872776" lon="10.757401">
        <ele>707.989436</ele>
        <time>2024-05-08T11:36:37.439Z</time>
      </trkpt>
      <trkpt lat="45.872766" lon="10.757558">
        <ele>708.048359</ele>
        <time>2024-05-08T11:36:39.435Z</time>
      </trkpt>
      <trkpt lat="45.872741" lon="10.757712">
        <ele>708.107459</ele>
        <time>2024-05-08T11:36:41.432Z</time>
      </trkpt>
      <trkpt lat="45.872713" lon="10.757862">
        <ele>708.165501</ele>
        <time>2024-05-08T11:36:43.436Z</time>
      </trkpt>
      <trkpt lat="45.872676" lon="10.758050">
        <ele>708.081119</ele>
        <time>2024-05-08T11:36:46.442Z</time>
      </trkpt>
      <trkpt lat="45.872603" lon="10.758215">
        <ele>707.692701</ele>
        <time>2024-05-08T11:36:48.428Z</time>
      </trkpt>
      <trkpt lat="45.872563" lon="10.758346">
        <ele>707.408494</ele>
        <time>2024-05-08T11:36:50.433Z</time>
      </trkpt>
      <trkpt lat="45.872497" lon="10.758470">
        <ele>707.098381</ele>
        <time>2024-05-08T11:36:52.446Z</time>
      </trkpt>
      <trkpt lat="45.872444" lon="10.758636">
        <ele>706.735538</ele>
        <time>2024-05-08T11:36:54.434Z</time>
      </trkpt>
      <trkpt lat="45.872390" lon="10.758758">
        <ele>706.448306</ele>
        <time>2024-05-08T11:36:56.443Z</time>
      </trkpt>
      <trkpt lat="45.872318" lon="10.758864">
        <ele>706.154079</ele>
        <time>2024-05-08T11:36:58.428Z</time>
      </trkpt>
      <trkpt lat="45.872193" lon="10.758854">
        <ele>705.796822</ele>
        <time>2024-05-08T11:37:01.440Z</time>
      </trkpt>
      <trkpt lat="45.872070" lon="10.758796">
        <ele>705.427393</ele>
        <time>2024-05-08T11:37:04.439Z</time>
      </trkpt>
      <trkpt lat="45.871969" lon="10.758809">
        <ele>705.138021</ele>
        <time>2024-05-08T11:37:06.441Z</time>
      </trkpt>
      <trkpt lat="45.871864" lon="10.758774">
        <ele>704.830426</ele>
        <time>2024-05-08T11:37:08.442Z</time>
      </trkpt>
      <trkpt lat="45.871730" lon="10.758733">
        <ele>704.439459</ele>
        <time>2024-05-08T11:37:10.421Z</time>
      </trkpt>
      <trkpt lat="45.871578" lon="10.758741">
        <ele>704.005417</ele>
        <time>2024-05-08T11:37:12.436Z</time>
      </trkpt>
      <trkpt lat="45.871444" lon="10.758824">
        <ele>703.588985</ele>
        <time>2024-05-08T11:37:14.438Z</time>
      </trkpt>
      <trkpt lat="45.871373" lon="10.758965">
        <ele>703.243246</ele>
        <time>2024-05-08T11:37:15.431Z</time>
      </trkpt>
      <trkpt lat="45.871349" lon="10.759110">
        <ele>703.068354</ele>
        <time>2024-05-08T11:37:16.433Z</time>
      </trkpt>
      <trkpt lat="45.871355" lon="10.759266">
        <ele>703.039159</ele>
        <time>2024-05-08T11:37:17.439Z</time>
      </trkpt>
      <trkpt lat="45.871362" lon="10.759521">
        <ele>702.991473</ele>
        <time>2024-05-08T11:37:19.450Z</time>
      </trkpt>
      <trkpt lat="45.871396" lon="10.759768">
        <ele>702.944426</ele>
        <time>2024-05-08T11:37:21.436Z</time>
      </trkpt>
      <trkpt lat="45.871412" lon="10.759993">
        <ele>702.902164</ele>
        <time>2024-05-08T11:37:23.436Z</time>
      </trkpt>
      <trkpt lat="45.871378" lon="10.760201">
        <ele>702.862241</ele>
        <time>2024-05-08T11:37:25.435Z</time>
      </trkpt>
      <trkpt lat="45.871348" lon="10.760401">
        <ele>702.824012</ele>
        <time>2024-05-08T11:37:27.443Z</time>
      </trkpt>
      <trkpt lat="45.871351" lon="10.760598">
        <ele>702.787192</ele>
        <time>2024-05-08T11:37:29.430Z</time>
      </trkpt>
      <trkpt lat="45.871384" lon="10.760782">
        <ele>702.751687</ele>
        <time>2024-05-08T11:37:31.442Z</time>
      </trkpt>
      <trkpt lat="45.871446" lon="10.760942">
        <ele>702.717472</ele>
        <time>2024-05-08T11:37:33.432Z</time>
      </trkpt>
      <trkpt lat="45.871522" lon="10.761076">
        <ele>702.685177</ele>
        <time>2024-05-08T11:37:35.450Z</time>
      </trkpt>
      <trkpt lat="45.871616" lon="10.761191">
        <ele>702.652038</ele>
        <time>2024-05-08T11:37:37.432Z</time>
      </trkpt>
      <trkpt lat="45.871718" lon="10.761289">
        <ele>702.619104</ele>
        <time>2024-05-08T11:37:39.449Z</time>
      </trkpt>
      <trkpt lat="45.871829" lon="10.761368">
        <ele>702.579191</ele>
        <time>2024-05-08T11:37:41.434Z</time>
      </trkpt>
      <trkpt lat="45.871939" lon="10.761450">
        <ele>702.528014</ele>
        <time>2024-05-08T11:37:43.434Z</time>
      </trkpt>
      <trkpt lat="45.872042" lon="10.761540">
        <ele>702.478230</ele>
        <time>2024-05-08T11:37:45.435Z</time>
      </trkpt>
      <trkpt lat="45.872138" lon="10.761638">
        <ele>702.429595</ele>
        <time>2024-05-08T11:37:47.427Z</time>
      </trkpt>
      <trkpt lat="45.872226" lon="10.761745">
        <ele>702.381984</ele>
        <time>2024-05-08T11:37:49.435Z</time>
      </trkpt>
      <trkpt lat="45.872314" lon="10.761860">
        <ele>702.332856</ele>
        <time>2024-05-08T11:37:51.426Z</time>
      </trkpt>
      <trkpt lat="45.872393" lon="10.761964">
        <ele>702.288604</ele>
        <time>2024-05-08T11:37:53.441Z</time>
      </trkpt>
      <trkpt lat="45.872476" lon="10.762073">
        <ele>702.242163</ele>
        <time>2024-05-08T11:37:55.432Z</time>
      </trkpt>
      <trkpt lat="45.872554" lon="10.762184">
        <ele>702.196822</ele>
        <time>2024-05-08T11:37:57.432Z</time>
      </trkpt>
      <trkpt lat="45.872610" lon="10.762313">
        <ele>702.153115</ele>
        <time>2024-05-08T11:37:59.430Z</time>
      </trkpt>
      <trkpt lat="45.872659" lon="10.762441">
        <ele>702.111119</ele>
        <time>2024-05-08T11:38:01.433Z</time>
      </trkpt>
      <trkpt lat="45.872702" lon="10.762571">
        <ele>702.069740</ele>
        <time>2024-05-08T11:38:03.430Z</time>
      </trkpt>
      <trkpt lat="45.872733" lon="10.762704">
        <ele>702.029416</ele>
        <time>2024-05-08T11:38:05.435Z</time>
      </trkpt>
      <trkpt lat="45.872771" lon="10.762840">
        <ele>701.987285</ele>
        <time>2024-05-08T11:38:07.441Z</time>
      </trkpt>
      <trkpt lat="45.872807" lon="10.762981">
        <ele>701.944107</ele>
        <time>2024-05-08T11:38:09.430Z</time>
      </trkpt>
      <trkpt lat="45.872841" lon="10.763119">
        <ele>701.902021</ele>
        <time>2024-05-08T11:38:11.434Z</time>
      </trkpt>
      <trkpt lat="45.872870" lon="10.763255">
        <ele>701.861128</ele>
        <time>2024-05-08T11:38:13.448Z</time>
      </trkpt>
      <trkpt lat="45.872906" lon="10.763379">
        <ele>701.964531</ele>
        <time>2024-05-08T11:38:15.432Z</time>
      </trkpt>
      <trkpt lat="45.872935" lon="10.763507">
        <ele>702.092289</ele>
        <time>2024-05-08T11:38:17.433Z</time>
      </trkpt>
      <trkpt lat="45.872966" lon="10.763632">
        <ele>702.218231</ele>
        <time>2024-05-08T11:38:19.429Z</time>
      </trkpt>
      <trkpt lat="45.873010" lon="10.763750">
        <ele>702.345277</ele>
        <time>2024-05-08T11:38:21.433Z</time>
      </trkpt>
      <trkpt lat="45.873067" lon="10.763854">
        <ele>702.470900</ele>
        <time>2024-05-08T11:38:23.441Z</time>
      </trkpt>
      <trkpt lat="45.873159" lon="10.763993">
        <ele>702.652926</ele>
        <time>2024-05-08T11:38:26.430Z</time>
      </trkpt>
      <trkpt lat="45.873260" lon="10.764104">
        <ele>702.826291</ele>
        <time>2024-05-08T11:38:29.416Z</time>
      </trkpt>
      <trkpt lat="45.873361" lon="10.764221">
        <ele>703.003174</ele>
        <time>2024-05-08T11:38:32.440Z</time>
      </trkpt>
      <trkpt lat="45.873458" lon="10.764327">
        <ele>703.169326</ele>
        <time>2024-05-08T11:38:35.427Z</time>
      </trkpt>
      <trkpt lat="45.873552" lon="10.764422">
        <ele>703.326009</ele>
        <time>2024-05-08T11:38:38.417Z</time>
      </trkpt>
      <trkpt lat="45.873632" lon="10.764505">
        <ele>703.460541</ele>
        <time>2024-05-08T11:38:41.438Z</time>
      </trkpt>
      <trkpt lat="45.873705" lon="10.764595">
        <ele>703.591687</ele>
        <time>2024-05-08T11:38:44.437Z</time>
      </trkpt>
      <trkpt lat="45.873746" lon="10.764710">
        <ele>703.714312</ele>
        <time>2024-05-08T11:38:51.437Z</time>
      </trkpt>
      <trkpt lat="45.873827" lon="10.764924">
        <ele>703.945496</ele>
        <time>2024-05-08T12:18:43.416Z</time>
      </trkpt>
      <trkpt lat="45.873814" lon="10.765093">
        <ele>704.106871</ele>
        <time>2024-05-08T12:18:47.426Z</time>
      </trkpt>
      <trkpt lat="45.873773" lon="10.765236">
        <ele>704.253651</ele>
        <time>2024-05-08T12:18:50.423Z</time>
      </trkpt>
      <trkpt lat="45.873732" lon="10.765385">
        <ele>704.308831</ele>
        <time>2024-05-08T12:18:53.418Z</time>
      </trkpt>
      <trkpt lat="45.873683" lon="10.765542">
        <ele>704.311184</ele>
        <time>2024-05-08T12:18:56.428Z</time>
      </trkpt>
      <trkpt lat="45.873635" lon="10.765693">
        <ele>704.313455</ele>
        <time>2024-05-08T12:18:59.425Z</time>
      </trkpt>
      <trkpt lat="45.873597" lon="10.765835">
        <ele>704.315535</ele>
        <time>2024-05-08T12:19:02.416Z</time>
      </trkpt>
      <trkpt lat="45.873555" lon="10.765979">
        <ele>704.317671</ele>
        <time>2024-05-08T12:19:05.420Z</time>
      </trkpt>
      <trkpt lat="45.873512" lon="10.766122">
        <ele>704.319801</ele>
        <time>2024-05-08T12:19:08.397Z</time>
      </trkpt>
      <trkpt lat="45.873471" lon="10.766265">
        <ele>704.321916</ele>
        <time>2024-05-08T12:19:11.418Z</time>
      </trkpt>
      <trkpt lat="45.873402" lon="10.766431">
        <ele>704.324561</ele>
        <time>2024-05-08T12:19:14.415Z</time>
      </trkpt>
      <trkpt lat="45.873337" lon="10.766542">
        <ele>704.326544</ele>
        <time>2024-05-08T12:19:16.431Z</time>
      </trkpt>
      <trkpt lat="45.873279" lon="10.766654">
        <ele>704.328453</ele>
        <time>2024-05-08T12:19:18.424Z</time>
      </trkpt>
      <trkpt lat="45.873219" lon="10.766759">
        <ele>704.330311</ele>
        <time>2024-05-08T12:19:20.443Z</time>
      </trkpt>
      <trkpt lat="45.873156" lon="10.766878">
        <ele>704.332356</ele>
        <time>2024-05-08T12:19:22.431Z</time>
      </trkpt>
      <trkpt lat="45.873095" lon="10.766995">
        <ele>704.334355</ele>
        <time>2024-05-08T12:19:24.436Z</time>
      </trkpt>
      <trkpt lat="45.873028" lon="10.767110">
        <ele>704.336406</ele>
        <time>2024-05-08T12:19:26.427Z</time>
      </trkpt>
      <trkpt lat="45.872959" lon="10.767229">
        <ele>704.338524</ele>
        <time>2024-05-08T12:19:28.427Z</time>
      </trkpt>
      <trkpt lat="45.872899" lon="10.767342">
        <ele>704.340468</ele>
        <time>2024-05-08T12:19:30.419Z</time>
      </trkpt>
      <trkpt lat="45.872834" lon="10.767486">
        <ele>704.332085</ele>
        <time>2024-05-08T12:19:33.413Z</time>
      </trkpt>
      <trkpt lat="45.872805" lon="10.767628">
        <ele>704.012214</ele>
        <time>2024-05-08T12:19:36.425Z</time>
      </trkpt>
      <trkpt lat="45.872730" lon="10.767730">
        <ele>703.691550</ele>
        <time>2024-05-08T12:19:48.430Z</time>
      </trkpt>
      <trkpt lat="45.872643" lon="10.767866">
        <ele>703.292338</ele>
        <time>2024-05-08T12:19:52.408Z</time>
      </trkpt>
      <trkpt lat="45.872582" lon="10.767998">
        <ele>702.949885</ele>
        <time>2024-05-08T12:19:55.419Z</time>
      </trkpt>
      <trkpt lat="45.872548" lon="10.768154">
        <ele>702.596547</ele>
        <time>2024-05-08T12:19:59.415Z</time>
      </trkpt>
      <trkpt lat="45.872492" lon="10.768293">
        <ele>702.249417</ele>
        <time>2024-05-08T12:20:02.425Z</time>
      </trkpt>
      <trkpt lat="45.872450" lon="10.768441">
        <ele>701.903954</ele>
        <time>2024-05-08T12:20:04.438Z</time>
      </trkpt>
      <trkpt lat="45.872420" lon="10.768593">
        <ele>701.562450</ele>
        <time>2024-05-08T12:20:06.422Z</time>
      </trkpt>
      <trkpt lat="45.872358" lon="10.768763">
        <ele>701.147625</ele>
        <time>2024-05-08T12:20:08.420Z</time>
      </trkpt>
      <trkpt lat="45.872297" lon="10.768935">
        <ele>700.730383</ele>
        <time>2024-05-08T12:20:10.429Z</time>
      </trkpt>
      <trkpt lat="45.872230" lon="10.769114">
        <ele>700.291095</ele>
        <time>2024-05-08T12:20:12.426Z</time>
      </trkpt>
      <trkpt lat="45.872174" lon="10.769300">
        <ele>699.853064</ele>
        <time>2024-05-08T12:20:14.430Z</time>
      </trkpt>
      <trkpt lat="45.872127" lon="10.769462">
        <ele>699.473705</ele>
        <time>2024-05-08T12:20:16.441Z</time>
      </trkpt>
      <trkpt lat="45.872082" lon="10.769629">
        <ele>699.086632</ele>
        <time>2024-05-08T12:20:18.436Z</time>
      </trkpt>
      <trkpt lat="45.872022" lon="10.769784">
        <ele>698.710539</ele>
        <time>2024-05-08T12:20:20.430Z</time>
      </trkpt>
      <trkpt lat="45.871954" lon="10.769922">
        <ele>698.392842</ele>
        <time>2024-05-08T12:20:22.436Z</time>
      </trkpt>
      <trkpt lat="45.871884" lon="10.770062">
        <ele>698.068951</ele>
        <time>2024-05-08T12:20:24.429Z</time>
      </trkpt>
      <trkpt lat="45.871812" lon="10.770218">
        <ele>697.717243</ele>
        <time>2024-05-08T12:20:26.429Z</time>
      </trkpt>
      <trkpt lat="45.871759" lon="10.770377">
        <ele>697.385979</ele>
        <time>2024-05-08T12:20:28.400Z</time>
      </trkpt>
      <trkpt lat="45.871722" lon="10.770540">
        <ele>697.063807</ele>
        <time>2024-05-08T12:20:30.435Z</time>
      </trkpt>
      <trkpt lat="45.871657" lon="10.770727">
        <ele>696.671045</ele>
        <time>2024-05-08T12:20:32.438Z</time>
      </trkpt>
      <trkpt lat="45.871580" lon="10.770907">
        <ele>696.274053</ele>
        <time>2024-05-08T12:20:34.427Z</time>
      </trkpt>
      <trkpt lat="45.871486" lon="10.771028">
        <ele>695.933369</ele>
        <time>2024-05-08T12:20:36.430Z</time>
      </trkpt>
      <trkpt lat="45.871402" lon="10.771165">
        <ele>695.590329</ele>
        <time>2024-05-08T12:20:38.432Z</time>
      </trkpt>
      <trkpt lat="45.871330" lon="10.771296">
        <ele>695.276701</ele>
        <time>2024-05-08T12:20:40.423Z</time>
      </trkpt>
      <trkpt lat="45.871282" lon="10.771425">
        <ele>695.001841</ele>
        <time>2024-05-08T12:20:42.425Z</time>
      </trkpt>
      <trkpt lat="45.871239" lon="10.771599">
        <ele>694.654877</ele>
        <time>2024-05-08T12:20:45.422Z</time>
      </trkpt>
      <trkpt lat="45.871192" lon="10.771769">
        <ele>694.311152</ele>
        <time>2024-05-08T12:20:48.433Z</time>
      </trkpt>
      <trkpt lat="45.871147" lon="10.771883">
        <ele>694.064891</ele>
        <time>2024-05-08T12:20:50.428Z</time>
      </trkpt>
      <trkpt lat="45.871088" lon="10.772040">
        <ele>693.764438</ele>
        <time>2024-05-08T12:20:53.409Z</time>
      </trkpt>
      <trkpt lat="45.871058" lon="10.772186">
        <ele>693.535358</ele>
        <time>2024-05-08T12:20:57.423Z</time>
      </trkpt>
      <trkpt lat="45.871155" lon="10.772161">
        <ele>693.322360</ele>
        <time>2024-05-08T12:21:06.421Z</time>
      </trkpt>
      <trkpt lat="45.871276" lon="10.772131">
        <ele>693.056972</ele>
        <time>2024-05-08T12:21:10.430Z</time>
      </trkpt>
      <trkpt lat="45.871373" lon="10.772112">
        <ele>692.845383</ele>
        <time>2024-05-08T12:21:13.415Z</time>
      </trkpt>
      <trkpt lat="45.871463" lon="10.772127">
        <ele>692.649558</ele>
        <time>2024-05-08T12:21:16.425Z</time>
      </trkpt>
      <trkpt lat="45.871570" lon="10.772165">
        <ele>692.411331</ele>
        <time>2024-05-08T12:21:20.433Z</time>
      </trkpt>
      <trkpt lat="45.871670" lon="10.772234">
        <ele>692.171550</ele>
        <time>2024-05-08T12:21:24.439Z</time>
      </trkpt>
      <trkpt lat="45.871710" lon="10.772370">
        <ele>691.949378</ele>
        <time>2024-05-08T12:21:29.415Z</time>
      </trkpt>
      <trkpt lat="45.871673" lon="10.772500">
        <ele>691.738033</ele>
        <time>2024-05-08T12:21:32.428Z</time>
      </trkpt>
      <trkpt lat="45.871621" lon="10.772651">
        <ele>691.484524</ele>
        <time>2024-05-08T12:21:35.425Z</time>
      </trkpt>
      <trkpt lat="45.871560" lon="10.772829">
        <ele>691.185971</ele>
        <time>2024-05-08T12:21:38.439Z</time>
      </trkpt>
      <trkpt lat="45.871520" lon="10.772961">
        <ele>690.969331</ele>
        <time>2024-05-08T12:21:40.421Z</time>
      </trkpt>
      <trkpt lat="45.871494" lon="10.773103">
        <ele>690.748375</ele>
        <time>2024-05-08T12:21:42.436Z</time>
      </trkpt>
      <trkpt lat="45.871488" lon="10.773258">
        <ele>690.514761</ele>
        <time>2024-05-08T12:21:44.450Z</time>
      </trkpt>
      <trkpt lat="45.871514" lon="10.773423">
        <ele>690.260179</ele>
        <time>2024-05-08T12:21:46.424Z</time>
      </trkpt>
      <trkpt lat="45.871549" lon="10.773606">
        <ele>689.881922</ele>
        <time>2024-05-08T12:21:48.416Z</time>
      </trkpt>
      <trkpt lat="45.871594" lon="10.773810">
        <ele>688.855099</ele>
        <time>2024-05-08T12:21:50.421Z</time>
      </trkpt>
      <trkpt lat="45.871664" lon="10.774019">
        <ele>687.742241</ele>
        <time>2024-05-08T12:21:52.425Z</time>
      </trkpt>
      <trkpt lat="45.871718" lon="10.774248">
        <ele>686.582103</ele>
        <time>2024-05-08T12:21:54.439Z</time>
      </trkpt>
      <trkpt lat="45.871763" lon="10.774498">
        <ele>685.343071</ele>
        <time>2024-05-08T12:21:56.440Z</time>
      </trkpt>
      <trkpt lat="45.871788" lon="10.774624">
        <ele>684.714406</ele>
        <time>2024-05-08T12:21:57.409Z</time>
      </trkpt>
      <trkpt lat="45.871839" lon="10.774866">
        <ele>683.501174</ele>
        <time>2024-05-08T12:21:59.428Z</time>
      </trkpt>
      <trkpt lat="45.871856" lon="10.774995">
        <ele>682.871195</ele>
        <time>2024-05-08T12:22:00.435Z</time>
      </trkpt>
      <trkpt lat="45.871878" lon="10.775122">
        <ele>682.243225</ele>
        <time>2024-05-08T12:22:01.441Z</time>
      </trkpt>
      <trkpt lat="45.871935" lon="10.775370">
        <ele>680.990071</ele>
        <time>2024-05-08T12:22:03.398Z</time>
      </trkpt>
      <trkpt lat="45.871972" lon="10.775490">
        <ele>680.360335</ele>
        <time>2024-05-08T12:22:04.409Z</time>
      </trkpt>
      <trkpt lat="45.871992" lon="10.775629">
        <ele>679.679270</ele>
        <time>2024-05-08T12:22:05.447Z</time>
      </trkpt>
      <trkpt lat="45.871996" lon="10.775773">
        <ele>678.987757</ele>
        <time>2024-05-08T12:22:06.409Z</time>
      </trkpt>
      <trkpt lat="45.872000" lon="10.775926">
        <ele>678.253091</ele>
        <time>2024-05-08T12:22:07.418Z</time>
      </trkpt>
      <trkpt lat="45.872007" lon="10.776079">
        <ele>677.464635</ele>
        <time>2024-05-08T12:22:08.410Z</time>
      </trkpt>
      <trkpt lat="45.872009" lon="10.776235">
        <ele>676.336691</ele>
        <time>2024-05-08T12:22:09.435Z</time>
      </trkpt>
      <trkpt lat="45.872013" lon="10.776396">
        <ele>675.172051</ele>
        <time>2024-05-08T12:22:10.435Z</time>
      </trkpt>
      <trkpt lat="45.872023" lon="10.776565">
        <ele>673.945916</ele>
        <time>2024-05-08T12:22:11.423Z</time>
      </trkpt>
      <trkpt lat="45.872032" lon="10.776736">
        <ele>672.706199</ele>
        <time>2024-05-08T12:22:12.434Z</time>
      </trkpt>
      <trkpt lat="45.872039" lon="10.776910">
        <ele>671.446223</ele>
        <time>2024-05-08T12:22:13.440Z</time>
      </trkpt>
      <trkpt lat="45.872039" lon="10.777091">
        <ele>670.137742</ele>
        <time>2024-05-08T12:22:14.441Z</time>
      </trkpt>
      <trkpt lat="45.872032" lon="10.777271">
        <ele>668.834461</ele>
        <time>2024-05-08T12:22:15.445Z</time>
      </trkpt>
      <trkpt lat="45.872020" lon="10.777450">
        <ele>667.534453</ele>
        <time>2024-05-08T12:22:16.423Z</time>
      </trkpt>
      <trkpt lat="45.872000" lon="10.777636">
        <ele>666.173885</ele>
        <time>2024-05-08T12:22:17.439Z</time>
      </trkpt>
      <trkpt lat="45.871984" lon="10.777820">
        <ele>664.833381</ele>
        <time>2024-05-08T12:22:18.430Z</time>
      </trkpt>
      <trkpt lat="45.871967" lon="10.777993">
        <ele>663.570337</ele>
        <time>2024-05-08T12:22:19.432Z</time>
      </trkpt>
      <trkpt lat="45.871933" lon="10.778155">
        <ele>662.347159</ele>
        <time>2024-05-08T12:22:20.439Z</time>
      </trkpt>
      <trkpt lat="45.871898" lon="10.778306">
        <ele>661.196652</ele>
        <time>2024-05-08T12:22:21.436Z</time>
      </trkpt>
      <trkpt lat="45.871865" lon="10.778438">
        <ele>660.182749</ele>
        <time>2024-05-08T12:22:22.437Z</time>
      </trkpt>
      <trkpt lat="45.871814" lon="10.778684">
        <ele>658.561188</ele>
        <time>2024-05-08T12:22:24.437Z</time>
      </trkpt>
      <trkpt lat="45.871777" lon="10.778884">
        <ele>657.630465</ele>
        <time>2024-05-08T12:22:26.430Z</time>
      </trkpt>
      <trkpt lat="45.871711" lon="10.779009">
        <ele>656.924900</ele>
        <time>2024-05-08T12:22:28.430Z</time>
      </trkpt>
      <trkpt lat="45.871625" lon="10.778902">
        <ele>656.189920</ele>
        <time>2024-05-08T12:22:30.417Z</time>
      </trkpt>
      <trkpt lat="45.871641" lon="10.778725">
        <ele>655.387168</ele>
        <time>2024-05-08T12:22:32.426Z</time>
      </trkpt>
      <trkpt lat="45.871664" lon="10.778532">
        <ele>654.506514</ele>
        <time>2024-05-08T12:22:34.423Z</time>
      </trkpt>
      <trkpt lat="45.871710" lon="10.778350">
        <ele>653.635693</ele>
        <time>2024-05-08T12:22:36.424Z</time>
      </trkpt>
      <trkpt lat="45.871767" lon="10.778165">
        <ele>652.725817</ele>
        <time>2024-05-08T12:22:38.418Z</time>
      </trkpt>
      <trkpt lat="45.871760" lon="10.777964">
        <ele>651.820676</ele>
        <time>2024-05-08T12:22:40.415Z</time>
      </trkpt>
      <trkpt lat="45.871650" lon="10.777832">
        <ele>650.894751</ele>
        <time>2024-05-08T12:22:42.433Z</time>
      </trkpt>
      <trkpt lat="45.871508" lon="10.777890">
        <ele>649.941124</ele>
        <time>2024-05-08T12:22:44.417Z</time>
      </trkpt>
      <trkpt lat="45.871437" lon="10.778091">
        <ele>648.927426</ele>
        <time>2024-05-08T12:22:46.418Z</time>
      </trkpt>
      <trkpt lat="45.871396" lon="10.778291">
        <ele>647.989729</ele>
        <time>2024-05-08T12:22:48.438Z</time>
      </trkpt>
      <trkpt lat="45.871362" lon="10.778466">
        <ele>647.096688</ele>
        <time>2024-05-08T12:22:50.434Z</time>
      </trkpt>
      <trkpt lat="45.871330" lon="10.778629">
        <ele>645.963083</ele>
        <time>2024-05-08T12:22:52.433Z</time>
      </trkpt>
      <trkpt lat="45.871298" lon="10.778801">
        <ele>644.771383</ele>
        <time>2024-05-08T12:22:54.416Z</time>
      </trkpt>
      <trkpt lat="45.871263" lon="10.778974">
        <ele>643.565488</ele>
        <time>2024-05-08T12:22:56.417Z</time>
      </trkpt>
      <trkpt lat="45.871230" lon="10.779146">
        <ele>642.371269</ele>
        <time>2024-05-08T12:22:58.427Z</time>
      </trkpt>
      <trkpt lat="45.871193" lon="10.779317">
        <ele>641.172657</ele>
        <time>2024-05-08T12:23:00.431Z</time>
      </trkpt>
      <trkpt lat="45.871163" lon="10.779492">
        <ele>639.966284</ele>
        <time>2024-05-08T12:23:02.416Z</time>
      </trkpt>
      <trkpt lat="45.871129" lon="10.779667">
        <ele>638.750144</ele>
        <time>2024-05-08T12:23:04.426Z</time>
      </trkpt>
      <trkpt lat="45.871097" lon="10.779808">
        <ele>637.757464</ele>
        <time>2024-05-08T12:23:06.428Z</time>
      </trkpt>
      <trkpt lat="45.871072" lon="10.779939">
        <ele>636.848252</ele>
        <time>2024-05-08T12:23:08.436Z</time>
      </trkpt>
      <trkpt lat="45.871048" lon="10.780075">
        <ele>635.909128</ele>
        <time>2024-05-08T12:23:10.440Z</time>
      </trkpt>
      <trkpt lat="45.871019" lon="10.780213">
        <ele>634.944245</ele>
        <time>2024-05-08T12:23:12.409Z</time>
      </trkpt>
      <trkpt lat="45.870992" lon="10.780354">
        <ele>633.965393</ele>
        <time>2024-05-08T12:23:14.421Z</time>
      </trkpt>
      <trkpt lat="45.870960" lon="10.780503">
        <ele>632.921666</ele>
        <time>2024-05-08T12:23:16.415Z</time>
      </trkpt>
      <trkpt lat="45.870908" lon="10.780639">
        <ele>631.883096</ele>
        <time>2024-05-08T12:23:19.422Z</time>
      </trkpt>
      <trkpt lat="45.870884" lon="10.780779">
        <ele>630.917992</ele>
        <time>2024-05-08T12:23:37.419Z</time>
      </trkpt>
      <trkpt lat="45.870876" lon="10.780921">
        <ele>629.945285</ele>
        <time>2024-05-08T12:23:39.414Z</time>
      </trkpt>
      <trkpt lat="45.870851" lon="10.781098">
        <ele>628.417025</ele>
        <time>2024-05-08T12:23:41.414Z</time>
      </trkpt>
      <trkpt lat="45.870835" lon="10.781272">
        <ele>626.931871</ele>
        <time>2024-05-08T12:23:43.424Z</time>
      </trkpt>
      <trkpt lat="45.870815" lon="10.781444">
        <ele>625.456269</ele>
        <time>2024-05-08T12:23:45.439Z</time>
      </trkpt>
      <trkpt lat="45.870759" lon="10.781597">
        <ele>623.993618</ele>
        <time>2024-05-08T12:23:47.414Z</time>
      </trkpt>
      <trkpt lat="45.870666" lon="10.781714">
        <ele>622.491083</ele>
        <time>2024-05-08T12:23:49.409Z</time>
      </trkpt>
      <trkpt lat="45.870546" lon="10.781813">
        <ele>620.809233</ele>
        <time>2024-05-08T12:23:51.413Z</time>
      </trkpt>
      <trkpt lat="45.870425" lon="10.781874">
        <ele>619.250752</ele>
        <time>2024-05-08T12:23:53.418Z</time>
      </trkpt>
      <trkpt lat="45.870282" lon="10.781859">
        <ele>617.508239</ele>
        <time>2024-05-08T12:23:55.408Z</time>
      </trkpt>
      <trkpt lat="45.870169" lon="10.781846">
        <ele>616.130547</ele>
        <time>2024-05-08T12:23:57.422Z</time>
      </trkpt>
      <trkpt lat="45.870053" lon="10.781792">
        <ele>614.648588</ele>
        <time>2024-05-08T12:23:59.417Z</time>
      </trkpt>
      <trkpt lat="45.869921" lon="10.781718">
        <ele>612.926504</ele>
        <time>2024-05-08T12:24:01.429Z</time>
      </trkpt>
      <trkpt lat="45.869823" lon="10.781582">
        <ele>611.270333</ele>
        <time>2024-05-08T12:24:03.429Z</time>
      </trkpt>
      <trkpt lat="45.869749" lon="10.781457">
        <ele>609.881941</ele>
        <time>2024-05-08T12:24:05.423Z</time>
      </trkpt>
      <trkpt lat="45.869655" lon="10.781418">
        <ele>608.692841</ele>
        <time>2024-05-08T12:24:07.404Z</time>
      </trkpt>
      <trkpt lat="45.869544" lon="10.781444">
        <ele>607.075892</ele>
        <time>2024-05-08T12:24:09.419Z</time>
      </trkpt>
      <trkpt lat="45.869431" lon="10.781517">
        <ele>605.127790</ele>
        <time>2024-05-08T12:24:11.429Z</time>
      </trkpt>
      <trkpt lat="45.869339" lon="10.781531">
        <ele>603.673227</ele>
        <time>2024-05-08T12:24:12.434Z</time>
      </trkpt>
      <trkpt lat="45.869188" lon="10.781549">
        <ele>601.290973</ele>
        <time>2024-05-08T12:24:14.425Z</time>
      </trkpt>
      <trkpt lat="45.869045" lon="10.781528">
        <ele>599.030939</ele>
        <time>2024-05-08T12:24:16.412Z</time>
      </trkpt>
      <trkpt lat="45.868903" lon="10.781550">
        <ele>596.785397</ele>
        <time>2024-05-08T12:24:18.404Z</time>
      </trkpt>
      <trkpt lat="45.868776" lon="10.781584">
        <ele>594.754249</ele>
        <time>2024-05-08T12:24:20.405Z</time>
      </trkpt>
      <trkpt lat="45.868687" lon="10.781699">
        <ele>592.871949</ele>
        <time>2024-05-08T12:24:22.411Z</time>
      </trkpt>
      <trkpt lat="45.868621" lon="10.781872">
        <ele>590.712367</ele>
        <time>2024-05-08T12:24:24.414Z</time>
      </trkpt>
      <trkpt lat="45.868519" lon="10.782006">
        <ele>588.538921</ele>
        <time>2024-05-08T12:24:26.421Z</time>
      </trkpt>
      <trkpt lat="45.868400" lon="10.782099">
        <ele>586.408867</ele>
        <time>2024-05-08T12:24:28.411Z</time>
      </trkpt>
      <trkpt lat="45.868304" lon="10.782116">
        <ele>584.888081</ele>
        <time>2024-05-08T12:24:30.421Z</time>
      </trkpt>
      <trkpt lat="45.868214" lon="10.782144">
        <ele>583.440238</ele>
        <time>2024-05-08T12:24:32.422Z</time>
      </trkpt>
      <trkpt lat="45.868135" lon="10.782246">
        <ele>581.770001</ele>
        <time>2024-05-08T12:24:34.435Z</time>
      </trkpt>
      <trkpt lat="45.868074" lon="10.782397">
        <ele>579.874008</ele>
        <time>2024-05-08T12:24:36.423Z</time>
      </trkpt>
      <trkpt lat="45.868017" lon="10.782515">
        <ele>578.901683</ele>
        <time>2024-05-08T12:24:38.427Z</time>
      </trkpt>
      <trkpt lat="45.867924" lon="10.782433">
        <ele>577.840598</ele>
        <time>2024-05-08T12:24:41.413Z</time>
      </trkpt>
      <trkpt lat="45.867975" lon="10.782302">
        <ele>576.824460</ele>
        <time>2024-05-08T12:24:44.423Z</time>
      </trkpt>
      <trkpt lat="45.868049" lon="10.782226">
        <ele>575.939888</ele>
        <time>2024-05-08T12:24:59.424Z</time>
      </trkpt>
      <trkpt lat="45.868013" lon="10.782057">
        <ele>574.743345</ele>
        <time>2024-05-08T12:25:25.436Z</time>
      </trkpt>
      <trkpt lat="45.867926" lon="10.782129">
        <ele>573.767023</ele>
        <time>2024-05-08T12:25:28.422Z</time>
      </trkpt>
      <trkpt lat="45.867812" lon="10.782186">
        <ele>572.593318</ele>
        <time>2024-05-08T12:25:31.417Z</time>
      </trkpt>
      <trkpt lat="45.867728" lon="10.782317">
        <ele>571.387615</ele>
        <time>2024-05-08T12:25:34.418Z</time>
      </trkpt>
      <trkpt lat="45.867675" lon="10.782434">
        <ele>570.442600</ele>
        <time>2024-05-08T12:25:36.409Z</time>
      </trkpt>
      <trkpt lat="45.867630" lon="10.782639">
        <ele>568.987324</ele>
        <time>2024-05-08T12:25:38.427Z</time>
      </trkpt>
      <trkpt lat="45.867571" lon="10.782835">
        <ele>567.541623</ele>
        <time>2024-05-08T12:25:40.439Z</time>
      </trkpt>
      <trkpt lat="45.867491" lon="10.783063">
        <ele>565.813050</ele>
        <time>2024-05-08T12:25:42.431Z</time>
      </trkpt>
      <trkpt lat="45.867423" lon="10.783304">
        <ele>564.052497</ele>
        <time>2024-05-08T12:25:44.421Z</time>
      </trkpt>
      <trkpt lat="45.867416" lon="10.783444">
        <ele>563.102190</ele>
        <time>2024-05-08T12:25:45.426Z</time>
      </trkpt>
      <trkpt lat="45.867406" lon="10.783588">
        <ele>562.141042</ele>
        <time>2024-05-08T12:25:46.413Z</time>
      </trkpt>
      <trkpt lat="45.867395" lon="10.783725">
        <ele>561.267844</ele>
        <time>2024-05-08T12:25:47.413Z</time>
      </trkpt>
      <trkpt lat="45.867347" lon="10.783971">
        <ele>559.650233</ele>
        <time>2024-05-08T12:25:49.417Z</time>
      </trkpt>
      <trkpt lat="45.867349" lon="10.784218">
        <ele>558.086183</ele>
        <time>2024-05-08T12:25:51.410Z</time>
      </trkpt>
      <trkpt lat="45.867361" lon="10.784354">
        <ele>557.218177</ele>
        <time>2024-05-08T12:25:52.428Z</time>
      </trkpt>
      <trkpt lat="45.867383" lon="10.784581">
        <ele>555.767014</ele>
        <time>2024-05-08T12:25:54.419Z</time>
      </trkpt>
      <trkpt lat="45.867406" lon="10.784772">
        <ele>554.539697</ele>
        <time>2024-05-08T12:25:56.416Z</time>
      </trkpt>
      <trkpt lat="45.867452" lon="10.784934">
        <ele>553.431946</ele>
        <time>2024-05-08T12:25:58.425Z</time>
      </trkpt>
      <trkpt lat="45.867534" lon="10.785043">
        <ele>552.415926</ele>
        <time>2024-05-08T12:26:00.421Z</time>
      </trkpt>
      <trkpt lat="45.867623" lon="10.784995">
        <ele>551.551449</ele>
        <time>2024-05-08T12:26:02.414Z</time>
      </trkpt>
      <trkpt lat="45.867695" lon="10.784880">
        <ele>550.572245</ele>
        <time>2024-05-08T12:26:04.426Z</time>
      </trkpt>
      <trkpt lat="45.867824" lon="10.784888">
        <ele>549.398135</ele>
        <time>2024-05-08T12:26:07.422Z</time>
      </trkpt>
      <trkpt lat="45.867882" lon="10.785002">
        <ele>548.504173</ele>
        <time>2024-05-08T12:26:09.429Z</time>
      </trkpt>
      <trkpt lat="45.867870" lon="10.785180">
        <ele>547.371860</ele>
        <time>2024-05-08T12:26:11.412Z</time>
      </trkpt>
      <trkpt lat="45.867833" lon="10.785371">
        <ele>546.116577</ele>
        <time>2024-05-08T12:26:13.419Z</time>
      </trkpt>
      <trkpt lat="45.867756" lon="10.785562">
        <ele>545.045694</ele>
        <time>2024-05-08T12:26:15.421Z</time>
      </trkpt>
      <trkpt lat="45.867649" lon="10.785740">
        <ele>543.920811</ele>
        <time>2024-05-08T12:26:17.416Z</time>
      </trkpt>
      <trkpt lat="45.867533" lon="10.785903">
        <ele>542.805895</ele>
        <time>2024-05-08T12:26:19.424Z</time>
      </trkpt>
      <trkpt lat="45.867421" lon="10.786061">
        <ele>541.727344</ele>
        <time>2024-05-08T12:26:21.434Z</time>
      </trkpt>
      <trkpt lat="45.867300" lon="10.786208">
        <ele>540.638552</ele>
        <time>2024-05-08T12:26:23.436Z</time>
      </trkpt>
      <trkpt lat="45.867179" lon="10.786357">
        <ele>539.543555</ele>
        <time>2024-05-08T12:26:25.429Z</time>
      </trkpt>
      <trkpt lat="45.867083" lon="10.786534">
        <ele>538.470305</ele>
        <time>2024-05-08T12:26:27.435Z</time>
      </trkpt>
      <trkpt lat="45.867010" lon="10.786725">
        <ele>537.428040</ele>
        <time>2024-05-08T12:26:29.419Z</time>
      </trkpt>
      <trkpt lat="45.866946" lon="10.786883">
        <ele>536.553639</ele>
        <time>2024-05-08T12:26:31.421Z</time>
      </trkpt>
      <trkpt lat="45.866889" lon="10.787034">
        <ele>535.731991</ele>
        <time>2024-05-08T12:26:33.434Z</time>
      </trkpt>
      <trkpt lat="45.866841" lon="10.787154">
        <ele>535.069977</ele>
        <time>2024-05-08T12:26:35.432Z</time>
      </trkpt>
      <trkpt lat="45.866776" lon="10.787301">
        <ele>534.236974</ele>
        <time>2024-05-08T12:26:38.419Z</time>
      </trkpt>
      <trkpt lat="45.866739" lon="10.787426">
        <ele>533.600788</ele>
        <time>2024-05-08T12:26:41.417Z</time>
      </trkpt>
      <trkpt lat="45.866691" lon="10.787548">
        <ele>533.012338</ele>
        <time>2024-05-08T12:26:45.409Z</time>
      </trkpt>
      <trkpt lat="45.866652" lon="10.787664">
        <ele>532.471400</ele>
        <time>2024-05-08T12:26:49.418Z</time>
      </trkpt>
      <trkpt lat="45.866607" lon="10.787790">
        <ele>531.876740</ele>
        <time>2024-05-08T12:26:53.422Z</time>
      </trkpt>
      <trkpt lat="45.866561" lon="10.787904">
        <ele>531.323438</ele>
        <time>2024-05-08T12:26:56.417Z</time>
      </trkpt>
      <trkpt lat="45.866512" lon="10.788035">
        <ele>530.698972</ele>
        <time>2024-05-08T12:26:59.429Z</time>
      </trkpt>
      <trkpt lat="45.866459" lon="10.788167">
        <ele>530.059101</ele>
        <time>2024-05-08T12:27:02.428Z</time>
      </trkpt>
      <trkpt lat="45.866401" lon="10.788301">
        <ele>529.396527</ele>
        <time>2024-05-08T12:27:05.432Z</time>
      </trkpt>
      <trkpt lat="45.866337" lon="10.788435">
        <ele>528.714159</ele>
        <time>2024-05-08T12:27:08.423Z</time>
      </trkpt>
      <trkpt lat="45.866270" lon="10.788583">
        <ele>527.972846</ele>
        <time>2024-05-08T12:27:11.422Z</time>
      </trkpt>
      <trkpt lat="45.866207" lon="10.788747">
        <ele>527.186292</ele>
        <time>2024-05-08T12:27:14.426Z</time>
      </trkpt>
      <trkpt lat="45.866161" lon="10.788912">
        <ele>526.439916</ele>
        <time>2024-05-08T12:27:17.420Z</time>
      </trkpt>
      <trkpt lat="45.866127" lon="10.789037">
        <ele>525.876361</ele>
        <time>2024-05-08T12:27:19.411Z</time>
      </trkpt>
      <trkpt lat="45.866092" lon="10.789162">
        <ele>525.310584</ele>
        <time>2024-05-08T12:27:21.412Z</time>
      </trkpt>
      <trkpt lat="45.866051" lon="10.789290">
        <ele>524.718913</ele>
        <time>2024-05-08T12:27:23.426Z</time>
      </trkpt>
      <trkpt lat="45.866024" lon="10.789419">
        <ele>524.153243</ele>
        <time>2024-05-08T12:27:25.408Z</time>
      </trkpt>
      <trkpt lat="45.865976" lon="10.789571">
        <ele>523.452356</ele>
        <time>2024-05-08T12:27:27.442Z</time>
      </trkpt>
      <trkpt lat="45.865930" lon="10.789708">
        <ele>522.794476</ele>
        <time>2024-05-08T12:27:29.418Z</time>
      </trkpt>
      <trkpt lat="45.865868" lon="10.789837">
        <ele>521.799217</ele>
        <time>2024-05-08T12:27:31.436Z</time>
      </trkpt>
      <trkpt lat="45.865830" lon="10.789990">
        <ele>520.767783</ele>
        <time>2024-05-08T12:27:33.445Z</time>
      </trkpt>
      <trkpt lat="45.865781" lon="10.790132">
        <ele>519.761504</ele>
        <time>2024-05-08T12:27:35.431Z</time>
      </trkpt>
      <trkpt lat="45.865754" lon="10.790285">
        <ele>518.759302</ele>
        <time>2024-05-08T12:27:37.414Z</time>
      </trkpt>
      <trkpt lat="45.865708" lon="10.790448">
        <ele>517.642549</ele>
        <time>2024-05-08T12:27:39.423Z</time>
      </trkpt>
      <trkpt lat="45.865682" lon="10.790621">
        <ele>516.518772</ele>
        <time>2024-05-08T12:27:41.412Z</time>
      </trkpt>
      <trkpt lat="45.865675" lon="10.790815">
        <ele>515.285293</ele>
        <time>2024-05-08T12:27:43.430Z</time>
      </trkpt>
      <trkpt lat="45.865670" lon="10.791040">
        <ele>513.855902</ele>
        <time>2024-05-08T12:27:45.427Z</time>
      </trkpt>
      <trkpt lat="45.865666" lon="10.791283">
        <ele>512.312513</ele>
        <time>2024-05-08T12:27:47.434Z</time>
      </trkpt>
      <trkpt lat="45.865657" lon="10.791420">
        <ele>511.438752</ele>
        <time>2024-05-08T12:27:48.426Z</time>
      </trkpt>
      <trkpt lat="45.865652" lon="10.791563">
        <ele>510.529612</ele>
        <time>2024-05-08T12:27:49.421Z</time>
      </trkpt>
      <trkpt lat="45.865647" lon="10.791713">
        <ele>509.576078</ele>
        <time>2024-05-08T12:27:50.424Z</time>
      </trkpt>
      <trkpt lat="45.865647" lon="10.791865">
        <ele>508.610936</ele>
        <time>2024-05-08T12:27:51.425Z</time>
      </trkpt>
      <trkpt lat="45.865645" lon="10.792019">
        <ele>507.632924</ele>
        <time>2024-05-08T12:27:52.423Z</time>
      </trkpt>
      <trkpt lat="45.865644" lon="10.792172">
        <ele>506.661388</ele>
        <time>2024-05-08T12:27:53.419Z</time>
      </trkpt>
      <trkpt lat="45.865642" lon="10.792329">
        <ele>506.136923</ele>
        <time>2024-05-08T12:27:54.417Z</time>
      </trkpt>
      <trkpt lat="45.865638" lon="10.792491">
        <ele>505.726689</ele>
        <time>2024-05-08T12:27:55.410Z</time>
      </trkpt>
      <trkpt lat="45.865635" lon="10.792659">
        <ele>505.301389</ele>
        <time>2024-05-08T12:27:56.430Z</time>
      </trkpt>
      <trkpt lat="45.865631" lon="10.792821">
        <ele>504.891155</ele>
        <time>2024-05-08T12:27:57.418Z</time>
      </trkpt>
      <trkpt lat="45.865623" lon="10.792987">
        <ele>504.470051</ele>
        <time>2024-05-08T12:27:58.443Z</time>
      </trkpt>
      <trkpt lat="45.865621" lon="10.793149">
        <ele>504.060010</ele>
        <time>2024-05-08T12:27:59.430Z</time>
      </trkpt>
      <trkpt lat="45.865622" lon="10.793318">
        <ele>503.632303</ele>
        <time>2024-05-08T12:28:00.428Z</time>
      </trkpt>
      <trkpt lat="45.865615" lon="10.793486">
        <ele>503.206381</ele>
        <time>2024-05-08T12:28:01.437Z</time>
      </trkpt>
      <trkpt lat="45.865610" lon="10.793651">
        <ele>502.788418</ele>
        <time>2024-05-08T12:28:02.434Z</time>
      </trkpt>
      <trkpt lat="45.865604" lon="10.793815">
        <ele>502.372807</ele>
        <time>2024-05-08T12:28:03.419Z</time>
      </trkpt>
      <trkpt lat="45.865604" lon="10.793970">
        <ele>501.980545</ele>
        <time>2024-05-08T12:28:04.419Z</time>
      </trkpt>
      <trkpt lat="45.865592" lon="10.794123">
        <ele>501.590897</ele>
        <time>2024-05-08T12:28:05.435Z</time>
      </trkpt>
      <trkpt lat="45.865585" lon="10.794273">
        <ele>501.210437</ele>
        <time>2024-05-08T12:28:06.417Z</time>
      </trkpt>
      <trkpt lat="45.865581" lon="10.794414">
        <ele>500.853310</ele>
        <time>2024-05-08T12:28:07.417Z</time>
      </trkpt>
      <trkpt lat="45.865576" lon="10.794545">
        <ele>500.521288</ele>
        <time>2024-05-08T12:28:08.408Z</time>
      </trkpt>
      <trkpt lat="45.865576" lon="10.794674">
        <ele>500.194825</ele>
        <time>2024-05-08T12:28:09.423Z</time>
      </trkpt>
      <trkpt lat="45.865582" lon="10.794887">
        <ele>499.532168</ele>
        <time>2024-05-08T12:28:11.416Z</time>
      </trkpt>
      <trkpt lat="45.865590" lon="10.795053">
        <ele>498.909992</ele>
        <time>2024-05-08T12:28:13.438Z</time>
      </trkpt>
      <trkpt lat="45.865612" lon="10.795201">
        <ele>498.344136</ele>
        <time>2024-05-08T12:28:15.416Z</time>
      </trkpt>
      <trkpt lat="45.865642" lon="10.795341">
        <ele>497.796437</ele>
        <time>2024-05-08T12:28:17.436Z</time>
      </trkpt>
      <trkpt lat="45.865676" lon="10.795467">
        <ele>497.291173</ele>
        <time>2024-05-08T12:28:19.438Z</time>
      </trkpt>
      <trkpt lat="45.865707" lon="10.795593">
        <ele>496.791505</ele>
        <time>2024-05-08T12:28:23.443Z</time>
      </trkpt>
      <trkpt lat="45.865759" lon="10.795705">
        <ele>496.288176</ele>
        <time>2024-05-08T12:28:40.425Z</time>
      </trkpt>
      <trkpt lat="45.865819" lon="10.795856">
        <ele>495.638119</ele>
        <time>2024-05-08T12:28:45.417Z</time>
      </trkpt>
      <trkpt lat="45.865887" lon="10.796031">
        <ele>494.888796</ele>
        <time>2024-05-08T12:28:48.436Z</time>
      </trkpt>
      <trkpt lat="45.865941" lon="10.796190">
        <ele>494.227340</ele>
        <time>2024-05-08T12:28:50.406Z</time>
      </trkpt>
      <trkpt lat="45.865991" lon="10.796394">
        <ele>493.418697</ele>
        <time>2024-05-08T12:28:52.436Z</time>
      </trkpt>
      <trkpt lat="45.866011" lon="10.796628">
        <ele>492.537187</ele>
        <time>2024-05-08T12:28:54.417Z</time>
      </trkpt>
      <trkpt lat="45.865999" lon="10.796762">
        <ele>492.032024</ele>
        <time>2024-05-08T12:28:55.415Z</time>
      </trkpt>
      <trkpt lat="45.865978" lon="10.796894">
        <ele>491.525748</ele>
        <time>2024-05-08T12:28:56.428Z</time>
      </trkpt>
      <trkpt lat="45.865935" lon="10.797024">
        <ele>490.987616</ele>
        <time>2024-05-08T12:28:57.426Z</time>
      </trkpt>
      <trkpt lat="45.865886" lon="10.797150">
        <ele>490.448000</ele>
        <time>2024-05-08T12:28:58.442Z</time>
      </trkpt>
      <trkpt lat="45.865854" lon="10.797289">
        <ele>489.819121</ele>
        <time>2024-05-08T12:28:59.422Z</time>
      </trkpt>
      <trkpt lat="45.865829" lon="10.797441">
        <ele>489.100980</ele>
        <time>2024-05-08T12:29:00.421Z</time>
      </trkpt>
      <trkpt lat="45.865817" lon="10.797591">
        <ele>488.406729</ele>
        <time>2024-05-08T12:29:01.425Z</time>
      </trkpt>
      <trkpt lat="45.865797" lon="10.797742">
        <ele>487.699969</ele>
        <time>2024-05-08T12:29:02.424Z</time>
      </trkpt>
      <trkpt lat="45.865777" lon="10.797896">
        <ele>486.979652</ele>
        <time>2024-05-08T12:29:03.407Z</time>
      </trkpt>
      <trkpt lat="45.865749" lon="10.798055">
        <ele>486.225539</ele>
        <time>2024-05-08T12:29:04.426Z</time>
      </trkpt>
      <trkpt lat="45.865724" lon="10.798220">
        <ele>485.449100</ele>
        <time>2024-05-08T12:29:05.417Z</time>
      </trkpt>
      <trkpt lat="45.865698" lon="10.798386">
        <ele>484.666745</ele>
        <time>2024-05-08T12:29:06.412Z</time>
      </trkpt>
      <trkpt lat="45.865674" lon="10.798554">
        <ele>483.878175</ele>
        <time>2024-05-08T12:29:07.426Z</time>
      </trkpt>
      <trkpt lat="45.865652" lon="10.798728">
        <ele>483.065024</ele>
        <time>2024-05-08T12:29:08.417Z</time>
      </trkpt>
      <trkpt lat="45.865629" lon="10.798902">
        <ele>482.250666</ele>
        <time>2024-05-08T12:29:09.410Z</time>
      </trkpt>
      <trkpt lat="45.865616" lon="10.799082">
        <ele>481.418566</ele>
        <time>2024-05-08T12:29:10.413Z</time>
      </trkpt>
      <trkpt lat="45.865616" lon="10.799258">
        <ele>480.609299</ele>
        <time>2024-05-08T12:29:11.423Z</time>
      </trkpt>
      <trkpt lat="45.865613" lon="10.799438">
        <ele>479.781403</ele>
        <time>2024-05-08T12:29:12.423Z</time>
      </trkpt>
      <trkpt lat="45.865620" lon="10.799615">
        <ele>478.966226</ele>
        <time>2024-05-08T12:29:13.419Z</time>
      </trkpt>
      <trkpt lat="45.865628" lon="10.799795">
        <ele>478.198775</ele>
        <time>2024-05-08T12:29:14.446Z</time>
      </trkpt>
      <trkpt lat="45.865638" lon="10.799971">
        <ele>477.594874</ele>
        <time>2024-05-08T12:29:15.450Z</time>
      </trkpt>
      <trkpt lat="45.865645" lon="10.800154">
        <ele>476.968090</ele>
        <time>2024-05-08T12:29:16.431Z</time>
      </trkpt>
      <trkpt lat="45.865643" lon="10.800335">
        <ele>476.349012</ele>
        <time>2024-05-08T12:29:17.424Z</time>
      </trkpt>
      <trkpt lat="45.865627" lon="10.800519">
        <ele>475.714864</ele>
        <time>2024-05-08T12:29:18.444Z</time>
      </trkpt>
      <trkpt lat="45.865610" lon="10.800701">
        <ele>475.086869</ele>
        <time>2024-05-08T12:29:19.415Z</time>
      </trkpt>
      <trkpt lat="45.865598" lon="10.800883">
        <ele>474.461664</ele>
        <time>2024-05-08T12:29:20.431Z</time>
      </trkpt>
      <trkpt lat="45.865585" lon="10.801064">
        <ele>473.839379</ele>
        <time>2024-05-08T12:29:21.422Z</time>
      </trkpt>
      <trkpt lat="45.865578" lon="10.801242">
        <ele>473.229668</ele>
        <time>2024-05-08T12:29:22.412Z</time>
      </trkpt>
      <trkpt lat="45.865577" lon="10.801419">
        <ele>472.624326</ele>
        <time>2024-05-08T12:29:23.424Z</time>
      </trkpt>
      <trkpt lat="45.865584" lon="10.801592">
        <ele>472.031686</ele>
        <time>2024-05-08T12:29:24.419Z</time>
      </trkpt>
      <trkpt lat="45.865597" lon="10.801748">
        <ele>471.494376</ele>
        <time>2024-05-08T12:29:25.422Z</time>
      </trkpt>
      <trkpt lat="45.865607" lon="10.801911">
        <ele>470.934774</ele>
        <time>2024-05-08T12:29:26.424Z</time>
      </trkpt>
      <trkpt lat="45.865594" lon="10.802066">
        <ele>470.400859</ele>
        <time>2024-05-08T12:29:27.432Z</time>
      </trkpt>
      <trkpt lat="45.865557" lon="10.802214">
        <ele>469.863083</ele>
        <time>2024-05-08T12:29:28.428Z</time>
      </trkpt>
      <trkpt lat="45.865508" lon="10.802354">
        <ele>469.345661</ele>
        <time>2024-05-08T12:29:29.413Z</time>
      </trkpt>
      <trkpt lat="45.865454" lon="10.802484">
        <ele>468.871833</ele>
        <time>2024-05-08T12:29:30.425Z</time>
      </trkpt>
      <trkpt lat="45.865399" lon="10.802612">
        <ele>468.401026</ele>
        <time>2024-05-08T12:29:31.423Z</time>
      </trkpt>
      <trkpt lat="45.865340" lon="10.802740">
        <ele>467.920533</ele>
        <time>2024-05-08T12:29:32.421Z</time>
      </trkpt>
      <trkpt lat="45.865290" lon="10.802874">
        <ele>467.444660</ele>
        <time>2024-05-08T12:29:33.426Z</time>
      </trkpt>
      <trkpt lat="45.865239" lon="10.803009">
        <ele>466.963899</ele>
        <time>2024-05-08T12:29:34.421Z</time>
      </trkpt>
      <trkpt lat="45.865190" lon="10.803136">
        <ele>466.509418</ele>
        <time>2024-05-08T12:29:35.433Z</time>
      </trkpt>
      <trkpt lat="45.865143" lon="10.803273">
        <ele>466.031358</ele>
        <time>2024-05-08T12:29:36.433Z</time>
      </trkpt>
      <trkpt lat="45.865094" lon="10.803403">
        <ele>465.568640</ele>
        <time>2024-05-08T12:29:37.421Z</time>
      </trkpt>
      <trkpt lat="45.865052" lon="10.803527">
        <ele>465.137010</ele>
        <time>2024-05-08T12:29:38.421Z</time>
      </trkpt>
      <trkpt lat="45.865011" lon="10.803651">
        <ele>464.707328</ele>
        <time>2024-05-08T12:29:39.428Z</time>
      </trkpt>
      <trkpt lat="45.864951" lon="10.803891">
        <ele>463.909123</ele>
        <time>2024-05-08T12:29:41.424Z</time>
      </trkpt>
      <trkpt lat="45.864928" lon="10.804122">
        <ele>463.178684</ele>
        <time>2024-05-08T12:29:43.447Z</time>
      </trkpt>
      <trkpt lat="45.864935" lon="10.804366">
        <ele>462.414258</ele>
        <time>2024-05-08T12:29:45.416Z</time>
      </trkpt>
      <trkpt lat="45.864928" lon="10.804613">
        <ele>461.640449</ele>
        <time>2024-05-08T12:29:47.422Z</time>
      </trkpt>
      <trkpt lat="45.864950" lon="10.804843">
        <ele>460.693743</ele>
        <time>2024-05-08T12:29:49.451Z</time>
      </trkpt>
      <trkpt lat="45.864991" lon="10.805083">
        <ele>459.608496</ele>
        <time>2024-05-08T12:29:51.421Z</time>
      </trkpt>
      <trkpt lat="45.865014" lon="10.805209">
        <ele>459.036454</ele>
        <time>2024-05-08T12:29:52.415Z</time>
      </trkpt>
      <trkpt lat="45.865059" lon="10.805453">
        <ele>457.927950</ele>
        <time>2024-05-08T12:29:54.430Z</time>
      </trkpt>
      <trkpt lat="45.865089" lon="10.805692">
        <ele>456.861435</ele>
        <time>2024-05-08T12:29:56.432Z</time>
      </trkpt>
      <trkpt lat="45.865096" lon="10.805933">
        <ele>455.802132</ele>
        <time>2024-05-08T12:29:58.433Z</time>
      </trkpt>
      <trkpt lat="45.865110" lon="10.806184">
        <ele>454.696302</ele>
        <time>2024-05-08T12:30:00.407Z</time>
      </trkpt>
      <trkpt lat="45.865116" lon="10.806316">
        <ele>454.115374</ele>
        <time>2024-05-08T12:30:01.425Z</time>
      </trkpt>
      <trkpt lat="45.865122" lon="10.806446">
        <ele>453.543210</ele>
        <time>2024-05-08T12:30:02.434Z</time>
      </trkpt>
      <trkpt lat="45.865123" lon="10.806581">
        <ele>452.950306</ele>
        <time>2024-05-08T12:30:03.425Z</time>
      </trkpt>
      <trkpt lat="45.865135" lon="10.806814">
        <ele>451.924263</ele>
        <time>2024-05-08T12:30:05.429Z</time>
      </trkpt>
      <trkpt lat="45.865141" lon="10.807020">
        <ele>451.018797</ele>
        <time>2024-05-08T12:30:07.413Z</time>
      </trkpt>
      <trkpt lat="45.865151" lon="10.807197">
        <ele>450.238925</ele>
        <time>2024-05-08T12:30:09.424Z</time>
      </trkpt>
      <trkpt lat="45.865155" lon="10.807343">
        <ele>449.483165</ele>
        <time>2024-05-08T12:30:11.424Z</time>
      </trkpt>
      <trkpt lat="45.865155" lon="10.807475">
        <ele>448.776043</ele>
        <time>2024-05-08T12:30:13.447Z</time>
      </trkpt>
      <trkpt lat="45.865154" lon="10.807626">
        <ele>447.967103</ele>
        <time>2024-05-08T12:30:16.426Z</time>
      </trkpt>
      <trkpt lat="45.865073" lon="10.807725">
        <ele>447.148842</ele>
        <time>2024-05-08T12:30:21.404Z</time>
      </trkpt>
      <trkpt lat="45.865137" lon="10.807833">
        <ele>446.389149</ele>
        <time>2024-05-08T12:30:37.408Z</time>
      </trkpt>
      <trkpt lat="45.865114" lon="10.807973">
        <ele>445.618582</ele>
        <time>2024-05-08T12:30:40.408Z</time>
      </trkpt>
      <trkpt lat="45.865064" lon="10.808101">
        <ele>444.832370</ele>
        <time>2024-05-08T12:30:42.417Z</time>
      </trkpt>
      <trkpt lat="45.865007" lon="10.808253">
        <ele>443.907543</ele>
        <time>2024-05-08T12:30:44.432Z</time>
      </trkpt>
      <trkpt lat="45.864943" lon="10.808435">
        <ele>442.815307</ele>
        <time>2024-05-08T12:30:46.426Z</time>
      </trkpt>
      <trkpt lat="45.864900" lon="10.808659">
        <ele>441.570577</ele>
        <time>2024-05-08T12:30:48.420Z</time>
      </trkpt>
      <trkpt lat="45.864862" lon="10.808908">
        <ele>440.205025</ele>
        <time>2024-05-08T12:30:50.418Z</time>
      </trkpt>
      <trkpt lat="45.864840" lon="10.809039">
        <ele>439.483137</ele>
        <time>2024-05-08T12:30:51.427Z</time>
      </trkpt>
      <trkpt lat="45.864806" lon="10.809172">
        <ele>438.724161</ele>
        <time>2024-05-08T12:30:52.422Z</time>
      </trkpt>
      <trkpt lat="45.864770" lon="10.809300">
        <ele>437.984647</ele>
        <time>2024-05-08T12:30:53.430Z</time>
      </trkpt>
      <trkpt lat="45.864721" lon="10.809434">
        <ele>437.173851</ele>
        <time>2024-05-08T12:30:54.411Z</time>
      </trkpt>
      <trkpt lat="45.864670" lon="10.809569">
        <ele>436.351083</ele>
        <time>2024-05-08T12:30:55.416Z</time>
      </trkpt>
      <trkpt lat="45.864617" lon="10.809715">
        <ele>435.592931</ele>
        <time>2024-05-08T12:30:56.430Z</time>
      </trkpt>
      <trkpt lat="45.864574" lon="10.809861">
        <ele>434.873538</ele>
        <time>2024-05-08T12:30:57.402Z</time>
      </trkpt>
      <trkpt lat="45.864543" lon="10.810015">
        <ele>434.146050</ele>
        <time>2024-05-08T12:30:58.424Z</time>
      </trkpt>
      <trkpt lat="45.864523" lon="10.810174">
        <ele>433.412807</ele>
        <time>2024-05-08T12:30:59.434Z</time>
      </trkpt>
      <trkpt lat="45.864507" lon="10.810332">
        <ele>432.688238</ele>
        <time>2024-05-08T12:31:00.420Z</time>
      </trkpt>
      <trkpt lat="45.864498" lon="10.810491">
        <ele>431.964293</ele>
        <time>2024-05-08T12:31:01.419Z</time>
      </trkpt>
      <trkpt lat="45.864501" lon="10.810651">
        <ele>431.237926</ele>
        <time>2024-05-08T12:31:02.418Z</time>
      </trkpt>
      <trkpt lat="45.864512" lon="10.810817">
        <ele>430.481190</ele>
        <time>2024-05-08T12:31:03.412Z</time>
      </trkpt>
      <trkpt lat="45.864529" lon="10.810983">
        <ele>429.719755</ele>
        <time>2024-05-08T12:31:04.419Z</time>
      </trkpt>
      <trkpt lat="45.864547" lon="10.811141">
        <ele>428.993196</ele>
        <time>2024-05-08T12:31:05.420Z</time>
      </trkpt>
      <trkpt lat="45.864561" lon="10.811312">
        <ele>428.211828</ele>
        <time>2024-05-08T12:31:06.432Z</time>
      </trkpt>
      <trkpt lat="45.864577" lon="10.811477">
        <ele>427.455810</ele>
        <time>2024-05-08T12:31:07.431Z</time>
      </trkpt>
      <trkpt lat="45.864585" lon="10.811639">
        <ele>426.718784</ele>
        <time>2024-05-08T12:31:08.431Z</time>
      </trkpt>
      <trkpt lat="45.864571" lon="10.811801">
        <ele>425.977966</ele>
        <time>2024-05-08T12:31:09.422Z</time>
      </trkpt>
      <trkpt lat="45.864551" lon="10.811959">
        <ele>425.249189</ele>
        <time>2024-05-08T12:31:10.425Z</time>
      </trkpt>
      <trkpt lat="45.864524" lon="10.812114">
        <ele>424.511203</ele>
        <time>2024-05-08T12:31:11.426Z</time>
      </trkpt>
      <trkpt lat="45.864498" lon="10.812270">
        <ele>423.503504</ele>
        <time>2024-05-08T12:31:12.427Z</time>
      </trkpt>
      <trkpt lat="45.864471" lon="10.812424">
        <ele>422.505856</ele>
        <time>2024-05-08T12:31:13.431Z</time>
      </trkpt>
      <trkpt lat="45.864449" lon="10.812563">
        <ele>421.610361</ele>
        <time>2024-05-08T12:31:14.422Z</time>
      </trkpt>
      <trkpt lat="45.864420" lon="10.812781">
        <ele>420.216080</ele>
        <time>2024-05-08T12:31:16.427Z</time>
      </trkpt>
      <trkpt lat="45.864391" lon="10.812908">
        <ele>419.376441</ele>
        <time>2024-05-08T12:31:18.426Z</time>
      </trkpt>
      <trkpt lat="45.864307" lon="10.812996">
        <ele>418.438416</ele>
        <time>2024-05-08T12:31:20.417Z</time>
      </trkpt>
      <trkpt lat="45.864195" lon="10.813029">
        <ele>417.406961</ele>
        <time>2024-05-08T12:31:22.423Z</time>
      </trkpt>
      <trkpt lat="45.864095" lon="10.813090">
        <ele>416.426795</ele>
        <time>2024-05-08T12:31:24.434Z</time>
      </trkpt>
      <trkpt lat="45.864018" lon="10.813204">
        <ele>415.429073</ele>
        <time>2024-05-08T12:31:26.416Z</time>
      </trkpt>
      <trkpt lat="45.863984" lon="10.813357">
        <ele>414.420135</ele>
        <time>2024-05-08T12:31:28.413Z</time>
      </trkpt>
      <trkpt lat="45.863966" lon="10.813524">
        <ele>413.358509</ele>
        <time>2024-05-08T12:31:30.406Z</time>
      </trkpt>
      <trkpt lat="45.863953" lon="10.813691">
        <ele>412.302840</ele>
        <time>2024-05-08T12:31:32.435Z</time>
      </trkpt>
      <trkpt lat="45.863952" lon="10.813851">
        <ele>411.297641</ele>
        <time>2024-05-08T12:31:34.428Z</time>
      </trkpt>
      <trkpt lat="45.863947" lon="10.813998">
        <ele>410.373051</ele>
        <time>2024-05-08T12:31:36.416Z</time>
      </trkpt>
      <trkpt lat="45.863928" lon="10.814139">
        <ele>409.470823</ele>
        <time>2024-05-08T12:31:38.419Z</time>
      </trkpt>
      <trkpt lat="45.863894" lon="10.814304">
        <ele>408.389822</ele>
        <time>2024-05-08T12:31:40.422Z</time>
      </trkpt>
      <trkpt lat="45.863827" lon="10.814480">
        <ele>407.058694</ele>
        <time>2024-05-08T12:31:42.422Z</time>
      </trkpt>
      <trkpt lat="45.863764" lon="10.814690">
        <ele>405.537289</ele>
        <time>2024-05-08T12:31:44.425Z</time>
      </trkpt>
      <trkpt lat="45.863722" lon="10.814947">
        <ele>403.780853</ele>
        <time>2024-05-08T12:31:46.432Z</time>
      </trkpt>
      <trkpt lat="45.863706" lon="10.815091">
        <ele>402.810613</ele>
        <time>2024-05-08T12:31:47.421Z</time>
      </trkpt>
      <trkpt lat="45.863685" lon="10.815246">
        <ele>401.759964</ele>
        <time>2024-05-08T12:31:48.417Z</time>
      </trkpt>
      <trkpt lat="45.863666" lon="10.815403">
        <ele>400.699689</ele>
        <time>2024-05-08T12:31:49.438Z</time>
      </trkpt>
      <trkpt lat="45.863654" lon="10.815574">
        <ele>399.556156</ele>
        <time>2024-05-08T12:31:50.440Z</time>
      </trkpt>
      <trkpt lat="45.863649" lon="10.815748">
        <ele>398.397441</ele>
        <time>2024-05-08T12:31:51.443Z</time>
      </trkpt>
      <trkpt lat="45.863660" lon="10.815924">
        <ele>397.221696</ele>
        <time>2024-05-08T12:31:52.426Z</time>
      </trkpt>
      <trkpt lat="45.863688" lon="10.816104">
        <ele>395.994527</ele>
        <time>2024-05-08T12:31:53.405Z</time>
      </trkpt>
      <trkpt lat="45.863725" lon="10.816287">
        <ele>394.726631</ele>
        <time>2024-05-08T12:31:54.412Z</time>
      </trkpt>
      <trkpt lat="45.863776" lon="10.816458">
        <ele>393.488904</ele>
        <time>2024-05-08T12:31:55.428Z</time>
      </trkpt>
      <trkpt lat="45.863832" lon="10.816612">
        <ele>392.332957</ele>
        <time>2024-05-08T12:31:56.429Z</time>
      </trkpt>
      <trkpt lat="45.863881" lon="10.816739">
        <ele>391.366917</ele>
        <time>2024-05-08T12:31:57.420Z</time>
      </trkpt>
      <trkpt lat="45.863946" lon="10.816988">
        <ele>389.233383</ele>
        <time>2024-05-08T12:31:59.426Z</time>
      </trkpt>
      <trkpt lat="45.863950" lon="10.817133">
        <ele>388.040700</ele>
        <time>2024-05-08T12:32:00.422Z</time>
      </trkpt>
      <trkpt lat="45.863954" lon="10.817278">
        <ele>386.848017</ele>
        <time>2024-05-08T12:32:01.422Z</time>
      </trkpt>
      <trkpt lat="45.863955" lon="10.817438">
        <ele>385.532932</ele>
        <time>2024-05-08T12:32:02.432Z</time>
      </trkpt>
      <trkpt lat="45.863957" lon="10.817593">
        <ele>384.258776</ele>
        <time>2024-05-08T12:32:03.435Z</time>
      </trkpt>
      <trkpt lat="45.863960" lon="10.817734">
        <ele>383.099363</ele>
        <time>2024-05-08T12:32:04.424Z</time>
      </trkpt>
      <trkpt lat="45.863963" lon="10.817867">
        <ele>382.005669</ele>
        <time>2024-05-08T12:32:05.418Z</time>
      </trkpt>
      <trkpt lat="45.863964" lon="10.818007">
        <ele>380.854955</ele>
        <time>2024-05-08T12:32:06.437Z</time>
      </trkpt>
      <trkpt lat="45.863963" lon="10.818145">
        <ele>379.720679</ele>
        <time>2024-05-08T12:32:07.432Z</time>
      </trkpt>
      <trkpt lat="45.863961" lon="10.818289">
        <ele>378.536914</ele>
        <time>2024-05-08T12:32:08.439Z</time>
      </trkpt>
      <trkpt lat="45.863958" lon="10.818426">
        <ele>377.410361</ele>
        <time>2024-05-08T12:32:09.424Z</time>
      </trkpt>
      <trkpt lat="45.863958" lon="10.818649">
        <ele>375.577535</ele>
        <time>2024-05-08T12:32:11.419Z</time>
      </trkpt>
      <trkpt lat="45.863950" lon="10.818803">
        <ele>374.308299</ele>
        <time>2024-05-08T12:32:13.417Z</time>
      </trkpt>
      <trkpt lat="45.864046" lon="10.818771">
        <ele>373.145120</ele>
        <time>2024-05-08T12:32:34.415Z</time>
      </trkpt>
      <trkpt lat="45.864087" lon="10.818650">
        <ele>372.039145</ele>
        <time>2024-05-08T12:32:39.420Z</time>
      </trkpt>
      <trkpt lat="45.864095" lon="10.818502">
        <ele>370.819084</ele>
        <time>2024-05-08T12:32:44.426Z</time>
      </trkpt>
      <trkpt lat="45.864153" lon="10.818353">
        <ele>369.825056</ele>
        <time>2024-05-08T12:32:48.407Z</time>
      </trkpt>
      <trkpt lat="45.864204" lon="10.818171">
        <ele>369.529385</ele>
        <time>2024-05-08T12:32:51.432Z</time>
      </trkpt>
      <trkpt lat="45.864209" lon="10.818021">
        <ele>369.303058</ele>
        <time>2024-05-08T12:32:53.412Z</time>
      </trkpt>
      <trkpt lat="45.864243" lon="10.817846">
        <ele>369.029240</ele>
        <time>2024-05-08T12:32:56.424Z</time>
      </trkpt>
      <trkpt lat="45.864329" lon="10.817748">
        <ele>368.791631</ele>
        <time>2024-05-08T12:33:00.433Z</time>
      </trkpt>
      <trkpt lat="45.864441" lon="10.817769">
        <ele>368.547174</ele>
        <time>2024-05-08T12:33:04.444Z</time>
      </trkpt>
      <trkpt lat="45.864496" lon="10.817904">
        <ele>368.311451</ele>
        <time>2024-05-08T12:33:09.414Z</time>
      </trkpt>
      <trkpt lat="45.864543" lon="10.818023">
        <ele>368.105267</ele>
        <time>2024-05-08T12:33:15.412Z</time>
      </trkpt>
      <trkpt lat="45.864636" lon="10.818011">
        <ele>367.903178</ele>
        <time>2024-05-08T12:33:23.425Z</time>
      </trkpt>
      <trkpt lat="45.864726" lon="10.818169">
        <ele>367.595536</ele>
        <time>2024-05-08T12:33:49.416Z</time>
      </trkpt>
      <trkpt lat="45.864769" lon="10.818296">
        <ele>367.382709</ele>
        <time>2024-05-08T12:33:52.430Z</time>
      </trkpt>
      <trkpt lat="45.864850" lon="10.818419">
        <ele>367.127570</ele>
        <time>2024-05-08T12:33:57.416Z</time>
      </trkpt>
      <trkpt lat="45.864925" lon="10.818526">
        <ele>366.898763</ele>
        <time>2024-05-08T12:34:00.417Z</time>
      </trkpt>
      <trkpt lat="45.864996" lon="10.818611">
        <ele>366.698706</ele>
        <time>2024-05-08T12:34:04.415Z</time>
      </trkpt>
      <trkpt lat="45.865071" lon="10.818693">
        <ele>366.494695</ele>
        <time>2024-05-08T12:34:09.424Z</time>
      </trkpt>
      <trkpt lat="45.865134" lon="10.818809">
        <ele>366.272987</ele>
        <time>2024-05-08T12:34:15.422Z</time>
      </trkpt>
      <trkpt lat="45.865209" lon="10.818902">
        <ele>366.058528</ele>
        <time>2024-05-08T12:34:20.440Z</time>
      </trkpt>
      <trkpt lat="45.865285" lon="10.818994">
        <ele>366.403281</ele>
        <time>2024-05-08T12:34:25.427Z</time>
      </trkpt>
      <trkpt lat="45.865328" lon="10.819144">
        <ele>366.916188</ele>
        <time>2024-05-08T12:34:30.426Z</time>
      </trkpt>
      <trkpt lat="45.865307" lon="10.819298">
        <ele>367.412375</ele>
        <time>2024-05-08T12:34:35.408Z</time>
      </trkpt>
      <trkpt lat="45.865269" lon="10.819417">
        <ele>367.826322</ele>
        <time>2024-05-08T12:34:40.407Z</time>
      </trkpt>
      <trkpt lat="45.865240" lon="10.819561">
        <ele>368.300300</ele>
        <time>2024-05-08T12:34:46.403Z</time>
      </trkpt>
      <trkpt lat="45.865273" lon="10.819704">
        <ele>368.776639</ele>
        <time>2024-05-08T12:34:53.427Z</time>
      </trkpt>
      <trkpt lat="45.865331" lon="10.819821">
        <ele>369.230754</ele>
        <time>2024-05-08T12:34:59.425Z</time>
      </trkpt>
      <trkpt lat="45.865319" lon="10.819969">
        <ele>369.701882</ele>
        <time>2024-05-08T12:35:05.415Z</time>
      </trkpt>
      <trkpt lat="45.865303" lon="10.820099">
        <ele>370.119304</ele>
        <time>2024-05-08T12:35:11.411Z</time>
      </trkpt>
      <trkpt lat="45.865298" lon="10.820233">
        <ele>370.543611</ele>
        <time>2024-05-08T12:35:17.410Z</time>
      </trkpt>
      <trkpt lat="45.865297" lon="10.820368">
        <ele>370.970496</ele>
        <time>2024-05-08T12:35:24.416Z</time>
      </trkpt>
      <trkpt lat="45.865310" lon="10.820509">
        <ele>371.420220</ele>
        <time>2024-05-08T12:35:30.422Z</time>
      </trkpt>
      <trkpt lat="45.865296" lon="10.820652">
        <ele>371.876823</ele>
        <time>2024-05-08T12:35:34.439Z</time>
      </trkpt>
      <trkpt lat="45.865259" lon="10.820795">
        <ele>372.359184</ele>
        <time>2024-05-08T12:35:37.422Z</time>
      </trkpt>
      <trkpt lat="45.865158" lon="10.820903">
        <ele>372.930973</ele>
        <time>2024-05-08T12:35:39.420Z</time>
      </trkpt>
      <trkpt lat="45.865086" lon="10.820991">
        <ele>373.360286</ele>
        <time>2024-05-08T12:35:41.417Z</time>
      </trkpt>
      <trkpt lat="45.865016" lon="10.821104">
        <ele>373.838504</ele>
        <time>2024-05-08T12:35:43.433Z</time>
      </trkpt>
      <trkpt lat="45.864956" lon="10.821213">
        <ele>374.096566</ele>
        <time>2024-05-08T12:35:45.411Z</time>
      </trkpt>
      <trkpt lat="45.864894" lon="10.821348">
        <ele>373.536857</ele>
        <time>2024-05-08T12:35:47.423Z</time>
      </trkpt>
      <trkpt lat="45.864836" lon="10.821488">
        <ele>372.973040</ele>
        <time>2024-05-08T12:35:49.426Z</time>
      </trkpt>
      <trkpt lat="45.864787" lon="10.821635">
        <ele>372.408979</ele>
        <time>2024-05-08T12:35:51.438Z</time>
      </trkpt>
      <trkpt lat="45.864735" lon="10.821795">
        <ele>371.797866</ele>
        <time>2024-05-08T12:35:53.428Z</time>
      </trkpt>
      <trkpt lat="45.864683" lon="10.821951">
        <ele>371.199269</ele>
        <time>2024-05-08T12:35:55.443Z</time>
      </trkpt>
      <trkpt lat="45.864640" lon="10.822127">
        <ele>370.553717</ele>
        <time>2024-05-08T12:35:57.445Z</time>
      </trkpt>
      <trkpt lat="45.864607" lon="10.822310">
        <ele>369.899449</ele>
        <time>2024-05-08T12:35:59.406Z</time>
      </trkpt>
      <trkpt lat="45.864586" lon="10.822497">
        <ele>369.243867</ele>
        <time>2024-05-08T12:36:01.419Z</time>
      </trkpt>
      <trkpt lat="45.864560" lon="10.822660">
        <ele>368.665101</ele>
        <time>2024-05-08T12:36:03.423Z</time>
      </trkpt>
      <trkpt lat="45.864524" lon="10.822810">
        <ele>368.115970</ele>
        <time>2024-05-08T12:36:05.426Z</time>
      </trkpt>
      <trkpt lat="45.864478" lon="10.822965">
        <ele>367.532816</ele>
        <time>2024-05-08T12:36:07.425Z</time>
      </trkpt>
      <trkpt lat="45.864418" lon="10.823121">
        <ele>366.916005</ele>
        <time>2024-05-08T12:36:09.437Z</time>
      </trkpt>
      <trkpt lat="45.864360" lon="10.823274">
        <ele>366.313078</ele>
        <time>2024-05-08T12:36:11.422Z</time>
      </trkpt>
      <trkpt lat="45.864305" lon="10.823390">
        <ele>365.827363</ele>
        <time>2024-05-08T12:36:13.421Z</time>
      </trkpt>
      <trkpt lat="45.864250" lon="10.823529">
        <ele>365.274031</ele>
        <time>2024-05-08T12:36:15.429Z</time>
      </trkpt>
      <trkpt lat="45.864206" lon="10.823671">
        <ele>364.618865</ele>
        <time>2024-05-08T12:36:17.433Z</time>
      </trkpt>
      <trkpt lat="45.864169" lon="10.823817">
        <ele>363.958829</ele>
        <time>2024-05-08T12:36:19.421Z</time>
      </trkpt>
      <trkpt lat="45.864140" lon="10.823975">
        <ele>363.264685</ele>
        <time>2024-05-08T12:36:21.425Z</time>
      </trkpt>
      <trkpt lat="45.864106" lon="10.824138">
        <ele>362.541826</ele>
        <time>2024-05-08T12:36:23.426Z</time>
      </trkpt>
      <trkpt lat="45.864076" lon="10.824321">
        <ele>361.743148</ele>
        <time>2024-05-08T12:36:25.421Z</time>
      </trkpt>
      <trkpt lat="45.864042" lon="10.824489">
        <ele>360.999916</ele>
        <time>2024-05-08T12:36:27.414Z</time>
      </trkpt>
      <trkpt lat="45.864011" lon="10.824666">
        <ele>360.224561</ele>
        <time>2024-05-08T12:36:29.419Z</time>
      </trkpt>
      <trkpt lat="45.863974" lon="10.824838">
        <ele>359.459794</ele>
        <time>2024-05-08T12:36:31.425Z</time>
      </trkpt>
      <trkpt lat="45.863943" lon="10.824994">
        <ele>358.770613</ele>
        <time>2024-05-08T12:36:33.429Z</time>
      </trkpt>
      <trkpt lat="45.863906" lon="10.825153">
        <ele>358.058426</ele>
        <time>2024-05-08T12:36:36.422Z</time>
      </trkpt>
      <trkpt lat="45.863872" lon="10.825273">
        <ele>357.508055</ele>
        <time>2024-05-08T12:36:41.417Z</time>
      </trkpt>
      <trkpt lat="45.863804" lon="10.825361">
        <ele>356.949617</ele>
        <time>2024-05-08T12:36:52.411Z</time>
      </trkpt>
      <trkpt lat="45.863453" lon="10.825966">
        <ele>353.708908</ele>
        <time>2024-05-08T12:37:43.393Z</time>
      </trkpt>
      <trkpt lat="45.863374" lon="10.826123">
        <ele>353.013650</ele>
        <time>2024-05-08T12:37:45.392Z</time>
      </trkpt>
      <trkpt lat="45.863318" lon="10.826263">
        <ele>352.434132</ele>
        <time>2024-05-08T12:37:47.394Z</time>
      </trkpt>
      <trkpt lat="45.863263" lon="10.826400">
        <ele>351.866518</ele>
        <time>2024-05-08T12:37:49.396Z</time>
      </trkpt>
      <trkpt lat="45.863225" lon="10.826547">
        <ele>351.303693</ele>
        <time>2024-05-08T12:37:51.398Z</time>
      </trkpt>
      <trkpt lat="45.863179" lon="10.826703">
        <ele>350.695613</ele>
        <time>2024-05-08T12:37:53.393Z</time>
      </trkpt>
      <trkpt lat="45.863155" lon="10.826868">
        <ele>350.090578</ele>
        <time>2024-05-08T12:37:55.394Z</time>
      </trkpt>
      <trkpt lat="45.863149" lon="10.827035">
        <ele>349.490348</ele>
        <time>2024-05-08T12:37:57.405Z</time>
      </trkpt>
      <trkpt lat="45.863175" lon="10.827196">
        <ele>348.897116</ele>
        <time>2024-05-08T12:37:59.406Z</time>
      </trkpt>
      <trkpt lat="45.863224" lon="10.827343">
        <ele>348.312139</ele>
        <time>2024-05-08T12:38:01.403Z</time>
      </trkpt>
      <trkpt lat="45.863283" lon="10.827496">
        <ele>347.684379</ele>
        <time>2024-05-08T12:38:03.407Z</time>
      </trkpt>
      <trkpt lat="45.863292" lon="10.827637">
        <ele>347.176151</ele>
        <time>2024-05-08T12:38:05.400Z</time>
      </trkpt>
      <trkpt lat="45.863255" lon="10.827770">
        <ele>346.662075</ele>
        <time>2024-05-08T12:38:07.400Z</time>
      </trkpt>
      <trkpt lat="45.863174" lon="10.827936">
        <ele>345.934516</ele>
        <time>2024-05-08T12:38:09.404Z</time>
      </trkpt>
      <trkpt lat="45.863073" lon="10.828069">
        <ele>345.228169</ele>
        <time>2024-05-08T12:38:11.397Z</time>
      </trkpt>
      <trkpt lat="45.862960" lon="10.828182">
        <ele>344.487116</ele>
        <time>2024-05-08T12:38:13.397Z</time>
      </trkpt>
      <trkpt lat="45.862836" lon="10.828278">
        <ele>343.714570</ele>
        <time>2024-05-08T12:38:15.408Z</time>
      </trkpt>
      <trkpt lat="45.862685" lon="10.828332">
        <ele>342.861197</ele>
        <time>2024-05-08T12:38:17.404Z</time>
      </trkpt>
      <trkpt lat="45.862544" lon="10.828368">
        <ele>342.075828</ele>
        <time>2024-05-08T12:38:19.404Z</time>
      </trkpt>
      <trkpt lat="45.862414" lon="10.828401">
        <ele>341.351857</ele>
        <time>2024-05-08T12:38:21.403Z</time>
      </trkpt>
      <trkpt lat="45.862307" lon="10.828472">
        <ele>340.705453</ele>
        <time>2024-05-08T12:38:23.405Z</time>
      </trkpt>
      <trkpt lat="45.862249" lon="10.828576">
        <ele>340.196616</ele>
        <time>2024-05-08T12:38:25.400Z</time>
      </trkpt>
      <trkpt lat="45.862206" lon="10.828746">
        <ele>339.505891</ele>
        <time>2024-05-08T12:38:28.396Z</time>
      </trkpt>
      <trkpt lat="45.862225" lon="10.828910">
        <ele>338.870972</ele>
        <time>2024-05-08T12:38:31.407Z</time>
      </trkpt>
      <trkpt lat="45.862266" lon="10.829044">
        <ele>338.312014</ele>
        <time>2024-05-08T12:38:33.404Z</time>
      </trkpt>
      <trkpt lat="45.862324" lon="10.829199">
        <ele>337.640031</ele>
        <time>2024-05-08T12:38:35.405Z</time>
      </trkpt>
      <trkpt lat="45.862370" lon="10.829321">
        <ele>337.110208</ele>
        <time>2024-05-08T12:38:37.408Z</time>
      </trkpt>
      <trkpt lat="45.862426" lon="10.829447">
        <ele>336.539371</ele>
        <time>2024-05-08T12:38:41.397Z</time>
      </trkpt>
      <trkpt lat="45.862769" lon="10.829737">
        <ele>334.195357</ele>
        <time>2024-05-08T12:40:58.402Z</time>
      </trkpt>
      <trkpt lat="45.862788" lon="10.829924">
        <ele>333.325937</ele>
        <time>2024-05-08T12:41:00.403Z</time>
      </trkpt>
      <trkpt lat="45.862802" lon="10.830105">
        <ele>332.488109</ele>
        <time>2024-05-08T12:41:02.405Z</time>
      </trkpt>
      <trkpt lat="45.862818" lon="10.830286">
        <ele>331.648720</ele>
        <time>2024-05-08T12:41:04.390Z</time>
      </trkpt>
      <trkpt lat="45.862828" lon="10.830463">
        <ele>330.831740</ele>
        <time>2024-05-08T12:41:06.397Z</time>
      </trkpt>
      <trkpt lat="45.862808" lon="10.830621">
        <ele>330.092936</ele>
        <time>2024-05-08T12:41:08.416Z</time>
      </trkpt>
      <trkpt lat="45.862756" lon="10.830791">
        <ele>329.238712</ele>
        <time>2024-05-08T12:41:10.467Z</time>
      </trkpt>
      <trkpt lat="45.862722" lon="10.830937">
        <ele>328.530462</ele>
        <time>2024-05-08T12:41:12.399Z</time>
      </trkpt>
      <trkpt lat="45.862694" lon="10.831118">
        <ele>327.677455</ele>
        <time>2024-05-08T12:41:14.403Z</time>
      </trkpt>
      <trkpt lat="45.862682" lon="10.831317">
        <ele>326.758509</ele>
        <time>2024-05-08T12:41:16.400Z</time>
      </trkpt>
      <trkpt lat="45.862685" lon="10.831523">
        <ele>325.810578</ele>
        <time>2024-05-08T12:41:18.431Z</time>
      </trkpt>
      <trkpt lat="45.862681" lon="10.831722">
        <ele>324.894677</ele>
        <time>2024-05-08T12:41:20.413Z</time>
      </trkpt>
      <trkpt lat="45.862674" lon="10.831903">
        <ele>324.060685</ele>
        <time>2024-05-08T12:41:22.405Z</time>
      </trkpt>
      <trkpt lat="45.862692" lon="10.832075">
        <ele>323.260444</ele>
        <time>2024-05-08T12:41:24.411Z</time>
      </trkpt>
      <trkpt lat="45.862745" lon="10.832230">
        <ele>322.420722</ele>
        <time>2024-05-08T12:41:26.409Z</time>
      </trkpt>
      <trkpt lat="45.862781" lon="10.832369">
        <ele>321.699536</ele>
        <time>2024-05-08T12:41:28.406Z</time>
      </trkpt>
      <trkpt lat="45.862690" lon="10.832431">
        <ele>320.996167</ele>
        <time>2024-05-08T12:41:31.397Z</time>
      </trkpt>
      <trkpt lat="45.862652" lon="10.832313">
        <ele>320.363951</ele>
        <time>2024-05-08T12:41:33.404Z</time>
      </trkpt>
      <trkpt lat="45.862620" lon="10.832171">
        <ele>319.638153</ele>
        <time>2024-05-08T12:41:35.401Z</time>
      </trkpt>
      <trkpt lat="45.862589" lon="10.832005">
        <ele>318.802378</ele>
        <time>2024-05-08T12:41:37.400Z</time>
      </trkpt>
      <trkpt lat="45.862567" lon="10.831817">
        <ele>317.875321</ele>
        <time>2024-05-08T12:41:39.416Z</time>
      </trkpt>
      <trkpt lat="45.862550" lon="10.831611">
        <ele>316.866539</ele>
        <time>2024-05-08T12:41:41.431Z</time>
      </trkpt>
      <trkpt lat="45.862527" lon="10.831384">
        <ele>315.751021</ele>
        <time>2024-05-08T12:41:43.431Z</time>
      </trkpt>
      <trkpt lat="45.862508" lon="10.831146">
        <ele>314.586052</ele>
        <time>2024-05-08T12:41:45.395Z</time>
      </trkpt>
      <trkpt lat="45.862517" lon="10.830919">
        <ele>313.480369</ele>
        <time>2024-05-08T12:41:47.410Z</time>
      </trkpt>
      <trkpt lat="45.862570" lon="10.830703">
        <ele>312.366669</ele>
        <time>2024-05-08T12:41:49.398Z</time>
      </trkpt>
      <trkpt lat="45.862649" lon="10.830552">
        <ele>311.448219</ele>
        <time>2024-05-08T12:41:51.419Z</time>
      </trkpt>
      <trkpt lat="45.862707" lon="10.830428">
        <ele>310.721814</ele>
        <time>2024-05-08T12:41:53.407Z</time>
      </trkpt>
      <trkpt lat="45.862677" lon="10.830275">
        <ele>309.963658</ele>
        <time>2024-05-08T12:41:56.404Z</time>
      </trkpt>
      <trkpt lat="45.862567" lon="10.830356">
        <ele>309.117393</ele>
        <time>2024-05-08T12:41:58.414Z</time>
      </trkpt>
      <trkpt lat="45.862518" lon="10.830503">
        <ele>308.340462</ele>
        <time>2024-05-08T12:42:00.418Z</time>
      </trkpt>
      <trkpt lat="45.862470" lon="10.830666">
        <ele>307.496779</ele>
        <time>2024-05-08T12:42:02.401Z</time>
      </trkpt>
      <trkpt lat="45.862427" lon="10.830859">
        <ele>306.530755</ele>
        <time>2024-05-08T12:42:04.407Z</time>
      </trkpt>
      <trkpt lat="45.862391" lon="10.831067">
        <ele>305.508998</ele>
        <time>2024-05-08T12:42:06.425Z</time>
      </trkpt>
      <trkpt lat="45.862369" lon="10.831306">
        <ele>304.359711</ele>
        <time>2024-05-08T12:42:08.432Z</time>
      </trkpt>
      <trkpt lat="45.862342" lon="10.831560">
        <ele>303.134800</ele>
        <time>2024-05-08T12:42:10.415Z</time>
      </trkpt>
      <trkpt lat="45.862354" lon="10.831805">
        <ele>301.963934</ele>
        <time>2024-05-08T12:42:12.417Z</time>
      </trkpt>
      <trkpt lat="45.862386" lon="10.831928">
        <ele>301.337976</ele>
        <time>2024-05-08T12:42:13.401Z</time>
      </trkpt>
      <trkpt lat="45.862423" lon="10.832092">
        <ele>300.516139</ele>
        <time>2024-05-08T12:42:15.415Z</time>
      </trkpt>
      <trkpt lat="45.862436" lon="10.832252">
        <ele>299.748203</ele>
        <time>2024-05-08T12:42:17.412Z</time>
      </trkpt>
      <trkpt lat="45.862339" lon="10.832236">
        <ele>299.079800</ele>
        <time>2024-05-08T12:42:19.411Z</time>
      </trkpt>
      <trkpt lat="45.862294" lon="10.832101">
        <ele>298.376043</ele>
        <time>2024-05-08T12:42:21.408Z</time>
      </trkpt>
      <trkpt lat="45.862266" lon="10.831938">
        <ele>297.933789</ele>
        <time>2024-05-08T12:42:23.421Z</time>
      </trkpt>
      <trkpt lat="45.862246" lon="10.831751">
        <ele>297.435408</ele>
        <time>2024-05-08T12:42:25.412Z</time>
      </trkpt>
      <trkpt lat="45.862203" lon="10.831551">
        <ele>296.884019</ele>
        <time>2024-05-08T12:42:27.418Z</time>
      </trkpt>
      <trkpt lat="45.862179" lon="10.831332">
        <ele>296.300017</ele>
        <time>2024-05-08T12:42:29.408Z</time>
      </trkpt>
      <trkpt lat="45.862177" lon="10.831071">
        <ele>295.612435</ele>
        <time>2024-05-08T12:42:31.416Z</time>
      </trkpt>
      <trkpt lat="45.862184" lon="10.830930">
        <ele>295.240062</ele>
        <time>2024-05-08T12:42:32.411Z</time>
      </trkpt>
      <trkpt lat="45.862202" lon="10.830803">
        <ele>294.898653</ele>
        <time>2024-05-08T12:42:33.418Z</time>
      </trkpt>
      <trkpt lat="45.862231" lon="10.830675">
        <ele>294.544072</ele>
        <time>2024-05-08T12:42:34.415Z</time>
      </trkpt>
      <trkpt lat="45.862319" lon="10.830472">
        <ele>293.914174</ele>
        <time>2024-05-08T12:42:36.405Z</time>
      </trkpt>
      <trkpt lat="45.862384" lon="10.830309">
        <ele>293.419375</ele>
        <time>2024-05-08T12:42:38.407Z</time>
      </trkpt>
      <trkpt lat="45.862440" lon="10.830188">
        <ele>293.036659</ele>
        <time>2024-05-08T12:42:40.462Z</time>
      </trkpt>
      <trkpt lat="45.862499" lon="10.830062">
        <ele>292.636687</ele>
        <time>2024-05-08T12:42:43.415Z</time>
      </trkpt>
      <trkpt lat="45.862456" lon="10.829945">
        <ele>292.288192</ele>
        <time>2024-05-08T12:42:47.405Z</time>
      </trkpt>
      <trkpt lat="45.862310" lon="10.829520">
        <ele>292.023759</ele>
        <time>2024-05-08T12:44:08.420Z</time>
      </trkpt>
      <trkpt lat="45.862268" lon="10.829398">
        <ele>292.313154</ele>
        <time>2024-05-08T12:44:11.411Z</time>
      </trkpt>
      <trkpt lat="45.862212" lon="10.829274">
        <ele>292.627425</ele>
        <time>2024-05-08T12:44:14.393Z</time>
      </trkpt>
      <trkpt lat="45.862139" lon="10.829175">
        <ele>292.934028</ele>
        <time>2024-05-08T12:44:17.405Z</time>
      </trkpt>
      <trkpt lat="45.862068" lon="10.829077">
        <ele>293.234744</ele>
        <time>2024-05-08T12:44:20.418Z</time>
      </trkpt>
      <trkpt lat="45.862016" lon="10.828956">
        <ele>293.537094</ele>
        <time>2024-05-08T12:44:23.416Z</time>
      </trkpt>
      <trkpt lat="45.862002" lon="10.828818">
        <ele>293.833641</ele>
        <time>2024-05-08T12:44:26.411Z</time>
      </trkpt>
      <trkpt lat="45.862011" lon="10.828657">
        <ele>294.177100</ele>
        <time>2024-05-08T12:44:29.418Z</time>
      </trkpt>
      <trkpt lat="45.862019" lon="10.828505">
        <ele>294.501242</ele>
        <time>2024-05-08T12:44:32.409Z</time>
      </trkpt>
      <trkpt lat="45.861998" lon="10.828359">
        <ele>294.818256</ele>
        <time>2024-05-08T12:44:35.414Z</time>
      </trkpt>
      <trkpt lat="45.861926" lon="10.828243">
        <ele>295.148682</ele>
        <time>2024-05-08T12:44:38.406Z</time>
      </trkpt>
      <trkpt lat="45.861860" lon="10.828146">
        <ele>295.437059</ele>
        <time>2024-05-08T12:44:43.408Z</time>
      </trkpt>
      <trkpt lat="45.861771" lon="10.828115">
        <ele>295.716704</ele>
        <time>2024-05-08T12:44:54.400Z</time>
      </trkpt>
      <trkpt lat="45.861697" lon="10.828218">
        <ele>296.031395</ele>
        <time>2024-05-08T12:44:59.417Z</time>
      </trkpt>
      <trkpt lat="45.861626" lon="10.828297">
        <ele>296.305664</ele>
        <time>2024-05-08T12:45:03.406Z</time>
      </trkpt>
      <trkpt lat="45.861548" lon="10.828396">
        <ele>296.623542</ele>
        <time>2024-05-08T12:45:08.424Z</time>
      </trkpt>
      <trkpt lat="45.861367" lon="10.828769">
        <ele>299.133029</ele>
        <time>2024-05-08T12:47:16.402Z</time>
      </trkpt>
      <trkpt lat="45.861282" lon="10.828845">
        <ele>300.356851</ele>
        <time>2024-05-08T12:47:22.412Z</time>
      </trkpt>
      <trkpt lat="45.861204" lon="10.828939">
        <ele>301.601432</ele>
        <time>2024-05-08T12:47:29.416Z</time>
      </trkpt>
      <trkpt lat="45.861175" lon="10.829073">
        <ele>302.795786</ele>
        <time>2024-05-08T12:47:35.419Z</time>
      </trkpt>
      <trkpt lat="45.861156" lon="10.829209">
        <ele>303.976421</ele>
        <time>2024-05-08T12:47:42.413Z</time>
      </trkpt>
      <trkpt lat="45.861092" lon="10.829308">
        <ele>305.126169</ele>
        <time>2024-05-08T12:47:48.398Z</time>
      </trkpt>
      <trkpt lat="45.861004" lon="10.829382">
        <ele>306.372580</ele>
        <time>2024-05-08T12:47:54.407Z</time>
      </trkpt>
      <trkpt lat="45.860910" lon="10.829451">
        <ele>307.662878</ele>
        <time>2024-05-08T12:48:00.399Z</time>
      </trkpt>
      <trkpt lat="45.860829" lon="10.829541">
        <ele>308.914647</ele>
        <time>2024-05-08T12:48:06.413Z</time>
      </trkpt>
      <trkpt lat="45.860784" lon="10.829677">
        <ele>310.196243</ele>
        <time>2024-05-08T12:48:12.415Z</time>
      </trkpt>
      <trkpt lat="45.860734" lon="10.829794">
        <ele>311.364658</ele>
        <time>2024-05-08T12:48:18.418Z</time>
      </trkpt>
      <trkpt lat="45.860683" lon="10.829924">
        <ele>312.634662</ele>
        <time>2024-05-08T12:48:25.409Z</time>
      </trkpt>
      <trkpt lat="45.860629" lon="10.830034">
        <ele>313.780184</ele>
        <time>2024-05-08T12:48:31.413Z</time>
      </trkpt>
      <trkpt lat="45.860558" lon="10.830120">
        <ele>314.915466</ele>
        <time>2024-05-08T12:48:37.418Z</time>
      </trkpt>
      <trkpt lat="45.860468" lon="10.830133">
        <ele>316.021018</ele>
        <time>2024-05-08T12:48:44.417Z</time>
      </trkpt>
      <trkpt lat="45.860366" lon="10.830127">
        <ele>317.268731</ele>
        <time>2024-05-08T12:48:51.412Z</time>
      </trkpt>
      <trkpt lat="45.860277" lon="10.830184">
        <ele>318.459801</ele>
        <time>2024-05-08T12:48:58.413Z</time>
      </trkpt>
      <trkpt lat="45.860195" lon="10.830240">
        <ele>319.425480</ele>
        <time>2024-05-08T12:49:05.396Z</time>
      </trkpt>
      <trkpt lat="45.860109" lon="10.830300">
        <ele>320.263651</ele>
        <time>2024-05-08T12:49:11.408Z</time>
      </trkpt>
      <trkpt lat="45.860040" lon="10.830399">
        <ele>321.118724</ele>
        <time>2024-05-08T12:49:17.412Z</time>
      </trkpt>
      <trkpt lat="45.859977" lon="10.830504">
        <ele>321.964837</ele>
        <time>2024-05-08T12:49:24.414Z</time>
      </trkpt>
      <trkpt lat="45.859916" lon="10.830604">
        <ele>322.776408</ele>
        <time>2024-05-08T12:49:29.417Z</time>
      </trkpt>
      <trkpt lat="45.859826" lon="10.830652">
        <ele>323.618031</ele>
        <time>2024-05-08T12:49:34.419Z</time>
      </trkpt>
      <trkpt lat="45.859744" lon="10.830735">
        <ele>324.497503</ele>
        <time>2024-05-08T12:49:40.417Z</time>
      </trkpt>
      <trkpt lat="45.859698" lon="10.830850">
        <ele>325.307139</ele>
        <time>2024-05-08T12:49:46.414Z</time>
      </trkpt>
      <trkpt lat="45.859639" lon="10.830973">
        <ele>326.218933</ele>
        <time>2024-05-08T12:49:53.423Z</time>
      </trkpt>
      <trkpt lat="45.859609" lon="10.831100">
        <ele>327.037651</ele>
        <time>2024-05-08T12:49:59.422Z</time>
      </trkpt>
      <trkpt lat="45.859556" lon="10.831225">
        <ele>327.931080</ele>
        <time>2024-05-08T12:50:06.414Z</time>
      </trkpt>
      <trkpt lat="45.859454" lon="10.831227">
        <ele>328.825318</ele>
        <time>2024-05-08T12:52:08.426Z</time>
      </trkpt>
      <trkpt lat="45.859364" lon="10.831199">
        <ele>329.632584</ele>
        <time>2024-05-08T12:52:12.401Z</time>
      </trkpt>
      <trkpt lat="45.859279" lon="10.831101">
        <ele>330.588182</ele>
        <time>2024-05-08T12:52:17.409Z</time>
      </trkpt>
      <trkpt lat="45.859217" lon="10.830967">
        <ele>331.570342</ele>
        <time>2024-05-08T12:52:22.410Z</time>
      </trkpt>
      <trkpt lat="45.859169" lon="10.830851">
        <ele>332.394099</ele>
        <time>2024-05-08T12:52:27.418Z</time>
      </trkpt>
      <trkpt lat="45.859141" lon="10.830725">
        <ele>333.201543</ele>
        <time>2024-05-08T12:52:32.414Z</time>
      </trkpt>
      <trkpt lat="45.859064" lon="10.830631">
        <ele>334.087518</ele>
        <time>2024-05-08T12:52:37.414Z</time>
      </trkpt>
      <trkpt lat="45.858978" lon="10.830576">
        <ele>334.906675</ele>
        <time>2024-05-08T12:52:42.429Z</time>
      </trkpt>
      <trkpt lat="45.858888" lon="10.830515">
        <ele>335.716585</ele>
        <time>2024-05-08T12:52:48.416Z</time>
      </trkpt>
      <trkpt lat="45.858796" lon="10.830451">
        <ele>336.548513</ele>
        <time>2024-05-08T12:52:54.402Z</time>
      </trkpt>
      <trkpt lat="45.858712" lon="10.830389">
        <ele>337.317126</ele>
        <time>2024-05-08T12:53:00.413Z</time>
      </trkpt>
      <trkpt lat="45.858627" lon="10.830342">
        <ele>338.058368</ele>
        <time>2024-05-08T12:53:06.414Z</time>
      </trkpt>
      <trkpt lat="45.858522" lon="10.830343">
        <ele>338.912872</ele>
        <time>2024-05-08T12:53:13.414Z</time>
      </trkpt>
      <trkpt lat="45.858431" lon="10.830380">
        <ele>339.682543</ele>
        <time>2024-05-08T12:53:19.402Z</time>
      </trkpt>
      <trkpt lat="45.858336" lon="10.830401">
        <ele>340.464756</ele>
        <time>2024-05-08T12:53:25.413Z</time>
      </trkpt>
      <trkpt lat="45.858252" lon="10.830448">
        <ele>341.198410</ele>
        <time>2024-05-08T12:53:31.418Z</time>
      </trkpt>
      <trkpt lat="45.858206" lon="10.830329">
        <ele>341.969776</ele>
        <time>2024-05-08T12:53:38.414Z</time>
      </trkpt>
      <trkpt lat="45.858300" lon="10.830282">
        <ele>342.779795</ele>
        <time>2024-05-08T12:53:43.413Z</time>
      </trkpt>
      <trkpt lat="45.858382" lon="10.830217">
        <ele>343.542040</ele>
        <time>2024-05-08T12:53:50.412Z</time>
      </trkpt>
      <trkpt lat="45.858477" lon="10.830174">
        <ele>344.352647</ele>
        <time>2024-05-08T12:53:55.418Z</time>
      </trkpt>
      <trkpt lat="45.858575" lon="10.830159">
        <ele>345.154685</ele>
        <time>2024-05-08T12:54:00.420Z</time>
      </trkpt>
      <trkpt lat="45.858671" lon="10.830165">
        <ele>345.936668</ele>
        <time>2024-05-08T12:54:05.417Z</time>
      </trkpt>
      <trkpt lat="45.858769" lon="10.830195">
        <ele>346.752110</ele>
        <time>2024-05-08T12:54:10.398Z</time>
      </trkpt>
      <trkpt lat="45.858848" lon="10.830282">
        <ele>347.562320</ele>
        <time>2024-05-08T12:54:13.408Z</time>
      </trkpt>
      <trkpt lat="45.858946" lon="10.830333">
        <ele>348.410602</ele>
        <time>2024-05-08T12:54:18.412Z</time>
      </trkpt>
      <trkpt lat="45.859048" lon="10.830350">
        <ele>349.246246</ele>
        <time>2024-05-08T12:54:24.418Z</time>
      </trkpt>
      <trkpt lat="45.859132" lon="10.830412">
        <ele>350.195587</ele>
        <time>2024-05-08T12:54:30.413Z</time>
      </trkpt>
      <trkpt lat="45.859212" lon="10.830510">
        <ele>351.332373</ele>
        <time>2024-05-08T12:54:36.420Z</time>
      </trkpt>
      <trkpt lat="45.859252" lon="10.830642">
        <ele>352.416149</ele>
        <time>2024-05-08T12:54:41.414Z</time>
      </trkpt>
      <trkpt lat="45.859341" lon="10.830694">
        <ele>353.454871</ele>
        <time>2024-05-08T12:54:46.414Z</time>
      </trkpt>
      <trkpt lat="45.859416" lon="10.830596">
        <ele>354.551096</ele>
        <time>2024-05-08T12:54:51.414Z</time>
      </trkpt>
      <trkpt lat="45.859475" lon="10.830482">
        <ele>355.620398</ele>
        <time>2024-05-08T12:54:57.421Z</time>
      </trkpt>
      <trkpt lat="45.859520" lon="10.830366">
        <ele>356.620061</ele>
        <time>2024-05-08T12:55:03.417Z</time>
      </trkpt>
      <trkpt lat="45.859587" lon="10.830258">
        <ele>357.708963</ele>
        <time>2024-05-08T12:55:09.415Z</time>
      </trkpt>
      <trkpt lat="45.859492" lon="10.830251">
        <ele>358.737299</ele>
        <time>2024-05-08T12:55:20.420Z</time>
      </trkpt>
      <trkpt lat="45.859424" lon="10.830346">
        <ele>359.762926</ele>
        <time>2024-05-08T12:55:25.416Z</time>
      </trkpt>
      <trkpt lat="45.859332" lon="10.830330">
        <ele>360.764748</ele>
        <time>2024-05-08T12:55:31.411Z</time>
      </trkpt>
      <trkpt lat="45.859263" lon="10.830247">
        <ele>361.737813</ele>
        <time>2024-05-08T12:55:37.413Z</time>
      </trkpt>
      <trkpt lat="45.859182" lon="10.830174">
        <ele>362.771637</ele>
        <time>2024-05-08T12:55:43.412Z</time>
      </trkpt>
      <trkpt lat="45.859095" lon="10.830133">
        <ele>363.761497</ele>
        <time>2024-05-08T12:55:49.414Z</time>
      </trkpt>
      <trkpt lat="45.858996" lon="10.830098">
        <ele>364.863685</ele>
        <time>2024-05-08T12:55:56.415Z</time>
      </trkpt>
      <trkpt lat="45.858822" lon="10.829955">
        <ele>367.030995</ele>
        <time>2024-05-08T12:57:21.410Z</time>
      </trkpt>
      <trkpt lat="45.858737" lon="10.829910">
        <ele>368.010342</ele>
        <time>2024-05-08T12:57:26.412Z</time>
      </trkpt>
      <trkpt lat="45.858634" lon="10.829888">
        <ele>369.137556</ele>
        <time>2024-05-08T12:57:32.414Z</time>
      </trkpt>
      <trkpt lat="45.858536" lon="10.829845">
        <ele>370.252606</ele>
        <time>2024-05-08T12:57:38.417Z</time>
      </trkpt>
      <trkpt lat="45.858447" lon="10.829792">
        <ele>371.301029</ele>
        <time>2024-05-08T12:57:44.414Z</time>
      </trkpt>
      <trkpt lat="45.858351" lon="10.829755">
        <ele>372.382616</ele>
        <time>2024-05-08T12:57:50.415Z</time>
      </trkpt>
      <trkpt lat="45.858250" lon="10.829779">
        <ele>373.496580</ele>
        <time>2024-05-08T12:57:56.417Z</time>
      </trkpt>
      <trkpt lat="45.858154" lon="10.829796">
        <ele>374.549105</ele>
        <time>2024-05-08T12:58:02.416Z</time>
      </trkpt>
      <trkpt lat="45.858055" lon="10.829812">
        <ele>375.633161</ele>
        <time>2024-05-08T12:58:08.407Z</time>
      </trkpt>
      <trkpt lat="45.857956" lon="10.829833">
        <ele>376.722107</ele>
        <time>2024-05-08T12:58:14.408Z</time>
      </trkpt>
      <trkpt lat="45.857862" lon="10.829863">
        <ele>377.769915</ele>
        <time>2024-05-08T12:58:19.408Z</time>
      </trkpt>
      <trkpt lat="45.857774" lon="10.829920">
        <ele>378.820395</ele>
        <time>2024-05-08T12:58:25.410Z</time>
      </trkpt>
      <trkpt lat="45.857705" lon="10.830038">
        <ele>379.988030</ele>
        <time>2024-05-08T12:58:31.410Z</time>
      </trkpt>
      <trkpt lat="45.857670" lon="10.830169">
        <ele>381.051325</ele>
        <time>2024-05-08T12:58:37.404Z</time>
      </trkpt>
      <trkpt lat="45.857659" lon="10.830319">
        <ele>382.194347</ele>
        <time>2024-05-08T12:58:43.422Z</time>
      </trkpt>
      <trkpt lat="45.857658" lon="10.830469">
        <ele>383.331136</ele>
        <time>2024-05-08T12:58:49.412Z</time>
      </trkpt>
      <trkpt lat="45.857624" lon="10.830591">
        <ele>384.326958</ele>
        <time>2024-05-08T12:58:55.417Z</time>
      </trkpt>
      <trkpt lat="45.857554" lon="10.830502">
        <ele>385.344347</ele>
        <time>2024-05-08T12:59:04.406Z</time>
      </trkpt>
      <trkpt lat="45.857599" lon="10.830384">
        <ele>386.363868</ele>
        <time>2024-05-08T12:59:10.407Z</time>
      </trkpt>
      <trkpt lat="45.857607" lon="10.830241">
        <ele>387.451049</ele>
        <time>2024-05-08T12:59:16.403Z</time>
      </trkpt>
      <trkpt lat="45.857613" lon="10.830104">
        <ele>388.489444</ele>
        <time>2024-05-08T12:59:22.418Z</time>
      </trkpt>
      <trkpt lat="45.857587" lon="10.829957">
        <ele>389.445303</ele>
        <time>2024-05-08T12:59:29.422Z</time>
      </trkpt>
      <trkpt lat="45.857605" lon="10.829821">
        <ele>390.317766</ele>
        <time>2024-05-08T12:59:35.419Z</time>
      </trkpt>
      <trkpt lat="45.857639" lon="10.829690">
        <ele>391.198844</ele>
        <time>2024-05-08T12:59:43.414Z</time>
      </trkpt>
      <trkpt lat="45.857746" lon="10.829690">
        <ele>392.167126</ele>
        <time>2024-05-08T12:59:56.412Z</time>
      </trkpt>
      <trkpt lat="45.857847" lon="10.829713">
        <ele>393.092534</ele>
        <time>2024-05-08T13:00:01.416Z</time>
      </trkpt>
      <trkpt lat="45.857986" lon="10.829717">
        <ele>394.350648</ele>
        <time>2024-05-08T13:00:25.401Z</time>
      </trkpt>
      <trkpt lat="45.858076" lon="10.829726">
        <ele>395.167063</ele>
        <time>2024-05-08T13:00:32.414Z</time>
      </trkpt>
      <trkpt lat="45.858336" lon="10.829462">
        <ele>398.048744</ele>
        <time>2024-05-08T13:03:59.418Z</time>
      </trkpt>
      <trkpt lat="45.858433" lon="10.829468">
        <ele>398.927346</ele>
        <time>2024-05-08T13:04:05.409Z</time>
      </trkpt>
      <trkpt lat="45.858485" lon="10.829583">
        <ele>399.791471</ele>
        <time>2024-05-08T13:04:10.406Z</time>
      </trkpt>
      <trkpt lat="45.858582" lon="10.829614">
        <ele>400.690739</ele>
        <time>2024-05-08T13:04:16.408Z</time>
      </trkpt>
      <trkpt lat="45.858677" lon="10.829562">
        <ele>401.610773</ele>
        <time>2024-05-08T13:04:21.415Z</time>
      </trkpt>
      <trkpt lat="45.858775" lon="10.829554">
        <ele>402.499043</ele>
        <time>2024-05-08T13:04:27.412Z</time>
      </trkpt>
      <trkpt lat="45.858860" lon="10.829634">
        <ele>403.418748</ele>
        <time>2024-05-08T13:04:33.408Z</time>
      </trkpt>
      <trkpt lat="45.858915" lon="10.829751">
        <ele>404.308366</ele>
        <time>2024-05-08T13:04:38.424Z</time>
      </trkpt>
      <trkpt lat="45.858997" lon="10.829689">
        <ele>405.231645</ele>
        <time>2024-05-08T13:04:45.410Z</time>
      </trkpt>
      <trkpt lat="45.858918" lon="10.829611">
        <ele>406.287415</ele>
        <time>2024-05-08T13:04:49.402Z</time>
      </trkpt>
      <trkpt lat="45.858842" lon="10.829530">
        <ele>407.329681</ele>
        <time>2024-05-08T13:04:54.406Z</time>
      </trkpt>
      <trkpt lat="45.858748" lon="10.829469">
        <ele>408.465620</ele>
        <time>2024-05-08T13:05:00.401Z</time>
      </trkpt>
      <trkpt lat="45.858650" lon="10.829498">
        <ele>409.567482</ele>
        <time>2024-05-08T13:05:06.410Z</time>
      </trkpt>
      <trkpt lat="45.858552" lon="10.829466">
        <ele>410.674217</ele>
        <time>2024-05-08T13:05:12.407Z</time>
      </trkpt>
      <trkpt lat="45.858473" lon="10.829390">
        <ele>411.721376</ele>
        <time>2024-05-08T13:05:18.412Z</time>
      </trkpt>
      <trkpt lat="45.858401" lon="10.829304">
        <ele>412.752708</ele>
        <time>2024-05-08T13:05:24.406Z</time>
      </trkpt>
      <trkpt lat="45.858306" lon="10.829322">
        <ele>413.807924</ele>
        <time>2024-05-08T13:05:30.400Z</time>
      </trkpt>
      <trkpt lat="45.858209" lon="10.829352">
        <ele>414.900592</ele>
        <time>2024-05-08T13:05:36.425Z</time>
      </trkpt>
      <trkpt lat="45.858106" lon="10.829373">
        <ele>416.046212</ele>
        <time>2024-05-08T13:05:42.405Z</time>
      </trkpt>
      <trkpt lat="45.858011" lon="10.829394">
        <ele>417.104684</ele>
        <time>2024-05-08T13:05:48.415Z</time>
      </trkpt>
      <trkpt lat="45.857907" lon="10.829381">
        <ele>418.254271</ele>
        <time>2024-05-08T13:05:55.414Z</time>
      </trkpt>
      <trkpt lat="45.857812" lon="10.829376">
        <ele>419.301120</ele>
        <time>2024-05-08T13:06:01.413Z</time>
      </trkpt>
      <trkpt lat="45.857721" lon="10.829382">
        <ele>420.304274</ele>
        <time>2024-05-08T13:06:07.400Z</time>
      </trkpt>
      <trkpt lat="45.857629" lon="10.829410">
        <ele>421.339893</ele>
        <time>2024-05-08T13:06:14.418Z</time>
      </trkpt>
      <trkpt lat="45.857533" lon="10.829423">
        <ele>422.401743</ele>
        <time>2024-05-08T13:06:21.410Z</time>
      </trkpt>
      <trkpt lat="45.857444" lon="10.829355">
        <ele>423.511933</ele>
        <time>2024-05-08T13:06:28.406Z</time>
      </trkpt>
      <trkpt lat="45.857348" lon="10.829310">
        <ele>424.617828</ele>
        <time>2024-05-08T13:06:36.413Z</time>
      </trkpt>
      <trkpt lat="45.857257" lon="10.829365">
        <ele>425.594115</ele>
        <time>2024-05-08T13:06:43.406Z</time>
      </trkpt>
      <trkpt lat="45.857182" lon="10.829482">
        <ele>426.689189</ele>
        <time>2024-05-08T13:06:50.395Z</time>
      </trkpt>
      <trkpt lat="45.857124" lon="10.829595">
        <ele>427.655877</ele>
        <time>2024-05-08T13:06:57.408Z</time>
      </trkpt>
      <trkpt lat="45.857048" lon="10.829680">
        <ele>428.608450</ele>
        <time>2024-05-08T13:07:04.408Z</time>
      </trkpt>
      <trkpt lat="45.857030" lon="10.829810">
        <ele>429.521230</ele>
        <time>2024-05-08T13:07:11.407Z</time>
      </trkpt>
      <trkpt lat="45.857022" lon="10.829956">
        <ele>430.529781</ele>
        <time>2024-05-08T13:07:17.406Z</time>
      </trkpt>
      <trkpt lat="45.857051" lon="10.830089">
        <ele>431.489538</ele>
        <time>2024-05-08T13:07:23.408Z</time>
      </trkpt>
      <trkpt lat="45.857069" lon="10.830229">
        <ele>432.469954</ele>
        <time>2024-05-08T13:07:29.409Z</time>
      </trkpt>
      <trkpt lat="45.857013" lon="10.830338">
        <ele>433.402736</ele>
        <time>2024-05-08T13:07:37.408Z</time>
      </trkpt>
      <trkpt lat="45.856992" lon="10.830207">
        <ele>434.328471</ele>
        <time>2024-05-08T13:07:43.406Z</time>
      </trkpt>
      <trkpt lat="45.856967" lon="10.830062">
        <ele>435.357173</ele>
        <time>2024-05-08T13:07:49.414Z</time>
      </trkpt>
      <trkpt lat="45.856931" lon="10.829932">
        <ele>436.320607</ele>
        <time>2024-05-08T13:07:55.409Z</time>
      </trkpt>
      <trkpt lat="45.856887" lon="10.829813">
        <ele>437.248446</ele>
        <time>2024-05-08T13:08:01.410Z</time>
      </trkpt>
      <trkpt lat="45.856865" lon="10.829675">
        <ele>438.223380</ele>
        <time>2024-05-08T13:08:07.403Z</time>
      </trkpt>
      <trkpt lat="45.856901" lon="10.829556">
        <ele>439.116861</ele>
        <time>2024-05-08T13:08:12.409Z</time>
      </trkpt>
      <trkpt lat="45.856957" lon="10.829444">
        <ele>440.066350</ele>
        <time>2024-05-08T13:08:17.403Z</time>
      </trkpt>
      <trkpt lat="45.857027" lon="10.829337">
        <ele>441.077325</ele>
        <time>2024-05-08T13:08:23.405Z</time>
      </trkpt>
      <trkpt lat="45.857082" lon="10.829234">
        <ele>441.971139</ele>
        <time>2024-05-08T13:08:28.402Z</time>
      </trkpt>
      <trkpt lat="45.856996" lon="10.829193">
        <ele>442.835057</ele>
        <time>2024-05-08T13:08:38.402Z</time>
      </trkpt>
      <trkpt lat="45.856938" lon="10.829295">
        <ele>443.685711</ele>
        <time>2024-05-08T13:08:43.410Z</time>
      </trkpt>
      <trkpt lat="45.856867" lon="10.829403">
        <ele>444.645128</ele>
        <time>2024-05-08T13:08:49.416Z</time>
      </trkpt>
      <trkpt lat="45.856792" lon="10.829514">
        <ele>445.644200</ele>
        <time>2024-05-08T13:08:55.407Z</time>
      </trkpt>
      <trkpt lat="45.856732" lon="10.829616">
        <ele>446.506708</ele>
        <time>2024-05-08T13:09:00.410Z</time>
      </trkpt>
      <trkpt lat="45.856671" lon="10.829713">
        <ele>447.350988</ele>
        <time>2024-05-08T13:09:05.413Z</time>
      </trkpt>
      <trkpt lat="45.856593" lon="10.829818">
        <ele>448.342731</ele>
        <time>2024-05-08T13:09:11.414Z</time>
      </trkpt>
      <trkpt lat="45.856556" lon="10.829938">
        <ele>449.190515</ele>
        <time>2024-05-08T13:09:16.399Z</time>
      </trkpt>
      <trkpt lat="45.856547" lon="10.830070">
        <ele>450.047324</ele>
        <time>2024-05-08T13:09:21.405Z</time>
      </trkpt>
      <trkpt lat="45.856559" lon="10.830219">
        <ele>451.016292</ele>
        <time>2024-05-08T13:09:27.397Z</time>
      </trkpt>
      <trkpt lat="45.856539" lon="10.830345">
        <ele>451.851136</ele>
        <time>2024-05-08T13:09:33.406Z</time>
      </trkpt>
      <trkpt lat="45.856474" lon="10.830237">
        <ele>452.773243</ele>
        <time>2024-05-08T13:09:41.405Z</time>
      </trkpt>
      <trkpt lat="45.856438" lon="10.830113">
        <ele>453.641108</ele>
        <time>2024-05-08T13:09:47.401Z</time>
      </trkpt>
      <trkpt lat="45.856369" lon="10.830030">
        <ele>454.476047</ele>
        <time>2024-05-08T13:09:52.413Z</time>
      </trkpt>
      <trkpt lat="45.856272" lon="10.829978">
        <ele>455.436451</ele>
        <time>2024-05-08T13:09:58.408Z</time>
      </trkpt>
      <trkpt lat="45.856183" lon="10.829936">
        <ele>456.305428</ele>
        <time>2024-05-08T13:10:03.413Z</time>
      </trkpt>
      <trkpt lat="45.856099" lon="10.829874">
        <ele>457.181501</ele>
        <time>2024-05-08T13:10:08.416Z</time>
      </trkpt>
      <trkpt lat="45.856010" lon="10.829826">
        <ele>458.063351</ele>
        <time>2024-05-08T13:10:13.406Z</time>
      </trkpt>
      <trkpt lat="45.855909" lon="10.829771">
        <ele>459.064628</ele>
        <time>2024-05-08T13:10:19.410Z</time>
      </trkpt>
      <trkpt lat="45.855806" lon="10.829738">
        <ele>460.023382</ele>
        <time>2024-05-08T13:10:25.402Z</time>
      </trkpt>
      <trkpt lat="45.855709" lon="10.829712">
        <ele>460.919839</ele>
        <time>2024-05-08T13:10:31.408Z</time>
      </trkpt>
      <trkpt lat="45.855616" lon="10.829710">
        <ele>461.764826</ele>
        <time>2024-05-08T13:10:37.406Z</time>
      </trkpt>
      <trkpt lat="45.855520" lon="10.829695">
        <ele>462.642123</ele>
        <time>2024-05-08T13:10:43.405Z</time>
      </trkpt>
      <trkpt lat="45.855427" lon="10.829655">
        <ele>463.524109</ele>
        <time>2024-05-08T13:10:49.411Z</time>
      </trkpt>
      <trkpt lat="45.855342" lon="10.829593">
        <ele>464.390256</ele>
        <time>2024-05-08T13:10:55.410Z</time>
      </trkpt>
      <trkpt lat="45.855265" lon="10.829523">
        <ele>465.218220</ele>
        <time>2024-05-08T13:11:01.405Z</time>
      </trkpt>
      <trkpt lat="45.855186" lon="10.829431">
        <ele>466.142320</ele>
        <time>2024-05-08T13:11:07.404Z</time>
      </trkpt>
      <trkpt lat="45.855106" lon="10.829336">
        <ele>467.085478</ele>
        <time>2024-05-08T13:11:13.411Z</time>
      </trkpt>
      <trkpt lat="45.855024" lon="10.829236">
        <ele>468.062884</ele>
        <time>2024-05-08T13:11:19.413Z</time>
      </trkpt>
      <trkpt lat="45.854941" lon="10.829157">
        <ele>468.967565</ele>
        <time>2024-05-08T13:11:25.409Z</time>
      </trkpt>
      <trkpt lat="45.854787" lon="10.829090">
        <ele>470.429453</ele>
        <time>2024-05-08T13:17:22.398Z</time>
      </trkpt>
      <trkpt lat="45.854693" lon="10.829053">
        <ele>471.314941</ele>
        <time>2024-05-08T13:17:27.403Z</time>
      </trkpt>
      <trkpt lat="45.854587" lon="10.829047">
        <ele>472.278685</ele>
        <time>2024-05-08T13:17:33.404Z</time>
      </trkpt>
      <trkpt lat="45.854483" lon="10.829035">
        <ele>473.226557</ele>
        <time>2024-05-08T13:17:39.404Z</time>
      </trkpt>
      <trkpt lat="45.854387" lon="10.829008">
        <ele>474.115280</ele>
        <time>2024-05-08T13:17:45.403Z</time>
      </trkpt>
      <trkpt lat="45.854294" lon="10.828966">
        <ele>475.000983</ele>
        <time>2024-05-08T13:17:51.400Z</time>
      </trkpt>
      <trkpt lat="45.854206" lon="10.828919">
        <ele>475.909811</ele>
        <time>2024-05-08T13:17:57.404Z</time>
      </trkpt>
      <trkpt lat="45.854113" lon="10.828868">
        <ele>476.919184</ele>
        <time>2024-05-08T13:18:03.403Z</time>
      </trkpt>
      <trkpt lat="45.854030" lon="10.828813">
        <ele>477.846033</ele>
        <time>2024-05-08T13:18:09.399Z</time>
      </trkpt>
      <trkpt lat="45.853950" lon="10.828747">
        <ele>478.781530</ele>
        <time>2024-05-08T13:18:15.400Z</time>
      </trkpt>
      <trkpt lat="45.853862" lon="10.828688">
        <ele>479.766256</ele>
        <time>2024-05-08T13:18:21.400Z</time>
      </trkpt>
      <trkpt lat="45.853769" lon="10.828620">
        <ele>480.824424</ele>
        <time>2024-05-08T13:18:28.395Z</time>
      </trkpt>
      <trkpt lat="45.853677" lon="10.828563">
        <ele>481.840364</ele>
        <time>2024-05-08T13:18:35.406Z</time>
      </trkpt>
      <trkpt lat="45.853583" lon="10.828494">
        <ele>482.910774</ele>
        <time>2024-05-08T13:18:42.402Z</time>
      </trkpt>
      <trkpt lat="45.853493" lon="10.828427">
        <ele>483.938661</ele>
        <time>2024-05-08T13:18:49.398Z</time>
      </trkpt>
      <trkpt lat="45.853418" lon="10.828343">
        <ele>484.903097</ele>
        <time>2024-05-08T13:18:55.405Z</time>
      </trkpt>
      <trkpt lat="45.853361" lon="10.828225">
        <ele>485.917190</ele>
        <time>2024-05-08T13:19:01.401Z</time>
      </trkpt>
      <trkpt lat="45.853290" lon="10.828119">
        <ele>486.955726</ele>
        <time>2024-05-08T13:19:08.401Z</time>
      </trkpt>
      <trkpt lat="45.853192" lon="10.828075">
        <ele>487.996807</ele>
        <time>2024-05-08T13:19:15.398Z</time>
      </trkpt>
      <trkpt lat="45.853104" lon="10.828105">
        <ele>488.913854</ele>
        <time>2024-05-08T13:19:21.398Z</time>
      </trkpt>
      <trkpt lat="45.853017" lon="10.828152">
        <ele>489.856332</ele>
        <time>2024-05-08T13:19:27.393Z</time>
      </trkpt>
      <trkpt lat="45.852337" lon="10.827858">
        <ele>496.532418</ele>
        <time>2024-05-08T13:20:17.410Z</time>
      </trkpt>
      <trkpt lat="45.852261" lon="10.827777">
        <ele>497.346137</ele>
        <time>2024-05-08T13:20:24.417Z</time>
      </trkpt>
      <trkpt lat="45.852198" lon="10.827652">
        <ele>498.270029</ele>
        <time>2024-05-08T13:20:30.388Z</time>
      </trkpt>
      <trkpt lat="45.852109" lon="10.827623">
        <ele>499.054620</ele>
        <time>2024-05-08T13:20:36.400Z</time>
      </trkpt>
      <trkpt lat="45.852013" lon="10.827624">
        <ele>499.879953</ele>
        <time>2024-05-08T13:20:42.408Z</time>
      </trkpt>
      <trkpt lat="45.851919" lon="10.827613">
        <ele>500.690750</ele>
        <time>2024-05-08T13:20:48.401Z</time>
      </trkpt>
      <trkpt lat="45.851824" lon="10.827582">
        <ele>501.528294</ele>
        <time>2024-05-08T13:20:54.405Z</time>
      </trkpt>
      <trkpt lat="45.851755" lon="10.827496">
        <ele>502.313830</ele>
        <time>2024-05-08T13:20:59.407Z</time>
      </trkpt>
      <trkpt lat="45.851718" lon="10.827362">
        <ele>503.176966</ele>
        <time>2024-05-08T13:21:04.402Z</time>
      </trkpt>
      <trkpt lat="45.851686" lon="10.827234">
        <ele>503.991301</ele>
        <time>2024-05-08T13:21:09.397Z</time>
      </trkpt>
      <trkpt lat="45.851650" lon="10.827112">
        <ele>504.784687</ele>
        <time>2024-05-08T13:21:14.390Z</time>
      </trkpt>
      <trkpt lat="45.851612" lon="10.826986">
        <ele>505.606861</ele>
        <time>2024-05-08T13:21:19.402Z</time>
      </trkpt>
      <trkpt lat="45.851545" lon="10.826896">
        <ele>506.395662</ele>
        <time>2024-05-08T13:21:24.414Z</time>
      </trkpt>
      <trkpt lat="45.851446" lon="10.826847">
        <ele>507.295921</ele>
        <time>2024-05-08T13:21:30.411Z</time>
      </trkpt>
      <trkpt lat="45.851355" lon="10.826848">
        <ele>508.078271</ele>
        <time>2024-05-08T13:21:35.405Z</time>
      </trkpt>
      <trkpt lat="45.851255" lon="10.826890">
        <ele>508.974002</ele>
        <time>2024-05-08T13:21:41.400Z</time>
      </trkpt>
      <trkpt lat="45.851163" lon="10.826957">
        <ele>509.944085</ele>
        <time>2024-05-08T13:21:47.400Z</time>
      </trkpt>
      <trkpt lat="45.851064" lon="10.827019">
        <ele>510.970636</ele>
        <time>2024-05-08T13:21:53.417Z</time>
      </trkpt>
      <trkpt lat="45.850976" lon="10.827076">
        <ele>511.888198</ele>
        <time>2024-05-08T13:21:58.403Z</time>
      </trkpt>
      <trkpt lat="45.850893" lon="10.827128">
        <ele>512.748896</ele>
        <time>2024-05-08T13:22:03.406Z</time>
      </trkpt>
      <trkpt lat="45.850790" lon="10.827154">
        <ele>513.742858</ele>
        <time>2024-05-08T13:22:09.402Z</time>
      </trkpt>
      <trkpt lat="45.850692" lon="10.827119">
        <ele>514.702668</ele>
        <time>2024-05-08T13:22:15.408Z</time>
      </trkpt>
      <trkpt lat="45.850636" lon="10.827007">
        <ele>515.615370</ele>
        <time>2024-05-08T13:22:20.406Z</time>
      </trkpt>
      <trkpt lat="45.850600" lon="10.826868">
        <ele>516.597113</ele>
        <time>2024-05-08T13:22:26.403Z</time>
      </trkpt>
      <trkpt lat="45.850619" lon="10.826722">
        <ele>517.580367</ele>
        <time>2024-05-08T13:22:32.404Z</time>
      </trkpt>
      <trkpt lat="45.850668" lon="10.826595">
        <ele>518.541483</ele>
        <time>2024-05-08T13:22:38.401Z</time>
      </trkpt>
      <trkpt lat="45.850748" lon="10.826520">
        <ele>519.449582</ele>
        <time>2024-05-08T13:22:44.407Z</time>
      </trkpt>
      <trkpt lat="45.850837" lon="10.826471">
        <ele>520.355532</ele>
        <time>2024-05-08T13:22:50.406Z</time>
      </trkpt>
      <trkpt lat="45.850925" lon="10.826433">
        <ele>521.228925</ele>
        <time>2024-05-08T13:22:55.404Z</time>
      </trkpt>
      <trkpt lat="45.851025" lon="10.826371">
        <ele>522.264195</ele>
        <time>2024-05-08T13:23:01.400Z</time>
      </trkpt>
      <trkpt lat="45.851099" lon="10.826275">
        <ele>523.212112</ele>
        <time>2024-05-08T13:23:06.394Z</time>
      </trkpt>
      <trkpt lat="45.851155" lon="10.826155">
        <ele>524.168331</ele>
        <time>2024-05-08T13:23:12.401Z</time>
      </trkpt>
      <trkpt lat="45.851200" lon="10.826028">
        <ele>525.111605</ele>
        <time>2024-05-08T13:23:18.404Z</time>
      </trkpt>
      <trkpt lat="45.851274" lon="10.825942">
        <ele>526.016472</ele>
        <time>2024-05-08T13:23:24.407Z</time>
      </trkpt>
      <trkpt lat="45.851370" lon="10.825911">
        <ele>526.897829</ele>
        <time>2024-05-08T13:23:30.399Z</time>
      </trkpt>
      <trkpt lat="45.851474" lon="10.825945">
        <ele>527.841991</ele>
        <time>2024-05-08T13:23:36.419Z</time>
      </trkpt>
      <trkpt lat="45.851572" lon="10.826007">
        <ele>528.789965</ele>
        <time>2024-05-08T13:23:42.396Z</time>
      </trkpt>
      <trkpt lat="45.851656" lon="10.826063">
        <ele>529.609775</ele>
        <time>2024-05-08T13:23:47.398Z</time>
      </trkpt>
      <trkpt lat="45.851750" lon="10.826131">
        <ele>530.541508</ele>
        <time>2024-05-08T13:23:53.404Z</time>
      </trkpt>
      <trkpt lat="45.851844" lon="10.826193">
        <ele>531.457191</ele>
        <time>2024-05-08T13:23:59.416Z</time>
      </trkpt>
      <trkpt lat="45.851922" lon="10.826257">
        <ele>532.252439</ele>
        <time>2024-05-08T13:24:04.388Z</time>
      </trkpt>
      <trkpt lat="45.852008" lon="10.826311">
        <ele>533.083322</ele>
        <time>2024-05-08T13:24:09.398Z</time>
      </trkpt>
      <trkpt lat="45.852096" lon="10.826366">
        <ele>533.932896</ele>
        <time>2024-05-08T13:24:14.413Z</time>
      </trkpt>
      <trkpt lat="45.852183" lon="10.826434">
        <ele>534.809735</ele>
        <time>2024-05-08T13:24:19.424Z</time>
      </trkpt>
      <trkpt lat="45.852274" lon="10.826494">
        <ele>535.696139</ele>
        <time>2024-05-08T13:24:24.423Z</time>
      </trkpt>
      <trkpt lat="45.852367" lon="10.826564">
        <ele>536.625634</ele>
        <time>2024-05-08T13:24:29.407Z</time>
      </trkpt>
      <trkpt lat="45.852461" lon="10.826641">
        <ele>537.583615</ele>
        <time>2024-05-08T13:24:34.403Z</time>
      </trkpt>
      <trkpt lat="45.852541" lon="10.826532">
        <ele>538.559884</ele>
        <time>2024-05-08T13:26:45.401Z</time>
      </trkpt>
      <trkpt lat="45.852448" lon="10.826445">
        <ele>539.542440</ele>
        <time>2024-05-08T13:26:50.397Z</time>
      </trkpt>
      <trkpt lat="45.852360" lon="10.826376">
        <ele>540.430001</ele>
        <time>2024-05-08T13:26:55.403Z</time>
      </trkpt>
      <trkpt lat="45.852288" lon="10.826275">
        <ele>541.321047</ele>
        <time>2024-05-08T13:27:00.405Z</time>
      </trkpt>
      <trkpt lat="45.852235" lon="10.826160">
        <ele>542.182942</ele>
        <time>2024-05-08T13:27:05.380Z</time>
      </trkpt>
      <trkpt lat="45.852197" lon="10.826027">
        <ele>543.194823</ele>
        <time>2024-05-08T13:27:10.402Z</time>
      </trkpt>
      <trkpt lat="45.852150" lon="10.825907">
        <ele>544.163882</ele>
        <time>2024-05-08T13:27:15.401Z</time>
      </trkpt>
      <trkpt lat="45.852106" lon="10.825784">
        <ele>545.137183</ele>
        <time>2024-05-08T13:27:20.403Z</time>
      </trkpt>
      <trkpt lat="45.852069" lon="10.825656">
        <ele>546.112677</ele>
        <time>2024-05-08T13:27:25.400Z</time>
      </trkpt>
      <trkpt lat="45.852007" lon="10.825531">
        <ele>547.192842</ele>
        <time>2024-05-08T13:27:51.385Z</time>
      </trkpt>
      <trkpt lat="45.851950" lon="10.825404">
        <ele>548.256310</ele>
        <time>2024-05-08T13:27:56.384Z</time>
      </trkpt>
      <trkpt lat="45.851881" lon="10.825300">
        <ele>549.267320</ele>
        <time>2024-05-08T13:28:01.387Z</time>
      </trkpt>
      <trkpt lat="45.851793" lon="10.825222">
        <ele>550.312473</ele>
        <time>2024-05-08T13:28:07.396Z</time>
      </trkpt>
      <trkpt lat="45.851703" lon="10.825171">
        <ele>551.290291</ele>
        <time>2024-05-08T13:28:13.389Z</time>
      </trkpt>
      <trkpt lat="45.851617" lon="10.825126">
        <ele>552.215327</ele>
        <time>2024-05-08T13:28:19.392Z</time>
      </trkpt>
      <trkpt lat="45.851530" lon="10.825076">
        <ele>553.162372</ele>
        <time>2024-05-08T13:28:25.395Z</time>
      </trkpt>
      <trkpt lat="45.851444" lon="10.825028">
        <ele>554.094850</ele>
        <time>2024-05-08T13:28:31.398Z</time>
      </trkpt>
      <trkpt lat="45.851356" lon="10.824982">
        <ele>555.041287</ele>
        <time>2024-05-08T13:28:37.396Z</time>
      </trkpt>
      <trkpt lat="45.851264" lon="10.824929">
        <ele>556.043092</ele>
        <time>2024-05-08T13:28:43.391Z</time>
      </trkpt>
      <trkpt lat="45.851183" lon="10.824850">
        <ele>557.032692</ele>
        <time>2024-05-08T13:28:49.397Z</time>
      </trkpt>
      <trkpt lat="45.851125" lon="10.824747">
        <ele>557.965014</ele>
        <time>2024-05-08T13:28:55.388Z</time>
      </trkpt>
      <trkpt lat="45.851058" lon="10.824643">
        <ele>558.962200</ele>
        <time>2024-05-08T13:29:01.388Z</time>
      </trkpt>
      <trkpt lat="45.850981" lon="10.824561">
        <ele>559.931063</ele>
        <time>2024-05-08T13:29:07.395Z</time>
      </trkpt>
      <trkpt lat="45.850931" lon="10.824438">
        <ele>560.991781</ele>
        <time>2024-05-08T13:29:13.398Z</time>
      </trkpt>
      <trkpt lat="45.851020" lon="10.824406">
        <ele>561.999846</ele>
        <time>2024-05-08T13:29:19.397Z</time>
      </trkpt>
      <trkpt lat="45.851101" lon="10.824489">
        <ele>563.093242</ele>
        <time>2024-05-08T13:29:25.390Z</time>
      </trkpt>
      <trkpt lat="45.851187" lon="10.824566">
        <ele>564.206834</ele>
        <time>2024-05-08T13:29:31.382Z</time>
      </trkpt>
      <trkpt lat="45.851274" lon="10.824516">
        <ele>565.236469</ele>
        <time>2024-05-08T13:29:36.400Z</time>
      </trkpt>
      <trkpt lat="45.851315" lon="10.824385">
        <ele>566.335556</ele>
        <time>2024-05-08T13:29:42.381Z</time>
      </trkpt>
      <trkpt lat="45.851409" lon="10.824378">
        <ele>567.369747</ele>
        <time>2024-05-08T13:30:03.403Z</time>
      </trkpt>
      <trkpt lat="45.851503" lon="10.824349">
        <ele>568.426126</ele>
        <time>2024-05-08T13:30:10.391Z</time>
      </trkpt>
      <trkpt lat="45.851522" lon="10.824216">
        <ele>569.465144</ele>
        <time>2024-05-08T13:30:16.395Z</time>
      </trkpt>
      <trkpt lat="45.851457" lon="10.824115">
        <ele>570.517511</ele>
        <time>2024-05-08T13:30:22.404Z</time>
      </trkpt>
      <trkpt lat="45.851371" lon="10.824077">
        <ele>571.506154</ele>
        <time>2024-05-08T13:30:28.396Z</time>
      </trkpt>
      <trkpt lat="45.851294" lon="10.823996">
        <ele>572.554965</ele>
        <time>2024-05-08T13:30:35.396Z</time>
      </trkpt>
      <trkpt lat="45.851254" lon="10.823874">
        <ele>573.586884</ele>
        <time>2024-05-08T13:30:41.396Z</time>
      </trkpt>
      <trkpt lat="45.851164" lon="10.823801">
        <ele>574.722637</ele>
        <time>2024-05-08T13:30:47.398Z</time>
      </trkpt>
      <trkpt lat="45.851075" lon="10.823733">
        <ele>575.830355</ele>
        <time>2024-05-08T13:30:53.385Z</time>
      </trkpt>
      <trkpt lat="45.850977" lon="10.823687">
        <ele>576.963193</ele>
        <time>2024-05-08T13:30:59.394Z</time>
      </trkpt>
      <trkpt lat="45.850880" lon="10.823684">
        <ele>578.029205</ele>
        <time>2024-05-08T13:31:05.400Z</time>
      </trkpt>
      <trkpt lat="45.850778" lon="10.823700">
        <ele>579.156576</ele>
        <time>2024-05-08T13:31:11.410Z</time>
      </trkpt>
      <trkpt lat="45.850675" lon="10.823715">
        <ele>580.162806</ele>
        <time>2024-05-08T13:31:17.404Z</time>
      </trkpt>
      <trkpt lat="45.850569" lon="10.823716">
        <ele>580.753353</ele>
        <time>2024-05-08T13:31:23.398Z</time>
      </trkpt>
      <trkpt lat="45.850474" lon="10.823726">
        <ele>581.284026</ele>
        <time>2024-05-08T13:31:28.401Z</time>
      </trkpt>
      <trkpt lat="45.850382" lon="10.823697">
        <ele>581.808774</ele>
        <time>2024-05-08T13:31:33.399Z</time>
      </trkpt>
      <trkpt lat="45.850294" lon="10.823660">
        <ele>582.319621</ele>
        <time>2024-05-08T13:31:38.398Z</time>
      </trkpt>
      <trkpt lat="45.850194" lon="10.823653">
        <ele>582.877390</ele>
        <time>2024-05-08T13:31:44.397Z</time>
      </trkpt>
      <trkpt lat="45.850111" lon="10.823710">
        <ele>583.389969</ele>
        <time>2024-05-08T13:31:51.393Z</time>
      </trkpt>
      <trkpt lat="45.850189" lon="10.823560">
        <ele>584.116353</ele>
        <time>2024-05-08T13:32:50.392Z</time>
      </trkpt>
      <trkpt lat="45.850151" lon="10.823432">
        <ele>584.656286</ele>
        <time>2024-05-08T13:32:56.407Z</time>
      </trkpt>
      <trkpt lat="45.850119" lon="10.823296">
        <ele>585.213327</ele>
        <time>2024-05-08T13:33:02.406Z</time>
      </trkpt>
      <trkpt lat="45.850057" lon="10.823173">
        <ele>585.802495</ele>
        <time>2024-05-08T13:33:08.398Z</time>
      </trkpt>
      <trkpt lat="45.849969" lon="10.823110">
        <ele>586.350323</ele>
        <time>2024-05-08T13:33:13.405Z</time>
      </trkpt>
      <trkpt lat="45.849873" lon="10.823063">
        <ele>586.915389</ele>
        <time>2024-05-08T13:33:18.396Z</time>
      </trkpt>
      <trkpt lat="45.849783" lon="10.823030">
        <ele>587.432881</ele>
        <time>2024-05-08T13:33:23.403Z</time>
      </trkpt>
      <trkpt lat="45.849693" lon="10.822996">
        <ele>587.951346</ele>
        <time>2024-05-08T13:33:28.404Z</time>
      </trkpt>
      <trkpt lat="45.849555" lon="10.822947">
        <ele>588.743320</ele>
        <time>2024-05-08T13:34:39.408Z</time>
      </trkpt>
      <trkpt lat="45.849478" lon="10.822870">
        <ele>589.266099</ele>
        <time>2024-05-08T13:34:44.390Z</time>
      </trkpt>
      <trkpt lat="45.849394" lon="10.822799">
        <ele>589.809152</ele>
        <time>2024-05-08T13:34:49.400Z</time>
      </trkpt>
      <trkpt lat="45.849293" lon="10.822824">
        <ele>590.369927</ele>
        <time>2024-05-08T13:34:55.400Z</time>
      </trkpt>
      <trkpt lat="45.849198" lon="10.822827">
        <ele>590.883033</ele>
        <time>2024-05-08T13:35:01.399Z</time>
      </trkpt>
      <trkpt lat="45.849101" lon="10.822818">
        <ele>591.407907</ele>
        <time>2024-05-08T13:35:07.400Z</time>
      </trkpt>
      <trkpt lat="45.849001" lon="10.822848">
        <ele>591.959551</ele>
        <time>2024-05-08T13:35:14.402Z</time>
      </trkpt>
      <trkpt lat="45.848899" lon="10.822848">
        <ele>592.510331</ele>
        <time>2024-05-08T13:35:20.399Z</time>
      </trkpt>
      <trkpt lat="45.848794" lon="10.822847">
        <ele>593.077323</ele>
        <time>2024-05-08T13:35:26.390Z</time>
      </trkpt>
      <trkpt lat="45.848691" lon="10.822815">
        <ele>593.646377</ele>
        <time>2024-05-08T13:35:32.410Z</time>
      </trkpt>
      <trkpt lat="45.848595" lon="10.822805">
        <ele>594.166121</ele>
        <time>2024-05-08T13:35:38.401Z</time>
      </trkpt>
      <trkpt lat="45.848496" lon="10.822817">
        <ele>594.702604</ele>
        <time>2024-05-08T13:35:44.406Z</time>
      </trkpt>
      <trkpt lat="45.848416" lon="10.822752">
        <ele>595.198973</ele>
        <time>2024-05-08T13:35:49.402Z</time>
      </trkpt>
      <trkpt lat="45.848349" lon="10.822647">
        <ele>595.734570</ele>
        <time>2024-05-08T13:35:55.387Z</time>
      </trkpt>
      <trkpt lat="45.848326" lon="10.822503">
        <ele>596.290252</ele>
        <time>2024-05-08T13:36:01.403Z</time>
      </trkpt>
      <trkpt lat="45.848346" lon="10.822358">
        <ele>596.846229</ele>
        <time>2024-05-08T13:36:07.416Z</time>
      </trkpt>
      <trkpt lat="45.848373" lon="10.822217">
        <ele>597.396245</ele>
        <time>2024-05-08T13:36:16.401Z</time>
      </trkpt>
      <trkpt lat="45.848370" lon="10.822080">
        <ele>597.911796</ele>
        <time>2024-05-08T13:36:24.395Z</time>
      </trkpt>
      <trkpt lat="45.848369" lon="10.821951">
        <ele>598.397032</ele>
        <time>2024-05-08T13:36:30.395Z</time>
      </trkpt>
      <trkpt lat="45.848310" lon="10.821824">
        <ele>598.971210</ele>
        <time>2024-05-08T13:36:35.398Z</time>
      </trkpt>
      <trkpt lat="45.848222" lon="10.821779">
        <ele>599.475637</ele>
        <time>2024-05-08T13:36:38.396Z</time>
      </trkpt>
      <trkpt lat="45.848114" lon="10.821764">
        <ele>600.330728</ele>
        <time>2024-05-08T13:36:42.406Z</time>
      </trkpt>
      <trkpt lat="45.848087" lon="10.821617">
        <ele>601.413840</ele>
        <time>2024-05-08T13:36:47.391Z</time>
      </trkpt>
      <trkpt lat="45.848127" lon="10.821496">
        <ele>602.368071</ele>
        <time>2024-05-08T13:36:51.394Z</time>
      </trkpt>
      <trkpt lat="45.848121" lon="10.821348">
        <ele>603.424294</ele>
        <time>2024-05-08T13:36:56.397Z</time>
      </trkpt>
      <trkpt lat="45.848077" lon="10.821227">
        <ele>604.396770</ele>
        <time>2024-05-08T13:37:01.408Z</time>
      </trkpt>
      <trkpt lat="45.847996" lon="10.821142">
        <ele>605.422989</ele>
        <time>2024-05-08T13:37:06.405Z</time>
      </trkpt>
      <trkpt lat="45.847896" lon="10.821159">
        <ele>606.452955</ele>
        <time>2024-05-08T13:37:10.404Z</time>
      </trkpt>
      <trkpt lat="45.847812" lon="10.821246">
        <ele>607.512376</ele>
        <time>2024-05-08T13:37:14.410Z</time>
      </trkpt>
      <trkpt lat="45.847731" lon="10.821353">
        <ele>608.638227</ele>
        <time>2024-05-08T13:37:19.400Z</time>
      </trkpt>
      <trkpt lat="45.847640" lon="10.821413">
        <ele>609.662465</ele>
        <time>2024-05-08T13:37:24.410Z</time>
      </trkpt>
      <trkpt lat="45.847549" lon="10.821439">
        <ele>610.611485</ele>
        <time>2024-05-08T13:37:29.400Z</time>
      </trkpt>
      <trkpt lat="45.847460" lon="10.821462">
        <ele>611.536426</ele>
        <time>2024-05-08T13:37:34.407Z</time>
      </trkpt>
      <trkpt lat="45.847369" lon="10.821464">
        <ele>612.467302</ele>
        <time>2024-05-08T13:37:39.405Z</time>
      </trkpt>
      <trkpt lat="45.847268" lon="10.821520">
        <ele>613.574720</ele>
        <time>2024-05-08T13:37:45.400Z</time>
      </trkpt>
      <trkpt lat="45.847181" lon="10.821562">
        <ele>614.513539</ele>
        <time>2024-05-08T13:37:51.400Z</time>
      </trkpt>
      <trkpt lat="45.847082" lon="10.821618">
        <ele>615.601900</ele>
        <time>2024-05-08T13:37:58.406Z</time>
      </trkpt>
      <trkpt lat="45.846988" lon="10.821627">
        <ele>616.565486</ele>
        <time>2024-05-08T13:38:04.409Z</time>
      </trkpt>
      <trkpt lat="45.846882" lon="10.821621">
        <ele>617.650518</ele>
        <time>2024-05-08T13:38:11.396Z</time>
      </trkpt>
      <trkpt lat="45.846782" lon="10.821667">
        <ele>618.988485</ele>
        <time>2024-05-08T13:38:18.405Z</time>
      </trkpt>
      <trkpt lat="45.846699" lon="10.821720">
        <ele>620.349958</ele>
        <time>2024-05-08T13:38:25.392Z</time>
      </trkpt>
      <trkpt lat="45.846605" lon="10.821697">
        <ele>621.779102</ele>
        <time>2024-05-08T13:38:32.400Z</time>
      </trkpt>
      <trkpt lat="45.846511" lon="10.821655">
        <ele>623.254588</ele>
        <time>2024-05-08T13:38:40.395Z</time>
      </trkpt>
      <trkpt lat="45.846411" lon="10.821654">
        <ele>624.753377</ele>
        <time>2024-05-08T13:38:47.407Z</time>
      </trkpt>
      <trkpt lat="45.846317" lon="10.821729">
        <ele>626.365175</ele>
        <time>2024-05-08T13:38:53.407Z</time>
      </trkpt>
      <trkpt lat="45.846200" lon="10.821802">
        <ele>628.277174</ele>
        <time>2024-05-08T13:44:33.400Z</time>
      </trkpt>
      <trkpt lat="45.846112" lon="10.821833">
        <ele>629.635204</ele>
        <time>2024-05-08T13:44:40.403Z</time>
      </trkpt>
      <trkpt lat="45.846078" lon="10.821670">
        <ele>631.411602</ele>
        <time>2024-05-08T13:45:17.413Z</time>
      </trkpt>
      <trkpt lat="45.846171" lon="10.821633">
        <ele>632.857979</ele>
        <time>2024-05-08T13:45:25.398Z</time>
      </trkpt>
      <trkpt lat="45.846161" lon="10.821502">
        <ele>634.233821</ele>
        <time>2024-05-08T13:45:35.402Z</time>
      </trkpt>
      <trkpt lat="45.846045" lon="10.821549">
        <ele>636.040292</ele>
        <time>2024-05-08T13:46:22.395Z</time>
      </trkpt>
      <trkpt lat="45.845951" lon="10.821540">
        <ele>637.452249</ele>
        <time>2024-05-08T13:46:30.384Z</time>
      </trkpt>
      <trkpt lat="45.845853" lon="10.821547">
        <ele>638.922843</ele>
        <time>2024-05-08T13:46:39.398Z</time>
      </trkpt>
      <trkpt lat="45.845762" lon="10.821567">
        <ele>640.302599</ele>
        <time>2024-05-08T13:46:48.404Z</time>
      </trkpt>
      <trkpt lat="45.845650" lon="10.821480">
        <ele>642.211187</ele>
        <time>2024-05-08T13:48:31.382Z</time>
      </trkpt>
      <trkpt lat="45.845557" lon="10.821432">
        <ele>643.692376</ele>
        <time>2024-05-08T13:48:37.391Z</time>
      </trkpt>
      <trkpt lat="45.845462" lon="10.821446">
        <ele>645.122128</ele>
        <time>2024-05-08T13:48:43.392Z</time>
      </trkpt>
      <trkpt lat="45.845361" lon="10.821447">
        <ele>646.378809</ele>
        <time>2024-05-08T13:48:50.397Z</time>
      </trkpt>
      <trkpt lat="45.845272" lon="10.821421">
        <ele>647.508851</ele>
        <time>2024-05-08T13:48:57.403Z</time>
      </trkpt>
      <trkpt lat="45.845215" lon="10.821310">
        <ele>648.704053</ele>
        <time>2024-05-08T13:49:04.400Z</time>
      </trkpt>
      <trkpt lat="45.845177" lon="10.821168">
        <ele>650.022480</ele>
        <time>2024-05-08T13:49:11.403Z</time>
      </trkpt>
      <trkpt lat="45.845128" lon="10.821035">
        <ele>651.326504</ele>
        <time>2024-05-08T13:49:17.399Z</time>
      </trkpt>
      <trkpt lat="45.845081" lon="10.820909">
        <ele>652.565280</ele>
        <time>2024-05-08T13:49:24.402Z</time>
      </trkpt>
      <trkpt lat="45.845026" lon="10.820764">
        <ele>653.996252</ele>
        <time>2024-05-08T13:49:31.397Z</time>
      </trkpt>
      <trkpt lat="45.844963" lon="10.820664">
        <ele>655.164851</ele>
        <time>2024-05-08T13:49:36.396Z</time>
      </trkpt>
      <trkpt lat="45.844875" lon="10.820621">
        <ele>656.321446</ele>
        <time>2024-05-08T13:49:41.402Z</time>
      </trkpt>
      <trkpt lat="45.844790" lon="10.820576">
        <ele>657.448650</ele>
        <time>2024-05-08T13:49:47.400Z</time>
      </trkpt>
      <trkpt lat="45.844709" lon="10.820492">
        <ele>658.691924</ele>
        <time>2024-05-08T13:49:53.412Z</time>
      </trkpt>
      <trkpt lat="45.844622" lon="10.820417">
        <ele>659.954572</ele>
        <time>2024-05-08T13:50:00.389Z</time>
      </trkpt>
      <trkpt lat="45.844539" lon="10.820466">
        <ele>661.071183</ele>
        <time>2024-05-08T13:50:06.381Z</time>
      </trkpt>
      <trkpt lat="45.844638" lon="10.820702">
        <ele>663.458901</ele>
        <time>2024-05-08T13:51:21.398Z</time>
      </trkpt>
      <trkpt lat="45.844678" lon="10.820823">
        <ele>664.619734</ele>
        <time>2024-05-08T13:51:26.397Z</time>
      </trkpt>
      <trkpt lat="45.844686" lon="10.820962">
        <ele>665.828584</ele>
        <time>2024-05-08T13:51:32.397Z</time>
      </trkpt>
      <trkpt lat="45.844605" lon="10.820903">
        <ele>666.958706</ele>
        <time>2024-05-08T13:51:39.394Z</time>
      </trkpt>
      <trkpt lat="45.844562" lon="10.820784">
        <ele>668.382099</ele>
        <time>2024-05-08T13:51:45.401Z</time>
      </trkpt>
      <trkpt lat="45.844495" lon="10.820690">
        <ele>670.033723</ele>
        <time>2024-05-08T13:51:51.394Z</time>
      </trkpt>
      <trkpt lat="45.844405" lon="10.820649">
        <ele>671.698370</ele>
        <time>2024-05-08T13:51:57.397Z</time>
      </trkpt>
      <trkpt lat="45.844316" lon="10.820606">
        <ele>673.353893</ele>
        <time>2024-05-08T13:52:04.393Z</time>
      </trkpt>
      <trkpt lat="45.844225" lon="10.820585">
        <ele>674.978788</ele>
        <time>2024-05-08T13:52:11.398Z</time>
      </trkpt>
      <trkpt lat="45.844134" lon="10.820588">
        <ele>676.583510</ele>
        <time>2024-05-08T13:52:17.403Z</time>
      </trkpt>
      <trkpt lat="45.844034" lon="10.820597">
        <ele>678.349937</ele>
        <time>2024-05-08T13:52:24.398Z</time>
      </trkpt>
      <trkpt lat="45.843942" lon="10.820584">
        <ele>679.979703</ele>
        <time>2024-05-08T13:52:32.406Z</time>
      </trkpt>
      <trkpt lat="45.843849" lon="10.820563">
        <ele>681.639421</ele>
        <time>2024-05-08T13:52:39.398Z</time>
      </trkpt>
      <trkpt lat="45.843748" lon="10.820515">
        <ele>683.515060</ele>
        <time>2024-05-08T13:52:47.395Z</time>
      </trkpt>
      <trkpt lat="45.843669" lon="10.820413">
        <ele>685.388273</ele>
        <time>2024-05-08T13:52:56.397Z</time>
      </trkpt>
      <trkpt lat="45.843589" lon="10.820319">
        <ele>687.210869</ele>
        <time>2024-05-08T13:53:04.394Z</time>
      </trkpt>
      <trkpt lat="45.843289" lon="10.820227">
        <ele>692.619105</ele>
        <time>2024-05-08T13:54:37.384Z</time>
      </trkpt>
      <trkpt lat="45.843211" lon="10.820144">
        <ele>694.330828</ele>
        <time>2024-05-08T13:54:44.392Z</time>
      </trkpt>
      <trkpt lat="45.843118" lon="10.820097">
        <ele>696.069026</ele>
        <time>2024-05-08T13:54:50.392Z</time>
      </trkpt>
      <trkpt lat="45.843043" lon="10.820018">
        <ele>697.709027</ele>
        <time>2024-05-08T13:54:55.401Z</time>
      </trkpt>
      <trkpt lat="45.842961" lon="10.819956">
        <ele>699.372554</ele>
        <time>2024-05-08T13:54:59.386Z</time>
      </trkpt>
      <trkpt lat="45.842870" lon="10.819910">
        <ele>701.433253</ele>
        <time>2024-05-08T13:55:05.390Z</time>
      </trkpt>
      <trkpt lat="45.842775" lon="10.819863">
        <ele>703.579528</ele>
        <time>2024-05-08T13:55:09.397Z</time>
      </trkpt>
      <trkpt lat="45.842673" lon="10.819808">
        <ele>705.906823</ele>
        <time>2024-05-08T13:55:15.395Z</time>
      </trkpt>
      <trkpt lat="45.842571" lon="10.819815">
        <ele>708.087970</ele>
        <time>2024-05-08T13:55:19.389Z</time>
      </trkpt>
      <trkpt lat="45.842493" lon="10.819708">
        <ele>710.392428</ele>
        <time>2024-05-08T13:55:24.395Z</time>
      </trkpt>
      <trkpt lat="45.842418" lon="10.819636">
        <ele>712.319608</ele>
        <time>2024-05-08T13:55:40.402Z</time>
      </trkpt>
      <trkpt lat="45.842255" lon="10.819418">
        <ele>717.078128</ele>
        <time>2024-05-08T13:56:50.397Z</time>
      </trkpt>
      <trkpt lat="45.842206" lon="10.819302">
        <ele>719.096702</ele>
        <time>2024-05-08T13:56:58.395Z</time>
      </trkpt>
      <trkpt lat="45.842155" lon="10.819168">
        <ele>721.368755</ele>
        <time>2024-05-08T13:57:04.396Z</time>
      </trkpt>
      <trkpt lat="45.842080" lon="10.819081">
        <ele>723.428390</ele>
        <time>2024-05-08T13:57:08.408Z</time>
      </trkpt>
      <trkpt lat="45.842001" lon="10.819005">
        <ele>725.459682</ele>
        <time>2024-05-08T13:57:14.398Z</time>
      </trkpt>
      <trkpt lat="45.841939" lon="10.818911">
        <ele>727.385842</ele>
        <time>2024-05-08T13:57:18.405Z</time>
      </trkpt>
      <trkpt lat="45.841877" lon="10.818792">
        <ele>729.596974</ele>
        <time>2024-05-08T13:57:25.392Z</time>
      </trkpt>
      <trkpt lat="45.841813" lon="10.818692">
        <ele>731.617566</ele>
        <time>2024-05-08T13:59:27.400Z</time>
      </trkpt>
      <trkpt lat="45.841731" lon="10.818599">
        <ele>733.849746</ele>
        <time>2024-05-08T13:59:34.393Z</time>
      </trkpt>
      <trkpt lat="45.841656" lon="10.818512">
        <ele>735.909387</ele>
        <time>2024-05-08T13:59:39.400Z</time>
      </trkpt>
      <trkpt lat="45.841572" lon="10.818458">
        <ele>737.769556</ele>
        <time>2024-05-08T13:59:43.406Z</time>
      </trkpt>
      <trkpt lat="45.841487" lon="10.818398">
        <ele>738.952021</ele>
        <time>2024-05-08T13:59:47.397Z</time>
      </trkpt>
      <trkpt lat="45.841390" lon="10.818407">
        <ele>740.165459</ele>
        <time>2024-05-08T13:59:52.410Z</time>
      </trkpt>
      <trkpt lat="45.841288" lon="10.818354">
        <ele>741.519644</ele>
        <time>2024-05-08T13:59:58.389Z</time>
      </trkpt>
      <trkpt lat="45.841454" lon="10.818134">
        <ele>744.340094</ele>
        <time>2024-05-08T14:01:09.393Z</time>
      </trkpt>
      <trkpt lat="45.841532" lon="10.818042">
        <ele>745.600365</ele>
        <time>2024-05-08T14:01:14.412Z</time>
      </trkpt>
      <trkpt lat="45.841623" lon="10.818010">
        <ele>746.769965</ele>
        <time>2024-05-08T14:01:18.403Z</time>
      </trkpt>
      <trkpt lat="45.841721" lon="10.817972">
        <ele>748.037208</ele>
        <time>2024-05-08T14:01:22.388Z</time>
      </trkpt>
      <trkpt lat="45.841789" lon="10.817884">
        <ele>749.180140</ele>
        <time>2024-05-08T14:01:29.396Z</time>
      </trkpt>
      <trkpt lat="45.841797" lon="10.817733">
        <ele>750.497120</ele>
        <time>2024-05-08T14:01:36.378Z</time>
      </trkpt>
      <trkpt lat="45.841856" lon="10.817626">
        <ele>751.683872</ele>
        <time>2024-05-08T14:01:43.394Z</time>
      </trkpt>
      <trkpt lat="45.841957" lon="10.817553">
        <ele>753.095526</ele>
        <time>2024-05-08T14:01:49.393Z</time>
      </trkpt>
      <trkpt lat="45.842046" lon="10.817513">
        <ele>754.259752</ele>
        <time>2024-05-08T14:01:54.396Z</time>
      </trkpt>
      <trkpt lat="45.841938" lon="10.817507">
        <ele>755.608992</ele>
        <time>2024-05-08T14:03:30.388Z</time>
      </trkpt>
      <trkpt lat="45.841851" lon="10.817547">
        <ele>756.749416</ele>
        <time>2024-05-08T14:03:36.397Z</time>
      </trkpt>
      <trkpt lat="45.841754" lon="10.817499">
        <ele>758.030259</ele>
        <time>2024-05-08T14:03:43.393Z</time>
      </trkpt>
      <trkpt lat="45.841663" lon="10.817476">
        <ele>759.183743</ele>
        <time>2024-05-08T14:03:48.400Z</time>
      </trkpt>
      <trkpt lat="45.841573" lon="10.817542">
        <ele>760.523324</ele>
        <time>2024-05-08T14:03:54.398Z</time>
      </trkpt>
      <trkpt lat="45.841502" lon="10.817446">
        <ele>761.996742</ele>
        <time>2024-05-08T14:04:01.397Z</time>
      </trkpt>
      <trkpt lat="45.841465" lon="10.817323">
        <ele>763.406662</ele>
        <time>2024-05-08T14:04:07.392Z</time>
      </trkpt>
      <trkpt lat="45.841413" lon="10.817197">
        <ele>764.947845</ele>
        <time>2024-05-08T14:04:14.396Z</time>
      </trkpt>
      <trkpt lat="45.841371" lon="10.817064">
        <ele>766.484571</ele>
        <time>2024-05-08T14:04:20.397Z</time>
      </trkpt>
      <trkpt lat="45.841321" lon="10.816934">
        <ele>768.047295</ele>
        <time>2024-05-08T14:04:26.392Z</time>
      </trkpt>
      <trkpt lat="45.841280" lon="10.816816">
        <ele>769.434966</ele>
        <time>2024-05-08T14:04:31.386Z</time>
      </trkpt>
      <trkpt lat="45.841231" lon="10.816701">
        <ele>770.853601</ele>
        <time>2024-05-08T14:04:37.400Z</time>
      </trkpt>
      <trkpt lat="45.841182" lon="10.816590">
        <ele>772.236500</ele>
        <time>2024-05-08T14:04:42.391Z</time>
      </trkpt>
      <trkpt lat="45.841121" lon="10.816474">
        <ele>773.765986</ele>
        <time>2024-05-08T14:04:48.394Z</time>
      </trkpt>
      <trkpt lat="45.841049" lon="10.816379">
        <ele>775.243299</ele>
        <time>2024-05-08T14:04:54.387Z</time>
      </trkpt>
      <trkpt lat="45.840951" lon="10.816392">
        <ele>776.730005</ele>
        <time>2024-05-08T14:05:03.390Z</time>
      </trkpt>
      <trkpt lat="45.840813" lon="10.816342">
        <ele>778.880027</ele>
        <time>2024-05-08T14:08:01.394Z</time>
      </trkpt>
      <trkpt lat="45.840721" lon="10.816328">
        <ele>780.277576</ele>
        <time>2024-05-08T14:08:06.391Z</time>
      </trkpt>
      <trkpt lat="45.840661" lon="10.816425">
        <ele>781.642691</ele>
        <time>2024-05-08T14:08:11.391Z</time>
      </trkpt>
      <trkpt lat="45.840640" lon="10.816555">
        <ele>783.047076</ele>
        <time>2024-05-08T14:08:16.380Z</time>
      </trkpt>
      <trkpt lat="45.840590" lon="10.816665">
        <ele>784.429304</ele>
        <time>2024-05-08T14:08:21.391Z</time>
      </trkpt>
      <trkpt lat="45.840544" lon="10.816789">
        <ele>785.907731</ele>
        <time>2024-05-08T14:08:26.396Z</time>
      </trkpt>
      <trkpt lat="45.840446" lon="10.816797">
        <ele>787.383997</ele>
        <time>2024-05-08T14:08:33.398Z</time>
      </trkpt>
      <trkpt lat="45.840380" lon="10.816679">
        <ele>788.905170</ele>
        <time>2024-05-08T14:08:39.390Z</time>
      </trkpt>
      <trkpt lat="45.840321" lon="10.816554">
        <ele>790.422956</ele>
        <time>2024-05-08T14:08:46.399Z</time>
      </trkpt>
      <trkpt lat="45.840275" lon="10.816435">
        <ele>791.790998</ele>
        <time>2024-05-08T14:08:52.400Z</time>
      </trkpt>
      <trkpt lat="45.840241" lon="10.816307">
        <ele>793.168059</ele>
        <time>2024-05-08T14:08:58.390Z</time>
      </trkpt>
      <trkpt lat="45.840226" lon="10.816175">
        <ele>794.512510</ele>
        <time>2024-05-08T14:09:05.394Z</time>
      </trkpt>
      <trkpt lat="45.840160" lon="10.816062">
        <ele>795.994828</ele>
        <time>2024-05-08T14:09:11.393Z</time>
      </trkpt>
      <trkpt lat="45.840131" lon="10.815929">
        <ele>797.395752</ele>
        <time>2024-05-08T14:09:17.394Z</time>
      </trkpt>
      <trkpt lat="45.840128" lon="10.815777">
        <ele>798.924331</ele>
        <time>2024-05-08T14:09:23.398Z</time>
      </trkpt>
      <trkpt lat="45.840097" lon="10.815648">
        <ele>800.296073</ele>
        <time>2024-05-08T14:09:28.396Z</time>
      </trkpt>
      <trkpt lat="45.840080" lon="10.815507">
        <ele>801.734533</ele>
        <time>2024-05-08T14:09:33.397Z</time>
      </trkpt>
      <trkpt lat="45.840066" lon="10.815375">
        <ele>803.076741</ele>
        <time>2024-05-08T14:09:39.392Z</time>
      </trkpt>
      <trkpt lat="45.840040" lon="10.815240">
        <ele>804.484720</ele>
        <time>2024-05-08T14:09:45.405Z</time>
      </trkpt>
      <trkpt lat="45.840002" lon="10.815105">
        <ele>805.948383</ele>
        <time>2024-05-08T14:09:51.378Z</time>
      </trkpt>
      <trkpt lat="45.839912" lon="10.815108">
        <ele>807.247377</ele>
        <time>2024-05-08T14:09:56.402Z</time>
      </trkpt>
      <trkpt lat="45.839804" lon="10.815113">
        <ele>808.806559</ele>
        <time>2024-05-08T14:10:01.392Z</time>
      </trkpt>
      <trkpt lat="45.839714" lon="10.815140">
        <ele>810.133263</ele>
        <time>2024-05-08T14:10:04.405Z</time>
      </trkpt>
      <trkpt lat="45.839777" lon="10.814940">
        <ele>812.339722</ele>
        <time>2024-05-08T14:11:13.393Z</time>
      </trkpt>
      <trkpt lat="45.839864" lon="10.814849">
        <ele>813.898610</ele>
        <time>2024-05-08T14:11:18.394Z</time>
      </trkpt>
      <trkpt lat="45.839920" lon="10.814732">
        <ele>815.337059</ele>
        <time>2024-05-08T14:11:22.394Z</time>
      </trkpt>
      <trkpt lat="45.840021" lon="10.814736">
        <ele>816.806713</ele>
        <time>2024-05-08T14:11:26.399Z</time>
      </trkpt>
      <trkpt lat="45.840087" lon="10.814828">
        <ele>818.144891</ele>
        <time>2024-05-08T14:11:30.393Z</time>
      </trkpt>
      <trkpt lat="45.840132" lon="10.814969">
        <ele>819.716479</ele>
        <time>2024-05-08T14:11:36.395Z</time>
      </trkpt>
      <trkpt lat="45.840166" lon="10.815121">
        <ele>821.334187</ele>
        <time>2024-05-08T14:11:41.397Z</time>
      </trkpt>
      <trkpt lat="45.840250" lon="10.815172">
        <ele>822.660809</ele>
        <time>2024-05-08T14:11:53.401Z</time>
      </trkpt>
      <trkpt lat="45.840349" lon="10.815106">
        <ele>824.248543</ele>
        <time>2024-05-08T14:12:44.406Z</time>
      </trkpt>
      <trkpt lat="45.840439" lon="10.815120">
        <ele>825.565301</ele>
        <time>2024-05-08T14:12:51.394Z</time>
      </trkpt>
      <trkpt lat="45.840533" lon="10.815107">
        <ele>826.938908</ele>
        <time>2024-05-08T14:12:56.394Z</time>
      </trkpt>
      <trkpt lat="45.840635" lon="10.815077">
        <ele>828.453372</ele>
        <time>2024-05-08T14:13:02.394Z</time>
      </trkpt>
      <trkpt lat="45.840699" lon="10.814971">
        <ele>829.874754</ele>
        <time>2024-05-08T14:13:08.398Z</time>
      </trkpt>
      <trkpt lat="45.840773" lon="10.814849">
        <ele>831.513923</ele>
        <time>2024-05-08T14:13:15.397Z</time>
      </trkpt>
      <trkpt lat="45.840864" lon="10.814763">
        <ele>833.098679</ele>
        <time>2024-05-08T14:13:21.394Z</time>
      </trkpt>
      <trkpt lat="45.840943" lon="10.814687">
        <ele>834.481972</ele>
        <time>2024-05-08T14:13:28.395Z</time>
      </trkpt>
      <trkpt lat="45.841014" lon="10.814598">
        <ele>835.853054</ele>
        <time>2024-05-08T14:13:34.398Z</time>
      </trkpt>
      <trkpt lat="45.840935" lon="10.814534">
        <ele>837.172521</ele>
        <time>2024-05-08T14:13:41.378Z</time>
      </trkpt>
      <trkpt lat="45.840843" lon="10.814606">
        <ele>838.696673</ele>
        <time>2024-05-08T14:13:47.397Z</time>
      </trkpt>
      <trkpt lat="45.840771" lon="10.814699">
        <ele>840.057867</ele>
        <time>2024-05-08T14:13:52.403Z</time>
      </trkpt>
      <trkpt lat="45.840694" lon="10.814773">
        <ele>841.319508</ele>
        <time>2024-05-08T14:13:57.394Z</time>
      </trkpt>
      <trkpt lat="45.840602" lon="10.814810">
        <ele>842.620341</ele>
        <time>2024-05-08T14:14:02.416Z</time>
      </trkpt>
      <trkpt lat="45.840511" lon="10.814773">
        <ele>843.908069</ele>
        <time>2024-05-08T14:14:08.391Z</time>
      </trkpt>
      <trkpt lat="45.840443" lon="10.814684">
        <ele>845.160987</ele>
        <time>2024-05-08T14:14:14.406Z</time>
      </trkpt>
      <trkpt lat="45.840414" lon="10.814544">
        <ele>846.546365</ele>
        <time>2024-05-08T14:14:19.390Z</time>
      </trkpt>
      <trkpt lat="45.840416" lon="10.814408">
        <ele>847.836632</ele>
        <time>2024-05-08T14:14:25.405Z</time>
      </trkpt>
      <trkpt lat="45.840420" lon="10.814276">
        <ele>849.089856</ele>
        <time>2024-05-08T14:14:30.395Z</time>
      </trkpt>
      <trkpt lat="45.840457" lon="10.814141">
        <ele>850.465880</ele>
        <time>2024-05-08T14:14:36.375Z</time>
      </trkpt>
      <trkpt lat="45.840501" lon="10.814025">
        <ele>851.718673</ele>
        <time>2024-05-08T14:14:41.396Z</time>
      </trkpt>
      <trkpt lat="45.840498" lon="10.813892">
        <ele>852.980857</ele>
        <time>2024-05-08T14:14:46.397Z</time>
      </trkpt>
      <trkpt lat="45.840472" lon="10.813759">
        <ele>854.291106</ele>
        <time>2024-05-08T14:14:53.395Z</time>
      </trkpt>
      <trkpt lat="45.840443" lon="10.813617">
        <ele>855.694678</ele>
        <time>2024-05-08T14:14:59.398Z</time>
      </trkpt>
      <trkpt lat="45.840414" lon="10.813487">
        <ele>856.989420</ele>
        <time>2024-05-08T14:15:05.390Z</time>
      </trkpt>
      <trkpt lat="45.840365" lon="10.813268">
        <ele>859.171173</ele>
        <time>2024-05-08T14:17:30.404Z</time>
      </trkpt>
      <trkpt lat="45.840337" lon="10.813141">
        <ele>860.434672</ele>
        <time>2024-05-08T14:17:37.398Z</time>
      </trkpt>
      <trkpt lat="45.840254" lon="10.813031">
        <ele>861.972741</ele>
        <time>2024-05-08T14:17:43.395Z</time>
      </trkpt>
      <trkpt lat="45.840200" lon="10.812921">
        <ele>863.249130</ele>
        <time>2024-05-08T14:17:51.402Z</time>
      </trkpt>
      <trkpt lat="45.840141" lon="10.812821">
        <ele>864.457513</ele>
        <time>2024-05-08T14:17:58.389Z</time>
      </trkpt>
      <trkpt lat="45.840125" lon="10.812686">
        <ele>865.686536</ele>
        <time>2024-05-08T14:18:04.383Z</time>
      </trkpt>
      <trkpt lat="45.840097" lon="10.812562">
        <ele>866.856425</ele>
        <time>2024-05-08T14:18:09.396Z</time>
      </trkpt>
      <trkpt lat="45.840042" lon="10.812452">
        <ele>868.071616</ele>
        <time>2024-05-08T14:18:17.393Z</time>
      </trkpt>
      <trkpt lat="45.839938" lon="10.812308">
        <ele>869.933162</ele>
        <time>2024-05-08T14:18:57.407Z</time>
      </trkpt>
      <trkpt lat="45.839846" lon="10.812251">
        <ele>871.224065</ele>
        <time>2024-05-08T14:19:03.403Z</time>
      </trkpt>
      <trkpt lat="45.839792" lon="10.812135">
        <ele>872.476197</ele>
        <time>2024-05-08T14:19:13.384Z</time>
      </trkpt>
      <trkpt lat="45.839738" lon="10.812025">
        <ele>873.683927</ele>
        <time>2024-05-08T14:19:19.394Z</time>
      </trkpt>
      <trkpt lat="45.839646" lon="10.811960">
        <ele>875.004931</ele>
        <time>2024-05-08T14:19:24.386Z</time>
      </trkpt>
      <trkpt lat="45.839562" lon="10.812043">
        <ele>876.318689</ele>
        <time>2024-05-08T14:19:31.384Z</time>
      </trkpt>
      <trkpt lat="45.839497" lon="10.812134">
        <ele>877.488408</ele>
        <time>2024-05-08T14:19:36.386Z</time>
      </trkpt>
      <trkpt lat="45.839415" lon="10.812208">
        <ele>878.736224</ele>
        <time>2024-05-08T14:19:42.382Z</time>
      </trkpt>
      <trkpt lat="45.839375" lon="10.812326">
        <ele>879.913993</ele>
        <time>2024-05-08T14:19:47.394Z</time>
      </trkpt>
      <trkpt lat="45.839377" lon="10.812473">
        <ele>881.233575</ele>
        <time>2024-05-08T14:19:52.398Z</time>
      </trkpt>
      <trkpt lat="45.839388" lon="10.812606">
        <ele>882.435638</ele>
        <time>2024-05-08T14:19:57.393Z</time>
      </trkpt>
      <trkpt lat="45.839336" lon="10.812736">
        <ele>883.781033</ele>
        <time>2024-05-08T14:20:03.391Z</time>
      </trkpt>
      <trkpt lat="45.839300" lon="10.812868">
        <ele>885.053283</ele>
        <time>2024-05-08T14:20:09.383Z</time>
      </trkpt>
      <trkpt lat="45.839260" lon="10.812987">
        <ele>886.239131</ele>
        <time>2024-05-08T14:20:15.386Z</time>
      </trkpt>
      <trkpt lat="45.839229" lon="10.813129">
        <ele>887.551819</ele>
        <time>2024-05-08T14:20:21.395Z</time>
      </trkpt>
      <trkpt lat="45.839178" lon="10.813255">
        <ele>888.805683</ele>
        <time>2024-05-08T14:20:27.387Z</time>
      </trkpt>
      <trkpt lat="45.839143" lon="10.813386">
        <ele>890.012919</ele>
        <time>2024-05-08T14:20:33.385Z</time>
      </trkpt>
      <trkpt lat="45.839101" lon="10.813586">
        <ele>891.810300</ele>
        <time>2024-05-08T14:22:56.402Z</time>
      </trkpt>
      <trkpt lat="45.838995" lon="10.813589">
        <ele>893.119738</ele>
        <time>2024-05-08T14:23:02.384Z</time>
      </trkpt>
      <trkpt lat="45.838891" lon="10.813588">
        <ele>894.404250</ele>
        <time>2024-05-08T14:23:08.390Z</time>
      </trkpt>
      <trkpt lat="45.838799" lon="10.813598">
        <ele>895.543776</ele>
        <time>2024-05-08T14:23:13.387Z</time>
      </trkpt>
      <trkpt lat="45.838701" lon="10.813616">
        <ele>896.764023</ele>
        <time>2024-05-08T14:23:19.382Z</time>
      </trkpt>
      <trkpt lat="45.838610" lon="10.813660">
        <ele>897.950000</ele>
        <time>2024-05-08T14:23:26.384Z</time>
      </trkpt>
      <trkpt lat="45.838516" lon="10.813705">
        <ele>899.173842</ele>
        <time>2024-05-08T14:23:32.420Z</time>
      </trkpt>
      <trkpt lat="45.838431" lon="10.813752">
        <ele>900.298862</ele>
        <time>2024-05-08T14:23:39.393Z</time>
      </trkpt>
      <trkpt lat="45.838345" lon="10.813798">
        <ele>901.432383</ele>
        <time>2024-05-08T14:23:45.382Z</time>
      </trkpt>
      <trkpt lat="45.838247" lon="10.813845">
        <ele>902.708536</ele>
        <time>2024-05-08T14:23:52.392Z</time>
      </trkpt>
      <trkpt lat="45.838148" lon="10.813820">
        <ele>903.950044</ele>
        <time>2024-05-08T14:23:59.394Z</time>
      </trkpt>
      <trkpt lat="45.838056" lon="10.813787">
        <ele>905.121259</ele>
        <time>2024-05-08T14:24:06.388Z</time>
      </trkpt>
      <trkpt lat="45.837966" lon="10.813797">
        <ele>906.236156</ele>
        <time>2024-05-08T14:24:12.397Z</time>
      </trkpt>
      <trkpt lat="45.837883" lon="10.813847">
        <ele>907.347895</ele>
        <time>2024-05-08T14:24:18.398Z</time>
      </trkpt>
      <trkpt lat="45.837779" lon="10.813864">
        <ele>908.640681</ele>
        <time>2024-05-08T14:24:25.392Z</time>
      </trkpt>
      <trkpt lat="45.837686" lon="10.813848">
        <ele>909.791084</ele>
        <time>2024-05-08T14:24:32.382Z</time>
      </trkpt>
      <trkpt lat="45.837583" lon="10.813832">
        <ele>911.055983</ele>
        <time>2024-05-08T14:24:39.397Z</time>
      </trkpt>
      <trkpt lat="45.837485" lon="10.813855">
        <ele>912.268381</ele>
        <time>2024-05-08T14:24:45.390Z</time>
      </trkpt>
      <trkpt lat="45.837394" lon="10.813890">
        <ele>913.418622</ele>
        <time>2024-05-08T14:24:51.371Z</time>
      </trkpt>
      <trkpt lat="45.837297" lon="10.813951">
        <ele>914.711603</ele>
        <time>2024-05-08T14:24:58.395Z</time>
      </trkpt>
      <trkpt lat="45.837222" lon="10.814028">
        <ele>915.837433</ele>
        <time>2024-05-08T14:25:04.390Z</time>
      </trkpt>
      <trkpt lat="45.837131" lon="10.814108">
        <ele>917.140312</ele>
        <time>2024-05-08T14:25:10.382Z</time>
      </trkpt>
      <trkpt lat="45.837053" lon="10.814188">
        <ele>918.310781</ele>
        <time>2024-05-08T14:25:15.410Z</time>
      </trkpt>
      <trkpt lat="45.836961" lon="10.814259">
        <ele>919.586102</ele>
        <time>2024-05-08T14:25:21.389Z</time>
      </trkpt>
      <trkpt lat="45.836881" lon="10.814345">
        <ele>920.806418</ele>
        <time>2024-05-08T14:25:27.393Z</time>
      </trkpt>
      <trkpt lat="45.836832" lon="10.814552">
        <ele>922.666070</ele>
        <time>2024-05-08T14:27:03.384Z</time>
      </trkpt>
      <trkpt lat="45.836826" lon="10.814685">
        <ele>923.799771</ele>
        <time>2024-05-08T14:27:13.376Z</time>
      </trkpt>
      <trkpt lat="45.836809" lon="10.814830">
        <ele>925.050520</ele>
        <time>2024-05-08T14:27:21.386Z</time>
      </trkpt>
      <trkpt lat="45.836762" lon="10.814959">
        <ele>926.288814</ele>
        <time>2024-05-08T14:27:28.375Z</time>
      </trkpt>
      <trkpt lat="45.836794" lon="10.815156">
        <ele>928.009490</ele>
        <time>2024-05-08T14:29:02.392Z</time>
      </trkpt>
      <trkpt lat="45.836736" lon="10.815056">
        <ele>929.116299</ele>
        <time>2024-05-08T14:32:07.387Z</time>
      </trkpt>
      <trkpt lat="45.836835" lon="10.815290">
        <ele>931.342682</ele>
        <time>2024-05-08T14:34:06.390Z</time>
      </trkpt>
      <trkpt lat="45.836842" lon="10.815421">
        <ele>932.002008</ele>
        <time>2024-05-08T14:34:16.379Z</time>
      </trkpt>
      <trkpt lat="45.836866" lon="10.815549">
        <ele>932.667204</ele>
        <time>2024-05-08T14:34:31.391Z</time>
      </trkpt>
      <trkpt lat="45.836853" lon="10.815693">
        <ele>933.395879</ele>
        <time>2024-05-08T14:34:41.403Z</time>
      </trkpt>
      <trkpt lat="45.836822" lon="10.815818">
        <ele>934.061721</ele>
        <time>2024-05-08T14:34:51.397Z</time>
      </trkpt>
      <trkpt lat="45.836821" lon="10.815948">
        <ele>934.714138</ele>
        <time>2024-05-08T14:35:03.386Z</time>
      </trkpt>
      <trkpt lat="45.836828" lon="10.816081">
        <ele>935.383473</ele>
        <time>2024-05-08T14:35:15.384Z</time>
      </trkpt>
      <trkpt lat="45.836843" lon="10.816210">
        <ele>936.039786</ele>
        <time>2024-05-08T14:35:23.382Z</time>
      </trkpt>
      <trkpt lat="45.836858" lon="10.816340">
        <ele>936.701050</ele>
        <time>2024-05-08T14:35:44.384Z</time>
      </trkpt>
      <trkpt lat="45.836862" lon="10.816478">
        <ele>937.394172</ele>
        <time>2024-05-08T14:35:59.387Z</time>
      </trkpt>
      <trkpt lat="45.836902" lon="10.816597">
        <ele>938.057218</ele>
        <time>2024-05-08T14:36:12.381Z</time>
      </trkpt>
      <trkpt lat="45.836967" lon="10.816689">
        <ele>938.714752</ele>
        <time>2024-05-08T14:36:30.388Z</time>
      </trkpt>
      <trkpt lat="45.837050" lon="10.816754">
        <ele>939.395789</ele>
        <time>2024-05-08T14:36:40.380Z</time>
      </trkpt>
      <trkpt lat="45.837050" lon="10.816891">
        <ele>940.083292</ele>
        <time>2024-05-08T14:36:58.380Z</time>
      </trkpt>
      <trkpt lat="45.837041" lon="10.817023">
        <ele>940.748868</ele>
        <time>2024-05-08T14:37:12.383Z</time>
      </trkpt>
      <trkpt lat="45.836953" lon="10.817054">
        <ele>941.401534</ele>
        <time>2024-05-08T14:37:38.386Z</time>
      </trkpt>
      <trkpt lat="45.836863" lon="10.817023">
        <ele>942.068200</ele>
        <time>2024-05-08T14:37:50.379Z</time>
      </trkpt>
      <trkpt lat="45.836774" lon="10.816968">
        <ele>942.766150</ele>
        <time>2024-05-08T14:38:00.386Z</time>
      </trkpt>
      <trkpt lat="45.836689" lon="10.816894">
        <ele>943.482215</ele>
        <time>2024-05-08T14:38:11.389Z</time>
      </trkpt>
      <trkpt lat="45.836604" lon="10.816826">
        <ele>944.149354</ele>
        <time>2024-05-08T14:38:20.386Z</time>
      </trkpt>
      <trkpt lat="45.836547" lon="10.816714">
        <ele>944.116351</ele>
        <time>2024-05-08T14:38:29.392Z</time>
      </trkpt>
      <trkpt lat="45.836512" lon="10.816577">
        <ele>944.081629</ele>
        <time>2024-05-08T14:38:36.380Z</time>
      </trkpt>
      <trkpt lat="45.836421" lon="10.816518">
        <ele>944.047526</ele>
        <time>2024-05-08T14:38:44.385Z</time>
      </trkpt>
      <trkpt lat="45.836334" lon="10.816467">
        <ele>944.015430</ele>
        <time>2024-05-08T14:38:56.378Z</time>
      </trkpt>
      <trkpt lat="45.836244" lon="10.816467">
        <ele>943.984692</ele>
        <time>2024-05-08T14:39:08.387Z</time>
      </trkpt>
      <trkpt lat="45.836161" lon="10.816528">
        <ele>943.952844</ele>
        <time>2024-05-08T14:39:20.383Z</time>
      </trkpt>
      <trkpt lat="45.836067" lon="10.816568">
        <ele>943.919359</ele>
        <time>2024-05-08T14:39:33.382Z</time>
      </trkpt>
      <trkpt lat="45.835969" lon="10.816562">
        <ele>943.885858</ele>
        <time>2024-05-08T14:39:45.396Z</time>
      </trkpt>
      <trkpt lat="45.835846" lon="10.816504">
        <ele>943.841640</ele>
        <time>2024-05-08T14:41:52.392Z</time>
      </trkpt>
      <trkpt lat="45.835758" lon="10.816475">
        <ele>943.810803</ele>
        <time>2024-05-08T14:42:05.386Z</time>
      </trkpt>
      <trkpt lat="45.835640" lon="10.816495">
        <ele>943.770222</ele>
        <time>2024-05-08T14:49:51.378Z</time>
      </trkpt>
      <trkpt lat="45.835567" lon="10.816416">
        <ele>943.738998</ele>
        <time>2024-05-08T14:50:05.377Z</time>
      </trkpt>
      <trkpt lat="45.835489" lon="10.816344">
        <ele>943.707324</ele>
        <time>2024-05-08T14:50:15.387Z</time>
      </trkpt>
      <trkpt lat="45.835405" lon="10.816278">
        <ele>943.674618</ele>
        <time>2024-05-08T14:50:37.374Z</time>
      </trkpt>
      <trkpt lat="45.835328" lon="10.816351">
        <ele>943.643101</ele>
        <time>2024-05-08T14:50:49.374Z</time>
      </trkpt>
      <trkpt lat="45.835255" lon="10.816434">
        <ele>943.611294</ele>
        <time>2024-05-08T15:14:39.389Z</time>
      </trkpt>
      <trkpt lat="45.835269" lon="10.816306">
        <ele>943.580463</ele>
        <time>2024-05-08T15:20:23.377Z</time>
      </trkpt>
      <trkpt lat="45.835363" lon="10.816295">
        <ele>943.548252</ele>
        <time>2024-05-08T15:36:07.374Z</time>
      </trkpt>
      <trkpt lat="45.835458" lon="10.816328">
        <ele>943.677056</ele>
        <time>2024-05-08T15:36:22.382Z</time>
      </trkpt>
      <trkpt lat="45.835537" lon="10.816402">
        <ele>943.885465</ele>
        <time>2024-05-08T15:36:31.372Z</time>
      </trkpt>
      <trkpt lat="45.835619" lon="10.816484">
        <ele>944.106255</ele>
        <time>2024-05-08T15:36:43.376Z</time>
      </trkpt>
      <trkpt lat="45.835710" lon="10.816511">
        <ele>944.311546</ele>
        <time>2024-05-08T15:36:56.371Z</time>
      </trkpt>
      <trkpt lat="45.835804" lon="10.816472">
        <ele>944.527716</ele>
        <time>2024-05-08T15:38:01.374Z</time>
      </trkpt>
      <trkpt lat="45.835896" lon="10.816514">
        <ele>944.740999</ele>
        <time>2024-05-08T15:38:15.372Z</time>
      </trkpt>
      <trkpt lat="45.835983" lon="10.816564">
        <ele>944.948037</ele>
        <time>2024-05-08T15:38:36.384Z</time>
      </trkpt>
      <trkpt lat="45.836073" lon="10.816551">
        <ele>945.147873</ele>
        <time>2024-05-08T15:38:47.385Z</time>
      </trkpt>
      <trkpt lat="45.836161" lon="10.816507">
        <ele>945.353744</ele>
        <time>2024-05-08T15:38:58.380Z</time>
      </trkpt>
      <trkpt lat="45.836244" lon="10.816452">
        <ele>945.555709</ele>
        <time>2024-05-08T15:39:09.370Z</time>
      </trkpt>
      <trkpt lat="45.836342" lon="10.816460">
        <ele>945.772564</ele>
        <time>2024-05-08T15:39:27.357Z</time>
      </trkpt>
      <trkpt lat="45.836425" lon="10.816530">
        <ele>945.985242</ele>
        <time>2024-05-08T15:39:41.373Z</time>
      </trkpt>
      <trkpt lat="45.836501" lon="10.816603">
        <ele>946.187271</ele>
        <time>2024-05-08T15:39:50.376Z</time>
      </trkpt>
      <trkpt lat="45.836531" lon="10.816745">
        <ele>946.415664</ele>
        <time>2024-05-08T15:39:59.363Z</time>
      </trkpt>
      <trkpt lat="45.836597" lon="10.816845">
        <ele>946.627682</ele>
        <time>2024-05-08T15:40:10.374Z</time>
      </trkpt>
      <trkpt lat="45.836675" lon="10.816916">
        <ele>946.831733</ele>
        <time>2024-05-08T15:40:21.379Z</time>
      </trkpt>
      <trkpt lat="45.836770" lon="10.816932">
        <ele>947.043050</ele>
        <time>2024-05-08T15:40:30.369Z</time>
      </trkpt>
      <trkpt lat="45.836850" lon="10.817005">
        <ele>947.252481</ele>
        <time>2024-05-08T15:40:43.372Z</time>
      </trkpt>
      <trkpt lat="45.836949" lon="10.817014">
        <ele>947.471633</ele>
        <time>2024-05-08T15:40:52.368Z</time>
      </trkpt>
      <trkpt lat="45.837034" lon="10.816961">
        <ele>946.716360</ele>
        <time>2024-05-08T15:41:17.366Z</time>
      </trkpt>
      <trkpt lat="45.837035" lon="10.816822">
        <ele>945.694181</ele>
        <time>2024-05-08T15:41:33.365Z</time>
      </trkpt>
      <trkpt lat="45.836954" lon="10.816752">
        <ele>944.696257</ele>
        <time>2024-05-08T15:41:44.384Z</time>
      </trkpt>
      <trkpt lat="45.836877" lon="10.816666">
        <ele>943.666493</ele>
        <time>2024-05-08T15:41:59.355Z</time>
      </trkpt>
      <trkpt lat="45.836842" lon="10.816538">
        <ele>942.655356</ele>
        <time>2024-05-08T15:42:15.370Z</time>
      </trkpt>
      <trkpt lat="45.836823" lon="10.816400">
        <ele>941.620955</ele>
        <time>2024-05-08T15:42:22.361Z</time>
      </trkpt>
      <trkpt lat="45.836774" lon="10.816290">
        <ele>940.660874</ele>
        <time>2024-05-08T15:42:32.376Z</time>
      </trkpt>
      <trkpt lat="45.836773" lon="10.816160">
        <ele>939.704866</ele>
        <time>2024-05-08T15:42:47.383Z</time>
      </trkpt>
      <trkpt lat="45.836749" lon="10.815977">
        <ele>938.335550</ele>
        <time>2024-05-08T15:43:57.380Z</time>
      </trkpt>
      <trkpt lat="45.836784" lon="10.815850">
        <ele>937.331253</ele>
        <time>2024-05-08T15:44:05.353Z</time>
      </trkpt>
      <trkpt lat="45.836812" lon="10.815720">
        <ele>936.330666</ele>
        <time>2024-05-08T15:44:11.360Z</time>
      </trkpt>
      <trkpt lat="45.836838" lon="10.815596">
        <ele>935.378439</ele>
        <time>2024-05-08T15:44:17.362Z</time>
      </trkpt>
      <trkpt lat="45.836823" lon="10.815466">
        <ele>934.409470</ele>
        <time>2024-05-08T15:44:28.360Z</time>
      </trkpt>
      <trkpt lat="45.836816" lon="10.815325">
        <ele>933.370005</ele>
        <time>2024-05-08T15:44:35.366Z</time>
      </trkpt>
      <trkpt lat="45.836779" lon="10.815200">
        <ele>932.371306</ele>
        <time>2024-05-08T15:44:42.363Z</time>
      </trkpt>
      <trkpt lat="45.836752" lon="10.815076">
        <ele>931.415983</ele>
        <time>2024-05-08T15:45:00.369Z</time>
      </trkpt>
      <trkpt lat="45.836785" lon="10.814860">
        <ele>929.789897</ele>
        <time>2024-05-08T15:46:07.372Z</time>
      </trkpt>
      <trkpt lat="45.836807" lon="10.814730">
        <ele>928.806152</ele>
        <time>2024-05-08T15:46:12.366Z</time>
      </trkpt>
      <trkpt lat="45.836829" lon="10.814581">
        <ele>927.550934</ele>
        <time>2024-05-08T15:46:17.363Z</time>
      </trkpt>
      <trkpt lat="45.836838" lon="10.814448">
        <ele>926.410159</ele>
        <time>2024-05-08T15:46:20.384Z</time>
      </trkpt>
      <trkpt lat="45.836888" lon="10.814330">
        <ele>925.231102</ele>
        <time>2024-05-08T15:46:23.376Z</time>
      </trkpt>
      <trkpt lat="45.836996" lon="10.814262">
        <ele>923.785994</ele>
        <time>2024-05-08T15:46:27.381Z</time>
      </trkpt>
      <trkpt lat="45.837098" lon="10.814168">
        <ele>922.300691</ele>
        <time>2024-05-08T15:46:31.381Z</time>
      </trkpt>
      <trkpt lat="45.837187" lon="10.814072">
        <ele>920.936507</ele>
        <time>2024-05-08T15:46:34.359Z</time>
      </trkpt>
      <trkpt lat="45.837277" lon="10.814005">
        <ele>919.694184</ele>
        <time>2024-05-08T15:46:37.365Z</time>
      </trkpt>
      <trkpt lat="45.837358" lon="10.813935">
        <ele>918.535633</ele>
        <time>2024-05-08T15:46:40.356Z</time>
      </trkpt>
      <trkpt lat="45.837439" lon="10.813869">
        <ele>917.394321</ele>
        <time>2024-05-08T15:46:45.379Z</time>
      </trkpt>
      <trkpt lat="45.837550" lon="10.813826">
        <ele>915.985514</ele>
        <time>2024-05-08T15:46:49.369Z</time>
      </trkpt>
      <trkpt lat="45.837657" lon="10.813853">
        <ele>914.654281</ele>
        <time>2024-05-08T15:46:52.380Z</time>
      </trkpt>
      <trkpt lat="45.837774" lon="10.813860">
        <ele>913.219374</ele>
        <time>2024-05-08T15:46:55.366Z</time>
      </trkpt>
      <trkpt lat="45.837875" lon="10.813836">
        <ele>911.964924</ele>
        <time>2024-05-08T15:46:58.378Z</time>
      </trkpt>
      <trkpt lat="45.837974" lon="10.813801">
        <ele>910.715570</ele>
        <time>2024-05-08T15:47:02.377Z</time>
      </trkpt>
      <trkpt lat="45.838095" lon="10.813817">
        <ele>909.226616</ele>
        <time>2024-05-08T15:47:06.366Z</time>
      </trkpt>
      <trkpt lat="45.838186" lon="10.813852">
        <ele>908.072208</ele>
        <time>2024-05-08T15:47:09.368Z</time>
      </trkpt>
      <trkpt lat="45.838298" lon="10.813849">
        <ele>906.699575</ele>
        <time>2024-05-08T15:47:13.390Z</time>
      </trkpt>
      <trkpt lat="45.838389" lon="10.813772">
        <ele>905.285636</ele>
        <time>2024-05-08T15:47:17.371Z</time>
      </trkpt>
      <trkpt lat="45.838466" lon="10.813693">
        <ele>903.997661</ele>
        <time>2024-05-08T15:47:21.361Z</time>
      </trkpt>
      <trkpt lat="45.838561" lon="10.813658">
        <ele>902.662986</ele>
        <time>2024-05-08T15:47:25.355Z</time>
      </trkpt>
      <trkpt lat="45.838654" lon="10.813640">
        <ele>901.385979</ele>
        <time>2024-05-08T15:47:28.353Z</time>
      </trkpt>
      <trkpt lat="45.838765" lon="10.813613">
        <ele>899.853945</ele>
        <time>2024-05-08T15:47:33.386Z</time>
      </trkpt>
      <trkpt lat="45.838862" lon="10.813600">
        <ele>898.528218</ele>
        <time>2024-05-08T15:47:36.374Z</time>
      </trkpt>
      <trkpt lat="45.838951" lon="10.813618">
        <ele>897.305134</ele>
        <time>2024-05-08T15:47:39.356Z</time>
      </trkpt>
      <trkpt lat="45.839044" lon="10.813602">
        <ele>896.030522</ele>
        <time>2024-05-08T15:47:42.368Z</time>
      </trkpt>
      <trkpt lat="45.839123" lon="10.813519">
        <ele>894.698274</ele>
        <time>2024-05-08T15:47:46.352Z</time>
      </trkpt>
      <trkpt lat="45.839169" lon="10.813371">
        <ele>893.161870</ele>
        <time>2024-05-08T15:47:51.373Z</time>
      </trkpt>
      <trkpt lat="45.839202" lon="10.813209">
        <ele>891.561736</ele>
        <time>2024-05-08T15:47:55.379Z</time>
      </trkpt>
      <trkpt lat="45.839242" lon="10.813073">
        <ele>890.162209</ele>
        <time>2024-05-08T15:47:59.359Z</time>
      </trkpt>
      <trkpt lat="45.839282" lon="10.812921">
        <ele>888.621809</ele>
        <time>2024-05-08T15:48:03.367Z</time>
      </trkpt>
      <trkpt lat="45.839316" lon="10.812779">
        <ele>887.198303</ele>
        <time>2024-05-08T15:48:07.380Z</time>
      </trkpt>
      <trkpt lat="45.839371" lon="10.812642">
        <ele>885.699275</ele>
        <time>2024-05-08T15:48:11.366Z</time>
      </trkpt>
      <trkpt lat="45.839391" lon="10.812514">
        <ele>884.455640</ele>
        <time>2024-05-08T15:48:15.374Z</time>
      </trkpt>
      <trkpt lat="45.839392" lon="10.812361">
        <ele>883.005077</ele>
        <time>2024-05-08T15:48:18.365Z</time>
      </trkpt>
      <trkpt lat="45.839403" lon="10.812216">
        <ele>881.620333</ele>
        <time>2024-05-08T15:48:22.374Z</time>
      </trkpt>
      <trkpt lat="45.839446" lon="10.812090">
        <ele>880.283458</ele>
        <time>2024-05-08T15:48:25.368Z</time>
      </trkpt>
      <trkpt lat="45.839530" lon="10.812037">
        <ele>879.028506</ele>
        <time>2024-05-08T15:48:28.397Z</time>
      </trkpt>
      <trkpt lat="45.839597" lon="10.811948">
        <ele>877.779971</ele>
        <time>2024-05-08T15:48:34.356Z</time>
      </trkpt>
      <trkpt lat="45.839689" lon="10.811979">
        <ele>876.487491</ele>
        <time>2024-05-08T15:48:41.379Z</time>
      </trkpt>
      <trkpt lat="45.839760" lon="10.812084">
        <ele>875.093254</ele>
        <time>2024-05-08T15:48:44.361Z</time>
      </trkpt>
      <trkpt lat="45.839806" lon="10.812247">
        <ele>873.417559</ele>
        <time>2024-05-08T15:48:47.380Z</time>
      </trkpt>
      <trkpt lat="45.839914" lon="10.812314">
        <ele>871.808401</ele>
        <time>2024-05-08T15:48:53.358Z</time>
      </trkpt>
      <trkpt lat="45.839993" lon="10.812390">
        <ele>870.507703</ele>
        <time>2024-05-08T15:48:56.377Z</time>
      </trkpt>
      <trkpt lat="45.840079" lon="10.812481">
        <ele>869.046441</ele>
        <time>2024-05-08T15:48:59.376Z</time>
      </trkpt>
      <trkpt lat="45.840119" lon="10.812649">
        <ele>867.354798</ele>
        <time>2024-05-08T15:49:02.363Z</time>
      </trkpt>
      <trkpt lat="45.840122" lon="10.812786">
        <ele>866.048790</ele>
        <time>2024-05-08T15:49:05.379Z</time>
      </trkpt>
      <trkpt lat="45.840137" lon="10.812913">
        <ele>864.821442</ele>
        <time>2024-05-08T15:49:09.371Z</time>
      </trkpt>
      <trkpt lat="45.840242" lon="10.812976">
        <ele>863.264957</ele>
        <time>2024-05-08T15:49:17.361Z</time>
      </trkpt>
      <trkpt lat="45.840318" lon="10.813101">
        <ele>861.684141</ele>
        <time>2024-05-08T15:49:22.362Z</time>
      </trkpt>
      <trkpt lat="45.840385" lon="10.813231">
        <ele>860.143367</ele>
        <time>2024-05-08T15:49:27.354Z</time>
      </trkpt>
      <trkpt lat="45.840418" lon="10.813357">
        <ele>858.860784</ele>
        <time>2024-05-08T15:49:31.373Z</time>
      </trkpt>
      <trkpt lat="45.840447" lon="10.813485">
        <ele>857.578307</ele>
        <time>2024-05-08T15:49:36.370Z</time>
      </trkpt>
      <trkpt lat="45.840433" lon="10.813638">
        <ele>856.251928</ele>
        <time>2024-05-08T15:49:40.366Z</time>
      </trkpt>
      <trkpt lat="45.840434" lon="10.813797">
        <ele>854.904325</ele>
        <time>2024-05-08T15:49:44.360Z</time>
      </trkpt>
      <trkpt lat="45.840503" lon="10.813921">
        <ele>853.559319</ele>
        <time>2024-05-08T15:49:48.350Z</time>
      </trkpt>
      <trkpt lat="45.840521" lon="10.814060">
        <ele>852.361097</ele>
        <time>2024-05-08T15:49:51.405Z</time>
      </trkpt>
      <trkpt lat="45.840437" lon="10.814185">
        <ele>850.889166</ele>
        <time>2024-05-08T15:49:55.378Z</time>
      </trkpt>
      <trkpt lat="45.840394" lon="10.814301">
        <ele>849.775538</ele>
        <time>2024-05-08T15:49:58.378Z</time>
      </trkpt>
      <trkpt lat="45.840380" lon="10.814445">
        <ele>848.543290</ele>
        <time>2024-05-08T15:50:02.375Z</time>
      </trkpt>
      <trkpt lat="45.840384" lon="10.814595">
        <ele>847.271086</ele>
        <time>2024-05-08T15:50:06.346Z</time>
      </trkpt>
      <trkpt lat="45.840443" lon="10.814742">
        <ele>845.833271</ele>
        <time>2024-05-08T15:50:10.375Z</time>
      </trkpt>
      <trkpt lat="45.840540" lon="10.814828">
        <ele>844.446279</ele>
        <time>2024-05-08T15:50:14.358Z</time>
      </trkpt>
      <trkpt lat="45.840632" lon="10.814804">
        <ele>843.308729</ele>
        <time>2024-05-08T15:50:17.368Z</time>
      </trkpt>
      <trkpt lat="45.840722" lon="10.814740">
        <ele>842.086852</ele>
        <time>2024-05-08T15:50:20.394Z</time>
      </trkpt>
      <trkpt lat="45.840817" lon="10.814660">
        <ele>840.746938</ele>
        <time>2024-05-08T15:50:24.367Z</time>
      </trkpt>
      <trkpt lat="45.840895" lon="10.814580">
        <ele>839.580701</ele>
        <time>2024-05-08T15:50:27.373Z</time>
      </trkpt>
      <trkpt lat="45.840971" lon="10.814497">
        <ele>838.418958</ele>
        <time>2024-05-08T15:50:31.353Z</time>
      </trkpt>
      <trkpt lat="45.840982" lon="10.814630">
        <ele>837.283860</ele>
        <time>2024-05-08T15:50:36.362Z</time>
      </trkpt>
      <trkpt lat="45.840883" lon="10.814716">
        <ele>835.876112</ele>
        <time>2024-05-08T15:50:40.357Z</time>
      </trkpt>
      <trkpt lat="45.840801" lon="10.814852">
        <ele>834.104166</ele>
        <time>2024-05-08T15:50:44.363Z</time>
      </trkpt>
      <trkpt lat="45.840711" lon="10.814945">
        <ele>832.471415</ele>
        <time>2024-05-08T15:50:49.353Z</time>
      </trkpt>
      <trkpt lat="45.840639" lon="10.815038">
        <ele>831.045321</ele>
        <time>2024-05-08T15:50:52.363Z</time>
      </trkpt>
      <trkpt lat="45.840547" lon="10.815120">
        <ele>829.450875</ele>
        <time>2024-05-08T15:50:56.372Z</time>
      </trkpt>
      <trkpt lat="45.840436" lon="10.815141">
        <ele>827.802438</ele>
        <time>2024-05-08T15:51:00.369Z</time>
      </trkpt>
      <trkpt lat="45.840334" lon="10.815129">
        <ele>826.295610</ele>
        <time>2024-05-08T15:51:03.367Z</time>
      </trkpt>
      <trkpt lat="45.840222" lon="10.815180">
        <ele>824.565598</ele>
        <time>2024-05-08T15:51:07.364Z</time>
      </trkpt>
      <trkpt lat="45.840128" lon="10.815116">
        <ele>823.033797</ele>
        <time>2024-05-08T15:51:11.365Z</time>
      </trkpt>
      <trkpt lat="45.840077" lon="10.815005">
        <ele>821.669920</ele>
        <time>2024-05-08T15:51:15.373Z</time>
      </trkpt>
      <trkpt lat="45.840057" lon="10.814866">
        <ele>820.214065</ele>
        <time>2024-05-08T15:51:19.378Z</time>
      </trkpt>
      <trkpt lat="45.839969" lon="10.814785">
        <ele>818.674896</ele>
        <time>2024-05-08T15:51:24.362Z</time>
      </trkpt>
      <trkpt lat="45.839872" lon="10.814835">
        <ele>817.157426</ele>
        <time>2024-05-08T15:51:28.367Z</time>
      </trkpt>
      <trkpt lat="45.839811" lon="10.814942">
        <ele>815.739251</ele>
        <time>2024-05-08T15:51:31.355Z</time>
      </trkpt>
      <trkpt lat="45.839718" lon="10.815008">
        <ele>814.211757</ele>
        <time>2024-05-08T15:51:34.360Z</time>
      </trkpt>
      <trkpt lat="45.839714" lon="10.815155">
        <ele>812.702776</ele>
        <time>2024-05-08T15:51:39.363Z</time>
      </trkpt>
      <trkpt lat="45.839824" lon="10.815104">
        <ele>811.000807</ele>
        <time>2024-05-08T15:51:43.350Z</time>
      </trkpt>
      <trkpt lat="45.839914" lon="10.815112">
        <ele>809.673158</ele>
        <time>2024-05-08T15:51:46.371Z</time>
      </trkpt>
      <trkpt lat="45.840041" lon="10.815202">
        <ele>807.662648</ele>
        <time>2024-05-08T15:51:49.362Z</time>
      </trkpt>
      <trkpt lat="45.840093" lon="10.815347">
        <ele>806.075638</ele>
        <time>2024-05-08T15:51:52.367Z</time>
      </trkpt>
      <trkpt lat="45.840113" lon="10.815478">
        <ele>804.770592</ele>
        <time>2024-05-08T15:51:55.353Z</time>
      </trkpt>
      <trkpt lat="45.840108" lon="10.815639">
        <ele>803.202305</ele>
        <time>2024-05-08T15:52:00.381Z</time>
      </trkpt>
      <trkpt lat="45.840114" lon="10.815775">
        <ele>801.876205</ele>
        <time>2024-05-08T15:52:03.372Z</time>
      </trkpt>
      <trkpt lat="45.840149" lon="10.815903">
        <ele>800.538097</ele>
        <time>2024-05-08T15:52:06.369Z</time>
      </trkpt>
      <trkpt lat="45.840163" lon="10.816046">
        <ele>799.132856</ele>
        <time>2024-05-08T15:52:09.368Z</time>
      </trkpt>
      <trkpt lat="45.840216" lon="10.816205">
        <ele>797.417598</ele>
        <time>2024-05-08T15:52:12.360Z</time>
      </trkpt>
      <trkpt lat="45.840263" lon="10.816343">
        <ele>795.922802</ele>
        <time>2024-05-08T15:52:15.358Z</time>
      </trkpt>
      <trkpt lat="45.840286" lon="10.816484">
        <ele>794.513590</ele>
        <time>2024-05-08T15:52:19.375Z</time>
      </trkpt>
      <trkpt lat="45.840341" lon="10.816607">
        <ele>793.091308</ele>
        <time>2024-05-08T15:52:23.373Z</time>
      </trkpt>
      <trkpt lat="45.840413" lon="10.816709">
        <ele>791.678262</ele>
        <time>2024-05-08T15:52:27.373Z</time>
      </trkpt>
      <trkpt lat="45.840477" lon="10.816821">
        <ele>790.268631</ele>
        <time>2024-05-08T15:52:32.384Z</time>
      </trkpt>
      <trkpt lat="45.840570" lon="10.816809">
        <ele>788.964335</ele>
        <time>2024-05-08T15:52:38.357Z</time>
      </trkpt>
      <trkpt lat="45.840591" lon="10.816666">
        <ele>787.542197</ele>
        <time>2024-05-08T15:52:41.358Z</time>
      </trkpt>
      <trkpt lat="45.840632" lon="10.816537">
        <ele>786.162409</ele>
        <time>2024-05-08T15:52:44.370Z</time>
      </trkpt>
      <trkpt lat="45.840679" lon="10.816403">
        <ele>784.702492</ele>
        <time>2024-05-08T15:52:48.347Z</time>
      </trkpt>
      <trkpt lat="45.840734" lon="10.816296">
        <ele>783.337439</ele>
        <time>2024-05-08T15:52:53.352Z</time>
      </trkpt>
      <trkpt lat="45.840858" lon="10.816310">
        <ele>781.359968</ele>
        <time>2024-05-08T15:52:58.352Z</time>
      </trkpt>
      <trkpt lat="45.840950" lon="10.816360">
        <ele>779.796005</ele>
        <time>2024-05-08T15:53:01.356Z</time>
      </trkpt>
      <trkpt lat="45.841055" lon="10.816456">
        <ele>777.816834</ele>
        <time>2024-05-08T15:53:04.360Z</time>
      </trkpt>
      <trkpt lat="45.841128" lon="10.816578">
        <ele>776.035625</ele>
        <time>2024-05-08T15:53:07.365Z</time>
      </trkpt>
      <trkpt lat="45.841201" lon="10.816688">
        <ele>774.353009</ele>
        <time>2024-05-08T15:53:10.382Z</time>
      </trkpt>
      <trkpt lat="45.841259" lon="10.816801">
        <ele>772.798469</ele>
        <time>2024-05-08T15:53:14.369Z</time>
      </trkpt>
      <trkpt lat="45.841315" lon="10.816948">
        <ele>770.942847</ele>
        <time>2024-05-08T15:53:18.374Z</time>
      </trkpt>
      <trkpt lat="45.841382" lon="10.817095">
        <ele>768.997261</ele>
        <time>2024-05-08T15:53:22.381Z</time>
      </trkpt>
      <trkpt lat="45.841420" lon="10.817232">
        <ele>767.364077</ele>
        <time>2024-05-08T15:53:25.375Z</time>
      </trkpt>
      <trkpt lat="45.841462" lon="10.817377">
        <ele>765.624852</ele>
        <time>2024-05-08T15:53:29.376Z</time>
      </trkpt>
      <trkpt lat="45.841515" lon="10.817530">
        <ele>763.732377</ele>
        <time>2024-05-08T15:53:33.356Z</time>
      </trkpt>
      <trkpt lat="45.841616" lon="10.817540">
        <ele>762.122839</ele>
        <time>2024-05-08T15:53:38.373Z</time>
      </trkpt>
      <trkpt lat="45.841676" lon="10.817441">
        <ele>760.669515</ele>
        <time>2024-05-08T15:53:42.369Z</time>
      </trkpt>
      <trkpt lat="45.841771" lon="10.817480">
        <ele>759.098630</ele>
        <time>2024-05-08T15:53:47.357Z</time>
      </trkpt>
      <trkpt lat="45.841864" lon="10.817519">
        <ele>757.558292</ele>
        <time>2024-05-08T15:53:50.359Z</time>
      </trkpt>
      <trkpt lat="45.841945" lon="10.817461">
        <ele>756.119209</ele>
        <time>2024-05-08T15:53:55.365Z</time>
      </trkpt>
      <trkpt lat="45.842030" lon="10.817513">
        <ele>754.666607</ele>
        <time>2024-05-08T15:53:59.368Z</time>
      </trkpt>
      <trkpt lat="45.841962" lon="10.817618">
        <ele>753.117143</ele>
        <time>2024-05-08T15:54:07.362Z</time>
      </trkpt>
      <trkpt lat="45.841868" lon="10.817669">
        <ele>751.558094</ele>
        <time>2024-05-08T15:54:11.378Z</time>
      </trkpt>
      <trkpt lat="45.841805" lon="10.817783">
        <ele>749.985380</ele>
        <time>2024-05-08T15:54:15.381Z</time>
      </trkpt>
      <trkpt lat="45.841746" lon="10.817921">
        <ele>748.235393</ele>
        <time>2024-05-08T15:54:19.378Z</time>
      </trkpt>
      <trkpt lat="45.841683" lon="10.818039">
        <ele>746.628583</ele>
        <time>2024-05-08T15:54:23.375Z</time>
      </trkpt>
      <trkpt lat="45.841574" lon="10.818090">
        <ele>744.849943</ele>
        <time>2024-05-08T15:54:27.356Z</time>
      </trkpt>
      <trkpt lat="45.841475" lon="10.818147">
        <ele>743.195069</ele>
        <time>2024-05-08T15:54:31.382Z</time>
      </trkpt>
      <trkpt lat="45.841382" lon="10.818151">
        <ele>741.751579</ele>
        <time>2024-05-08T15:54:36.358Z</time>
      </trkpt>
      <trkpt lat="45.841296" lon="10.818198">
        <ele>740.323909</ele>
        <time>2024-05-08T15:54:41.366Z</time>
      </trkpt>
      <trkpt lat="45.841251" lon="10.818334">
        <ele>738.696633</ele>
        <time>2024-05-08T15:54:47.376Z</time>
      </trkpt>
      <trkpt lat="45.841356" lon="10.818355">
        <ele>737.051882</ele>
        <time>2024-05-08T15:54:53.366Z</time>
      </trkpt>
      <trkpt lat="45.841453" lon="10.818351">
        <ele>735.546361</ele>
        <time>2024-05-08T15:54:56.374Z</time>
      </trkpt>
      <trkpt lat="45.841527" lon="10.818432">
        <ele>734.102588</ele>
        <time>2024-05-08T15:54:59.368Z</time>
      </trkpt>
      <trkpt lat="45.841604" lon="10.818529">
        <ele>732.513186</ele>
        <time>2024-05-08T15:55:02.383Z</time>
      </trkpt>
      <trkpt lat="45.841667" lon="10.818645">
        <ele>730.923478</ele>
        <time>2024-05-08T15:55:05.362Z</time>
      </trkpt>
      <trkpt lat="45.841733" lon="10.818767">
        <ele>729.254008</ele>
        <time>2024-05-08T15:55:08.363Z</time>
      </trkpt>
      <trkpt lat="45.841831" lon="10.818891">
        <ele>727.152124</ele>
        <time>2024-05-08T15:55:11.368Z</time>
      </trkpt>
      <trkpt lat="45.841929" lon="10.818975">
        <ele>724.700794</ele>
        <time>2024-05-08T15:55:15.369Z</time>
      </trkpt>
      <trkpt lat="45.842014" lon="10.819092">
        <ele>722.171670</ele>
        <time>2024-05-08T15:55:19.364Z</time>
      </trkpt>
      <trkpt lat="45.842101" lon="10.819177">
        <ele>719.911528</ele>
        <time>2024-05-08T15:55:22.362Z</time>
      </trkpt>
      <trkpt lat="45.842171" lon="10.819275">
        <ele>717.811593</ele>
        <time>2024-05-08T15:55:25.360Z</time>
      </trkpt>
      <trkpt lat="45.842239" lon="10.819413">
        <ele>715.282675</ele>
        <time>2024-05-08T15:55:28.374Z</time>
      </trkpt>
      <trkpt lat="45.842305" lon="10.819549">
        <ele>712.802929</ele>
        <time>2024-05-08T15:55:31.371Z</time>
      </trkpt>
      <trkpt lat="45.842397" lon="10.819642">
        <ele>710.386368</ele>
        <time>2024-05-08T15:55:34.352Z</time>
      </trkpt>
      <trkpt lat="45.842483" lon="10.819707">
        <ele>708.299043</ele>
        <time>2024-05-08T15:55:37.357Z</time>
      </trkpt>
      <trkpt lat="45.842582" lon="10.819819">
        <ele>705.591971</ele>
        <time>2024-05-08T15:55:41.358Z</time>
      </trkpt>
      <trkpt lat="45.842654" lon="10.819897">
        <ele>703.654759</ele>
        <time>2024-05-08T15:55:45.358Z</time>
      </trkpt>
      <trkpt lat="45.842748" lon="10.819990">
        <ele>701.202960</ele>
        <time>2024-05-08T15:55:47.359Z</time>
      </trkpt>
      <trkpt lat="45.842849" lon="10.820060">
        <ele>698.794279</ele>
        <time>2024-05-08T15:55:49.369Z</time>
      </trkpt>
      <trkpt lat="45.842946" lon="10.820104">
        <ele>696.609555</ele>
        <time>2024-05-08T15:55:52.359Z</time>
      </trkpt>
      <trkpt lat="45.843047" lon="10.820180">
        <ele>694.160513</ele>
        <time>2024-05-08T15:55:55.368Z</time>
      </trkpt>
      <trkpt lat="45.843148" lon="10.820258">
        <ele>691.697436</ele>
        <time>2024-05-08T15:55:59.380Z</time>
      </trkpt>
      <trkpt lat="45.843242" lon="10.820306">
        <ele>689.554751</ele>
        <time>2024-05-08T15:56:01.366Z</time>
      </trkpt>
      <trkpt lat="45.843376" lon="10.820361">
        <ele>687.331921</ele>
        <time>2024-05-08T15:56:03.370Z</time>
      </trkpt>
      <trkpt lat="45.843496" lon="10.820421">
        <ele>685.544290</ele>
        <time>2024-05-08T15:56:05.364Z</time>
      </trkpt>
      <trkpt lat="45.843603" lon="10.820485">
        <ele>683.913575</ele>
        <time>2024-05-08T15:56:07.361Z</time>
      </trkpt>
      <trkpt lat="45.843700" lon="10.820547">
        <ele>682.419822</ele>
        <time>2024-05-08T15:56:09.373Z</time>
      </trkpt>
      <trkpt lat="45.843797" lon="10.820579">
        <ele>681.019657</ele>
        <time>2024-05-08T15:56:11.366Z</time>
      </trkpt>
      <trkpt lat="45.843904" lon="10.820578">
        <ele>679.514351</ele>
        <time>2024-05-08T15:56:13.377Z</time>
      </trkpt>
      <trkpt lat="45.844000" lon="10.820581">
        <ele>678.163505</ele>
        <time>2024-05-08T15:56:15.370Z</time>
      </trkpt>
      <trkpt lat="45.844124" lon="10.820572">
        <ele>676.416847</ele>
        <time>2024-05-08T15:56:18.348Z</time>
      </trkpt>
      <trkpt lat="45.844242" lon="10.820584">
        <ele>674.752665</ele>
        <time>2024-05-08T15:56:21.356Z</time>
      </trkpt>
      <trkpt lat="45.844344" lon="10.820605">
        <ele>673.303048</ele>
        <time>2024-05-08T15:56:24.371Z</time>
      </trkpt>
      <trkpt lat="45.844450" lon="10.820633">
        <ele>671.786806</ele>
        <time>2024-05-08T15:56:26.354Z</time>
      </trkpt>
      <trkpt lat="45.844541" lon="10.820729">
        <ele>670.198109</ele>
        <time>2024-05-08T15:56:29.372Z</time>
      </trkpt>
      <trkpt lat="45.844587" lon="10.820852">
        <ele>668.830001</ele>
        <time>2024-05-08T15:56:32.363Z</time>
      </trkpt>
      <trkpt lat="45.844647" lon="10.820992">
        <ele>667.219164</ele>
        <time>2024-05-08T15:56:36.357Z</time>
      </trkpt>
      <trkpt lat="45.844665" lon="10.820839">
        <ele>665.698556</ele>
        <time>2024-05-08T15:56:40.354Z</time>
      </trkpt>
      <trkpt lat="45.844632" lon="10.820712">
        <ele>664.370210</ele>
        <time>2024-05-08T15:56:43.350Z</time>
      </trkpt>
      <trkpt lat="45.844587" lon="10.820598">
        <ele>663.154047</ele>
        <time>2024-05-08T15:56:46.358Z</time>
      </trkpt>
      <trkpt lat="45.844557" lon="10.820461">
        <ele>661.982527</ele>
        <time>2024-05-08T15:56:50.361Z</time>
      </trkpt>
      <trkpt lat="45.844762" lon="10.820545">
        <ele>659.485973</ele>
        <time>2024-05-08T15:57:28.364Z</time>
      </trkpt>
      <trkpt lat="45.844834" lon="10.820645">
        <ele>658.312774</ele>
        <time>2024-05-08T15:57:33.389Z</time>
      </trkpt>
      <trkpt lat="45.844910" lon="10.820727">
        <ele>657.199414</ele>
        <time>2024-05-08T15:57:37.354Z</time>
      </trkpt>
      <trkpt lat="45.845010" lon="10.820833">
        <ele>655.743701</ele>
        <time>2024-05-08T15:57:41.384Z</time>
      </trkpt>
      <trkpt lat="45.845060" lon="10.820947">
        <ele>654.644754</ele>
        <time>2024-05-08T15:57:43.357Z</time>
      </trkpt>
      <trkpt lat="45.845126" lon="10.821116">
        <ele>653.064245</ele>
        <time>2024-05-08T15:57:46.371Z</time>
      </trkpt>
      <trkpt lat="45.845162" lon="10.821242">
        <ele>651.953289</ele>
        <time>2024-05-08T15:57:48.392Z</time>
      </trkpt>
      <trkpt lat="45.845231" lon="10.821384">
        <ele>650.540932</ele>
        <time>2024-05-08T15:57:51.371Z</time>
      </trkpt>
      <trkpt lat="45.845305" lon="10.821460">
        <ele>649.475410</ele>
        <time>2024-05-08T15:57:54.383Z</time>
      </trkpt>
      <trkpt lat="45.845431" lon="10.821460">
        <ele>647.999875</ele>
        <time>2024-05-08T15:57:57.368Z</time>
      </trkpt>
      <trkpt lat="45.845538" lon="10.821458">
        <ele>646.746736</ele>
        <time>2024-05-08T15:58:00.393Z</time>
      </trkpt>
      <trkpt lat="45.845636" lon="10.821510">
        <ele>645.523212</ele>
        <time>2024-05-08T15:58:03.374Z</time>
      </trkpt>
      <trkpt lat="45.845724" lon="10.821591">
        <ele>644.299039</ele>
        <time>2024-05-08T15:58:08.378Z</time>
      </trkpt>
      <trkpt lat="45.845824" lon="10.821577">
        <ele>643.122424</ele>
        <time>2024-05-08T15:58:11.372Z</time>
      </trkpt>
      <trkpt lat="45.845930" lon="10.821565">
        <ele>641.674673</ele>
        <time>2024-05-08T15:58:14.369Z</time>
      </trkpt>
      <trkpt lat="45.846033" lon="10.821576">
        <ele>640.020473</ele>
        <time>2024-05-08T15:58:17.352Z</time>
      </trkpt>
      <trkpt lat="45.846151" lon="10.821566">
        <ele>638.127302</ele>
        <time>2024-05-08T15:58:21.385Z</time>
      </trkpt>
      <trkpt lat="45.846080" lon="10.821690">
        <ele>636.336525</ele>
        <time>2024-05-08T15:58:26.386Z</time>
      </trkpt>
      <trkpt lat="45.845984" lon="10.821729">
        <ele>634.738616</ele>
        <time>2024-05-08T15:58:29.379Z</time>
      </trkpt>
      <trkpt lat="45.846058" lon="10.821818">
        <ele>633.192472</ele>
        <time>2024-05-08T15:58:31.359Z</time>
      </trkpt>
      <trkpt lat="45.846148" lon="10.821832">
        <ele>631.742600</ele>
        <time>2024-05-08T15:58:34.360Z</time>
      </trkpt>
      <trkpt lat="45.846253" lon="10.821771">
        <ele>629.928442</ele>
        <time>2024-05-08T15:58:37.383Z</time>
      </trkpt>
      <trkpt lat="45.846340" lon="10.821674">
        <ele>628.164177</ele>
        <time>2024-05-08T15:58:40.368Z</time>
      </trkpt>
      <trkpt lat="45.846445" lon="10.821602">
        <ele>626.300508</ele>
        <time>2024-05-08T15:58:44.363Z</time>
      </trkpt>
      <trkpt lat="45.846561" lon="10.821628">
        <ele>624.420152</ele>
        <time>2024-05-08T15:58:47.365Z</time>
      </trkpt>
      <trkpt lat="45.846668" lon="10.821655">
        <ele>622.680175</ele>
        <time>2024-05-08T15:58:50.382Z</time>
      </trkpt>
      <trkpt lat="45.846760" lon="10.821624">
        <ele>621.166665</ele>
        <time>2024-05-08T15:58:54.393Z</time>
      </trkpt>
      <trkpt lat="45.846849" lon="10.821598">
        <ele>619.712032</ele>
        <time>2024-05-08T15:58:57.364Z</time>
      </trkpt>
      <trkpt lat="45.846955" lon="10.821602">
        <ele>618.013757</ele>
        <time>2024-05-08T15:59:00.386Z</time>
      </trkpt>
      <trkpt lat="45.847064" lon="10.821577">
        <ele>616.245880</ele>
        <time>2024-05-08T15:59:03.369Z</time>
      </trkpt>
      <trkpt lat="45.847166" lon="10.821505">
        <ele>614.425455</ele>
        <time>2024-05-08T15:59:07.357Z</time>
      </trkpt>
      <trkpt lat="45.847254" lon="10.821457">
        <ele>613.243262</ele>
        <time>2024-05-08T15:59:10.379Z</time>
      </trkpt>
      <trkpt lat="45.847366" lon="10.821442">
        <ele>612.275225</ele>
        <time>2024-05-08T15:59:13.365Z</time>
      </trkpt>
      <trkpt lat="45.847484" lon="10.821431">
        <ele>611.257600</ele>
        <time>2024-05-08T15:59:16.360Z</time>
      </trkpt>
      <trkpt lat="45.847578" lon="10.821418">
        <ele>610.444908</ele>
        <time>2024-05-08T15:59:18.368Z</time>
      </trkpt>
      <trkpt lat="45.847672" lon="10.821378">
        <ele>609.601172</ele>
        <time>2024-05-08T15:59:21.365Z</time>
      </trkpt>
      <trkpt lat="45.847755" lon="10.821308">
        <ele>608.772753</ele>
        <time>2024-05-08T15:59:24.381Z</time>
      </trkpt>
      <trkpt lat="45.847840" lon="10.821255">
        <ele>607.975241</ele>
        <time>2024-05-08T15:59:27.376Z</time>
      </trkpt>
      <trkpt lat="45.847932" lon="10.821203">
        <ele>607.124353</ele>
        <time>2024-05-08T15:59:31.371Z</time>
      </trkpt>
      <trkpt lat="45.848021" lon="10.821223">
        <ele>606.349109</ele>
        <time>2024-05-08T15:59:35.380Z</time>
      </trkpt>
      <trkpt lat="45.848102" lon="10.821284">
        <ele>605.561950</ele>
        <time>2024-05-08T15:59:38.384Z</time>
      </trkpt>
      <trkpt lat="45.848124" lon="10.821410">
        <ele>604.783276</ele>
        <time>2024-05-08T15:59:41.361Z</time>
      </trkpt>
      <trkpt lat="45.848095" lon="10.821565">
        <ele>603.821196</ele>
        <time>2024-05-08T15:59:45.366Z</time>
      </trkpt>
      <trkpt lat="45.848063" lon="10.821708">
        <ele>602.920834</ele>
        <time>2024-05-08T15:59:49.363Z</time>
      </trkpt>
      <trkpt lat="45.848138" lon="10.821784">
        <ele>602.130807</ele>
        <time>2024-05-08T15:59:52.372Z</time>
      </trkpt>
      <trkpt lat="45.848232" lon="10.821786">
        <ele>601.321771</ele>
        <time>2024-05-08T15:59:55.366Z</time>
      </trkpt>
      <trkpt lat="45.848336" lon="10.821851">
        <ele>600.345629</ele>
        <time>2024-05-08T15:59:59.358Z</time>
      </trkpt>
      <trkpt lat="45.848358" lon="10.821978">
        <ele>599.561142</ele>
        <time>2024-05-08T16:00:02.353Z</time>
      </trkpt>
      <trkpt lat="45.848355" lon="10.822123">
        <ele>598.691561</ele>
        <time>2024-05-08T16:00:06.365Z</time>
      </trkpt>
      <trkpt lat="45.848348" lon="10.822287">
        <ele>597.826787</ele>
        <time>2024-05-08T16:00:10.352Z</time>
      </trkpt>
      <trkpt lat="45.848304" lon="10.822444">
        <ele>597.091997</ele>
        <time>2024-05-08T16:00:14.369Z</time>
      </trkpt>
      <trkpt lat="45.848322" lon="10.822595">
        <ele>596.426834</ele>
        <time>2024-05-08T16:00:17.384Z</time>
      </trkpt>
      <trkpt lat="45.848403" lon="10.822720">
        <ele>595.685554</ele>
        <time>2024-05-08T16:00:21.363Z</time>
      </trkpt>
      <trkpt lat="45.848509" lon="10.822770">
        <ele>594.990063</ele>
        <time>2024-05-08T16:00:26.370Z</time>
      </trkpt>
      <trkpt lat="45.848609" lon="10.822791">
        <ele>594.360091</ele>
        <time>2024-05-08T16:00:29.368Z</time>
      </trkpt>
      <trkpt lat="45.848712" lon="10.822815">
        <ele>593.709650</ele>
        <time>2024-05-08T16:00:32.354Z</time>
      </trkpt>
      <trkpt lat="45.848830" lon="10.822839">
        <ele>592.966765</ele>
        <time>2024-05-08T16:00:35.355Z</time>
      </trkpt>
      <trkpt lat="45.848926" lon="10.822834">
        <ele>592.367966</ele>
        <time>2024-05-08T16:00:38.368Z</time>
      </trkpt>
      <trkpt lat="45.849021" lon="10.822805">
        <ele>591.762556</ele>
        <time>2024-05-08T16:00:41.378Z</time>
      </trkpt>
      <trkpt lat="45.849142" lon="10.822774">
        <ele>590.996400</ele>
        <time>2024-05-08T16:00:44.377Z</time>
      </trkpt>
      <trkpt lat="45.849236" lon="10.822787">
        <ele>590.407749</ele>
        <time>2024-05-08T16:00:46.379Z</time>
      </trkpt>
      <trkpt lat="45.849344" lon="10.822809">
        <ele>589.727800</ele>
        <time>2024-05-08T16:00:48.368Z</time>
      </trkpt>
      <trkpt lat="45.849452" lon="10.822864">
        <ele>589.013494</ele>
        <time>2024-05-08T16:00:50.372Z</time>
      </trkpt>
      <trkpt lat="45.849537" lon="10.822927">
        <ele>588.417214</ele>
        <time>2024-05-08T16:00:52.373Z</time>
      </trkpt>
      <trkpt lat="45.849624" lon="10.822975">
        <ele>587.836242</ele>
        <time>2024-05-08T16:00:54.370Z</time>
      </trkpt>
      <trkpt lat="45.849723" lon="10.823001">
        <ele>587.208896</ele>
        <time>2024-05-08T16:00:57.380Z</time>
      </trkpt>
      <trkpt lat="45.849848" lon="10.823068">
        <ele>586.185189</ele>
        <time>2024-05-08T16:01:00.369Z</time>
      </trkpt>
      <trkpt lat="45.849937" lon="10.823108">
        <ele>585.402278</ele>
        <time>2024-05-08T16:01:02.382Z</time>
      </trkpt>
      <trkpt lat="45.850052" lon="10.823161">
        <ele>584.388330</ele>
        <time>2024-05-08T16:01:05.376Z</time>
      </trkpt>
      <trkpt lat="45.850118" lon="10.823271">
        <ele>583.539376</ele>
        <time>2024-05-08T16:01:08.369Z</time>
      </trkpt>
      <trkpt lat="45.850136" lon="10.823411">
        <ele>582.706907</ele>
        <time>2024-05-08T16:01:11.363Z</time>
      </trkpt>
      <trkpt lat="45.850197" lon="10.823534">
        <ele>581.823992</ele>
        <time>2024-05-08T16:01:15.374Z</time>
      </trkpt>
      <trkpt lat="45.850281" lon="10.823629">
        <ele>580.926293</ele>
        <time>2024-05-08T16:01:18.363Z</time>
      </trkpt>
      <trkpt lat="45.850391" lon="10.823701">
        <ele>579.911399</ele>
        <time>2024-05-08T16:01:21.356Z</time>
      </trkpt>
      <trkpt lat="45.850512" lon="10.823711">
        <ele>578.893923</ele>
        <time>2024-05-08T16:01:24.355Z</time>
      </trkpt>
      <trkpt lat="45.850640" lon="10.823700">
        <ele>577.817440</ele>
        <time>2024-05-08T16:01:27.356Z</time>
      </trkpt>
      <trkpt lat="45.850739" lon="10.823692">
        <ele>576.985020</ele>
        <time>2024-05-08T16:01:29.361Z</time>
      </trkpt>
      <trkpt lat="45.850841" lon="10.823678">
        <ele>576.124826</ele>
        <time>2024-05-08T16:01:31.379Z</time>
      </trkpt>
      <trkpt lat="45.850931" lon="10.823686">
        <ele>575.367830</ele>
        <time>2024-05-08T16:01:33.367Z</time>
      </trkpt>
      <trkpt lat="45.851019" lon="10.823718">
        <ele>574.605743</ele>
        <time>2024-05-08T16:01:35.359Z</time>
      </trkpt>
      <trkpt lat="45.851135" lon="10.823781">
        <ele>573.564575</ele>
        <time>2024-05-08T16:01:38.386Z</time>
      </trkpt>
      <trkpt lat="45.851223" lon="10.823837">
        <ele>572.756498</ele>
        <time>2024-05-08T16:01:41.376Z</time>
      </trkpt>
      <trkpt lat="45.851267" lon="10.823951">
        <ele>571.994403</ele>
        <time>2024-05-08T16:01:45.380Z</time>
      </trkpt>
      <trkpt lat="45.851339" lon="10.824058">
        <ele>570.825378</ele>
        <time>2024-05-08T16:01:49.355Z</time>
      </trkpt>
      <trkpt lat="45.851435" lon="10.824123">
        <ele>569.557285</ele>
        <time>2024-05-08T16:01:53.404Z</time>
      </trkpt>
      <trkpt lat="45.851486" lon="10.824243">
        <ele>568.387479</ele>
        <time>2024-05-08T16:01:58.377Z</time>
      </trkpt>
      <trkpt lat="45.851442" lon="10.824375">
        <ele>567.169723</ele>
        <time>2024-05-08T16:02:02.366Z</time>
      </trkpt>
      <trkpt lat="45.851329" lon="10.824387">
        <ele>565.815984</ele>
        <time>2024-05-08T16:02:06.367Z</time>
      </trkpt>
      <trkpt lat="45.851239" lon="10.824506">
        <ele>564.354197</ele>
        <time>2024-05-08T16:02:10.369Z</time>
      </trkpt>
      <trkpt lat="45.851145" lon="10.824563">
        <ele>563.135085</ele>
        <time>2024-05-08T16:02:13.376Z</time>
      </trkpt>
      <trkpt lat="45.851070" lon="10.824485">
        <ele>562.028639</ele>
        <time>2024-05-08T16:02:15.353Z</time>
      </trkpt>
      <trkpt lat="45.850976" lon="10.824390">
        <ele>560.655241</ele>
        <time>2024-05-08T16:02:18.376Z</time>
      </trkpt>
      <trkpt lat="45.850970" lon="10.824536">
        <ele>559.438168</ele>
        <time>2024-05-08T16:02:23.372Z</time>
      </trkpt>
      <trkpt lat="45.851038" lon="10.824638">
        <ele>558.263221</ele>
        <time>2024-05-08T16:02:25.370Z</time>
      </trkpt>
      <trkpt lat="45.851114" lon="10.824745">
        <ele>556.991490</ele>
        <time>2024-05-08T16:02:27.369Z</time>
      </trkpt>
      <trkpt lat="45.851190" lon="10.824855">
        <ele>555.702157</ele>
        <time>2024-05-08T16:02:29.363Z</time>
      </trkpt>
      <trkpt lat="45.851272" lon="10.824938">
        <ele>554.503476</ele>
        <time>2024-05-08T16:02:31.375Z</time>
      </trkpt>
      <trkpt lat="45.851369" lon="10.824979">
        <ele>553.295403</ele>
        <time>2024-05-08T16:02:33.365Z</time>
      </trkpt>
      <trkpt lat="45.851494" lon="10.825065">
        <ele>551.639365</ele>
        <time>2024-05-08T16:02:35.368Z</time>
      </trkpt>
      <trkpt lat="45.851623" lon="10.825141">
        <ele>550.065825</ele>
        <time>2024-05-08T16:02:37.371Z</time>
      </trkpt>
      <trkpt lat="45.851745" lon="10.825216">
        <ele>548.877426</ele>
        <time>2024-05-08T16:02:39.386Z</time>
      </trkpt>
      <trkpt lat="45.851860" lon="10.825297">
        <ele>547.730397</ele>
        <time>2024-05-08T16:02:41.366Z</time>
      </trkpt>
      <trkpt lat="45.851955" lon="10.825430">
        <ele>546.542213</ele>
        <time>2024-05-08T16:02:43.371Z</time>
      </trkpt>
      <trkpt lat="45.852030" lon="10.825599">
        <ele>545.292383</ele>
        <time>2024-05-08T16:02:45.386Z</time>
      </trkpt>
      <trkpt lat="45.852092" lon="10.825771">
        <ele>544.084468</ele>
        <time>2024-05-08T16:02:47.378Z</time>
      </trkpt>
      <trkpt lat="45.852152" lon="10.825934">
        <ele>542.934596</ele>
        <time>2024-05-08T16:02:49.377Z</time>
      </trkpt>
      <trkpt lat="45.852211" lon="10.826103">
        <ele>541.755550</ele>
        <time>2024-05-08T16:02:51.381Z</time>
      </trkpt>
      <trkpt lat="45.852265" lon="10.826231">
        <ele>540.822192</ele>
        <time>2024-05-08T16:02:53.377Z</time>
      </trkpt>
      <trkpt lat="45.852339" lon="10.826342">
        <ele>539.863870</ele>
        <time>2024-05-08T16:02:55.381Z</time>
      </trkpt>
      <trkpt lat="45.852419" lon="10.826425">
        <ele>538.980035</ele>
        <time>2024-05-08T16:02:57.367Z</time>
      </trkpt>
      <trkpt lat="45.852516" lon="10.826512">
        <ele>537.955879</ele>
        <time>2024-05-08T16:03:00.371Z</time>
      </trkpt>
      <trkpt lat="45.852436" lon="10.826575">
        <ele>537.138825</ele>
        <time>2024-05-08T16:03:03.371Z</time>
      </trkpt>
      <trkpt lat="45.852332" lon="10.826529">
        <ele>536.164354</ele>
        <time>2024-05-08T16:03:06.366Z</time>
      </trkpt>
      <trkpt lat="45.852245" lon="10.826475">
        <ele>535.315618</ele>
        <time>2024-05-08T16:03:08.356Z</time>
      </trkpt>
      <trkpt lat="45.852146" lon="10.826395">
        <ele>534.298339</ele>
        <time>2024-05-08T16:03:10.362Z</time>
      </trkpt>
      <trkpt lat="45.852021" lon="10.826311">
        <ele>533.043599</ele>
        <time>2024-05-08T16:03:12.368Z</time>
      </trkpt>
      <trkpt lat="45.851894" lon="10.826221">
        <ele>531.754979</ele>
        <time>2024-05-08T16:03:14.365Z</time>
      </trkpt>
      <trkpt lat="45.851778" lon="10.826149">
        <ele>530.605132</ele>
        <time>2024-05-08T16:03:16.374Z</time>
      </trkpt>
      <trkpt lat="45.851667" lon="10.826071">
        <ele>529.480707</ele>
        <time>2024-05-08T16:03:18.377Z</time>
      </trkpt>
      <trkpt lat="45.851566" lon="10.826019">
        <ele>528.504447</ele>
        <time>2024-05-08T16:03:20.378Z</time>
      </trkpt>
      <trkpt lat="45.851471" lon="10.825940">
        <ele>527.505556</ele>
        <time>2024-05-08T16:03:22.362Z</time>
      </trkpt>
      <trkpt lat="45.851376" lon="10.825912">
        <ele>526.623162</ele>
        <time>2024-05-08T16:03:24.359Z</time>
      </trkpt>
      <trkpt lat="45.851283" lon="10.825938">
        <ele>525.761099</ele>
        <time>2024-05-08T16:03:26.360Z</time>
      </trkpt>
      <trkpt lat="45.851202" lon="10.826016">
        <ele>524.873688</ele>
        <time>2024-05-08T16:03:28.364Z</time>
      </trkpt>
      <trkpt lat="45.851135" lon="10.826191">
        <ele>523.608144</ele>
        <time>2024-05-08T16:03:31.377Z</time>
      </trkpt>
      <trkpt lat="45.851066" lon="10.826302">
        <ele>522.665285</ele>
        <time>2024-05-08T16:03:33.375Z</time>
      </trkpt>
      <trkpt lat="45.850983" lon="10.826401">
        <ele>521.683481</ele>
        <time>2024-05-08T16:03:35.368Z</time>
      </trkpt>
      <trkpt lat="45.850875" lon="10.826470">
        <ele>520.607928</ele>
        <time>2024-05-08T16:03:37.364Z</time>
      </trkpt>
      <trkpt lat="45.850767" lon="10.826521">
        <ele>519.573489</ele>
        <time>2024-05-08T16:03:39.366Z</time>
      </trkpt>
      <trkpt lat="45.850677" lon="10.826581">
        <ele>518.670636</ele>
        <time>2024-05-08T16:03:41.359Z</time>
      </trkpt>
      <trkpt lat="45.850613" lon="10.826682">
        <ele>517.800476</ele>
        <time>2024-05-08T16:03:43.357Z</time>
      </trkpt>
      <trkpt lat="45.850580" lon="10.826835">
        <ele>516.710690</ele>
        <time>2024-05-08T16:03:45.359Z</time>
      </trkpt>
      <trkpt lat="45.850607" lon="10.826967">
        <ele>515.774630</ele>
        <time>2024-05-08T16:03:47.366Z</time>
      </trkpt>
      <trkpt lat="45.850664" lon="10.827089">
        <ele>514.775090</ele>
        <time>2024-05-08T16:03:49.365Z</time>
      </trkpt>
      <trkpt lat="45.850770" lon="10.827133">
        <ele>513.697223</ele>
        <time>2024-05-08T16:03:51.358Z</time>
      </trkpt>
      <trkpt lat="45.850887" lon="10.827106">
        <ele>512.539643</ele>
        <time>2024-05-08T16:03:53.362Z</time>
      </trkpt>
      <trkpt lat="45.851006" lon="10.827044">
        <ele>511.303020</ele>
        <time>2024-05-08T16:03:55.368Z</time>
      </trkpt>
      <trkpt lat="45.851111" lon="10.826977">
        <ele>510.180589</ele>
        <time>2024-05-08T16:03:57.375Z</time>
      </trkpt>
      <trkpt lat="45.851211" lon="10.826923">
        <ele>509.136932</ele>
        <time>2024-05-08T16:03:59.370Z</time>
      </trkpt>
      <trkpt lat="45.851308" lon="10.826868">
        <ele>508.118172</ele>
        <time>2024-05-08T16:04:01.380Z</time>
      </trkpt>
      <trkpt lat="45.851419" lon="10.826848">
        <ele>507.025368</ele>
        <time>2024-05-08T16:04:03.374Z</time>
      </trkpt>
      <trkpt lat="45.851526" lon="10.826904">
        <ele>505.912861</ele>
        <time>2024-05-08T16:04:05.368Z</time>
      </trkpt>
      <trkpt lat="45.851600" lon="10.827008">
        <ele>504.901306</ele>
        <time>2024-05-08T16:04:07.374Z</time>
      </trkpt>
      <trkpt lat="45.851649" lon="10.827135">
        <ele>503.913493</ele>
        <time>2024-05-08T16:04:09.351Z</time>
      </trkpt>
      <trkpt lat="45.851696" lon="10.827289">
        <ele>502.769519</ele>
        <time>2024-05-08T16:04:11.368Z</time>
      </trkpt>
      <trkpt lat="45.851743" lon="10.827419">
        <ele>501.772953</ele>
        <time>2024-05-08T16:04:13.371Z</time>
      </trkpt>
      <trkpt lat="45.851807" lon="10.827533">
        <ele>500.776723</ele>
        <time>2024-05-08T16:04:15.371Z</time>
      </trkpt>
      <trkpt lat="45.851906" lon="10.827585">
        <ele>499.800970</ele>
        <time>2024-05-08T16:04:17.365Z</time>
      </trkpt>
      <trkpt lat="45.852027" lon="10.827589">
        <ele>498.733936</ele>
        <time>2024-05-08T16:04:20.367Z</time>
      </trkpt>
      <trkpt lat="45.852128" lon="10.827645">
        <ele>497.779414</ele>
        <time>2024-05-08T16:04:22.355Z</time>
      </trkpt>
      <trkpt lat="45.852222" lon="10.827751">
        <ele>496.725641</ele>
        <time>2024-05-08T16:04:24.358Z</time>
      </trkpt>
      <trkpt lat="45.852321" lon="10.827858">
        <ele>495.633180</ele>
        <time>2024-05-08T16:04:26.356Z</time>
      </trkpt>
      <trkpt lat="45.852401" lon="10.827968">
        <ele>494.656616</ele>
        <time>2024-05-08T16:04:28.364Z</time>
      </trkpt>
      <trkpt lat="45.852485" lon="10.828058">
        <ele>493.732582</ele>
        <time>2024-05-08T16:04:30.363Z</time>
      </trkpt>
      <trkpt lat="45.852590" lon="10.828110">
        <ele>492.753366</ele>
        <time>2024-05-08T16:04:32.362Z</time>
      </trkpt>
      <trkpt lat="45.852718" lon="10.828142">
        <ele>491.607921</ele>
        <time>2024-05-08T16:04:34.384Z</time>
      </trkpt>
      <trkpt lat="45.852837" lon="10.828172">
        <ele>490.542752</ele>
        <time>2024-05-08T16:04:36.368Z</time>
      </trkpt>
      <trkpt lat="45.852941" lon="10.828180">
        <ele>489.624559</ele>
        <time>2024-05-08T16:04:38.365Z</time>
      </trkpt>
      <trkpt lat="45.853056" lon="10.828112">
        <ele>488.528088</ele>
        <time>2024-05-08T16:04:41.360Z</time>
      </trkpt>
      <trkpt lat="45.853169" lon="10.828102">
        <ele>487.529974</ele>
        <time>2024-05-08T16:04:43.354Z</time>
      </trkpt>
      <trkpt lat="45.853263" lon="10.828172">
        <ele>486.596420</ele>
        <time>2024-05-08T16:04:45.357Z</time>
      </trkpt>
      <trkpt lat="45.853329" lon="10.828289">
        <ele>485.671917</ele>
        <time>2024-05-08T16:04:47.371Z</time>
      </trkpt>
      <trkpt lat="45.853406" lon="10.828409">
        <ele>484.670032</ele>
        <time>2024-05-08T16:04:49.357Z</time>
      </trkpt>
      <trkpt lat="45.853514" lon="10.828488">
        <ele>483.435699</ele>
        <time>2024-05-08T16:04:51.361Z</time>
      </trkpt>
      <trkpt lat="45.853651" lon="10.828573">
        <ele>481.861088</ele>
        <time>2024-05-08T16:04:53.361Z</time>
      </trkpt>
      <trkpt lat="45.853783" lon="10.828664">
        <ele>480.316192</ele>
        <time>2024-05-08T16:04:55.364Z</time>
      </trkpt>
      <trkpt lat="45.853918" lon="10.828747">
        <ele>478.766774</ele>
        <time>2024-05-08T16:04:57.360Z</time>
      </trkpt>
      <trkpt lat="45.854054" lon="10.828828">
        <ele>477.213343</ele>
        <time>2024-05-08T16:04:59.383Z</time>
      </trkpt>
      <trkpt lat="45.854179" lon="10.828927">
        <ele>475.707182</ele>
        <time>2024-05-08T16:05:01.373Z</time>
      </trkpt>
      <trkpt lat="45.854302" lon="10.829012">
        <ele>474.266972</ele>
        <time>2024-05-08T16:05:03.374Z</time>
      </trkpt>
      <trkpt lat="45.854427" lon="10.829058">
        <ele>472.905523</ele>
        <time>2024-05-08T16:05:05.376Z</time>
      </trkpt>
      <trkpt lat="45.854572" lon="10.829069">
        <ele>471.373558</ele>
        <time>2024-05-08T16:05:07.368Z</time>
      </trkpt>
      <trkpt lat="45.854720" lon="10.829092">
        <ele>469.802956</ele>
        <time>2024-05-08T16:05:09.365Z</time>
      </trkpt>
      <trkpt lat="45.854842" lon="10.829123">
        <ele>468.495787</ele>
        <time>2024-05-08T16:05:11.375Z</time>
      </trkpt>
      <trkpt lat="45.854947" lon="10.829194">
        <ele>467.271273</ele>
        <time>2024-05-08T16:05:13.368Z</time>
      </trkpt>
      <trkpt lat="45.855048" lon="10.829299">
        <ele>465.955665</ele>
        <time>2024-05-08T16:05:15.365Z</time>
      </trkpt>
      <trkpt lat="45.855153" lon="10.829407">
        <ele>464.718383</ele>
        <time>2024-05-08T16:05:17.377Z</time>
      </trkpt>
      <trkpt lat="45.855249" lon="10.829523">
        <ele>463.584540</ele>
        <time>2024-05-08T16:05:19.365Z</time>
      </trkpt>
      <trkpt lat="45.855348" lon="10.829626">
        <ele>462.479734</ele>
        <time>2024-05-08T16:05:21.365Z</time>
      </trkpt>
      <trkpt lat="45.855462" lon="10.829693">
        <ele>461.366595</ele>
        <time>2024-05-08T16:05:23.362Z</time>
      </trkpt>
      <trkpt lat="45.855589" lon="10.829736">
        <ele>460.187465</ele>
        <time>2024-05-08T16:05:25.369Z</time>
      </trkpt>
      <trkpt lat="45.855717" lon="10.829743">
        <ele>459.029937</ele>
        <time>2024-05-08T16:05:27.365Z</time>
      </trkpt>
      <trkpt lat="45.855851" lon="10.829756">
        <ele>457.816266</ele>
        <time>2024-05-08T16:05:29.367Z</time>
      </trkpt>
      <trkpt lat="45.855971" lon="10.829819">
        <ele>456.661654</ele>
        <time>2024-05-08T16:05:31.380Z</time>
      </trkpt>
      <trkpt lat="45.856080" lon="10.829897">
        <ele>455.561108</ele>
        <time>2024-05-08T16:05:33.367Z</time>
      </trkpt>
      <trkpt lat="45.856194" lon="10.829964">
        <ele>454.447971</ele>
        <time>2024-05-08T16:05:35.384Z</time>
      </trkpt>
      <trkpt lat="45.856298" lon="10.830027">
        <ele>453.427943</ele>
        <time>2024-05-08T16:05:37.388Z</time>
      </trkpt>
      <trkpt lat="45.856392" lon="10.830101">
        <ele>452.459202</ele>
        <time>2024-05-08T16:05:39.382Z</time>
      </trkpt>
      <trkpt lat="45.856428" lon="10.830253">
        <ele>451.448766</ele>
        <time>2024-05-08T16:05:41.368Z</time>
      </trkpt>
      <trkpt lat="45.856472" lon="10.830377">
        <ele>450.572902</ele>
        <time>2024-05-08T16:05:43.378Z</time>
      </trkpt>
      <trkpt lat="45.856557" lon="10.830427">
        <ele>449.742828</ele>
        <time>2024-05-08T16:05:55.377Z</time>
      </trkpt>
      <trkpt lat="45.856595" lon="10.830167">
        <ele>448.272057</ele>
        <time>2024-05-08T16:07:02.373Z</time>
      </trkpt>
      <trkpt lat="45.856577" lon="10.830024">
        <ele>447.518531</ele>
        <time>2024-05-08T16:07:04.370Z</time>
      </trkpt>
      <trkpt lat="45.856577" lon="10.829873">
        <ele>446.735536</ele>
        <time>2024-05-08T16:07:06.365Z</time>
      </trkpt>
      <trkpt lat="45.856671" lon="10.829738">
        <ele>445.745660</ele>
        <time>2024-05-08T16:07:08.379Z</time>
      </trkpt>
      <trkpt lat="45.856748" lon="10.829628">
        <ele>444.936947</ele>
        <time>2024-05-08T16:07:10.365Z</time>
      </trkpt>
      <trkpt lat="45.856827" lon="10.829503">
        <ele>444.061680</ele>
        <time>2024-05-08T16:07:12.350Z</time>
      </trkpt>
      <trkpt lat="45.856904" lon="10.829387">
        <ele>443.230732</ele>
        <time>2024-05-08T16:07:14.367Z</time>
      </trkpt>
      <trkpt lat="45.856963" lon="10.829281">
        <ele>442.527113</ele>
        <time>2024-05-08T16:07:16.361Z</time>
      </trkpt>
      <trkpt lat="45.857034" lon="10.829195">
        <ele>441.835517</ele>
        <time>2024-05-08T16:07:19.373Z</time>
      </trkpt>
      <trkpt lat="45.856987" lon="10.829378">
        <ele>440.824129</ele>
        <time>2024-05-08T16:07:25.346Z</time>
      </trkpt>
      <trkpt lat="45.856906" lon="10.829522">
        <ele>439.864310</ele>
        <time>2024-05-08T16:07:28.361Z</time>
      </trkpt>
      <trkpt lat="45.856849" lon="10.829666">
        <ele>439.005441</ele>
        <time>2024-05-08T16:07:31.365Z</time>
      </trkpt>
      <trkpt lat="45.856832" lon="10.829851">
        <ele>438.037832</ele>
        <time>2024-05-08T16:07:34.366Z</time>
      </trkpt>
      <trkpt lat="45.856907" lon="10.830043">
        <ele>436.896333</ele>
        <time>2024-05-08T16:07:37.356Z</time>
      </trkpt>
      <trkpt lat="45.856954" lon="10.830182">
        <ele>436.095111</ele>
        <time>2024-05-08T16:07:39.366Z</time>
      </trkpt>
      <trkpt lat="45.856978" lon="10.830320">
        <ele>435.305603</ele>
        <time>2024-05-08T16:07:41.364Z</time>
      </trkpt>
      <trkpt lat="45.857101" lon="10.830359">
        <ele>434.262828</ele>
        <time>2024-05-08T16:07:44.366Z</time>
      </trkpt>
      <trkpt lat="45.857094" lon="10.830215">
        <ele>433.430577</ele>
        <time>2024-05-08T16:07:46.353Z</time>
      </trkpt>
      <trkpt lat="45.857066" lon="10.830076">
        <ele>432.596323</ele>
        <time>2024-05-08T16:07:48.366Z</time>
      </trkpt>
      <trkpt lat="45.857035" lon="10.829953">
        <ele>431.842160</ele>
        <time>2024-05-08T16:07:50.367Z</time>
      </trkpt>
      <trkpt lat="45.857005" lon="10.829776">
        <ele>430.791880</ele>
        <time>2024-05-08T16:07:53.367Z</time>
      </trkpt>
      <trkpt lat="45.857067" lon="10.829611">
        <ele>429.710943</ele>
        <time>2024-05-08T16:07:56.372Z</time>
      </trkpt>
      <trkpt lat="45.857172" lon="10.829480">
        <ele>428.559417</ele>
        <time>2024-05-08T16:07:59.365Z</time>
      </trkpt>
      <trkpt lat="45.857244" lon="10.829387">
        <ele>427.757687</ele>
        <time>2024-05-08T16:08:02.362Z</time>
      </trkpt>
      <trkpt lat="45.857367" lon="10.829376">
        <ele>426.737470</ele>
        <time>2024-05-08T16:08:05.365Z</time>
      </trkpt>
      <trkpt lat="45.857472" lon="10.829368">
        <ele>425.867015</ele>
        <time>2024-05-08T16:08:07.364Z</time>
      </trkpt>
      <trkpt lat="45.857563" lon="10.829337">
        <ele>425.092768</ele>
        <time>2024-05-08T16:08:09.368Z</time>
      </trkpt>
      <trkpt lat="45.857627" lon="10.829452">
        <ele>424.244057</ele>
        <time>2024-05-08T16:08:11.360Z</time>
      </trkpt>
      <trkpt lat="45.857765" lon="10.829403">
        <ele>423.067225</ele>
        <time>2024-05-08T16:08:14.376Z</time>
      </trkpt>
      <trkpt lat="45.857909" lon="10.829427">
        <ele>421.867131</ele>
        <time>2024-05-08T16:08:17.362Z</time>
      </trkpt>
      <trkpt lat="45.858037" lon="10.829423">
        <ele>420.719210</ele>
        <time>2024-05-08T16:08:20.382Z</time>
      </trkpt>
      <trkpt lat="45.858131" lon="10.829397">
        <ele>419.367626</ele>
        <time>2024-05-08T16:08:22.385Z</time>
      </trkpt>
      <trkpt lat="45.858242" lon="10.829373">
        <ele>417.782752</ele>
        <time>2024-05-08T16:08:24.362Z</time>
      </trkpt>
      <trkpt lat="45.858346" lon="10.829356">
        <ele>416.304894</ele>
        <time>2024-05-08T16:08:26.388Z</time>
      </trkpt>
      <trkpt lat="45.858425" lon="10.829435">
        <ele>414.945653</ele>
        <time>2024-05-08T16:08:28.359Z</time>
      </trkpt>
      <trkpt lat="45.858540" lon="10.829533">
        <ele>413.057553</ele>
        <time>2024-05-08T16:08:31.368Z</time>
      </trkpt>
      <trkpt lat="45.858631" lon="10.829557">
        <ele>411.751234</ele>
        <time>2024-05-08T16:08:33.368Z</time>
      </trkpt>
      <trkpt lat="45.858759" lon="10.829580">
        <ele>409.929909</ele>
        <time>2024-05-08T16:08:36.365Z</time>
      </trkpt>
      <trkpt lat="45.858853" lon="10.829590">
        <ele>408.599088</ele>
        <time>2024-05-08T16:08:38.370Z</time>
      </trkpt>
      <trkpt lat="45.858955" lon="10.829667">
        <ele>406.972055</ele>
        <time>2024-05-08T16:08:41.367Z</time>
      </trkpt>
      <trkpt lat="45.858861" lon="10.829653">
        <ele>405.637751</ele>
        <time>2024-05-08T16:08:47.374Z</time>
      </trkpt>
      <trkpt lat="45.858784" lon="10.829584">
        <ele>404.356253</ele>
        <time>2024-05-08T16:08:49.371Z</time>
      </trkpt>
      <trkpt lat="45.858684" lon="10.829574">
        <ele>402.940936</ele>
        <time>2024-05-08T16:08:51.370Z</time>
      </trkpt>
      <trkpt lat="45.858594" lon="10.829600">
        <ele>401.644765</ele>
        <time>2024-05-08T16:08:53.364Z</time>
      </trkpt>
      <trkpt lat="45.858483" lon="10.829567">
        <ele>400.044320</ele>
        <time>2024-05-08T16:08:56.374Z</time>
      </trkpt>
      <trkpt lat="45.858401" lon="10.829445">
        <ele>398.377142</ele>
        <time>2024-05-08T16:08:59.365Z</time>
      </trkpt>
      <trkpt lat="45.858268" lon="10.829534">
        <ele>396.305409</ele>
        <time>2024-05-08T16:09:02.362Z</time>
      </trkpt>
      <trkpt lat="45.858183" lon="10.829627">
        <ele>395.050845</ele>
        <time>2024-05-08T16:09:04.370Z</time>
      </trkpt>
      <trkpt lat="45.858079" lon="10.829668">
        <ele>394.051005</ele>
        <time>2024-05-08T16:09:06.368Z</time>
      </trkpt>
      <trkpt lat="45.857965" lon="10.829670">
        <ele>392.994059</ele>
        <time>2024-05-08T16:09:08.359Z</time>
      </trkpt>
      <trkpt lat="45.857861" lon="10.829640">
        <ele>392.010634</ele>
        <time>2024-05-08T16:09:10.365Z</time>
      </trkpt>
      <trkpt lat="45.857766" lon="10.829621">
        <ele>391.121409</ele>
        <time>2024-05-08T16:09:12.371Z</time>
      </trkpt>
      <trkpt lat="45.857662" lon="10.829674">
        <ele>390.098323</ele>
        <time>2024-05-08T16:09:15.374Z</time>
      </trkpt>
      <trkpt lat="45.857592" lon="10.829824">
        <ele>388.932516</ele>
        <time>2024-05-08T16:09:18.360Z</time>
      </trkpt>
      <trkpt lat="45.857582" lon="10.829982">
        <ele>387.908174</ele>
        <time>2024-05-08T16:09:20.359Z</time>
      </trkpt>
      <trkpt lat="45.857600" lon="10.830157">
        <ele>386.766017</ele>
        <time>2024-05-08T16:09:22.368Z</time>
      </trkpt>
      <trkpt lat="45.857585" lon="10.830318">
        <ele>385.717248</ele>
        <time>2024-05-08T16:09:24.371Z</time>
      </trkpt>
      <trkpt lat="45.857552" lon="10.830448">
        <ele>384.823876</ele>
        <time>2024-05-08T16:09:26.370Z</time>
      </trkpt>
      <trkpt lat="45.857558" lon="10.830597">
        <ele>383.860239</ele>
        <time>2024-05-08T16:09:29.371Z</time>
      </trkpt>
      <trkpt lat="45.857639" lon="10.830488">
        <ele>382.831071</ele>
        <time>2024-05-08T16:09:32.355Z</time>
      </trkpt>
      <trkpt lat="45.857657" lon="10.830318">
        <ele>381.720842</ele>
        <time>2024-05-08T16:09:35.355Z</time>
      </trkpt>
      <trkpt lat="45.857667" lon="10.830140">
        <ele>380.567840</ele>
        <time>2024-05-08T16:09:38.355Z</time>
      </trkpt>
      <trkpt lat="45.857683" lon="10.830006">
        <ele>379.690037</ele>
        <time>2024-05-08T16:09:41.365Z</time>
      </trkpt>
      <trkpt lat="45.857762" lon="10.829891">
        <ele>378.622983</ele>
        <time>2024-05-08T16:09:45.359Z</time>
      </trkpt>
      <trkpt lat="45.857870" lon="10.829848">
        <ele>377.467447</ele>
        <time>2024-05-08T16:09:47.368Z</time>
      </trkpt>
      <trkpt lat="45.858014" lon="10.829835">
        <ele>375.979822</ele>
        <time>2024-05-08T16:09:49.366Z</time>
      </trkpt>
      <trkpt lat="45.858119" lon="10.829813">
        <ele>374.885768</ele>
        <time>2024-05-08T16:09:51.370Z</time>
      </trkpt>
      <trkpt lat="45.858234" lon="10.829802">
        <ele>373.697447</ele>
        <time>2024-05-08T16:09:53.363Z</time>
      </trkpt>
      <trkpt lat="45.858335" lon="10.829799">
        <ele>372.655877</ele>
        <time>2024-05-08T16:09:55.371Z</time>
      </trkpt>
      <trkpt lat="45.858449" lon="10.829844">
        <ele>371.436889</ele>
        <time>2024-05-08T16:09:57.363Z</time>
      </trkpt>
      <trkpt lat="45.858556" lon="10.829889">
        <ele>370.287333</ele>
        <time>2024-05-08T16:09:59.373Z</time>
      </trkpt>
      <trkpt lat="45.858676" lon="10.829896">
        <ele>369.049068</ele>
        <time>2024-05-08T16:10:01.374Z</time>
      </trkpt>
      <trkpt lat="45.858776" lon="10.829959">
        <ele>367.923157</ele>
        <time>2024-05-08T16:10:03.361Z</time>
      </trkpt>
      <trkpt lat="45.858833" lon="10.830104">
        <ele>366.727580</ele>
        <time>2024-05-08T16:10:05.365Z</time>
      </trkpt>
      <trkpt lat="45.858907" lon="10.830185">
        <ele>365.768208</ele>
        <time>2024-05-08T16:10:07.371Z</time>
      </trkpt>
      <trkpt lat="45.859002" lon="10.830213">
        <ele>364.768301</ele>
        <time>2024-05-08T16:10:09.361Z</time>
      </trkpt>
      <trkpt lat="45.859111" lon="10.830235">
        <ele>363.633423</ele>
        <time>2024-05-08T16:10:11.368Z</time>
      </trkpt>
      <trkpt lat="45.859221" lon="10.830311">
        <ele>362.374823</ele>
        <time>2024-05-08T16:10:13.366Z</time>
      </trkpt>
      <trkpt lat="45.859304" lon="10.830377">
        <ele>361.396603</ele>
        <time>2024-05-08T16:10:15.368Z</time>
      </trkpt>
      <trkpt lat="45.859417" lon="10.830398">
        <ele>360.223935</ele>
        <time>2024-05-08T16:10:18.357Z</time>
      </trkpt>
      <trkpt lat="45.859487" lon="10.830279">
        <ele>359.130237</ele>
        <time>2024-05-08T16:10:21.372Z</time>
      </trkpt>
      <trkpt lat="45.859467" lon="10.830451">
        <ele>357.905862</ele>
        <time>2024-05-08T16:10:31.366Z</time>
      </trkpt>
      <trkpt lat="45.859408" lon="10.830579">
        <ele>356.828119</ele>
        <time>2024-05-08T16:10:34.368Z</time>
      </trkpt>
      <trkpt lat="45.859305" lon="10.830614">
        <ele>355.760998</ele>
        <time>2024-05-08T16:10:37.361Z</time>
      </trkpt>
      <trkpt lat="45.859226" lon="10.830496">
        <ele>354.611737</ele>
        <time>2024-05-08T16:10:40.366Z</time>
      </trkpt>
      <trkpt lat="45.859122" lon="10.830393">
        <ele>353.338000</ele>
        <time>2024-05-08T16:10:43.369Z</time>
      </trkpt>
      <trkpt lat="45.859008" lon="10.830366">
        <ele>352.173129</ele>
        <time>2024-05-08T16:10:45.369Z</time>
      </trkpt>
      <trkpt lat="45.858870" lon="10.830334">
        <ele>350.763797</ele>
        <time>2024-05-08T16:10:47.367Z</time>
      </trkpt>
      <trkpt lat="45.858768" lon="10.830281">
        <ele>349.670179</ele>
        <time>2024-05-08T16:10:49.361Z</time>
      </trkpt>
      <trkpt lat="45.858684" lon="10.830223">
        <ele>348.730470</ele>
        <time>2024-05-08T16:10:51.362Z</time>
      </trkpt>
      <trkpt lat="45.858590" lon="10.830237">
        <ele>347.777684</ele>
        <time>2024-05-08T16:10:53.379Z</time>
      </trkpt>
      <trkpt lat="45.858496" lon="10.830250">
        <ele>346.825596</ele>
        <time>2024-05-08T16:10:55.368Z</time>
      </trkpt>
      <trkpt lat="45.858378" lon="10.830281">
        <ele>345.616180</ele>
        <time>2024-05-08T16:10:57.362Z</time>
      </trkpt>
      <trkpt lat="45.858268" lon="10.830315">
        <ele>344.481764</ele>
        <time>2024-05-08T16:10:59.360Z</time>
      </trkpt>
      <trkpt lat="45.858174" lon="10.830386">
        <ele>343.410941</ele>
        <time>2024-05-08T16:11:02.370Z</time>
      </trkpt>
      <trkpt lat="45.858283" lon="10.830425">
        <ele>342.278406</ele>
        <time>2024-05-08T16:11:06.360Z</time>
      </trkpt>
      <trkpt lat="45.858413" lon="10.830378">
        <ele>340.871540</ele>
        <time>2024-05-08T16:11:09.361Z</time>
      </trkpt>
      <trkpt lat="45.858538" lon="10.830362">
        <ele>339.550626</ele>
        <time>2024-05-08T16:11:11.363Z</time>
      </trkpt>
      <trkpt lat="45.858673" lon="10.830377">
        <ele>338.125425</ele>
        <time>2024-05-08T16:11:13.365Z</time>
      </trkpt>
      <trkpt lat="45.858798" lon="10.830440">
        <ele>336.731034</ele>
        <time>2024-05-08T16:11:15.375Z</time>
      </trkpt>
      <trkpt lat="45.858870" lon="10.830579">
        <ele>335.461189</ele>
        <time>2024-05-08T16:11:17.358Z</time>
      </trkpt>
      <trkpt lat="45.858994" lon="10.830646">
        <ele>334.066671</ele>
        <time>2024-05-08T16:11:20.365Z</time>
      </trkpt>
      <trkpt lat="45.859095" lon="10.830735">
        <ele>332.819368</ele>
        <time>2024-05-08T16:11:23.363Z</time>
      </trkpt>
      <trkpt lat="45.859130" lon="10.830869">
        <ele>331.770300</ele>
        <time>2024-05-08T16:11:25.375Z</time>
      </trkpt>
      <trkpt lat="45.859192" lon="10.830969">
        <ele>330.788874</ele>
        <time>2024-05-08T16:11:27.364Z</time>
      </trkpt>
      <trkpt lat="45.859285" lon="10.831060">
        <ele>329.604322</ele>
        <time>2024-05-08T16:11:30.364Z</time>
      </trkpt>
      <trkpt lat="45.859368" lon="10.831151">
        <ele>328.505152</ele>
        <time>2024-05-08T16:11:32.377Z</time>
      </trkpt>
      <trkpt lat="45.859446" lon="10.831217">
        <ele>327.552214</ele>
        <time>2024-05-08T16:11:34.359Z</time>
      </trkpt>
      <trkpt lat="45.859557" lon="10.831218">
        <ele>326.383852</ele>
        <time>2024-05-08T16:11:37.368Z</time>
      </trkpt>
      <trkpt lat="45.859612" lon="10.831111">
        <ele>325.409014</ele>
        <time>2024-05-08T16:11:39.360Z</time>
      </trkpt>
      <trkpt lat="45.859652" lon="10.830969">
        <ele>324.286200</ele>
        <time>2024-05-08T16:11:41.368Z</time>
      </trkpt>
      <trkpt lat="45.859689" lon="10.830839">
        <ele>323.256765</ele>
        <time>2024-05-08T16:11:43.369Z</time>
      </trkpt>
      <trkpt lat="45.859723" lon="10.830700">
        <ele>322.165740</ele>
        <time>2024-05-08T16:11:45.372Z</time>
      </trkpt>
      <trkpt lat="45.859816" lon="10.830596">
        <ele>320.912211</ele>
        <time>2024-05-08T16:11:48.363Z</time>
      </trkpt>
      <trkpt lat="45.859894" lon="10.830521">
        <ele>319.913938</ele>
        <time>2024-05-08T16:11:50.368Z</time>
      </trkpt>
      <trkpt lat="45.859962" lon="10.830400">
        <ele>318.762443</ele>
        <time>2024-05-08T16:11:53.373Z</time>
      </trkpt>
      <trkpt lat="45.860050" lon="10.830313">
        <ele>317.626267</ele>
        <time>2024-05-08T16:11:57.370Z</time>
      </trkpt>
      <trkpt lat="45.860160" lon="10.830247">
        <ele>316.358479</ele>
        <time>2024-05-08T16:12:00.360Z</time>
      </trkpt>
      <trkpt lat="45.860252" lon="10.830210">
        <ele>315.342473</ele>
        <time>2024-05-08T16:12:02.362Z</time>
      </trkpt>
      <trkpt lat="45.860355" lon="10.830211">
        <ele>314.247114</ele>
        <time>2024-05-08T16:12:05.370Z</time>
      </trkpt>
      <trkpt lat="45.860467" lon="10.830165">
        <ele>313.008308</ele>
        <time>2024-05-08T16:12:07.374Z</time>
      </trkpt>
      <trkpt lat="45.860566" lon="10.830091">
        <ele>311.821414</ele>
        <time>2024-05-08T16:12:08.365Z</time>
      </trkpt>
      <trkpt lat="45.860631" lon="10.829997">
        <ele>310.840384</ele>
        <time>2024-05-08T16:12:10.372Z</time>
      </trkpt>
      <trkpt lat="45.860686" lon="10.829887">
        <ele>309.837525</ele>
        <time>2024-05-08T16:12:12.359Z</time>
      </trkpt>
      <trkpt lat="45.860758" lon="10.829758">
        <ele>308.613213</ele>
        <time>2024-05-08T16:12:14.384Z</time>
      </trkpt>
      <trkpt lat="45.860822" lon="10.829599">
        <ele>307.253153</ele>
        <time>2024-05-08T16:12:17.361Z</time>
      </trkpt>
      <trkpt lat="45.860887" lon="10.829498">
        <ele>306.234685</ele>
        <time>2024-05-08T16:12:20.367Z</time>
      </trkpt>
      <trkpt lat="45.861004" lon="10.829426">
        <ele>304.881027</ele>
        <time>2024-05-08T16:12:23.374Z</time>
      </trkpt>
      <trkpt lat="45.861089" lon="10.829285">
        <ele>303.584970</ele>
        <time>2024-05-08T16:12:25.364Z</time>
      </trkpt>
      <trkpt lat="45.861158" lon="10.829186">
        <ele>302.688898</ele>
        <time>2024-05-08T16:12:27.372Z</time>
      </trkpt>
      <trkpt lat="45.861203" lon="10.829044">
        <ele>301.690806</ele>
        <time>2024-05-08T16:12:31.369Z</time>
      </trkpt>
      <trkpt lat="45.861240" lon="10.828872">
        <ele>300.539123</ele>
        <time>2024-05-08T16:12:34.370Z</time>
      </trkpt>
      <trkpt lat="45.861314" lon="10.828781">
        <ele>299.644096</ele>
        <time>2024-05-08T16:12:37.357Z</time>
      </trkpt>
      <trkpt lat="45.861443" lon="10.828658">
        <ele>298.221558</ele>
        <time>2024-05-08T16:12:40.354Z</time>
      </trkpt>
      <trkpt lat="45.861517" lon="10.828550">
        <ele>297.252264</ele>
        <time>2024-05-08T16:12:42.364Z</time>
      </trkpt>
      <trkpt lat="45.861586" lon="10.828375">
        <ele>295.965706</ele>
        <time>2024-05-08T16:12:45.377Z</time>
      </trkpt>
      <trkpt lat="45.861659" lon="10.828227">
        <ele>294.805435</ele>
        <time>2024-05-08T16:12:47.371Z</time>
      </trkpt>
      <trkpt lat="45.861748" lon="10.828099">
        <ele>293.648261</ele>
        <time>2024-05-08T16:12:50.363Z</time>
      </trkpt>
      <trkpt lat="45.861830" lon="10.828037">
        <ele>292.796912</ele>
        <time>2024-05-08T16:12:53.363Z</time>
      </trkpt>
      <trkpt lat="45.861885" lon="10.828141">
        <ele>291.961467</ele>
        <time>2024-05-08T16:12:55.367Z</time>
      </trkpt>
      <trkpt lat="45.861939" lon="10.828294">
        <ele>290.864119</ele>
        <time>2024-05-08T16:12:58.359Z</time>
      </trkpt>
      <trkpt lat="45.861971" lon="10.828421">
        <ele>290.000092</ele>
        <time>2024-05-08T16:13:01.357Z</time>
      </trkpt>
      <trkpt lat="45.861946" lon="10.828569">
        <ele>289.025809</ele>
        <time>2024-05-08T16:13:06.358Z</time>
      </trkpt>
      <trkpt lat="45.861962" lon="10.828739">
        <ele>287.928351</ele>
        <time>2024-05-08T16:13:09.361Z</time>
      </trkpt>
      <trkpt lat="45.861986" lon="10.828903">
        <ele>287.437593</ele>
        <time>2024-05-08T16:13:12.366Z</time>
      </trkpt>
      <trkpt lat="45.862060" lon="10.829047">
        <ele>287.186193</ele>
        <time>2024-05-08T16:13:15.357Z</time>
      </trkpt>
      <trkpt lat="45.862154" lon="10.829180">
        <ele>286.919996</ele>
        <time>2024-05-08T16:13:18.380Z</time>
      </trkpt>
      <trkpt lat="45.862221" lon="10.829281">
        <ele>286.724047</ele>
        <time>2024-05-08T16:13:20.357Z</time>
      </trkpt>
      <trkpt lat="45.862294" lon="10.829433">
        <ele>286.464670</ele>
        <time>2024-05-08T16:13:23.375Z</time>
      </trkpt>
      <trkpt lat="45.862332" lon="10.829557">
        <ele>286.274361</ele>
        <time>2024-05-08T16:13:25.379Z</time>
      </trkpt>
      <trkpt lat="45.862372" lon="10.829683">
        <ele>286.079839</ele>
        <time>2024-05-08T16:13:27.358Z</time>
      </trkpt>
      <trkpt lat="45.862402" lon="10.829819">
        <ele>285.879437</ele>
        <time>2024-05-08T16:13:29.369Z</time>
      </trkpt>
      <trkpt lat="45.862387" lon="10.829970">
        <ele>285.665173</ele>
        <time>2024-05-08T16:13:32.366Z</time>
      </trkpt>
      <trkpt lat="45.862327" lon="10.830141">
        <ele>285.396192</ele>
        <time>2024-05-08T16:13:35.362Z</time>
      </trkpt>
      <trkpt lat="45.862289" lon="10.830321">
        <ele>285.131974</ele>
        <time>2024-05-08T16:13:37.367Z</time>
      </trkpt>
      <trkpt lat="45.862240" lon="10.830495">
        <ele>284.868318</ele>
        <time>2024-05-08T16:13:39.365Z</time>
      </trkpt>
      <trkpt lat="45.862151" lon="10.830607">
        <ele>284.629603</ele>
        <time>2024-05-08T16:13:41.362Z</time>
      </trkpt>
      <trkpt lat="45.862108" lon="10.830726">
        <ele>284.441273</ele>
        <time>2024-05-08T16:13:43.357Z</time>
      </trkpt>
      <trkpt lat="45.862043" lon="10.830860">
        <ele>284.211871</ele>
        <time>2024-05-08T16:13:45.376Z</time>
      </trkpt>
      <trkpt lat="45.861995" lon="10.830997">
        <ele>283.996434</ele>
        <time>2024-05-08T16:13:47.360Z</time>
      </trkpt>
      <trkpt lat="45.861958" lon="10.831178">
        <ele>283.071366</ele>
        <time>2024-05-08T16:13:50.363Z</time>
      </trkpt>
      <trkpt lat="45.861968" lon="10.831321">
        <ele>282.317629</ele>
        <time>2024-05-08T16:13:52.359Z</time>
      </trkpt>
      <trkpt lat="45.861980" lon="10.831464">
        <ele>281.562237</ele>
        <time>2024-05-08T16:13:54.367Z</time>
      </trkpt>
      <trkpt lat="45.861986" lon="10.831611">
        <ele>280.789970</ele>
        <time>2024-05-08T16:13:56.360Z</time>
      </trkpt>
      <trkpt lat="45.862009" lon="10.831760">
        <ele>279.989571</ele>
        <time>2024-05-08T16:13:58.366Z</time>
      </trkpt>
      <trkpt lat="45.862018" lon="10.831913">
        <ele>279.184303</ele>
        <time>2024-05-08T16:14:00.363Z</time>
      </trkpt>
      <trkpt lat="45.862032" lon="10.832085">
        <ele>278.276106</ele>
        <time>2024-05-08T16:14:02.357Z</time>
      </trkpt>
      <trkpt lat="45.862065" lon="10.832236">
        <ele>277.446104</ele>
        <time>2024-05-08T16:14:05.363Z</time>
      </trkpt>
      <trkpt lat="45.862148" lon="10.832386">
        <ele>276.441327</ele>
        <time>2024-05-08T16:14:08.362Z</time>
      </trkpt>
      <trkpt lat="45.862223" lon="10.832493">
        <ele>275.645130</ele>
        <time>2024-05-08T16:14:12.371Z</time>
      </trkpt>
      <trkpt lat="45.862312" lon="10.832575">
        <ele>274.848769</ele>
        <time>2024-05-08T16:14:15.373Z</time>
      </trkpt>
      <trkpt lat="45.862407" lon="10.832670">
        <ele>273.976937</ele>
        <time>2024-05-08T16:14:18.368Z</time>
      </trkpt>
      <trkpt lat="45.862504" lon="10.832739">
        <ele>273.161712</ele>
        <time>2024-05-08T16:14:21.366Z</time>
      </trkpt>
      <trkpt lat="45.862590" lon="10.832834">
        <ele>272.344583</ele>
        <time>2024-05-08T16:14:24.360Z</time>
      </trkpt>
      <trkpt lat="45.862693" lon="10.832924">
        <ele>271.436571</ele>
        <time>2024-05-08T16:14:28.377Z</time>
      </trkpt>
      <trkpt lat="45.862799" lon="10.832943">
        <ele>270.632088</ele>
        <time>2024-05-08T16:14:31.369Z</time>
      </trkpt>
      <trkpt lat="45.862928" lon="10.832843">
        <ele>269.692032</ele>
        <time>2024-05-08T16:14:34.356Z</time>
      </trkpt>
      <trkpt lat="45.863027" lon="10.832945">
        <ele>268.941722</ele>
        <time>2024-05-08T16:14:37.365Z</time>
      </trkpt>
      <trkpt lat="45.863111" lon="10.833007">
        <ele>268.360133</ele>
        <time>2024-05-08T16:14:40.365Z</time>
      </trkpt>
      <trkpt lat="45.864495" lon="10.833817">
        <ele>259.097866</ele>
        <time>2024-05-08T16:15:09.371Z</time>
      </trkpt>
      <trkpt lat="45.864595" lon="10.833859">
        <ele>258.261202</ele>
        <time>2024-05-08T16:15:12.360Z</time>
      </trkpt>
      <trkpt lat="45.864693" lon="10.833905">
        <ele>257.433265</ele>
        <time>2024-05-08T16:15:15.370Z</time>
      </trkpt>
      <trkpt lat="45.864795" lon="10.833982">
        <ele>256.507903</ele>
        <time>2024-05-08T16:15:18.369Z</time>
      </trkpt>
      <trkpt lat="45.864889" lon="10.834078">
        <ele>255.581639</ele>
        <time>2024-05-08T16:15:21.373Z</time>
      </trkpt>
      <trkpt lat="45.864981" lon="10.834119">
        <ele>254.808099</ele>
        <time>2024-05-08T16:15:24.375Z</time>
      </trkpt>
      <trkpt lat="45.865063" lon="10.834172">
        <ele>254.085998</ele>
        <time>2024-05-08T16:15:27.362Z</time>
      </trkpt>
      <trkpt lat="45.865233" lon="10.833902">
        <ele>252.050534</ele>
        <time>2024-05-08T16:16:16.357Z</time>
      </trkpt>
      <trkpt lat="45.865321" lon="10.833803">
        <ele>251.152851</ele>
        <time>2024-05-08T16:16:19.373Z</time>
      </trkpt>
      <trkpt lat="45.865405" lon="10.833751">
        <ele>250.418306</ele>
        <time>2024-05-08T16:16:21.362Z</time>
      </trkpt>
      <trkpt lat="45.865498" lon="10.833701">
        <ele>249.620873</ele>
        <time>2024-05-08T16:16:23.374Z</time>
      </trkpt>
      <trkpt lat="45.865605" lon="10.833679">
        <ele>248.752874</ele>
        <time>2024-05-08T16:16:25.368Z</time>
      </trkpt>
      <trkpt lat="45.865711" lon="10.833688">
        <ele>247.900182</ele>
        <time>2024-05-08T16:16:27.364Z</time>
      </trkpt>
      <trkpt lat="45.865806" lon="10.833721">
        <ele>247.115308</ele>
        <time>2024-05-08T16:16:29.365Z</time>
      </trkpt>
      <trkpt lat="45.865895" lon="10.833786">
        <ele>246.313503</ele>
        <time>2024-05-08T16:16:31.363Z</time>
      </trkpt>
      <trkpt lat="45.865990" lon="10.833835">
        <ele>245.502917</ele>
        <time>2024-05-08T16:16:33.360Z</time>
      </trkpt>
      <trkpt lat="45.866521" lon="10.834174">
        <ele>241.215087</ele>
        <time>2024-05-08T16:16:50.360Z</time>
      </trkpt>
      <trkpt lat="45.866609" lon="10.834232">
        <ele>240.509857</ele>
        <time>2024-05-08T16:16:52.368Z</time>
      </trkpt>
      <trkpt lat="45.866706" lon="10.834276">
        <ele>239.768948</ele>
        <time>2024-05-08T16:16:55.362Z</time>
      </trkpt>
      <trkpt lat="45.866799" lon="10.834278">
        <ele>239.091504</ele>
        <time>2024-05-08T16:16:59.373Z</time>
      </trkpt>
      <trkpt lat="45.866907" lon="10.834306">
        <ele>238.292167</ele>
        <time>2024-05-08T16:17:05.367Z</time>
      </trkpt>
      <trkpt lat="45.867002" lon="10.834342">
        <ele>237.576547</ele>
        <time>2024-05-08T16:17:10.368Z</time>
      </trkpt>
      <trkpt lat="45.867094" lon="10.834367">
        <ele>236.894572</ele>
        <time>2024-05-08T16:17:15.374Z</time>
      </trkpt>
      <trkpt lat="45.867177" lon="10.834282">
        <ele>236.152074</ele>
        <time>2024-05-08T16:17:20.354Z</time>
      </trkpt>
      <trkpt lat="45.867385" lon="10.834175">
        <ele>234.542838</ele>
        <time>2024-05-08T16:18:28.377Z</time>
      </trkpt>
      <trkpt lat="45.867494" lon="10.834230">
        <ele>233.701355</ele>
        <time>2024-05-08T16:18:51.362Z</time>
      </trkpt>
      <trkpt lat="45.867601" lon="10.834250">
        <ele>232.915443</ele>
        <time>2024-05-08T16:18:55.360Z</time>
      </trkpt>
      <trkpt lat="45.868103" lon="10.834019">
        <ele>229.317056</ele>
        <time>2024-05-08T16:19:06.380Z</time>
      </trkpt>
      <trkpt lat="45.868187" lon="10.834153">
        <ele>228.483331</ele>
        <time>2024-05-08T16:19:09.366Z</time>
      </trkpt>
      <trkpt lat="45.868249" lon="10.834250">
        <ele>227.874480</ele>
        <time>2024-05-08T16:19:32.361Z</time>
      </trkpt>
      <trkpt lat="45.868273" lon="10.834400">
        <ele>227.162800</ele>
        <time>2024-05-08T16:19:37.359Z</time>
      </trkpt>
      <trkpt lat="45.868352" lon="10.834511">
        <ele>226.428859</ele>
        <time>2024-05-08T16:19:46.360Z</time>
      </trkpt>
      <trkpt lat="45.868465" lon="10.834590">
        <ele>225.594262</ele>
        <time>2024-05-08T16:19:50.359Z</time>
      </trkpt>
      <trkpt lat="45.868566" lon="10.834556">
        <ele>224.905366</ele>
        <time>2024-05-08T16:19:53.368Z</time>
      </trkpt>
      <trkpt lat="45.868675" lon="10.834491">
        <ele>224.121603</ele>
        <time>2024-05-08T16:19:57.364Z</time>
      </trkpt>
      <trkpt lat="45.868792" lon="10.834437">
        <ele>223.305498</ele>
        <time>2024-05-08T16:20:01.381Z</time>
      </trkpt>
      <trkpt lat="45.868885" lon="10.834351">
        <ele>222.570955</ele>
        <time>2024-05-08T16:20:04.366Z</time>
      </trkpt>
      <trkpt lat="45.868969" lon="10.834233">
        <ele>221.790648</ele>
        <time>2024-05-08T16:20:07.371Z</time>
      </trkpt>
      <trkpt lat="45.869037" lon="10.834129">
        <ele>221.130970</ele>
        <time>2024-05-08T16:20:10.364Z</time>
      </trkpt>
      <trkpt lat="45.869130" lon="10.834026">
        <ele>220.351067</ele>
        <time>2024-05-08T16:20:14.373Z</time>
      </trkpt>
      <trkpt lat="45.869217" lon="10.833925">
        <ele>219.578608</ele>
        <time>2024-05-08T16:20:18.366Z</time>
      </trkpt>
      <trkpt lat="45.869284" lon="10.833831">
        <ele>218.884486</ele>
        <time>2024-05-08T16:20:21.373Z</time>
      </trkpt>
      <trkpt lat="45.869386" lon="10.833744">
        <ele>218.005330</ele>
        <time>2024-05-08T16:20:25.376Z</time>
      </trkpt>
      <trkpt lat="45.869467" lon="10.833683">
        <ele>217.327538</ele>
        <time>2024-05-08T16:20:28.375Z</time>
      </trkpt>
      <trkpt lat="45.869554" lon="10.833577">
        <ele>216.482046</ele>
        <time>2024-05-08T16:20:32.367Z</time>
      </trkpt>
      <trkpt lat="45.869625" lon="10.833484">
        <ele>215.769909</ele>
        <time>2024-05-08T16:20:35.372Z</time>
      </trkpt>
      <trkpt lat="45.869698" lon="10.833398">
        <ele>215.070201</ele>
        <time>2024-05-08T16:20:38.369Z</time>
      </trkpt>
      <trkpt lat="45.869783" lon="10.833311">
        <ele>214.296686</ele>
        <time>2024-05-08T16:20:41.368Z</time>
      </trkpt>
      <trkpt lat="45.869872" lon="10.833192">
        <ele>213.395539</ele>
        <time>2024-05-08T16:20:45.370Z</time>
      </trkpt>
      <trkpt lat="45.869950" lon="10.833082">
        <ele>212.585414</ele>
        <time>2024-05-08T16:20:48.369Z</time>
      </trkpt>
      <trkpt lat="45.870036" lon="10.832999">
        <ele>211.817554</ele>
        <time>2024-05-08T16:20:51.365Z</time>
      </trkpt>
      <trkpt lat="45.870113" lon="10.832907">
        <ele>211.075276</ele>
        <time>2024-05-08T16:20:54.383Z</time>
      </trkpt>
      <trkpt lat="45.870232" lon="10.832853">
        <ele>210.150424</ele>
        <time>2024-05-08T16:20:58.362Z</time>
      </trkpt>
      <trkpt lat="45.870342" lon="10.832867">
        <ele>209.332046</ele>
        <time>2024-05-08T16:21:01.358Z</time>
      </trkpt>
      <trkpt lat="45.870428" lon="10.832906">
        <ele>208.663705</ele>
        <time>2024-05-08T16:21:04.360Z</time>
      </trkpt>
      <trkpt lat="45.870535" lon="10.832971">
        <ele>207.802738</ele>
        <time>2024-05-08T16:21:08.373Z</time>
      </trkpt>
      <trkpt lat="45.870614" lon="10.833051">
        <ele>207.086391</ele>
        <time>2024-05-08T16:21:10.369Z</time>
      </trkpt>
      <trkpt lat="45.870685" lon="10.833244">
        <ele>206.241820</ele>
        <time>2024-05-08T16:21:13.370Z</time>
      </trkpt>
      <trkpt lat="45.870717" lon="10.833409">
        <ele>205.792032</ele>
        <time>2024-05-08T16:21:15.369Z</time>
      </trkpt>
      <trkpt lat="45.870728" lon="10.833544">
        <ele>205.435099</ele>
        <time>2024-05-08T16:21:18.371Z</time>
      </trkpt>
      <trkpt lat="45.870660" lon="10.833673">
        <ele>205.010212</ele>
        <time>2024-05-08T16:21:22.358Z</time>
      </trkpt>
      <trkpt lat="45.870627" lon="10.833816">
        <ele>204.614603</ele>
        <time>2024-05-08T16:21:25.365Z</time>
      </trkpt>
      <trkpt lat="45.870646" lon="10.833962">
        <ele>204.224564</ele>
        <time>2024-05-08T16:21:29.359Z</time>
      </trkpt>
      <trkpt lat="45.870665" lon="10.834091">
        <ele>203.878310</ele>
        <time>2024-05-08T16:21:32.358Z</time>
      </trkpt>
      <trkpt lat="45.870699" lon="10.834215">
        <ele>203.528344</ele>
        <time>2024-05-08T16:21:35.362Z</time>
      </trkpt>
      <trkpt lat="45.870780" lon="10.834287">
        <ele>203.169075</ele>
        <time>2024-05-08T16:21:38.359Z</time>
      </trkpt>
      <trkpt lat="45.870882" lon="10.834327">
        <ele>202.770299</ele>
        <time>2024-05-08T16:21:41.363Z</time>
      </trkpt>
      <trkpt lat="45.870978" lon="10.834392">
        <ele>202.370016</ele>
        <time>2024-05-08T16:21:44.366Z</time>
      </trkpt>
      <trkpt lat="45.871079" lon="10.834457">
        <ele>201.952600</ele>
        <time>2024-05-08T16:21:47.365Z</time>
      </trkpt>
      <trkpt lat="45.871180" lon="10.834472">
        <ele>201.569646</ele>
        <time>2024-05-08T16:21:51.364Z</time>
      </trkpt>
      <trkpt lat="45.871175" lon="10.834622">
        <ele>201.175295</ele>
        <time>2024-05-08T16:21:54.360Z</time>
      </trkpt>
      <trkpt lat="45.871092" lon="10.834715">
        <ele>200.778264</ele>
        <time>2024-05-08T16:21:57.362Z</time>
      </trkpt>
      <trkpt lat="45.871268" lon="10.836200">
        <ele>191.960594</ele>
        <time>2024-05-08T16:23:44.398Z</time>
      </trkpt>
      <trkpt lat="45.871200" lon="10.836290">
        <ele>191.032663</ele>
        <time>2024-05-08T16:23:46.348Z</time>
      </trkpt>
      <trkpt lat="45.871224" lon="10.836431">
        <ele>190.018485</ele>
        <time>2024-05-08T16:23:58.351Z</time>
      </trkpt>
      <trkpt lat="45.871266" lon="10.836554">
        <ele>189.061301</ele>
        <time>2024-05-08T16:24:03.348Z</time>
      </trkpt>
      <trkpt lat="45.871301" lon="10.836683">
        <ele>188.093966</ele>
        <time>2024-05-08T16:24:23.347Z</time>
      </trkpt>
      <trkpt lat="45.871363" lon="10.836796">
        <ele>187.088759</ele>
        <time>2024-05-08T16:24:28.352Z</time>
      </trkpt>
      <trkpt lat="45.871474" lon="10.836792">
        <ele>185.974540</ele>
        <time>2024-05-08T16:24:32.362Z</time>
      </trkpt>
      <trkpt lat="45.871551" lon="10.836703">
        <ele>184.982711</ele>
        <time>2024-05-08T16:24:35.351Z</time>
      </trkpt>
      <trkpt lat="45.871636" lon="10.836590">
        <ele>183.820431</ele>
        <time>2024-05-08T16:24:38.361Z</time>
      </trkpt>
      <trkpt lat="45.871740" lon="10.836485">
        <ele>182.544749</ele>
        <time>2024-05-08T16:24:41.354Z</time>
      </trkpt>
      <trkpt lat="45.871841" lon="10.836470">
        <ele>181.615996</ele>
        <time>2024-05-08T16:24:44.353Z</time>
      </trkpt>
      <trkpt lat="45.871971" lon="10.836536">
        <ele>180.944167</ele>
        <time>2024-05-08T16:24:47.350Z</time>
      </trkpt>
      <trkpt lat="45.872048" lon="10.836607">
        <ele>180.498323</ele>
        <time>2024-05-08T16:24:49.357Z</time>
      </trkpt>
      <trkpt lat="45.872128" lon="10.836678">
        <ele>180.040110</ele>
        <time>2024-05-08T16:24:51.356Z</time>
      </trkpt>
      <trkpt lat="45.872213" lon="10.836743">
        <ele>179.570905</ele>
        <time>2024-05-08T16:24:54.356Z</time>
      </trkpt>
      <trkpt lat="45.872303" lon="10.836844">
        <ele>179.014394</ele>
        <time>2024-05-08T16:24:58.350Z</time>
      </trkpt>
      <trkpt lat="45.872385" lon="10.836954">
        <ele>178.467683</ele>
        <time>2024-05-08T16:25:01.352Z</time>
      </trkpt>
      <trkpt lat="45.872483" lon="10.837072">
        <ele>177.844579</ele>
        <time>2024-05-08T16:25:04.360Z</time>
      </trkpt>
      <trkpt lat="45.872586" lon="10.837060">
        <ele>177.341068</ele>
        <time>2024-05-08T16:25:07.346Z</time>
      </trkpt>
      <trkpt lat="45.872709" lon="10.837000">
        <ele>176.708132</ele>
        <time>2024-05-08T16:25:10.358Z</time>
      </trkpt>
      <trkpt lat="45.872819" lon="10.836949">
        <ele>176.144928</ele>
        <time>2024-05-08T16:25:13.353Z</time>
      </trkpt>
      <trkpt lat="45.872916" lon="10.836894">
        <ele>175.636802</ele>
        <time>2024-05-08T16:25:16.356Z</time>
      </trkpt>
      <trkpt lat="45.873016" lon="10.836862">
        <ele>175.137609</ele>
        <time>2024-05-08T16:25:19.348Z</time>
      </trkpt>
      <trkpt lat="45.873119" lon="10.836856">
        <ele>174.635334</ele>
        <time>2024-05-08T16:25:22.355Z</time>
      </trkpt>
      <trkpt lat="45.873211" lon="10.836878">
        <ele>174.180897</ele>
        <time>2024-05-08T16:25:25.357Z</time>
      </trkpt>
      <trkpt lat="45.873296" lon="10.836925">
        <ele>173.737106</ele>
        <time>2024-05-08T16:25:28.350Z</time>
      </trkpt>
      <trkpt lat="45.873370" lon="10.837017">
        <ele>173.260227</ele>
        <time>2024-05-08T16:25:31.358Z</time>
      </trkpt>
      <trkpt lat="45.873448" lon="10.837122">
        <ele>172.698148</ele>
        <time>2024-05-08T16:25:34.354Z</time>
      </trkpt>
      <trkpt lat="45.873526" lon="10.837214">
        <ele>172.104026</ele>
        <time>2024-05-08T16:25:37.358Z</time>
      </trkpt>
      <trkpt lat="45.873622" lon="10.837274">
        <ele>171.487744</ele>
        <time>2024-05-08T16:25:40.354Z</time>
      </trkpt>
      <trkpt lat="45.873711" lon="10.837307">
        <ele>170.946675</ele>
        <time>2024-05-08T16:25:43.352Z</time>
      </trkpt>
      <trkpt lat="45.873822" lon="10.837344">
        <ele>170.275915</ele>
        <time>2024-05-08T16:25:46.356Z</time>
      </trkpt>
      <trkpt lat="45.873937" lon="10.837390">
        <ele>169.573213</ele>
        <time>2024-05-08T16:25:49.351Z</time>
      </trkpt>
      <trkpt lat="45.874043" lon="10.837443">
        <ele>168.912523</ele>
        <time>2024-05-08T16:25:52.356Z</time>
      </trkpt>
      <trkpt lat="45.874139" lon="10.837500">
        <ele>168.301043</ele>
        <time>2024-05-08T16:25:56.355Z</time>
      </trkpt>
      <trkpt lat="45.874243" lon="10.837547">
        <ele>167.659265</ele>
        <time>2024-05-08T16:25:59.356Z</time>
      </trkpt>
      <trkpt lat="45.874356" lon="10.837593">
        <ele>166.967897</ele>
        <time>2024-05-08T16:26:01.360Z</time>
      </trkpt>
      <trkpt lat="45.874479" lon="10.837589">
        <ele>166.243680</ele>
        <time>2024-05-08T16:26:04.355Z</time>
      </trkpt>
      <trkpt lat="45.874588" lon="10.837554">
        <ele>165.586220</ele>
        <time>2024-05-08T16:26:07.353Z</time>
      </trkpt>
      <trkpt lat="45.874675" lon="10.837467">
        <ele>164.962203</ele>
        <time>2024-05-08T16:26:10.359Z</time>
      </trkpt>
      <trkpt lat="45.874765" lon="10.837408">
        <ele>164.379851</ele>
        <time>2024-05-08T16:26:13.355Z</time>
      </trkpt>
      <trkpt lat="45.874867" lon="10.837403">
        <ele>163.779085</ele>
        <time>2024-05-08T16:26:16.360Z</time>
      </trkpt>
      <trkpt lat="45.874986" lon="10.837460">
        <ele>163.040674</ele>
        <time>2024-05-08T16:26:19.344Z</time>
      </trkpt>
      <trkpt lat="45.875087" lon="10.837554">
        <ele>162.331829</ele>
        <time>2024-05-08T16:26:22.358Z</time>
      </trkpt>
      <trkpt lat="45.875195" lon="10.837633">
        <ele>161.601507</ele>
        <time>2024-05-08T16:26:25.353Z</time>
      </trkpt>
      <trkpt lat="45.875323" lon="10.837656">
        <ele>160.824192</ele>
        <time>2024-05-08T16:26:28.362Z</time>
      </trkpt>
      <trkpt lat="45.875435" lon="10.837681">
        <ele>160.141201</ele>
        <time>2024-05-08T16:26:31.351Z</time>
      </trkpt>
      <trkpt lat="45.875528" lon="10.837731">
        <ele>159.542829</ele>
        <time>2024-05-08T16:26:34.354Z</time>
      </trkpt>
      <trkpt lat="45.875593" lon="10.837823">
        <ele>158.992937</ele>
        <time>2024-05-08T16:26:37.350Z</time>
      </trkpt>
      <trkpt lat="45.875688" lon="10.837928">
        <ele>158.270618</ele>
        <time>2024-05-08T16:26:40.349Z</time>
      </trkpt>
      <trkpt lat="45.875781" lon="10.838040">
        <ele>157.539300</ele>
        <time>2024-05-08T16:26:43.356Z</time>
      </trkpt>
      <trkpt lat="45.875893" lon="10.838105">
        <ele>156.811401</ele>
        <time>2024-05-08T16:26:46.353Z</time>
      </trkpt>
      <trkpt lat="45.876017" lon="10.838082">
        <ele>156.057997</ele>
        <time>2024-05-08T16:26:49.394Z</time>
      </trkpt>
      <trkpt lat="45.876137" lon="10.838115">
        <ele>155.321766</ele>
        <time>2024-05-08T16:26:52.347Z</time>
      </trkpt>
      <trkpt lat="45.876238" lon="10.838214">
        <ele>154.584949</ele>
        <time>2024-05-08T16:26:55.351Z</time>
      </trkpt>
      <trkpt lat="45.876304" lon="10.838371">
        <ele>153.815541</ele>
        <time>2024-05-08T16:26:58.345Z</time>
      </trkpt>
      <trkpt lat="45.876359" lon="10.838526">
        <ele>153.085695</ele>
        <time>2024-05-08T16:27:01.341Z</time>
      </trkpt>
      <trkpt lat="45.876414" lon="10.838664">
        <ele>152.418604</ele>
        <time>2024-05-08T16:27:04.337Z</time>
      </trkpt>
      <trkpt lat="45.876502" lon="10.838759">
        <ele>151.755259</ele>
        <time>2024-05-08T16:27:07.348Z</time>
      </trkpt>
      <trkpt lat="45.876612" lon="10.838817">
        <ele>150.961942</ele>
        <time>2024-05-08T16:27:11.346Z</time>
      </trkpt>
      <trkpt lat="45.876703" lon="10.838861">
        <ele>150.274175</ele>
        <time>2024-05-08T16:27:14.353Z</time>
      </trkpt>
      <trkpt lat="45.876812" lon="10.838853">
        <ele>149.492397</ele>
        <time>2024-05-08T16:27:17.343Z</time>
      </trkpt>
      <trkpt lat="45.876923" lon="10.838777">
        <ele>148.611601</ele>
        <time>2024-05-08T16:27:20.346Z</time>
      </trkpt>
      <trkpt lat="45.877025" lon="10.838748">
        <ele>147.866807</ele>
        <time>2024-05-08T16:27:23.342Z</time>
      </trkpt>
      <trkpt lat="45.877124" lon="10.838705">
        <ele>147.125965</ele>
        <time>2024-05-08T16:27:28.340Z</time>
      </trkpt>
      <trkpt lat="45.877736" lon="10.838419">
        <ele>142.516080</ele>
        <time>2024-05-08T16:28:07.353Z</time>
      </trkpt>
      <trkpt lat="45.877832" lon="10.838349">
        <ele>141.744911</ele>
        <time>2024-05-08T16:28:10.354Z</time>
      </trkpt>
      <trkpt lat="45.877921" lon="10.838262">
        <ele>140.973788</ele>
        <time>2024-05-08T16:28:14.384Z</time>
      </trkpt>
      <trkpt lat="45.878066" lon="10.838204">
        <ele>139.895643</ele>
        <time>2024-05-08T16:28:17.372Z</time>
      </trkpt>
      <trkpt lat="45.878170" lon="10.838138">
        <ele>139.081232</ele>
        <time>2024-05-08T16:28:19.368Z</time>
      </trkpt>
      <trkpt lat="45.878285" lon="10.838083">
        <ele>138.151687</ele>
        <time>2024-05-08T16:28:21.384Z</time>
      </trkpt>
      <trkpt lat="45.878391" lon="10.838004">
        <ele>137.169797</ele>
        <time>2024-05-08T16:28:23.368Z</time>
      </trkpt>
      <trkpt lat="45.878491" lon="10.837945">
        <ele>136.280915</ele>
        <time>2024-05-08T16:28:25.371Z</time>
      </trkpt>
      <trkpt lat="45.878589" lon="10.837860">
        <ele>135.339631</ele>
        <time>2024-05-08T16:28:27.357Z</time>
      </trkpt>
      <trkpt lat="45.878693" lon="10.837848">
        <ele>134.481764</ele>
        <time>2024-05-08T16:28:29.348Z</time>
      </trkpt>
      <trkpt lat="45.878795" lon="10.837807">
        <ele>133.610877</ele>
        <time>2024-05-08T16:28:31.373Z</time>
      </trkpt>
      <trkpt lat="45.878904" lon="10.837773">
        <ele>132.693764</ele>
        <time>2024-05-08T16:28:33.379Z</time>
      </trkpt>
      <trkpt lat="45.879012" lon="10.837740">
        <ele>131.785894</ele>
        <time>2024-05-08T16:28:35.384Z</time>
      </trkpt>
      <trkpt lat="45.878931" lon="10.837625">
        <ele>130.849473</ele>
        <time>2024-05-08T16:28:41.374Z</time>
      </trkpt>
      <trkpt lat="45.878815" lon="10.837635">
        <ele>129.893977</ele>
        <time>2024-05-08T16:28:44.375Z</time>
      </trkpt>
      <trkpt lat="45.878735" lon="10.837750">
        <ele>128.963385</ele>
        <time>2024-05-08T16:28:47.353Z</time>
      </trkpt>
      <trkpt lat="45.878761" lon="10.837907">
        <ele>128.039617</ele>
        <time>2024-05-08T16:28:51.346Z</time>
      </trkpt>
      <trkpt lat="45.878862" lon="10.837919">
        <ele>127.206335</ele>
        <time>2024-05-08T16:28:54.365Z</time>
      </trkpt>
      <trkpt lat="45.878948" lon="10.837870">
        <ele>126.445625</ele>
        <time>2024-05-08T16:28:57.359Z</time>
      </trkpt>
      <trkpt lat="45.879040" lon="10.837811">
        <ele>125.617213</ele>
        <time>2024-05-08T16:29:00.348Z</time>
      </trkpt>
      <trkpt lat="45.879135" lon="10.837803">
        <ele>124.834759</ele>
        <time>2024-05-08T16:29:03.355Z</time>
      </trkpt>
      <trkpt lat="45.879236" lon="10.837835">
        <ele>123.984351</ele>
        <time>2024-05-08T16:29:06.361Z</time>
      </trkpt>
      <trkpt lat="45.879346" lon="10.837825">
        <ele>123.463436</ele>
        <time>2024-05-08T16:29:09.353Z</time>
      </trkpt>
      <trkpt lat="45.879462" lon="10.837823">
        <ele>122.992645</ele>
        <time>2024-05-08T16:29:12.350Z</time>
      </trkpt>
      <trkpt lat="45.879568" lon="10.837853">
        <ele>122.554201</ele>
        <time>2024-05-08T16:29:15.373Z</time>
      </trkpt>
      <trkpt lat="45.879671" lon="10.837893">
        <ele>122.121195</ele>
        <time>2024-05-08T16:29:35.348Z</time>
      </trkpt>
      <trkpt lat="45.879791" lon="10.837914">
        <ele>121.630605</ele>
        <time>2024-05-08T16:29:38.356Z</time>
      </trkpt>
      <trkpt lat="45.879900" lon="10.837928">
        <ele>121.186491</ele>
        <time>2024-05-08T16:29:40.356Z</time>
      </trkpt>
      <trkpt lat="45.880009" lon="10.837945">
        <ele>120.741542</ele>
        <time>2024-05-08T16:29:42.349Z</time>
      </trkpt>
      <trkpt lat="45.880120" lon="10.837966">
        <ele>120.287187</ele>
        <time>2024-05-08T16:29:44.351Z</time>
      </trkpt>
      <trkpt lat="45.880222" lon="10.838005">
        <ele>119.858833</ele>
        <time>2024-05-08T16:29:46.361Z</time>
      </trkpt>
      <trkpt lat="45.880316" lon="10.838061">
        <ele>119.445851</ele>
        <time>2024-05-08T16:29:48.365Z</time>
      </trkpt>
      <trkpt lat="45.880446" lon="10.838123">
        <ele>118.889961</ele>
        <time>2024-05-08T16:29:51.359Z</time>
      </trkpt>
      <trkpt lat="45.880550" lon="10.838126">
        <ele>118.467818</ele>
        <time>2024-05-08T16:29:54.356Z</time>
      </trkpt>
      <trkpt lat="45.880691" lon="10.838158">
        <ele>117.888508</ele>
        <time>2024-05-08T16:31:16.356Z</time>
      </trkpt>
      <trkpt lat="45.880807" lon="10.838131">
        <ele>117.411611</ele>
        <time>2024-05-08T16:31:19.359Z</time>
      </trkpt>
      <trkpt lat="45.880901" lon="10.838099">
        <ele>117.019570</ele>
        <time>2024-05-08T16:31:21.352Z</time>
      </trkpt>
      <trkpt lat="45.881031" lon="10.838099">
        <ele>116.522749</ele>
        <time>2024-05-08T16:31:24.345Z</time>
      </trkpt>
      <trkpt lat="45.881158" lon="10.838109">
        <ele>116.339654</ele>
        <time>2024-05-08T16:31:27.341Z</time>
      </trkpt>
      <trkpt lat="45.881280" lon="10.838123">
        <ele>116.163472</ele>
        <time>2024-05-08T16:31:30.344Z</time>
      </trkpt>
      <trkpt lat="45.881403" lon="10.838149">
        <ele>115.984503</ele>
        <time>2024-05-08T16:31:33.352Z</time>
      </trkpt>
      <trkpt lat="45.881525" lon="10.838189">
        <ele>115.804363</ele>
        <time>2024-05-08T16:31:36.362Z</time>
      </trkpt>
      <trkpt lat="45.881657" lon="10.838213">
        <ele>115.612829</ele>
        <time>2024-05-08T16:31:39.350Z</time>
      </trkpt>
      <trkpt lat="45.881783" lon="10.838235">
        <ele>115.430113</ele>
        <time>2024-05-08T16:31:42.358Z</time>
      </trkpt>
      <trkpt lat="45.881912" lon="10.838277">
        <ele>115.239703</ele>
        <time>2024-05-08T16:31:45.363Z</time>
      </trkpt>
      <trkpt lat="45.882024" lon="10.838377">
        <ele>115.049870</ele>
        <time>2024-05-08T16:31:48.366Z</time>
      </trkpt>
      <trkpt lat="45.882130" lon="10.838485">
        <ele>114.862795</ele>
        <time>2024-05-08T16:31:51.357Z</time>
      </trkpt>
      <trkpt lat="45.882216" lon="10.838527">
        <ele>114.732036</ele>
        <time>2024-05-08T16:31:53.352Z</time>
      </trkpt>
      <trkpt lat="45.882309" lon="10.838541">
        <ele>114.597427</ele>
        <time>2024-05-08T16:31:55.360Z</time>
      </trkpt>
      <trkpt lat="45.882441" lon="10.838533">
        <ele>114.407239</ele>
        <time>2024-05-08T16:31:58.363Z</time>
      </trkpt>
      <trkpt lat="45.882552" lon="10.838468">
        <ele>114.234685</ele>
        <time>2024-05-08T16:32:01.357Z</time>
      </trkpt>
      <trkpt lat="45.882665" lon="10.838446">
        <ele>114.070531</ele>
        <time>2024-05-08T16:32:04.354Z</time>
      </trkpt>
      <trkpt lat="45.882782" lon="10.838470">
        <ele>113.937679</ele>
        <time>2024-05-08T16:32:07.358Z</time>
      </trkpt>
      <trkpt lat="45.882895" lon="10.838509">
        <ele>113.894995</ele>
        <time>2024-05-08T16:32:10.355Z</time>
      </trkpt>
      <trkpt lat="45.882996" lon="10.838489">
        <ele>113.857548</ele>
        <time>2024-05-08T16:32:13.360Z</time>
      </trkpt>
      <trkpt lat="45.883102" lon="10.838504">
        <ele>113.818428</ele>
        <time>2024-05-08T16:32:16.358Z</time>
      </trkpt>
      <trkpt lat="45.883203" lon="10.838545">
        <ele>113.779880</ele>
        <time>2024-05-08T16:32:19.355Z</time>
      </trkpt>
      <trkpt lat="45.883295" lon="10.838638">
        <ele>113.738562</ele>
        <time>2024-05-08T16:32:23.358Z</time>
      </trkpt>
      <trkpt lat="45.883385" lon="10.838685">
        <ele>113.703390</ele>
        <time>2024-05-08T16:32:26.370Z</time>
      </trkpt>
      <trkpt lat="45.883486" lon="10.838727">
        <ele>113.664772</ele>
        <time>2024-05-08T16:32:29.384Z</time>
      </trkpt>
      <trkpt lat="45.883594" lon="10.838741">
        <ele>113.624944</ele>
        <time>2024-05-08T16:32:32.367Z</time>
      </trkpt>
      <trkpt lat="45.883702" lon="10.838741">
        <ele>113.585277</ele>
        <time>2024-05-08T16:32:35.361Z</time>
      </trkpt>
      <trkpt lat="45.883803" lon="10.838796">
        <ele>113.545606</ele>
        <time>2024-05-08T16:32:38.360Z</time>
      </trkpt>
      <trkpt lat="45.883910" lon="10.838866">
        <ele>113.502423</ele>
        <time>2024-05-08T16:32:41.356Z</time>
      </trkpt>
      <trkpt lat="45.884024" lon="10.838905">
        <ele>113.459382</ele>
        <time>2024-05-08T16:32:44.354Z</time>
      </trkpt>
      <trkpt lat="45.884134" lon="10.838911">
        <ele>113.418952</ele>
        <time>2024-05-08T16:32:47.369Z</time>
      </trkpt>
      <trkpt lat="45.884246" lon="10.838898">
        <ele>113.377682</ele>
        <time>2024-05-08T16:32:50.359Z</time>
      </trkpt>
      <trkpt lat="45.884353" lon="10.838871">
        <ele>113.337781</ele>
        <time>2024-05-08T16:32:53.356Z</time>
      </trkpt>
      <trkpt lat="45.884462" lon="10.838848">
        <ele>113.297318</ele>
        <time>2024-05-08T16:32:56.360Z</time>
      </trkpt>
      <trkpt lat="45.884576" lon="10.838836">
        <ele>113.244909</ele>
        <time>2024-05-08T16:32:59.359Z</time>
      </trkpt>
      <trkpt lat="45.884681" lon="10.838894">
        <ele>113.191106</ele>
        <time>2024-05-08T16:33:02.357Z</time>
      </trkpt>
      <trkpt lat="45.884725" lon="10.839020">
        <ele>113.144175</ele>
        <time>2024-05-08T16:33:05.363Z</time>
      </trkpt>
      <trkpt lat="45.884737" lon="10.839169">
        <ele>113.094238</ele>
        <time>2024-05-08T16:33:08.361Z</time>
      </trkpt>
      <trkpt lat="45.884744" lon="10.839317">
        <ele>113.044852</ele>
        <time>2024-05-08T16:33:11.360Z</time>
      </trkpt>
      <trkpt lat="45.884749" lon="10.839457">
        <ele>112.998181</ele>
        <time>2024-05-08T16:33:14.358Z</time>
      </trkpt>
      <trkpt lat="45.884713" lon="10.839596">
        <ele>112.948805</ele>
        <time>2024-05-08T16:33:17.358Z</time>
      </trkpt>
      <trkpt lat="45.884651" lon="10.839715">
        <ele>112.899318</ele>
        <time>2024-05-08T16:33:20.359Z</time>
      </trkpt>
      <trkpt lat="45.884546" lon="10.839752">
        <ele>112.847611</ele>
        <time>2024-05-08T16:33:24.363Z</time>
      </trkpt>
      <trkpt lat="45.884448" lon="10.839753">
        <ele>112.800739</ele>
        <time>2024-05-08T16:33:27.360Z</time>
      </trkpt>
      <trkpt lat="45.884341" lon="10.839768">
        <ele>112.749321</ele>
        <time>2024-05-08T16:33:30.361Z</time>
      </trkpt>
      <trkpt lat="45.884249" lon="10.839842">
        <ele>112.698893</ele>
        <time>2024-05-08T16:33:33.354Z</time>
      </trkpt>
      <trkpt lat="45.884187" lon="10.839973">
        <ele>112.646153</ele>
        <time>2024-05-08T16:33:36.358Z</time>
      </trkpt>
      <trkpt lat="45.884140" lon="10.840108">
        <ele>112.595900</ele>
        <time>2024-05-08T16:33:39.355Z</time>
      </trkpt>
      <trkpt lat="45.884104" lon="10.840254">
        <ele>112.544333</ele>
        <time>2024-05-08T16:33:42.366Z</time>
      </trkpt>
      <trkpt lat="45.884099" lon="10.840414">
        <ele>112.491011</ele>
        <time>2024-05-08T16:33:45.356Z</time>
      </trkpt>
      <trkpt lat="45.884079" lon="10.840580">
        <ele>112.434923</ele>
        <time>2024-05-08T16:33:48.360Z</time>
      </trkpt>
      <trkpt lat="45.884075" lon="10.840737">
        <ele>112.560991</ele>
        <time>2024-05-08T16:33:51.357Z</time>
      </trkpt>
      <trkpt lat="45.884065" lon="10.840904">
        <ele>112.717054</ele>
        <time>2024-05-08T16:33:54.352Z</time>
      </trkpt>
      <trkpt lat="45.884103" lon="10.841049">
        <ele>112.861310</ele>
        <time>2024-05-08T16:33:58.346Z</time>
      </trkpt>
      <trkpt lat="45.884190" lon="10.841090">
        <ele>112.983776</ele>
        <time>2024-05-08T16:34:01.338Z</time>
      </trkpt>
      <trkpt lat="45.884274" lon="10.841174">
        <ele>113.120670</ele>
        <time>2024-05-08T16:34:04.340Z</time>
      </trkpt>
      <trkpt lat="45.884361" lon="10.841260">
        <ele>113.261922</ele>
        <time>2024-05-08T16:34:07.347Z</time>
      </trkpt>
      <trkpt lat="45.884451" lon="10.841321">
        <ele>113.395026</ele>
        <time>2024-05-08T16:34:10.366Z</time>
      </trkpt>
      <trkpt lat="45.884548" lon="10.841413">
        <ele>113.550492</ele>
        <time>2024-05-08T16:34:13.358Z</time>
      </trkpt>
      <trkpt lat="45.884649" lon="10.841490">
        <ele>113.703427</ele>
        <time>2024-05-08T16:34:16.357Z</time>
      </trkpt>
      <trkpt lat="45.884741" lon="10.841583">
        <ele>113.853891</ele>
        <time>2024-05-08T16:34:19.359Z</time>
      </trkpt>
      <trkpt lat="45.884824" lon="10.841715">
        <ele>114.019507</ele>
        <time>2024-05-08T16:34:22.367Z</time>
      </trkpt>
      <trkpt lat="45.884855" lon="10.841898">
        <ele>114.194864</ele>
        <time>2024-05-08T16:34:25.365Z</time>
      </trkpt>
      <trkpt lat="45.884858" lon="10.842080">
        <ele>114.364363</ele>
        <time>2024-05-08T16:34:28.360Z</time>
      </trkpt>
      <trkpt lat="45.884860" lon="10.842259">
        <ele>114.531044</ele>
        <time>2024-05-08T16:34:31.354Z</time>
      </trkpt>
      <trkpt lat="45.884863" lon="10.842433">
        <ele>114.693098</ele>
        <time>2024-05-08T16:34:34.348Z</time>
      </trkpt>
      <trkpt lat="45.884873" lon="10.842619">
        <ele>114.830464</ele>
        <time>2024-05-08T16:34:37.366Z</time>
      </trkpt>
      <trkpt lat="45.884865" lon="10.842798">
        <ele>114.804587</ele>
        <time>2024-05-08T16:34:40.382Z</time>
      </trkpt>
      <trkpt lat="45.884864" lon="10.842973">
        <ele>114.779339</ele>
        <time>2024-05-08T16:34:43.369Z</time>
      </trkpt>
      <trkpt lat="45.884863" lon="10.843139">
        <ele>114.755390</ele>
        <time>2024-05-08T16:34:46.353Z</time>
      </trkpt>
      <trkpt lat="45.884857" lon="10.843305">
        <ele>114.731410</ele>
        <time>2024-05-08T16:34:49.358Z</time>
      </trkpt>
      <trkpt lat="45.884854" lon="10.843472">
        <ele>114.707309</ele>
        <time>2024-05-08T16:34:52.378Z</time>
      </trkpt>
      <trkpt lat="45.884849" lon="10.843637">
        <ele>114.683483</ele>
        <time>2024-05-08T16:34:55.372Z</time>
      </trkpt>
      <trkpt lat="45.884841" lon="10.843818">
        <ele>114.657318</ele>
        <time>2024-05-08T16:34:58.376Z</time>
      </trkpt>
      <trkpt lat="45.884832" lon="10.844003">
        <ele>114.630564</ele>
        <time>2024-05-08T16:35:01.384Z</time>
      </trkpt>
      <trkpt lat="45.884821" lon="10.844188">
        <ele>114.603777</ele>
        <time>2024-05-08T16:35:04.366Z</time>
      </trkpt>
      <trkpt lat="45.884807" lon="10.844364">
        <ele>114.578221</ele>
        <time>2024-05-08T16:35:07.363Z</time>
      </trkpt>
      <trkpt lat="45.884792" lon="10.844522">
        <ele>114.555216</ele>
        <time>2024-05-08T16:35:10.345Z</time>
      </trkpt>
      <trkpt lat="45.884735" lon="10.844663">
        <ele>114.531693</ele>
        <time>2024-05-08T16:35:14.373Z</time>
      </trkpt>
      <trkpt lat="45.884625" lon="10.844657">
        <ele>114.508879</ele>
        <time>2024-05-08T16:35:17.367Z</time>
      </trkpt>
      <trkpt lat="45.884507" lon="10.844632">
        <ele>114.484159</ele>
        <time>2024-05-08T16:35:20.348Z</time>
      </trkpt>
      <trkpt lat="45.884380" lon="10.844600">
        <ele>114.458884</ele>
        <time>2024-05-08T16:35:23.376Z</time>
      </trkpt>
      <trkpt lat="45.884253" lon="10.844561">
        <ele>114.439556</ele>
        <time>2024-05-08T16:35:26.350Z</time>
      </trkpt>
      <trkpt lat="45.884125" lon="10.844517">
        <ele>114.419967</ele>
        <time>2024-05-08T16:35:29.364Z</time>
      </trkpt>
      <trkpt lat="45.884002" lon="10.844480">
        <ele>114.401264</ele>
        <time>2024-05-08T16:35:32.396Z</time>
      </trkpt>
      <trkpt lat="45.883880" lon="10.844450">
        <ele>114.382843</ele>
        <time>2024-05-08T16:35:35.362Z</time>
      </trkpt>
      <trkpt lat="45.883761" lon="10.844429">
        <ele>114.364999</ele>
        <time>2024-05-08T16:35:38.360Z</time>
      </trkpt>
      <trkpt lat="45.883647" lon="10.844373">
        <ele>114.347068</ele>
        <time>2024-05-08T16:35:41.373Z</time>
      </trkpt>
      <trkpt lat="45.883522" lon="10.844368">
        <ele>114.328457</ele>
        <time>2024-05-08T16:35:44.385Z</time>
      </trkpt>
      <trkpt lat="45.883408" lon="10.844421">
        <ele>114.310624</ele>
        <time>2024-05-08T16:35:47.365Z</time>
      </trkpt>
      <trkpt lat="45.883333" lon="10.844540">
        <ele>114.293992</ele>
        <time>2024-05-08T16:35:50.379Z</time>
      </trkpt>
      <trkpt lat="45.883290" lon="10.844696">
        <ele>114.276609</ele>
        <time>2024-05-08T16:35:53.374Z</time>
      </trkpt>
      <trkpt lat="45.883282" lon="10.844854">
        <ele>114.260197</ele>
        <time>2024-05-08T16:35:56.360Z</time>
      </trkpt>
      <trkpt lat="45.883210" lon="10.844955">
        <ele>114.245219</ele>
        <time>2024-05-08T16:35:59.385Z</time>
      </trkpt>
      <trkpt lat="45.883164" lon="10.845117">
        <ele>114.227093</ele>
        <time>2024-05-08T16:36:02.381Z</time>
      </trkpt>
      <trkpt lat="45.883112" lon="10.845288">
        <ele>114.207760</ele>
        <time>2024-05-08T16:36:05.361Z</time>
      </trkpt>
      <trkpt lat="45.883037" lon="10.845446">
        <ele>114.193721</ele>
        <time>2024-05-08T16:36:08.343Z</time>
      </trkpt>
      <trkpt lat="45.882960" lon="10.845603">
        <ele>114.190398</ele>
        <time>2024-05-08T16:36:11.351Z</time>
      </trkpt>
      <trkpt lat="45.882882" lon="10.845750">
        <ele>114.187200</ele>
        <time>2024-05-08T16:36:14.354Z</time>
      </trkpt>
      <trkpt lat="45.882775" lon="10.845838">
        <ele>114.184136</ele>
        <time>2024-05-08T16:36:17.351Z</time>
      </trkpt>
      <trkpt lat="45.882661" lon="10.845875">
        <ele>114.181231</ele>
        <time>2024-05-08T16:36:20.352Z</time>
      </trkpt>
      <trkpt lat="45.882541" lon="10.845833">
        <ele>114.178161</ele>
        <time>2024-05-08T16:36:23.356Z</time>
      </trkpt>
      <trkpt lat="45.882417" lon="10.845786">
        <ele>114.174974</ele>
        <time>2024-05-08T16:36:26.381Z</time>
      </trkpt>
      <trkpt lat="45.882286" lon="10.845743">
        <ele>114.171634</ele>
        <time>2024-05-08T16:36:29.355Z</time>
      </trkpt>
      <trkpt lat="45.882154" lon="10.845707">
        <ele>114.168295</ele>
        <time>2024-05-08T16:36:32.358Z</time>
      </trkpt>
      <trkpt lat="45.882065" lon="10.845662">
        <ele>114.165949</ele>
        <time>2024-05-08T16:36:34.357Z</time>
      </trkpt>
      <trkpt lat="45.881979" lon="10.845623">
        <ele>114.163708</ele>
        <time>2024-05-08T16:36:36.357Z</time>
      </trkpt>
      <trkpt lat="45.881866" lon="10.845564">
        <ele>114.160720</ele>
        <time>2024-05-08T16:36:39.358Z</time>
      </trkpt>
      <trkpt lat="45.881769" lon="10.845550">
        <ele>114.158297</ele>
        <time>2024-05-08T16:36:42.350Z</time>
      </trkpt>
      <trkpt lat="45.881703" lon="10.845650">
        <ele>114.155913</ele>
        <time>2024-05-08T16:36:46.349Z</time>
      </trkpt>
      <trkpt lat="45.881678" lon="10.845798">
        <ele>114.153278</ele>
        <time>2024-05-08T16:36:51.361Z</time>
      </trkpt>
      <trkpt lat="45.881660" lon="10.845961">
        <ele>114.150422</ele>
        <time>2024-05-08T16:36:55.362Z</time>
      </trkpt>
      <trkpt lat="45.881646" lon="10.846115">
        <ele>114.138911</ele>
        <time>2024-05-08T16:36:58.357Z</time>
      </trkpt>
      <trkpt lat="45.881685" lon="10.846243">
        <ele>114.127749</ele>
        <time>2024-05-08T16:37:02.353Z</time>
      </trkpt>
      <trkpt lat="45.881793" lon="10.846236">
        <ele>114.115343</ele>
        <time>2024-05-08T16:37:07.352Z</time>
      </trkpt>
      <trkpt lat="45.881898" lon="10.846234">
        <ele>114.103293</ele>
        <time>2024-05-08T16:37:11.362Z</time>
      </trkpt>
      <trkpt lat="45.881991" lon="10.846311">
        <ele>114.090975</ele>
        <time>2024-05-08T16:37:15.358Z</time>
      </trkpt>
      <trkpt lat="45.881918" lon="10.846435">
        <ele>114.078002</ele>
        <time>2024-05-08T16:37:20.350Z</time>
      </trkpt>
      <trkpt lat="45.881831" lon="10.846567">
        <ele>114.063481</ele>
        <time>2024-05-08T16:37:23.356Z</time>
      </trkpt>
      <trkpt lat="45.881805" lon="10.846761">
        <ele>114.047699</ele>
        <time>2024-05-08T16:37:26.356Z</time>
      </trkpt>
      <trkpt lat="45.881798" lon="10.846908">
        <ele>114.035929</ele>
        <time>2024-05-08T16:37:28.361Z</time>
      </trkpt>
      <trkpt lat="45.881811" lon="10.847049">
        <ele>114.024567</ele>
        <time>2024-05-08T16:37:30.351Z</time>
      </trkpt>
      <trkpt lat="45.881831" lon="10.847182">
        <ele>114.013697</ele>
        <time>2024-05-08T16:37:32.355Z</time>
      </trkpt>
      <trkpt lat="45.881839" lon="10.847320">
        <ele>114.002635</ele>
        <time>2024-05-08T16:37:34.377Z</time>
      </trkpt>
      <trkpt lat="45.881804" lon="10.847516">
        <ele>113.986471</ele>
        <time>2024-05-08T16:37:37.360Z</time>
      </trkpt>
      <trkpt lat="45.881763" lon="10.847640">
        <ele>113.975505</ele>
        <time>2024-05-08T16:37:39.357Z</time>
      </trkpt>
      <trkpt lat="45.881751" lon="10.847785">
        <ele>113.963840</ele>
        <time>2024-05-08T16:37:41.356Z</time>
      </trkpt>
      <trkpt lat="45.881781" lon="10.847911">
        <ele>113.953202</ele>
        <time>2024-05-08T16:37:43.357Z</time>
      </trkpt>
      <trkpt lat="45.881788" lon="10.848051">
        <ele>113.938698</ele>
        <time>2024-05-08T16:37:45.341Z</time>
      </trkpt>
      <trkpt lat="45.881728" lon="10.848163">
        <ele>113.906599</ele>
        <time>2024-05-08T16:37:47.358Z</time>
      </trkpt>
      <trkpt lat="45.881697" lon="10.848293">
        <ele>113.875388</ele>
        <time>2024-05-08T16:37:49.357Z</time>
      </trkpt>
      <trkpt lat="45.881709" lon="10.848450">
        <ele>113.839515</ele>
        <time>2024-05-08T16:37:51.348Z</time>
      </trkpt>
      <trkpt lat="45.881729" lon="10.848648">
        <ele>113.794072</ele>
        <time>2024-05-08T16:37:54.360Z</time>
      </trkpt>
      <trkpt lat="45.881741" lon="10.848862">
        <ele>113.745309</ele>
        <time>2024-05-08T16:37:57.365Z</time>
      </trkpt>
      <trkpt lat="45.881742" lon="10.849008">
        <ele>113.712147</ele>
        <time>2024-05-08T16:37:59.361Z</time>
      </trkpt>
      <trkpt lat="45.881735" lon="10.849156">
        <ele>113.678455</ele>
        <time>2024-05-08T16:38:01.353Z</time>
      </trkpt>
      <trkpt lat="45.881720" lon="10.849347">
        <ele>113.634798</ele>
        <time>2024-05-08T16:38:04.352Z</time>
      </trkpt>
      <trkpt lat="45.881669" lon="10.849460">
        <ele>113.604211</ele>
        <time>2024-05-08T16:38:06.354Z</time>
      </trkpt>
      <trkpt lat="45.881645" lon="10.849603">
        <ele>113.570801</ele>
        <time>2024-05-08T16:38:08.359Z</time>
      </trkpt>
      <trkpt lat="45.881587" lon="10.849759">
        <ele>113.530632</ele>
        <time>2024-05-08T16:38:11.349Z</time>
      </trkpt>
      <trkpt lat="45.881491" lon="10.849889">
        <ele>113.487587</ele>
        <time>2024-05-08T16:38:14.374Z</time>
      </trkpt>
      <trkpt lat="45.881426" lon="10.849985">
        <ele>113.457170</ele>
        <time>2024-05-08T16:38:16.362Z</time>
      </trkpt>
      <trkpt lat="45.881376" lon="10.850104">
        <ele>113.425600</ele>
        <time>2024-05-08T16:38:18.358Z</time>
      </trkpt>
      <trkpt lat="45.881313" lon="10.850204">
        <ele>113.394967</ele>
        <time>2024-05-08T16:38:20.360Z</time>
      </trkpt>
      <trkpt lat="45.881233" lon="10.850266">
        <ele>113.365309</ele>
        <time>2024-05-08T16:38:22.353Z</time>
      </trkpt>
      <trkpt lat="45.881124" lon="10.850196">
        <ele>113.273583</ele>
        <time>2024-05-08T16:38:25.359Z</time>
      </trkpt>
      <trkpt lat="45.881034" lon="10.850068">
        <ele>113.160963</ele>
        <time>2024-05-08T16:38:28.381Z</time>
      </trkpt>
      <trkpt lat="45.880944" lon="10.849938">
        <ele>113.047467</ele>
        <time>2024-05-08T16:38:31.353Z</time>
      </trkpt>
      <trkpt lat="45.880849" lon="10.849808">
        <ele>112.930794</ele>
        <time>2024-05-08T16:38:34.353Z</time>
      </trkpt>
      <trkpt lat="45.880720" lon="10.849758">
        <ele>112.811981</ele>
        <time>2024-05-08T16:38:37.352Z</time>
      </trkpt>
      <trkpt lat="45.880634" lon="10.849812">
        <ele>112.728520</ele>
        <time>2024-05-08T16:38:39.367Z</time>
      </trkpt>
      <trkpt lat="45.880529" lon="10.849941">
        <ele>112.605659</ele>
        <time>2024-05-08T16:38:42.355Z</time>
      </trkpt>
      <trkpt lat="45.880467" lon="10.850042">
        <ele>112.522300</ele>
        <time>2024-05-08T16:38:44.359Z</time>
      </trkpt>
      <trkpt lat="45.880406" lon="10.850139">
        <ele>112.441380</ele>
        <time>2024-05-08T16:38:46.353Z</time>
      </trkpt>
      <trkpt lat="45.880343" lon="10.850242">
        <ele>112.356504</ele>
        <time>2024-05-08T16:38:48.361Z</time>
      </trkpt>
      <trkpt lat="45.880280" lon="10.850341">
        <ele>112.273472</ele>
        <time>2024-05-08T16:38:50.356Z</time>
      </trkpt>
      <trkpt lat="45.880229" lon="10.850459">
        <ele>112.187491</ele>
        <time>2024-05-08T16:38:52.358Z</time>
      </trkpt>
      <trkpt lat="45.880190" lon="10.850586">
        <ele>112.101563</ele>
        <time>2024-05-08T16:38:54.367Z</time>
      </trkpt>
      <trkpt lat="45.880159" lon="10.850715">
        <ele>112.017082</ele>
        <time>2024-05-08T16:38:56.359Z</time>
      </trkpt>
      <trkpt lat="45.880132" lon="10.850854">
        <ele>111.927747</ele>
        <time>2024-05-08T16:38:58.358Z</time>
      </trkpt>
      <trkpt lat="45.880102" lon="10.850989">
        <ele>111.840021</ele>
        <time>2024-05-08T16:39:00.354Z</time>
      </trkpt>
      <trkpt lat="45.880079" lon="10.851126">
        <ele>111.762063</ele>
        <time>2024-05-08T16:39:02.349Z</time>
      </trkpt>
      <trkpt lat="45.880068" lon="10.851260">
        <ele>111.841834</ele>
        <time>2024-05-08T16:39:04.351Z</time>
      </trkpt>
      <trkpt lat="45.880075" lon="10.851401">
        <ele>111.925406</ele>
        <time>2024-05-08T16:39:06.351Z</time>
      </trkpt>
      <trkpt lat="45.880034" lon="10.851536">
        <ele>112.012484</ele>
        <time>2024-05-08T16:39:08.352Z</time>
      </trkpt>
      <trkpt lat="45.879989" lon="10.851655">
        <ele>112.092548</ele>
        <time>2024-05-08T16:39:10.349Z</time>
      </trkpt>
      <trkpt lat="45.879935" lon="10.851786">
        <ele>112.182555</ele>
        <time>2024-05-08T16:39:12.351Z</time>
      </trkpt>
      <trkpt lat="45.879888" lon="10.851901">
        <ele>112.261395</ele>
        <time>2024-05-08T16:39:14.353Z</time>
      </trkpt>
      <trkpt lat="45.879833" lon="10.852021">
        <ele>112.346336</ele>
        <time>2024-05-08T16:39:16.353Z</time>
      </trkpt>
      <trkpt lat="45.879777" lon="10.852150">
        <ele>112.436216</ele>
        <time>2024-05-08T16:39:18.357Z</time>
      </trkpt>
      <trkpt lat="45.879723" lon="10.852272">
        <ele>112.521688</ele>
        <time>2024-05-08T16:39:20.351Z</time>
      </trkpt>
      <trkpt lat="45.879656" lon="10.852424">
        <ele>112.628051</ele>
        <time>2024-05-08T16:39:23.369Z</time>
      </trkpt>
      <trkpt lat="45.879595" lon="10.852529">
        <ele>112.708905</ele>
        <time>2024-05-08T16:39:25.369Z</time>
      </trkpt>
      <trkpt lat="45.879531" lon="10.852643">
        <ele>112.795488</ele>
        <time>2024-05-08T16:39:27.357Z</time>
      </trkpt>
      <trkpt lat="45.879474" lon="10.852759">
        <ele>112.879432</ele>
        <time>2024-05-08T16:39:29.353Z</time>
      </trkpt>
      <trkpt lat="45.879429" lon="10.852871">
        <ele>112.955885</ele>
        <time>2024-05-08T16:39:31.365Z</time>
      </trkpt>
      <trkpt lat="45.879503" lon="10.852992">
        <ele>113.051106</ele>
        <time>2024-05-08T16:39:34.360Z</time>
      </trkpt>
      <trkpt lat="45.879601" lon="10.853111">
        <ele>113.160084</ele>
        <time>2024-05-08T16:39:37.355Z</time>
      </trkpt>
      <trkpt lat="45.879685" lon="10.853253">
        <ele>113.270252</ele>
        <time>2024-05-08T16:39:40.348Z</time>
      </trkpt>
      <trkpt lat="45.879734" lon="10.853367">
        <ele>113.288198</ele>
        <time>2024-05-08T16:39:42.366Z</time>
      </trkpt>
      <trkpt lat="45.879813" lon="10.853429">
        <ele>113.291976</ele>
        <time>2024-05-08T16:39:44.350Z</time>
      </trkpt>
      <trkpt lat="45.879790" lon="10.853608">
        <ele>113.297294</ele>
        <time>2024-05-08T16:39:47.350Z</time>
      </trkpt>
      <trkpt lat="45.879723" lon="10.853769">
        <ele>113.302774</ele>
        <time>2024-05-08T16:39:50.355Z</time>
      </trkpt>
      <trkpt lat="45.879656" lon="10.853930">
        <ele>113.308255</ele>
        <time>2024-05-08T16:39:53.353Z</time>
      </trkpt>
      <trkpt lat="45.879606" lon="10.854038">
        <ele>113.312044</ele>
        <time>2024-05-08T16:39:55.356Z</time>
      </trkpt>
      <trkpt lat="45.879558" lon="10.854149">
        <ele>113.315862</ele>
        <time>2024-05-08T16:39:57.356Z</time>
      </trkpt>
      <trkpt lat="45.879484" lon="10.854302">
        <ele>113.321305</ele>
        <time>2024-05-08T16:40:00.358Z</time>
      </trkpt>
      <trkpt lat="45.879417" lon="10.854465">
        <ele>113.326835</ele>
        <time>2024-05-08T16:40:03.362Z</time>
      </trkpt>
      <trkpt lat="45.879356" lon="10.854578">
        <ele>113.331013</ele>
        <time>2024-05-08T16:40:05.356Z</time>
      </trkpt>
      <trkpt lat="45.879285" lon="10.854660">
        <ele>113.334836</ele>
        <time>2024-05-08T16:40:07.360Z</time>
      </trkpt>
      <trkpt lat="45.879223" lon="10.854755">
        <ele>113.338641</ele>
        <time>2024-05-08T16:40:09.360Z</time>
      </trkpt>
      <trkpt lat="45.879139" lon="10.854892">
        <ele>113.343975</ele>
        <time>2024-05-08T16:40:12.364Z</time>
      </trkpt>
      <trkpt lat="45.879047" lon="10.854921">
        <ele>113.347927</ele>
        <time>2024-05-08T16:40:14.353Z</time>
      </trkpt>
      <trkpt lat="45.878932" lon="10.854916">
        <ele>113.352756</ele>
        <time>2024-05-08T16:40:17.359Z</time>
      </trkpt>
      <trkpt lat="45.878891" lon="10.855038">
        <ele>113.356714</ele>
        <time>2024-05-08T16:40:19.344Z</time>
      </trkpt>
      <trkpt lat="45.878825" lon="10.855198">
        <ele>113.399827</ele>
        <time>2024-05-08T16:40:22.360Z</time>
      </trkpt>
      <trkpt lat="45.878788" lon="10.855331">
        <ele>113.499580</ele>
        <time>2024-05-08T16:40:24.360Z</time>
      </trkpt>
      <trkpt lat="45.878718" lon="10.855492">
        <ele>113.631785</ele>
        <time>2024-05-08T16:40:27.358Z</time>
      </trkpt>
      <trkpt lat="45.878705" lon="10.855642">
        <ele>113.737063</ele>
        <time>2024-05-08T16:40:30.360Z</time>
      </trkpt>
      <trkpt lat="45.878756" lon="10.855822">
        <ele>113.872414</ele>
        <time>2024-05-08T16:40:33.356Z</time>
      </trkpt>
      <trkpt lat="45.878789" lon="10.855957">
        <ele>113.972067</ele>
        <time>2024-05-08T16:40:35.356Z</time>
      </trkpt>
      <trkpt lat="45.878815" lon="10.856082">
        <ele>114.062929</ele>
        <time>2024-05-08T16:40:37.356Z</time>
      </trkpt>
      <trkpt lat="45.878838" lon="10.856256">
        <ele>114.186281</ele>
        <time>2024-05-08T16:40:40.346Z</time>
      </trkpt>
      <trkpt lat="45.878787" lon="10.856412">
        <ele>114.306315</ele>
        <time>2024-05-08T16:40:44.360Z</time>
      </trkpt>
      <trkpt lat="45.878695" lon="10.856500">
        <ele>114.416895</ele>
        <time>2024-05-08T16:40:47.370Z</time>
      </trkpt>
      <trkpt lat="45.878657" lon="10.856649">
        <ele>114.527414</ele>
        <time>2024-05-08T16:40:50.375Z</time>
      </trkpt>
      <trkpt lat="45.878690" lon="10.856812">
        <ele>114.645643</ele>
        <time>2024-05-08T16:40:53.358Z</time>
      </trkpt>
      <trkpt lat="45.878712" lon="10.856980">
        <ele>114.764704</ele>
        <time>2024-05-08T16:40:56.361Z</time>
      </trkpt>
      <trkpt lat="45.878697" lon="10.857147">
        <ele>114.881980</ele>
        <time>2024-05-08T16:40:59.353Z</time>
      </trkpt>
      <trkpt lat="45.878589" lon="10.857215">
        <ele>114.999951</ele>
        <time>2024-05-08T16:41:02.351Z</time>
      </trkpt>
      <trkpt lat="45.878460" lon="10.857246">
        <ele>115.130800</ele>
        <time>2024-05-08T16:41:05.356Z</time>
      </trkpt>
      <trkpt lat="45.878335" lon="10.857310">
        <ele>115.219364</ele>
        <time>2024-05-08T16:41:08.349Z</time>
      </trkpt>
      <trkpt lat="45.878246" lon="10.857337">
        <ele>115.271560</ele>
        <time>2024-05-08T16:41:10.361Z</time>
      </trkpt>
      <trkpt lat="45.878159" lon="10.857380">
        <ele>115.324356</ele>
        <time>2024-05-08T16:41:12.356Z</time>
      </trkpt>
      <trkpt lat="45.878054" lon="10.857490">
        <ele>115.398929</ele>
        <time>2024-05-08T16:41:15.358Z</time>
      </trkpt>
      <trkpt lat="45.877939" lon="10.857539">
        <ele>115.467761</ele>
        <time>2024-05-08T16:41:18.357Z</time>
      </trkpt>
      <trkpt lat="45.877834" lon="10.857606">
        <ele>115.533690</ele>
        <time>2024-05-08T16:41:21.364Z</time>
      </trkpt>
      <trkpt lat="45.877729" lon="10.857606">
        <ele>115.593941</ele>
        <time>2024-05-08T16:41:24.360Z</time>
      </trkpt>
      <trkpt lat="45.877647" lon="10.857530">
        <ele>115.649940</ele>
        <time>2024-05-08T16:41:27.363Z</time>
      </trkpt>
      <trkpt lat="45.877553" lon="10.857448">
        <ele>115.713047</ele>
        <time>2024-05-08T16:41:30.361Z</time>
      </trkpt>
      <trkpt lat="45.877473" lon="10.857382">
        <ele>115.765986</ele>
        <time>2024-05-08T16:41:32.361Z</time>
      </trkpt>
      <trkpt lat="45.877367" lon="10.857321">
        <ele>115.831511</ele>
        <time>2024-05-08T16:41:34.357Z</time>
      </trkpt>
      <trkpt lat="45.877284" lon="10.857253">
        <ele>115.886341</ele>
        <time>2024-05-08T16:41:36.355Z</time>
      </trkpt>
      <trkpt lat="45.877195" lon="10.857205">
        <ele>115.940893</ele>
        <time>2024-05-08T16:41:38.354Z</time>
      </trkpt>
      <trkpt lat="45.877079" lon="10.857194">
        <ele>116.007601</ele>
        <time>2024-05-08T16:41:41.362Z</time>
      </trkpt>
      <trkpt lat="45.877004" lon="10.857279">
        <ele>116.062421</ele>
        <time>2024-05-08T16:41:43.354Z</time>
      </trkpt>
      <trkpt lat="45.876937" lon="10.857384">
        <ele>116.119321</ele>
        <time>2024-05-08T16:41:45.357Z</time>
      </trkpt>
      <trkpt lat="45.876876" lon="10.857492">
        <ele>116.174880</ele>
        <time>2024-05-08T16:41:47.355Z</time>
      </trkpt>
      <trkpt lat="45.876822" lon="10.857610">
        <ele>115.983604</ele>
        <time>2024-05-08T16:41:49.359Z</time>
      </trkpt>
      <trkpt lat="45.876770" lon="10.857737">
        <ele>115.671276</ele>
        <time>2024-05-08T16:41:51.360Z</time>
      </trkpt>
      <trkpt lat="45.876722" lon="10.857866">
        <ele>115.361211</ele>
        <time>2024-05-08T16:41:53.358Z</time>
      </trkpt>
      <trkpt lat="45.876690" lon="10.857999">
        <ele>115.062910</ele>
        <time>2024-05-08T16:41:55.354Z</time>
      </trkpt>
      <trkpt lat="45.876649" lon="10.858143">
        <ele>114.733111</ele>
        <time>2024-05-08T16:41:57.361Z</time>
      </trkpt>
      <trkpt lat="45.876610" lon="10.858266">
        <ele>114.446602</ele>
        <time>2024-05-08T16:41:59.357Z</time>
      </trkpt>
      <trkpt lat="45.876558" lon="10.858386">
        <ele>114.146970</ele>
        <time>2024-05-08T16:42:01.356Z</time>
      </trkpt>
      <trkpt lat="45.876516" lon="10.858503">
        <ele>113.867919</ele>
        <time>2024-05-08T16:42:03.355Z</time>
      </trkpt>
      <trkpt lat="45.876476" lon="10.858637">
        <ele>113.558850</ele>
        <time>2024-05-08T16:42:05.356Z</time>
      </trkpt>
      <trkpt lat="45.876436" lon="10.858764">
        <ele>113.263360</ele>
        <time>2024-05-08T16:42:07.360Z</time>
      </trkpt>
      <trkpt lat="45.876403" lon="10.858892">
        <ele>112.974012</ele>
        <time>2024-05-08T16:42:09.360Z</time>
      </trkpt>
      <trkpt lat="45.876378" lon="10.859019">
        <ele>112.694236</ele>
        <time>2024-05-08T16:42:11.358Z</time>
      </trkpt>
      <trkpt lat="45.876366" lon="10.859149">
        <ele>112.416243</ele>
        <time>2024-05-08T16:42:13.356Z</time>
      </trkpt>
      <trkpt lat="45.876369" lon="10.859284">
        <ele>112.129916</ele>
        <time>2024-05-08T16:42:15.356Z</time>
      </trkpt>
      <trkpt lat="45.876418" lon="10.859469">
        <ele>111.710321</ele>
        <time>2024-05-08T16:42:18.358Z</time>
      </trkpt>
      <trkpt lat="45.876458" lon="10.859604">
        <ele>111.399302</ele>
        <time>2024-05-08T16:42:20.356Z</time>
      </trkpt>
      <trkpt lat="45.876502" lon="10.859719">
        <ele>111.121131</ele>
        <time>2024-05-08T16:42:22.361Z</time>
      </trkpt>
      <trkpt lat="45.876552" lon="10.859837">
        <ele>110.828302</ele>
        <time>2024-05-08T16:42:24.362Z</time>
      </trkpt>
      <trkpt lat="45.876590" lon="10.859977">
        <ele>110.780259</ele>
        <time>2024-05-08T16:42:26.368Z</time>
      </trkpt>
      <trkpt lat="45.876630" lon="10.860112">
        <ele>110.878347</ele>
        <time>2024-05-08T16:42:28.346Z</time>
      </trkpt>
      <trkpt lat="45.876669" lon="10.860255">
        <ele>110.981024</ele>
        <time>2024-05-08T16:42:30.353Z</time>
      </trkpt>
      <trkpt lat="45.876691" lon="10.860414">
        <ele>111.089402</ele>
        <time>2024-05-08T16:42:32.346Z</time>
      </trkpt>
      <trkpt lat="45.876715" lon="10.860557">
        <ele>111.187744</ele>
        <time>2024-05-08T16:42:34.353Z</time>
      </trkpt>
      <trkpt lat="45.876733" lon="10.860709">
        <ele>111.290823</ele>
        <time>2024-05-08T16:42:36.355Z</time>
      </trkpt>
      <trkpt lat="45.876744" lon="10.860862">
        <ele>111.393655</ele>
        <time>2024-05-08T16:42:38.354Z</time>
      </trkpt>
      <trkpt lat="45.876742" lon="10.861017">
        <ele>111.497298</ele>
        <time>2024-05-08T16:42:40.354Z</time>
      </trkpt>
      <trkpt lat="45.876753" lon="10.861218">
        <ele>111.632092</ele>
        <time>2024-05-08T16:42:43.362Z</time>
      </trkpt>
      <trkpt lat="45.876771" lon="10.861363">
        <ele>111.730560</ele>
        <time>2024-05-08T16:42:45.355Z</time>
      </trkpt>
      <trkpt lat="45.876795" lon="10.861524">
        <ele>111.840637</ele>
        <time>2024-05-08T16:42:47.357Z</time>
      </trkpt>
      <trkpt lat="45.876815" lon="10.861672">
        <ele>111.941429</ele>
        <time>2024-05-08T16:42:49.358Z</time>
      </trkpt>
      <trkpt lat="45.876828" lon="10.861829">
        <ele>112.047131</ele>
        <time>2024-05-08T16:42:51.358Z</time>
      </trkpt>
      <trkpt lat="45.876836" lon="10.861992">
        <ele>112.156375</ele>
        <time>2024-05-08T16:42:53.356Z</time>
      </trkpt>
      <trkpt lat="45.876847" lon="10.862140">
        <ele>112.255882</ele>
        <time>2024-05-08T16:42:55.350Z</time>
      </trkpt>
      <trkpt lat="45.876861" lon="10.862286">
        <ele>112.354412</ele>
        <time>2024-05-08T16:42:57.351Z</time>
      </trkpt>
      <trkpt lat="45.876864" lon="10.862441">
        <ele>112.430344</ele>
        <time>2024-05-08T16:42:59.358Z</time>
      </trkpt>
      <trkpt lat="45.876871" lon="10.862593">
        <ele>112.349642</ele>
        <time>2024-05-08T16:43:01.355Z</time>
      </trkpt>
      <trkpt lat="45.876886" lon="10.862735">
        <ele>112.273553</ele>
        <time>2024-05-08T16:43:03.352Z</time>
      </trkpt>
      <trkpt lat="45.876906" lon="10.862880">
        <ele>112.195242</ele>
        <time>2024-05-08T16:43:05.357Z</time>
      </trkpt>
      <trkpt lat="45.876930" lon="10.863028">
        <ele>112.114736</ele>
        <time>2024-05-08T16:43:07.361Z</time>
      </trkpt>
      <trkpt lat="45.876964" lon="10.863152">
        <ele>112.044133</ele>
        <time>2024-05-08T16:43:09.350Z</time>
      </trkpt>
      <trkpt lat="45.876998" lon="10.863300">
        <ele>111.961568</ele>
        <time>2024-05-08T16:43:11.357Z</time>
      </trkpt>
      <trkpt lat="45.877041" lon="10.863450">
        <ele>111.875629</ele>
        <time>2024-05-08T16:43:13.354Z</time>
      </trkpt>
      <trkpt lat="45.877083" lon="10.863598">
        <ele>111.790958</ele>
        <time>2024-05-08T16:43:15.358Z</time>
      </trkpt>
      <trkpt lat="45.877125" lon="10.863752">
        <ele>111.703336</ele>
        <time>2024-05-08T16:43:17.364Z</time>
      </trkpt>
      <trkpt lat="45.877165" lon="10.863903">
        <ele>111.617745</ele>
        <time>2024-05-08T16:43:19.358Z</time>
      </trkpt>
      <trkpt lat="45.877202" lon="10.864056">
        <ele>111.531939</ele>
        <time>2024-05-08T16:43:21.354Z</time>
      </trkpt>
      <trkpt lat="45.877229" lon="10.864211">
        <ele>111.447293</ele>
        <time>2024-05-08T16:43:23.353Z</time>
      </trkpt>
      <trkpt lat="45.877197" lon="10.864341">
        <ele>111.374245</ele>
        <time>2024-05-08T16:43:25.363Z</time>
      </trkpt>
      <trkpt lat="45.877137" lon="10.864474">
        <ele>111.290285</ele>
        <time>2024-05-08T16:43:27.364Z</time>
      </trkpt>
      <trkpt lat="45.877076" lon="10.864639">
        <ele>111.191312</ele>
        <time>2024-05-08T16:43:29.350Z</time>
      </trkpt>
      <trkpt lat="45.877085" lon="10.864791">
        <ele>111.110496</ele>
        <time>2024-05-08T16:43:31.356Z</time>
      </trkpt>
      <trkpt lat="45.877066" lon="10.864936">
        <ele>111.071231</ele>
        <time>2024-05-08T16:43:34.349Z</time>
      </trkpt>
      <trkpt lat="45.877019" lon="10.865078">
        <ele>111.065839</ele>
        <time>2024-05-08T16:43:37.354Z</time>
      </trkpt>
      <trkpt lat="45.876932" lon="10.865220">
        <ele>111.059351</ele>
        <time>2024-05-08T16:43:40.366Z</time>
      </trkpt>
      <trkpt lat="45.876881" lon="10.865327">
        <ele>111.054904</ele>
        <time>2024-05-08T16:43:42.361Z</time>
      </trkpt>
      <trkpt lat="45.876811" lon="10.865481">
        <ele>111.048597</ele>
        <time>2024-05-08T16:43:45.357Z</time>
      </trkpt>
      <trkpt lat="45.876725" lon="10.865625">
        <ele>111.042090</ele>
        <time>2024-05-08T16:43:48.356Z</time>
      </trkpt>
      <trkpt lat="45.876659" lon="10.865714">
        <ele>111.037630</ele>
        <time>2024-05-08T16:43:50.353Z</time>
      </trkpt>
      <trkpt lat="45.876596" lon="10.865806">
        <ele>111.033204</ele>
        <time>2024-05-08T16:43:52.353Z</time>
      </trkpt>
      <trkpt lat="45.876508" lon="10.865940">
        <ele>111.026887</ele>
        <time>2024-05-08T16:43:55.342Z</time>
      </trkpt>
      <trkpt lat="45.876437" lon="10.866021">
        <ele>111.022420</ele>
        <time>2024-05-08T16:43:57.359Z</time>
      </trkpt>
      <trkpt lat="45.876361" lon="10.866094">
        <ele>111.017916</ele>
        <time>2024-05-08T16:43:59.363Z</time>
      </trkpt>
      <trkpt lat="45.876257" lon="10.866212">
        <ele>111.011387</ele>
        <time>2024-05-08T16:44:02.353Z</time>
      </trkpt>
      <trkpt lat="45.876160" lon="10.866342">
        <ele>111.004852</ele>
        <time>2024-05-08T16:44:05.352Z</time>
      </trkpt>
      <trkpt lat="45.876052" lon="10.866448">
        <ele>110.998408</ele>
        <time>2024-05-08T16:44:08.353Z</time>
      </trkpt>
      <trkpt lat="45.875973" lon="10.866511">
        <ele>110.993957</ele>
        <time>2024-05-08T16:44:10.357Z</time>
      </trkpt>
      <trkpt lat="45.875895" lon="10.866579">
        <ele>110.989462</ele>
        <time>2024-05-08T16:44:12.359Z</time>
      </trkpt>
      <trkpt lat="45.875825" lon="10.866662">
        <ele>110.992228</ele>
        <time>2024-05-08T16:44:14.365Z</time>
      </trkpt>
      <trkpt lat="45.875717" lon="10.866775">
        <ele>111.130529</ele>
        <time>2024-05-08T16:44:17.378Z</time>
      </trkpt>
      <trkpt lat="45.875611" lon="10.866890">
        <ele>111.268026</ele>
        <time>2024-05-08T16:44:20.360Z</time>
      </trkpt>
      <trkpt lat="45.875506" lon="10.867004">
        <ele>111.404263</ele>
        <time>2024-05-08T16:44:23.357Z</time>
      </trkpt>
      <trkpt lat="45.875385" lon="10.867061">
        <ele>111.536069</ele>
        <time>2024-05-08T16:44:26.342Z</time>
      </trkpt>
      <trkpt lat="45.875252" lon="10.867050">
        <ele>111.673960</ele>
        <time>2024-05-08T16:44:29.364Z</time>
      </trkpt>
      <trkpt lat="45.875162" lon="10.867041">
        <ele>111.767341</ele>
        <time>2024-05-08T16:44:31.348Z</time>
      </trkpt>
      <trkpt lat="45.875069" lon="10.867044">
        <ele>111.863626</ele>
        <time>2024-05-08T16:44:33.346Z</time>
      </trkpt>
      <trkpt lat="45.874938" lon="10.867013">
        <ele>112.001046</ele>
        <time>2024-05-08T16:44:36.346Z</time>
      </trkpt>
      <trkpt lat="45.874845" lon="10.867022">
        <ele>112.097525</ele>
        <time>2024-05-08T16:44:38.356Z</time>
      </trkpt>
      <trkpt lat="45.874729" lon="10.867065">
        <ele>112.221526</ele>
        <time>2024-05-08T16:44:41.352Z</time>
      </trkpt>
      <trkpt lat="45.874629" lon="10.867111">
        <ele>112.330211</ele>
        <time>2024-05-08T16:44:44.353Z</time>
      </trkpt>
      <trkpt lat="45.874514" lon="10.867087">
        <ele>112.450493</ele>
        <time>2024-05-08T16:44:47.347Z</time>
      </trkpt>
      <trkpt lat="45.874408" lon="10.866982">
        <ele>112.583772</ele>
        <time>2024-05-08T16:44:50.348Z</time>
      </trkpt>
      <trkpt lat="45.874302" lon="10.866925">
        <ele>112.700925</ele>
        <time>2024-05-08T16:44:53.343Z</time>
      </trkpt>
      <trkpt lat="45.874210" lon="10.866947">
        <ele>112.797461</ele>
        <time>2024-05-08T16:44:56.345Z</time>
      </trkpt>
      <trkpt lat="45.874109" lon="10.866983">
        <ele>112.897850</ele>
        <time>2024-05-08T16:44:59.351Z</time>
      </trkpt>
      <trkpt lat="45.873997" lon="10.867026">
        <ele>113.002734</ele>
        <time>2024-05-08T16:45:02.348Z</time>
      </trkpt>
      <trkpt lat="45.873892" lon="10.867108">
        <ele>113.110861</ele>
        <time>2024-05-08T16:45:05.356Z</time>
      </trkpt>
      <trkpt lat="45.873803" lon="10.867231">
        <ele>113.222601</ele>
        <time>2024-05-08T16:45:08.342Z</time>
      </trkpt>
      <trkpt lat="45.873721" lon="10.867335">
        <ele>113.321570</ele>
        <time>2024-05-08T16:45:11.352Z</time>
      </trkpt>
      <trkpt lat="45.873697" lon="10.867508">
        <ele>113.432684</ele>
        <time>2024-05-08T16:45:14.342Z</time>
      </trkpt>
      <trkpt lat="45.873693" lon="10.867685">
        <ele>113.544233</ele>
        <time>2024-05-08T16:45:17.357Z</time>
      </trkpt>
      <trkpt lat="45.873721" lon="10.867866">
        <ele>113.661024</ele>
        <time>2024-05-08T16:45:20.357Z</time>
      </trkpt>
      <trkpt lat="45.873754" lon="10.868050">
        <ele>113.780707</ele>
        <time>2024-05-08T16:45:23.347Z</time>
      </trkpt>
      <trkpt lat="45.873794" lon="10.868232">
        <ele>113.900923</ele>
        <time>2024-05-08T16:45:26.345Z</time>
      </trkpt>
      <trkpt lat="45.873822" lon="10.868359">
        <ele>113.984834</ele>
        <time>2024-05-08T16:45:28.342Z</time>
      </trkpt>
      <trkpt lat="45.873848" lon="10.868486">
        <ele>114.068217</ele>
        <time>2024-05-08T16:45:30.347Z</time>
      </trkpt>
      <trkpt lat="45.873867" lon="10.868614">
        <ele>114.150655</ele>
        <time>2024-05-08T16:45:32.352Z</time>
      </trkpt>
      <trkpt lat="45.873886" lon="10.868744">
        <ele>114.234325</ele>
        <time>2024-05-08T16:45:34.346Z</time>
      </trkpt>
      <trkpt lat="45.873903" lon="10.868880">
        <ele>114.321360</ele>
        <time>2024-05-08T16:45:36.353Z</time>
      </trkpt>
      <trkpt lat="45.873923" lon="10.869013">
        <ele>114.407067</ele>
        <time>2024-05-08T16:45:38.348Z</time>
      </trkpt>
      <trkpt lat="45.873945" lon="10.869145">
        <ele>114.474257</ele>
        <time>2024-05-08T16:45:40.350Z</time>
      </trkpt>
      <trkpt lat="45.873973" lon="10.869269">
        <ele>114.474257</ele>
        <time>2024-05-08T16:45:42.348Z</time>
      </trkpt>
      <trkpt lat="45.874010" lon="10.869390">
        <ele>114.474257</ele>
        <time>2024-05-08T16:45:44.352Z</time>
      </trkpt>
      <trkpt lat="45.874065" lon="10.869495">
        <ele>114.474257</ele>
        <time>2024-05-08T16:45:46.358Z</time>
      </trkpt>
      <trkpt lat="45.874137" lon="10.869582">
        <ele>114.474257</ele>
        <time>2024-05-08T16:45:48.346Z</time>
      </trkpt>
      <trkpt lat="45.874225" lon="10.869657">
        <ele>114.474257</ele>
        <time>2024-05-08T16:45:50.357Z</time>
      </trkpt>
      <trkpt lat="45.874307" lon="10.869743">
        <ele>114.474257</ele>
        <time>2024-05-08T16:45:52.355Z</time>
      </trkpt>
      <trkpt lat="45.874387" lon="10.869839">
        <ele>114.474257</ele>
        <time>2024-05-08T16:45:54.360Z</time>
      </trkpt>
      <trkpt lat="45.874466" lon="10.869940">
        <ele>114.474257</ele>
        <time>2024-05-08T16:45:56.354Z</time>
      </trkpt>
      <trkpt lat="45.874551" lon="10.870027">
        <ele>114.474257</ele>
        <time>2024-05-08T16:45:58.363Z</time>
      </trkpt>
      <trkpt lat="45.874629" lon="10.870111">
        <ele>114.474257</ele>
        <time>2024-05-08T16:46:00.361Z</time>
      </trkpt>
      <trkpt lat="45.874712" lon="10.870196">
        <ele>114.474257</ele>
        <time>2024-05-08T16:46:02.373Z</time>
      </trkpt>
      <trkpt lat="45.874789" lon="10.870279">
        <ele>114.474257</ele>
        <time>2024-05-08T16:46:04.357Z</time>
      </trkpt>
      <trkpt lat="45.874870" lon="10.870355">
        <ele>114.474257</ele>
        <time>2024-05-08T16:46:06.357Z</time>
      </trkpt>
      <trkpt lat="45.874947" lon="10.870440">
        <ele>114.474257</ele>
        <time>2024-05-08T16:46:08.352Z</time>
      </trkpt>
      <trkpt lat="45.875052" lon="10.870465">
        <ele>114.474257</ele>
        <time>2024-05-08T16:46:11.364Z</time>
      </trkpt>
      <trkpt lat="45.875062" lon="10.870325">
        <ele>114.474257</ele>
        <time>2024-05-08T16:46:17.344Z</time>
      </trkpt>
    </trkseg>
  </trk>
</gpx>