<?xml version='1.0' encoding='UTF-8'?>
<gpx version="1.1" creator="https://www.komoot.de" xmlns="http://www.topografix.com/GPX/1/1" xmlns:xsi="http://www.w3.org/2001/XMLSchema-instance" xsi:schemaLocation="http://www.topografix.com/GPX/1/1 http://www.topografix.com/GPX/1/1/gpx.xsd">
  <metadata>
    <name>#Gravel Raciborska Ośka Full 112km</name>
    <author>
      <link href="https://www.komoot.de">
        <text>komoot</text>
        <type>text/html</type>
      </link>
    </author>
  </metadata>
  <wpt lat="50.038866" lon="18.286342">
    <name>Trasa 112km PROSTO</name>
    <sym>Flag, Blue</sym>
  </wpt>
  <wpt lat="50.022503" lon="18.322842">
    <name>Uwaga droga</name>
    <sym>Skull and Crossbones</sym>
  </wpt>
  <wpt lat="50.071650" lon="18.407209">
    <name>Uwaga droga</name>
    <sym>Skull and Crossbones</sym>
  </wpt>
  <wpt lat="50.126415" lon="18.500957">
    <name>Uwaga droga</name>
    <sym>Skull and Crossbones</sym>
  </wpt>
  <wpt lat="50.191568" lon="18.448241">
    <name>Uwaga droga</name>
    <sym>Skull and Crossbones</sym>
  </wpt>
  <wpt lat="50.193695" lon="18.448061">
    <name>Przystanek na lodzika</name>
    <sym>Restaurant</sym>
  </wpt>
  <wpt lat="50.194027" lon="18.447853">
    <name>Cukiernia AMORINO</name>
    <sym>Restaurant</sym>
  </wpt>
  <wpt lat="50.205920" lon="18.440003">
    <name>Kamień „Darz Bór”</name>
    <sym>Flag, Blue</sym>
  </wpt>
  <wpt lat="50.224042" lon="18.427075">
    <name>Wiata piknikowa w Parku Krajobrazowym Cysterskie Kompozycje Krajobrazowe Rud Wielkich</name>
    <sym>Picnic Area</sym>
  </wpt>
  <wpt lat="50.228844" lon="18.364771">
    <name>Rozjazd W PRAWO</name>
    <sym>Flag, Blue</sym>
  </wpt>
  <wpt lat="50.221683" lon="18.331031">
    <name>Dawne Lotnisko Leśne</name>
    <sym>Flag, Blue</sym>
  </wpt>
  <wpt lat="50.201330" lon="18.332351">
    <name>Uwaga droga</name>
    <sym>Skull and Crossbones</sym>
  </wpt>
  <wpt lat="50.166638" lon="18.312604">
    <name>Uwaga droga</name>
    <sym>Skull and Crossbones</sym>
  </wpt>
  <wpt lat="50.093130" lon="18.217441">
    <name>Ogniem i Dymem</name>
    <sym>Restaurant</sym>
  </wpt>
  <wpt lat="50.093261" lon="18.217452">
    <name>Raciborskie Centrum Kultury</name>
    <sym>Flag, Blue</sym>
  </wpt>
  <trk>
    <name>#Gravel Raciborska Ośka Full 112km</name>
    <trkseg>
      <trkpt lat="50.089939" lon="18.219496">
        <ele>191.350458</ele>
        <time>2026-06-13T11:31:05.793Z</time>
      </trkpt>
      <trkpt lat="50.089895" lon="18.219481">
        <ele>191.350458</ele>
        <time>2026-06-13T11:31:06.709Z</time>
      </trkpt>
      <trkpt lat="50.089830" lon="18.219459">
        <ele>191.350458</ele>
        <time>2026-06-13T11:31:08.075Z</time>
      </trkpt>
      <trkpt lat="50.089450" lon="18.219318">
        <ele>191.350458</ele>
        <time>2026-06-13T11:31:15.787Z</time>
      </trkpt>
      <trkpt lat="50.089419" lon="18.219487">
        <ele>191.350458</ele>
        <time>2026-06-13T11:31:18.012Z</time>
      </trkpt>
      <trkpt lat="50.089366" lon="18.219770">
        <ele>191.350458</ele>
        <time>2026-06-13T11:31:21.743Z</time>
      </trkpt>
      <trkpt lat="50.089324" lon="18.220007">
        <ele>191.258858</ele>
        <time>2026-06-13T11:31:24.825Z</time>
      </trkpt>
      <trkpt lat="50.089260" lon="18.220470">
        <ele>190.813680</ele>
        <time>2026-06-13T11:31:30.611Z</time>
      </trkpt>
      <trkpt lat="50.089255" lon="18.220509">
        <ele>190.776298</ele>
        <time>2026-06-13T11:31:31.084Z</time>
      </trkpt>
      <trkpt lat="50.089247" lon="18.220587">
        <ele>190.702052</ele>
        <time>2026-06-13T11:31:32.043Z</time>
      </trkpt>
      <trkpt lat="50.089259" lon="18.221068">
        <ele>190.249599</ele>
        <time>2026-06-13T11:31:53.491Z</time>
      </trkpt>
      <trkpt lat="50.089188" lon="18.221160">
        <ele>190.114332</ele>
        <time>2026-06-13T11:31:59.921Z</time>
      </trkpt>
      <trkpt lat="50.088929" lon="18.221494">
        <ele>189.621857</ele>
        <time>2026-06-13T11:32:23.318Z</time>
      </trkpt>
      <trkpt lat="50.088892" lon="18.221541">
        <ele>189.551930</ele>
        <time>2026-06-13T11:32:26.584Z</time>
      </trkpt>
      <trkpt lat="50.088814" lon="18.221701">
        <ele>189.363050</ele>
        <time>2026-06-13T11:32:28.896Z</time>
      </trkpt>
      <trkpt lat="50.088698" lon="18.221938">
        <ele>189.082862</ele>
        <time>2026-06-13T11:32:32.308Z</time>
      </trkpt>
      <trkpt lat="50.088481" lon="18.222381">
        <ele>188.678182</ele>
        <time>2026-06-13T11:32:38.806Z</time>
      </trkpt>
      <trkpt lat="50.088363" lon="18.222625">
        <ele>188.609804</ele>
        <time>2026-06-13T11:32:42.744Z</time>
      </trkpt>
      <trkpt lat="50.088220" lon="18.222909">
        <ele>188.529013</ele>
        <time>2026-06-13T11:32:47.609Z</time>
      </trkpt>
      <trkpt lat="50.087992" lon="18.223397">
        <ele>188.393917</ele>
        <time>2026-06-13T11:32:56.515Z</time>
      </trkpt>
      <trkpt lat="50.087906" lon="18.223593">
        <ele>188.340778</ele>
        <time>2026-06-13T11:33:00.293Z</time>
      </trkpt>
      <trkpt lat="50.088509" lon="18.224081">
        <ele>188.103791</ele>
        <time>2026-06-13T11:33:15.798Z</time>
      </trkpt>
      <trkpt lat="50.088682" lon="18.224210">
        <ele>188.060958</ele>
        <time>2026-06-13T11:33:20.058Z</time>
      </trkpt>
      <trkpt lat="50.088884" lon="18.224373">
        <ele>188.018919</ele>
        <time>2026-06-13T11:33:25.121Z</time>
      </trkpt>
      <trkpt lat="50.089194" lon="18.224736">
        <ele>187.947260</ele>
        <time>2026-06-13T11:33:33.876Z</time>
      </trkpt>
      <trkpt lat="50.089460" lon="18.224957">
        <ele>187.891551</ele>
        <time>2026-06-13T11:33:40.478Z</time>
      </trkpt>
      <trkpt lat="50.089499" lon="18.224988">
        <ele>187.883460</ele>
        <time>2026-06-13T11:33:41.378Z</time>
      </trkpt>
      <trkpt lat="50.089514" lon="18.225055">
        <ele>187.875046</ele>
        <time>2026-06-13T11:33:42.358Z</time>
      </trkpt>
      <trkpt lat="50.089562" lon="18.225268">
        <ele>187.848277</ele>
        <time>2026-06-13T11:33:45.328Z</time>
      </trkpt>
      <trkpt lat="50.089551" lon="18.225304">
        <ele>187.843549</ele>
        <time>2026-06-13T11:33:45.844Z</time>
      </trkpt>
      <trkpt lat="50.089506" lon="18.225441">
        <ele>187.825299</ele>
        <time>2026-06-13T11:33:47.787Z</time>
      </trkpt>
      <trkpt lat="50.089270" lon="18.226188">
        <ele>187.687556</ele>
        <time>2026-06-13T11:33:58.625Z</time>
      </trkpt>
      <trkpt lat="50.088977" lon="18.227107">
        <ele>187.402703</ele>
        <time>2026-06-13T11:34:12.906Z</time>
      </trkpt>
      <trkpt lat="50.088925" lon="18.227273">
        <ele>187.351427</ele>
        <time>2026-06-13T11:34:15.463Z</time>
      </trkpt>
      <trkpt lat="50.088815" lon="18.227648">
        <ele>187.236972</ele>
        <time>2026-06-13T11:34:20.976Z</time>
      </trkpt>
      <trkpt lat="50.088663" lon="18.228884">
        <ele>186.754289</ele>
        <time>2026-06-13T11:34:37.535Z</time>
      </trkpt>
      <trkpt lat="50.088608" lon="18.229345">
        <ele>186.430990</ele>
        <time>2026-06-13T11:34:43.151Z</time>
      </trkpt>
      <trkpt lat="50.088571" lon="18.229631">
        <ele>186.229829</ele>
        <time>2026-06-13T11:34:46.556Z</time>
      </trkpt>
      <trkpt lat="50.088486" lon="18.230405">
        <ele>185.688408</ele>
        <time>2026-06-13T11:34:55.720Z</time>
      </trkpt>
      <trkpt lat="50.088477" lon="18.230524">
        <ele>185.605791</ele>
        <time>2026-06-13T11:34:57.190Z</time>
      </trkpt>
      <trkpt lat="50.088475" lon="18.230562">
        <ele>185.579503</ele>
        <time>2026-06-13T11:34:57.652Z</time>
      </trkpt>
      <trkpt lat="50.088456" lon="18.230842">
        <ele>185.385370</ele>
        <time>2026-06-13T11:35:01.116Z</time>
      </trkpt>
      <trkpt lat="50.088398" lon="18.231757">
        <ele>185.044758</ele>
        <time>2026-06-13T11:35:12.836Z</time>
      </trkpt>
      <trkpt lat="50.088354" lon="18.232406">
        <ele>185.044951</ele>
        <time>2026-06-13T11:35:21.340Z</time>
      </trkpt>
      <trkpt lat="50.088238" lon="18.233357">
        <ele>185.045236</ele>
        <time>2026-06-13T11:35:36.440Z</time>
      </trkpt>
      <trkpt lat="50.088213" lon="18.233344">
        <ele>185.045248</ele>
        <time>2026-06-13T11:35:37.100Z</time>
      </trkpt>
      <trkpt lat="50.087755" lon="18.233140">
        <ele>185.049724</ele>
        <time>2026-06-13T11:35:48.930Z</time>
      </trkpt>
      <trkpt lat="50.086652" lon="18.232751">
        <ele>185.338223</ele>
        <time>2026-06-13T11:36:14.729Z</time>
      </trkpt>
      <trkpt lat="50.086002" lon="18.232595">
        <ele>185.506036</ele>
        <time>2026-06-13T11:36:29.949Z</time>
      </trkpt>
      <trkpt lat="50.085612" lon="18.232534">
        <ele>185.608273</ele>
        <time>2026-06-13T11:36:39.214Z</time>
      </trkpt>
      <trkpt lat="50.085534" lon="18.232554">
        <ele>185.628891</ele>
        <time>2026-06-13T11:36:41.117Z</time>
      </trkpt>
      <trkpt lat="50.085496" lon="18.232597">
        <ele>185.641140</ele>
        <time>2026-06-13T11:36:42.244Z</time>
      </trkpt>
      <trkpt lat="50.085467" lon="18.232723">
        <ele>185.663544</ele>
        <time>2026-06-13T11:36:44.309Z</time>
      </trkpt>
      <trkpt lat="50.085405" lon="18.233510">
        <ele>185.796248</ele>
        <time>2026-06-13T11:36:56.582Z</time>
      </trkpt>
      <trkpt lat="50.085264" lon="18.233850">
        <ele>185.864003</ele>
        <time>2026-06-13T11:37:02.679Z</time>
      </trkpt>
      <trkpt lat="50.085085" lon="18.234129">
        <ele>185.930035</ele>
        <time>2026-06-13T11:37:08.442Z</time>
      </trkpt>
      <trkpt lat="50.084884" lon="18.233827">
        <ele>185.959272</ele>
        <time>2026-06-13T11:37:16.594Z</time>
      </trkpt>
      <trkpt lat="50.084687" lon="18.233518">
        <ele>185.924090</ele>
        <time>2026-06-13T11:37:24.612Z</time>
      </trkpt>
      <trkpt lat="50.084387" lon="18.233047">
        <ele>185.870487</ele>
        <time>2026-06-13T11:37:36.749Z</time>
      </trkpt>
      <trkpt lat="50.083801" lon="18.232375">
        <ele>185.778907</ele>
        <time>2026-06-13T11:37:57.489Z</time>
      </trkpt>
      <trkpt lat="50.083416" lon="18.231975">
        <ele>185.720118</ele>
        <time>2026-06-13T11:38:10.761Z</time>
      </trkpt>
      <trkpt lat="50.083191" lon="18.231758">
        <ele>185.686124</ele>
        <time>2026-06-13T11:38:18.326Z</time>
      </trkpt>
      <trkpt lat="50.082980" lon="18.231554">
        <ele>185.654224</ele>
        <time>2026-06-13T11:38:25.421Z</time>
      </trkpt>
      <trkpt lat="50.082168" lon="18.230974">
        <ele>185.539469</ele>
        <time>2026-06-13T11:38:51.188Z</time>
      </trkpt>
      <trkpt lat="50.081802" lon="18.230626">
        <ele>185.535209</ele>
        <time>2026-06-13T11:39:03.579Z</time>
      </trkpt>
      <trkpt lat="50.081692" lon="18.230529">
        <ele>185.545092</ele>
        <time>2026-06-13T11:39:07.239Z</time>
      </trkpt>
      <trkpt lat="50.081598" lon="18.230444">
        <ele>185.553590</ele>
        <time>2026-06-13T11:39:10.409Z</time>
      </trkpt>
      <trkpt lat="50.081248" lon="18.230341">
        <ele>185.581442</ele>
        <time>2026-06-13T11:39:20.947Z</time>
      </trkpt>
      <trkpt lat="50.081043" lon="18.230326">
        <ele>185.597490</ele>
        <time>2026-06-13T11:39:27.070Z</time>
      </trkpt>
      <trkpt lat="50.080857" lon="18.230360">
        <ele>185.612134</ele>
        <time>2026-06-13T11:39:32.735Z</time>
      </trkpt>
      <trkpt lat="50.080047" lon="18.230706">
        <ele>185.662860</ele>
        <time>2026-06-13T11:39:57.992Z</time>
      </trkpt>
      <trkpt lat="50.079118" lon="18.231050">
        <ele>185.684835</ele>
        <time>2026-06-13T11:40:26.113Z</time>
      </trkpt>
      <trkpt lat="50.078800" lon="18.231074">
        <ele>185.692162</ele>
        <time>2026-06-13T11:40:35.287Z</time>
      </trkpt>
      <trkpt lat="50.078567" lon="18.231046">
        <ele>185.697540</ele>
        <time>2026-06-13T11:40:41.986Z</time>
      </trkpt>
      <trkpt lat="50.077448" lon="18.230693">
        <ele>185.593405</ele>
        <time>2026-06-13T11:41:14.741Z</time>
      </trkpt>
      <trkpt lat="50.076897" lon="18.230599">
        <ele>185.541672</ele>
        <time>2026-06-13T11:41:30.946Z</time>
      </trkpt>
      <trkpt lat="50.076480" lon="18.230688">
        <ele>185.470550</ele>
        <time>2026-06-13T11:41:43.327Z</time>
      </trkpt>
      <trkpt lat="50.075938" lon="18.231007">
        <ele>185.354456</ele>
        <time>2026-06-13T11:42:00.184Z</time>
      </trkpt>
      <trkpt lat="50.074309" lon="18.232688">
        <ele>184.866649</ele>
        <time>2026-06-13T11:42:54.630Z</time>
      </trkpt>
      <trkpt lat="50.074279" lon="18.232787">
        <ele>184.846013</ele>
        <time>2026-06-13T11:42:56.580Z</time>
      </trkpt>
      <trkpt lat="50.073971" lon="18.233035">
        <ele>184.744193</ele>
        <time>2026-06-13T11:43:03.988Z</time>
      </trkpt>
      <trkpt lat="50.073844" lon="18.233099">
        <ele>184.704992</ele>
        <time>2026-06-13T11:43:06.830Z</time>
      </trkpt>
      <trkpt lat="50.073258" lon="18.233290">
        <ele>184.614530</ele>
        <time>2026-06-13T11:43:19.879Z</time>
      </trkpt>
      <trkpt lat="50.073152" lon="18.233317">
        <ele>184.606957</ele>
        <time>2026-06-13T11:43:22.302Z</time>
      </trkpt>
      <trkpt lat="50.072177" lon="18.232206">
        <ele>184.521786</ele>
        <time>2026-06-13T11:43:57.576Z</time>
      </trkpt>
      <trkpt lat="50.071326" lon="18.231119">
        <ele>184.486363</ele>
        <time>2026-06-13T11:44:29.765Z</time>
      </trkpt>
      <trkpt lat="50.069672" lon="18.228834">
        <ele>184.328805</ele>
        <time>2026-06-13T11:45:33.790Z</time>
      </trkpt>
      <trkpt lat="50.069262" lon="18.228223">
        <ele>184.304404</ele>
        <time>2026-06-13T11:45:49.902Z</time>
      </trkpt>
      <trkpt lat="50.068895" lon="18.227596">
        <ele>184.342476</ele>
        <time>2026-06-13T11:46:05.583Z</time>
      </trkpt>
      <trkpt lat="50.068583" lon="18.226981">
        <ele>184.377648</ele>
        <time>2026-06-13T11:46:20.534Z</time>
      </trkpt>
      <trkpt lat="50.068212" lon="18.225894">
        <ele>184.458668</ele>
        <time>2026-06-13T11:46:44.665Z</time>
      </trkpt>
      <trkpt lat="50.068173" lon="18.225849">
        <ele>184.467757</ele>
        <time>2026-06-13T11:46:46.166Z</time>
      </trkpt>
      <trkpt lat="50.068159" lon="18.225963">
        <ele>184.481709</ele>
        <time>2026-06-13T11:46:47.963Z</time>
      </trkpt>
      <trkpt lat="50.068099" lon="18.225889">
        <ele>184.496041</ele>
        <time>2026-06-13T11:46:49.840Z</time>
      </trkpt>
      <trkpt lat="50.067562" lon="18.225243">
        <ele>184.623101</ele>
        <time>2026-06-13T11:47:06.230Z</time>
      </trkpt>
      <trkpt lat="50.067460" lon="18.225121">
        <ele>184.647183</ele>
        <time>2026-06-13T11:47:09.347Z</time>
      </trkpt>
      <trkpt lat="50.067109" lon="18.224695">
        <ele>184.730511</ele>
        <time>2026-06-13T11:47:19.756Z</time>
      </trkpt>
      <trkpt lat="50.066802" lon="18.224468">
        <ele>184.730679</ele>
        <time>2026-06-13T11:47:27.531Z</time>
      </trkpt>
      <trkpt lat="50.066488" lon="18.224414">
        <ele>184.695434</ele>
        <time>2026-06-13T11:47:34.761Z</time>
      </trkpt>
      <trkpt lat="50.066127" lon="18.224472">
        <ele>184.654946</ele>
        <time>2026-06-13T11:47:43.053Z</time>
      </trkpt>
      <trkpt lat="50.066214" lon="18.225996">
        <ele>184.554200</ele>
        <time>2026-06-13T11:48:11.082Z</time>
      </trkpt>
      <trkpt lat="50.065932" lon="18.224794">
        <ele>184.559594</ele>
        <time>2026-06-13T11:48:34.944Z</time>
      </trkpt>
      <trkpt lat="50.066168" lon="18.229070">
        <ele>184.567091</ele>
        <time>2026-06-13T11:49:37.055Z</time>
      </trkpt>
      <trkpt lat="50.066322" lon="18.231873">
        <ele>184.087862</ele>
        <time>2026-06-13T11:50:14.137Z</time>
      </trkpt>
      <trkpt lat="50.066447" lon="18.234109">
        <ele>184.666277</ele>
        <time>2026-06-13T11:50:50.084Z</time>
      </trkpt>
      <trkpt lat="50.066570" lon="18.236334">
        <ele>184.807356</ele>
        <time>2026-06-13T11:51:23.130Z</time>
      </trkpt>
      <trkpt lat="50.066702" lon="18.238700">
        <ele>184.740180</ele>
        <time>2026-06-13T11:51:55.533Z</time>
      </trkpt>
      <trkpt lat="50.066728" lon="18.239161">
        <ele>184.712653</ele>
        <time>2026-06-13T11:52:02.099Z</time>
      </trkpt>
      <trkpt lat="50.066820" lon="18.240816">
        <ele>184.625672</ele>
        <time>2026-06-13T11:52:26.115Z</time>
      </trkpt>
      <trkpt lat="50.066822" lon="18.240853">
        <ele>184.624124</ele>
        <time>2026-06-13T11:52:26.644Z</time>
      </trkpt>
      <trkpt lat="50.066842" lon="18.241214">
        <ele>184.609013</ele>
        <time>2026-06-13T11:52:31.837Z</time>
      </trkpt>
      <trkpt lat="50.066935" lon="18.242835">
        <ele>184.541144</ele>
        <time>2026-06-13T11:52:54.317Z</time>
      </trkpt>
      <trkpt lat="50.066947" lon="18.243042">
        <ele>184.535287</ele>
        <time>2026-06-13T11:52:57.175Z</time>
      </trkpt>
      <trkpt lat="50.066957" lon="18.243218">
        <ele>184.532981</ele>
        <time>2026-06-13T11:52:59.591Z</time>
      </trkpt>
      <trkpt lat="50.067186" lon="18.247444">
        <ele>184.613460</ele>
        <time>2026-06-13T11:54:00.243Z</time>
      </trkpt>
      <trkpt lat="50.067450" lon="18.252195">
        <ele>185.115822</ele>
        <time>2026-06-13T11:55:11.713Z</time>
      </trkpt>
      <trkpt lat="50.067587" lon="18.254845">
        <ele>184.933961</ele>
        <time>2026-06-13T11:55:48.295Z</time>
      </trkpt>
      <trkpt lat="50.067586" lon="18.256325">
        <ele>184.669830</ele>
        <time>2026-06-13T11:56:07.757Z</time>
      </trkpt>
      <trkpt lat="50.067541" lon="18.257335">
        <ele>184.853633</ele>
        <time>2026-06-13T11:56:22.105Z</time>
      </trkpt>
      <trkpt lat="50.067468" lon="18.258208">
        <ele>185.451559</ele>
        <time>2026-06-13T11:56:35.948Z</time>
      </trkpt>
      <trkpt lat="50.067283" lon="18.259610">
        <ele>186.423669</ele>
        <time>2026-06-13T11:57:01.800Z</time>
      </trkpt>
      <trkpt lat="50.067132" lon="18.260457">
        <ele>187.567124</ele>
        <time>2026-06-13T11:57:20.437Z</time>
      </trkpt>
      <trkpt lat="50.067111" lon="18.260574">
        <ele>187.731226</ele>
        <time>2026-06-13T11:57:23.028Z</time>
      </trkpt>
      <trkpt lat="50.066951" lon="18.261309">
        <ele>188.779579</ele>
        <time>2026-06-13T11:57:39.576Z</time>
      </trkpt>
      <trkpt lat="50.066849" lon="18.261721">
        <ele>189.376055</ele>
        <time>2026-06-13T11:57:48.508Z</time>
      </trkpt>
      <trkpt lat="50.066466" lon="18.261816">
        <ele>190.192175</ele>
        <time>2026-06-13T11:57:59.158Z</time>
      </trkpt>
      <trkpt lat="50.066377" lon="18.261872">
        <ele>190.282932</ele>
        <time>2026-06-13T11:58:01.767Z</time>
      </trkpt>
      <trkpt lat="50.066275" lon="18.261813">
        <ele>190.331358</ele>
        <time>2026-06-13T11:58:06.258Z</time>
      </trkpt>
      <trkpt lat="50.066105" lon="18.261989">
        <ele>190.422204</ele>
        <time>2026-06-13T11:58:14.770Z</time>
      </trkpt>
      <trkpt lat="50.065940" lon="18.262296">
        <ele>190.536596</ele>
        <time>2026-06-13T11:58:25.012Z</time>
      </trkpt>
      <trkpt lat="50.065667" lon="18.262645">
        <ele>190.693774</ele>
        <time>2026-06-13T11:58:38.116Z</time>
      </trkpt>
      <trkpt lat="50.065667" lon="18.262737">
        <ele>190.720058</ele>
        <time>2026-06-13T11:58:40.275Z</time>
      </trkpt>
      <trkpt lat="50.065662" lon="18.262895">
        <ele>190.765252</ele>
        <time>2026-06-13T11:58:43.261Z</time>
      </trkpt>
      <trkpt lat="50.065738" lon="18.263123">
        <ele>190.838649</ele>
        <time>2026-06-13T11:58:48.005Z</time>
      </trkpt>
      <trkpt lat="50.065735" lon="18.263229">
        <ele>190.868962</ele>
        <time>2026-06-13T11:58:50.051Z</time>
      </trkpt>
      <trkpt lat="50.065663" lon="18.263444">
        <ele>190.938243</ele>
        <time>2026-06-13T11:58:54.522Z</time>
      </trkpt>
      <trkpt lat="50.065464" lon="18.264030">
        <ele>191.083136</ele>
        <time>2026-06-13T11:59:07.130Z</time>
      </trkpt>
      <trkpt lat="50.065355" lon="18.264201">
        <ele>191.110588</ele>
        <time>2026-06-13T11:59:12.118Z</time>
      </trkpt>
      <trkpt lat="50.062846" lon="18.265789">
        <ele>191.515149</ele>
        <time>2026-06-13T12:00:33.078Z</time>
      </trkpt>
      <trkpt lat="50.061806" lon="18.266503">
        <ele>191.334686</ele>
        <time>2026-06-13T12:01:06.540Z</time>
      </trkpt>
      <trkpt lat="50.061607" lon="18.266488">
        <ele>191.248403</ele>
        <time>2026-06-13T12:01:12.095Z</time>
      </trkpt>
      <trkpt lat="50.061543" lon="18.266443">
        <ele>191.217993</ele>
        <time>2026-06-13T12:01:14.032Z</time>
      </trkpt>
      <trkpt lat="50.061433" lon="18.266261">
        <ele>191.148497</ele>
        <time>2026-06-13T12:01:18.420Z</time>
      </trkpt>
      <trkpt lat="50.061254" lon="18.266167">
        <ele>191.066690</ele>
        <time>2026-06-13T12:01:23.506Z</time>
      </trkpt>
      <trkpt lat="50.061105" lon="18.266244">
        <ele>190.998703</ele>
        <time>2026-06-13T12:01:27.691Z</time>
      </trkpt>
      <trkpt lat="50.059863" lon="18.267654">
        <ele>190.211149</ele>
        <time>2026-06-13T12:02:08.526Z</time>
      </trkpt>
      <trkpt lat="50.059615" lon="18.267934">
        <ele>190.043985</ele>
        <time>2026-06-13T12:02:17.081Z</time>
      </trkpt>
      <trkpt lat="50.059148" lon="18.268462">
        <ele>189.855550</ele>
        <time>2026-06-13T12:02:33.603Z</time>
      </trkpt>
      <trkpt lat="50.058463" lon="18.269338">
        <ele>190.042560</ele>
        <time>2026-06-13T12:03:00.820Z</time>
      </trkpt>
      <trkpt lat="50.058072" lon="18.269903">
        <ele>190.155098</ele>
        <time>2026-06-13T12:03:17.370Z</time>
      </trkpt>
      <trkpt lat="50.057716" lon="18.270481">
        <ele>190.132385</ele>
        <time>2026-06-13T12:03:32.794Z</time>
      </trkpt>
      <trkpt lat="50.057692" lon="18.270521">
        <ele>190.124549</ele>
        <time>2026-06-13T12:03:33.804Z</time>
      </trkpt>
      <trkpt lat="50.057657" lon="18.270581">
        <ele>190.112946</ele>
        <time>2026-06-13T12:03:35.316Z</time>
      </trkpt>
      <trkpt lat="50.056645" lon="18.272430">
        <ele>189.768234</ele>
        <time>2026-06-13T12:04:18.528Z</time>
      </trkpt>
      <trkpt lat="50.055582" lon="18.274353">
        <ele>189.438027</ele>
        <time>2026-06-13T12:05:05.586Z</time>
      </trkpt>
      <trkpt lat="50.055231" lon="18.274895">
        <ele>189.292178</ele>
        <time>2026-06-13T12:05:19.478Z</time>
      </trkpt>
      <trkpt lat="50.054803" lon="18.275472">
        <ele>189.123099</ele>
        <time>2026-06-13T12:05:35.092Z</time>
      </trkpt>
      <trkpt lat="50.054241" lon="18.276128">
        <ele>188.913322</ele>
        <time>2026-06-13T12:05:54.668Z</time>
      </trkpt>
      <trkpt lat="50.052593" lon="18.277871">
        <ele>188.874206</ele>
        <time>2026-06-13T12:06:53.414Z</time>
      </trkpt>
      <trkpt lat="50.051400" lon="18.279133">
        <ele>188.762475</ele>
        <time>2026-06-13T12:07:35.441Z</time>
      </trkpt>
      <trkpt lat="50.050278" lon="18.280296">
        <ele>188.423067</ele>
        <time>2026-06-13T12:08:12.734Z</time>
      </trkpt>
      <trkpt lat="50.049876" lon="18.280652">
        <ele>188.291086</ele>
        <time>2026-06-13T12:08:26.019Z</time>
      </trkpt>
      <trkpt lat="50.049657" lon="18.280776">
        <ele>188.225402</ele>
        <time>2026-06-13T12:08:32.832Z</time>
      </trkpt>
      <trkpt lat="50.049249" lon="18.281099">
        <ele>188.108691</ele>
        <time>2026-06-13T12:08:46.184Z</time>
      </trkpt>
      <trkpt lat="50.048712" lon="18.281437">
        <ele>187.960995</ele>
        <time>2026-06-13T12:09:02.966Z</time>
      </trkpt>
      <trkpt lat="50.048157" lon="18.281705">
        <ele>187.812823</ele>
        <time>2026-06-13T12:09:19.136Z</time>
      </trkpt>
      <trkpt lat="50.047589" lon="18.281912">
        <ele>187.532442</ele>
        <time>2026-06-13T12:09:34.897Z</time>
      </trkpt>
      <trkpt lat="50.045212" lon="18.282602">
        <ele>186.534104</ele>
        <time>2026-06-13T12:10:41.027Z</time>
      </trkpt>
      <trkpt lat="50.043815" lon="18.283008">
        <ele>186.677873</ele>
        <time>2026-06-13T12:11:23.837Z</time>
      </trkpt>
      <trkpt lat="50.043259" lon="18.283268">
        <ele>186.944213</ele>
        <time>2026-06-13T12:11:42.289Z</time>
      </trkpt>
      <trkpt lat="50.042613" lon="18.283676">
        <ele>187.245289</ele>
        <time>2026-06-13T12:12:04.409Z</time>
      </trkpt>
      <trkpt lat="50.042253" lon="18.283938">
        <ele>187.378076</ele>
        <time>2026-06-13T12:12:16.993Z</time>
      </trkpt>
      <trkpt lat="50.041338" lon="18.284604">
        <ele>187.715584</ele>
        <time>2026-06-13T12:12:47.925Z</time>
      </trkpt>
      <trkpt lat="50.040171" lon="18.285443">
        <ele>187.699908</ele>
        <time>2026-06-13T12:13:24.949Z</time>
      </trkpt>
      <trkpt lat="50.039181" lon="18.286154">
        <ele>187.850689</ele>
        <time>2026-06-13T12:13:56.047Z</time>
      </trkpt>
      <trkpt lat="50.039049" lon="18.286283">
        <ele>187.952740</ele>
        <time>2026-06-13T12:14:00.906Z</time>
      </trkpt>
      <trkpt lat="50.038913" lon="18.286358">
        <ele>188.047216</ele>
        <time>2026-06-13T12:14:05.459Z</time>
      </trkpt>
      <trkpt lat="50.038866" lon="18.286342">
        <ele>188.078720</ele>
        <time>2026-06-13T12:14:06.982Z</time>
      </trkpt>
      <trkpt lat="50.038818" lon="18.286326">
        <ele>188.110863</ele>
        <time>2026-06-13T12:14:08.543Z</time>
      </trkpt>
      <trkpt lat="50.038394" lon="18.286817">
        <ele>188.456879</ele>
        <time>2026-06-13T12:14:22.143Z</time>
      </trkpt>
      <trkpt lat="50.038301" lon="18.286742">
        <ele>188.525462</ele>
        <time>2026-06-13T12:14:25.643Z</time>
      </trkpt>
      <trkpt lat="50.038185" lon="18.286856">
        <ele>188.615286</ele>
        <time>2026-06-13T12:14:30.259Z</time>
      </trkpt>
      <trkpt lat="50.037709" lon="18.287191">
        <ele>188.929171</ele>
        <time>2026-06-13T12:14:48.292Z</time>
      </trkpt>
      <trkpt lat="50.036435" lon="18.288113">
        <ele>189.675234</ele>
        <time>2026-06-13T12:15:32.503Z</time>
      </trkpt>
      <trkpt lat="50.035836" lon="18.288547">
        <ele>189.610482</ele>
        <time>2026-06-13T12:15:51.292Z</time>
      </trkpt>
      <trkpt lat="50.035058" lon="18.289112">
        <ele>189.344946</ele>
        <time>2026-06-13T12:16:14.896Z</time>
      </trkpt>
      <trkpt lat="50.034051" lon="18.289840">
        <ele>189.093617</ele>
        <time>2026-06-13T12:16:45.865Z</time>
      </trkpt>
      <trkpt lat="50.033575" lon="18.290184">
        <ele>189.004005</ele>
        <time>2026-06-13T12:17:01.197Z</time>
      </trkpt>
      <trkpt lat="50.033093" lon="18.290398">
        <ele>188.918418</ele>
        <time>2026-06-13T12:17:15.817Z</time>
      </trkpt>
      <trkpt lat="50.032765" lon="18.290477">
        <ele>188.866141</ele>
        <time>2026-06-13T12:17:25.515Z</time>
      </trkpt>
      <trkpt lat="50.032106" lon="18.290508">
        <ele>188.766511</ele>
        <time>2026-06-13T12:17:44.690Z</time>
      </trkpt>
      <trkpt lat="50.031778" lon="18.290449">
        <ele>188.716615</ele>
        <time>2026-06-13T12:17:53.968Z</time>
      </trkpt>
      <trkpt lat="50.031446" lon="18.290341">
        <ele>188.665361</ele>
        <time>2026-06-13T12:18:03.504Z</time>
      </trkpt>
      <trkpt lat="50.030105" lon="18.289961">
        <ele>188.424282</ele>
        <time>2026-06-13T12:18:42.025Z</time>
      </trkpt>
      <trkpt lat="50.028915" lon="18.289657">
        <ele>188.262153</ele>
        <time>2026-06-13T12:19:17.132Z</time>
      </trkpt>
      <trkpt lat="50.027000" lon="18.289117">
        <ele>188.135218</ele>
        <time>2026-06-13T12:20:13.342Z</time>
      </trkpt>
      <trkpt lat="50.025959" lon="18.288837">
        <ele>188.079705</ele>
        <time>2026-06-13T12:20:44.516Z</time>
      </trkpt>
      <trkpt lat="50.025606" lon="18.288742">
        <ele>188.030190</ele>
        <time>2026-06-13T12:20:54.978Z</time>
      </trkpt>
      <trkpt lat="50.023899" lon="18.288280">
        <ele>187.795917</ele>
        <time>2026-06-13T12:21:44.201Z</time>
      </trkpt>
      <trkpt lat="50.022507" lon="18.287894">
        <ele>187.835614</ele>
        <time>2026-06-13T12:22:25.672Z</time>
      </trkpt>
      <trkpt lat="50.020685" lon="18.287388">
        <ele>188.177022</ele>
        <time>2026-06-13T12:23:21.096Z</time>
      </trkpt>
      <trkpt lat="50.020317" lon="18.287775">
        <ele>188.326975</ele>
        <time>2026-06-13T12:23:34.814Z</time>
      </trkpt>
      <trkpt lat="50.020241" lon="18.287919">
        <ele>188.372898</ele>
        <time>2026-06-13T12:23:38.546Z</time>
      </trkpt>
      <trkpt lat="50.020205" lon="18.288093">
        <ele>188.417945</ele>
        <time>2026-06-13T12:23:42.242Z</time>
      </trkpt>
      <trkpt lat="50.020206" lon="18.288315">
        <ele>188.472654</ele>
        <time>2026-06-13T12:23:46.694Z</time>
      </trkpt>
      <trkpt lat="50.019419" lon="18.288431">
        <ele>188.775848</ele>
        <time>2026-06-13T12:24:05.798Z</time>
      </trkpt>
      <trkpt lat="50.019145" lon="18.288360">
        <ele>188.882384</ele>
        <time>2026-06-13T12:24:12.190Z</time>
      </trkpt>
      <trkpt lat="50.018201" lon="18.287768">
        <ele>189.219060</ele>
        <time>2026-06-13T12:24:36.075Z</time>
      </trkpt>
      <trkpt lat="50.017845" lon="18.287582">
        <ele>189.342944</ele>
        <time>2026-06-13T12:24:44.959Z</time>
      </trkpt>
      <trkpt lat="50.017309" lon="18.287440">
        <ele>189.492718</ele>
        <time>2026-06-13T12:24:57.924Z</time>
      </trkpt>
      <trkpt lat="50.017094" lon="18.287483">
        <ele>189.511274</ele>
        <time>2026-06-13T12:25:03.075Z</time>
      </trkpt>
      <trkpt lat="50.016404" lon="18.287838">
        <ele>189.573484</ele>
        <time>2026-06-13T12:25:19.845Z</time>
      </trkpt>
      <trkpt lat="50.016011" lon="18.287995">
        <ele>189.608217</ele>
        <time>2026-06-13T12:25:28.674Z</time>
      </trkpt>
      <trkpt lat="50.015727" lon="18.288063">
        <ele>189.632814</ele>
        <time>2026-06-13T12:25:34.862Z</time>
      </trkpt>
      <trkpt lat="50.015761" lon="18.288382">
        <ele>189.622189</ele>
        <time>2026-06-13T12:25:39.805Z</time>
      </trkpt>
      <trkpt lat="50.015846" lon="18.288814">
        <ele>189.597607</ele>
        <time>2026-06-13T12:25:46.662Z</time>
      </trkpt>
      <trkpt lat="50.017516" lon="18.297129">
        <ele>189.126985</ele>
        <time>2026-06-13T12:28:03.544Z</time>
      </trkpt>
      <trkpt lat="50.017881" lon="18.298907">
        <ele>188.938055</ele>
        <time>2026-06-13T12:28:32.320Z</time>
      </trkpt>
      <trkpt lat="50.019147" lon="18.305070">
        <ele>189.059092</ele>
        <time>2026-06-13T12:30:13.297Z</time>
      </trkpt>
      <trkpt lat="50.019639" lon="18.307604">
        <ele>190.520257</ele>
        <time>2026-06-13T12:31:03.729Z</time>
      </trkpt>
      <trkpt lat="50.019628" lon="18.307715">
        <ele>190.598538</ele>
        <time>2026-06-13T12:31:06.702Z</time>
      </trkpt>
      <trkpt lat="50.019618" lon="18.307823">
        <ele>190.674592</ele>
        <time>2026-06-13T12:31:09.650Z</time>
      </trkpt>
      <trkpt lat="50.019264" lon="18.308526">
        <ele>191.297133</ele>
        <time>2026-06-13T12:31:33.135Z</time>
      </trkpt>
      <trkpt lat="50.019015" lon="18.308916">
        <ele>191.680347</ele>
        <time>2026-06-13T12:31:47.586Z</time>
      </trkpt>
      <trkpt lat="50.018620" lon="18.309411">
        <ele>192.299093</ele>
        <time>2026-06-13T12:32:08.523Z</time>
      </trkpt>
      <trkpt lat="50.018516" lon="18.309607">
        <ele>192.513618</ele>
        <time>2026-06-13T12:32:15.424Z</time>
      </trkpt>
      <trkpt lat="50.017360" lon="18.310300">
        <ele>194.140724</ele>
        <time>2026-06-13T12:33:08.639Z</time>
      </trkpt>
      <trkpt lat="50.019584" lon="18.311012">
        <ele>197.168921</ele>
        <time>2026-06-13T12:34:12.027Z</time>
      </trkpt>
      <trkpt lat="50.021950" lon="18.320628">
        <ele>208.903520</ele>
        <time>2026-06-13T12:37:27.401Z</time>
      </trkpt>
      <trkpt lat="50.022503" lon="18.322842">
        <ele>211.197045</ele>
        <time>2026-06-13T12:38:10.576Z</time>
      </trkpt>
      <trkpt lat="50.022874" lon="18.324329">
        <ele>213.465922</ele>
        <time>2026-06-13T12:38:38.273Z</time>
      </trkpt>
      <trkpt lat="50.023107" lon="18.325299">
        <ele>215.372047</ele>
        <time>2026-06-13T12:39:00.403Z</time>
      </trkpt>
      <trkpt lat="50.023171" lon="18.325555">
        <ele>215.877666</ele>
        <time>2026-06-13T12:39:07.106Z</time>
      </trkpt>
      <trkpt lat="50.023579" lon="18.327184">
        <ele>220.129130</ele>
        <time>2026-06-13T12:39:53.476Z</time>
      </trkpt>
      <trkpt lat="50.024035" lon="18.329038">
        <ele>225.295372</ele>
        <time>2026-06-13T12:40:43.704Z</time>
      </trkpt>
      <trkpt lat="50.024175" lon="18.329606">
        <ele>226.311143</ele>
        <time>2026-06-13T12:40:57.147Z</time>
      </trkpt>
      <trkpt lat="50.024869" lon="18.332361">
        <ele>229.454002</ele>
        <time>2026-06-13T12:41:55.146Z</time>
      </trkpt>
      <trkpt lat="50.024915" lon="18.332467">
        <ele>229.452150</ele>
        <time>2026-06-13T12:41:57.112Z</time>
      </trkpt>
      <trkpt lat="50.025592" lon="18.334275">
        <ele>229.185685</ele>
        <time>2026-06-13T12:42:23.058Z</time>
      </trkpt>
      <trkpt lat="50.026060" lon="18.335376">
        <ele>228.528427</ele>
        <time>2026-06-13T12:42:38.837Z</time>
      </trkpt>
      <trkpt lat="50.026125" lon="18.335811">
        <ele>228.306080</ele>
        <time>2026-06-13T12:42:45.135Z</time>
      </trkpt>
      <trkpt lat="50.026499" lon="18.335605">
        <ele>228.171226</ele>
        <time>2026-06-13T12:42:55.286Z</time>
      </trkpt>
      <trkpt lat="50.026723" lon="18.335445">
        <ele>228.884934</ele>
        <time>2026-06-13T12:43:02.496Z</time>
      </trkpt>
      <trkpt lat="50.026770" lon="18.335411">
        <ele>229.035020</ele>
        <time>2026-06-13T12:43:04.194Z</time>
      </trkpt>
      <trkpt lat="50.027696" lon="18.334711">
        <ele>232.016072</ele>
        <time>2026-06-13T12:43:43.391Z</time>
      </trkpt>
      <trkpt lat="50.028580" lon="18.333877">
        <ele>234.753359</ele>
        <time>2026-06-13T12:44:20.906Z</time>
      </trkpt>
      <trkpt lat="50.029479" lon="18.333045">
        <ele>237.342772</ele>
        <time>2026-06-13T12:44:54.522Z</time>
      </trkpt>
      <trkpt lat="50.029527" lon="18.332972">
        <ele>237.508913</ele>
        <time>2026-06-13T12:44:56.442Z</time>
      </trkpt>
      <trkpt lat="50.029778" lon="18.332715">
        <ele>238.099170</ele>
        <time>2026-06-13T12:45:04.779Z</time>
      </trkpt>
      <trkpt lat="50.030038" lon="18.332450">
        <ele>238.656061</ele>
        <time>2026-06-13T12:45:13.461Z</time>
      </trkpt>
      <trkpt lat="50.030997" lon="18.331386">
        <ele>240.766348</ele>
        <time>2026-06-13T12:45:47.839Z</time>
      </trkpt>
      <trkpt lat="50.033602" lon="18.329116">
        <ele>247.497532</ele>
        <time>2026-06-13T12:47:22.018Z</time>
      </trkpt>
      <trkpt lat="50.034621" lon="18.328229">
        <ele>249.916146</ele>
        <time>2026-06-13T12:47:58.188Z</time>
      </trkpt>
      <trkpt lat="50.034825" lon="18.328413">
        <ele>250.341539</ele>
        <time>2026-06-13T12:48:05.146Z</time>
      </trkpt>
      <trkpt lat="50.035839" lon="18.331185">
        <ele>254.357103</ele>
        <time>2026-06-13T12:49:34.559Z</time>
      </trkpt>
      <trkpt lat="50.036325" lon="18.332397">
        <ele>256.321032</ele>
        <time>2026-06-13T12:50:18.547Z</time>
      </trkpt>
      <trkpt lat="50.036620" lon="18.333030">
        <ele>257.409967</ele>
        <time>2026-06-13T12:50:42.295Z</time>
      </trkpt>
      <trkpt lat="50.036835" lon="18.333409">
        <ele>258.114028</ele>
        <time>2026-06-13T12:50:57.091Z</time>
      </trkpt>
      <trkpt lat="50.036915" lon="18.333551">
        <ele>258.377024</ele>
        <time>2026-06-13T12:51:02.457Z</time>
      </trkpt>
      <trkpt lat="50.038469" lon="18.337016">
        <ele>264.346539</ele>
        <time>2026-06-13T12:53:03.561Z</time>
      </trkpt>
      <trkpt lat="50.038914" lon="18.337946">
        <ele>267.122256</ele>
        <time>2026-06-13T12:53:43.934Z</time>
      </trkpt>
      <trkpt lat="50.039291" lon="18.338600">
        <ele>269.225564</ele>
        <time>2026-06-13T12:54:14.672Z</time>
      </trkpt>
      <trkpt lat="50.039467" lon="18.338890">
        <ele>270.180510</ele>
        <time>2026-06-13T12:54:28.135Z</time>
      </trkpt>
      <trkpt lat="50.040004" lon="18.339868">
        <ele>273.046079</ele>
        <time>2026-06-13T12:54:58.784Z</time>
      </trkpt>
      <trkpt lat="50.040795" lon="18.341157">
        <ele>276.646283</ele>
        <time>2026-06-13T12:55:42.317Z</time>
      </trkpt>
      <trkpt lat="50.041056" lon="18.341603">
        <ele>276.368281</ele>
        <time>2026-06-13T12:55:54.661Z</time>
      </trkpt>
      <trkpt lat="50.041158" lon="18.341729">
        <ele>276.274875</ele>
        <time>2026-06-13T12:55:58.275Z</time>
      </trkpt>
      <trkpt lat="50.042075" lon="18.342473">
        <ele>275.533071</ele>
        <time>2026-06-13T12:56:17.259Z</time>
      </trkpt>
      <trkpt lat="50.042186" lon="18.342546">
        <ele>275.446629</ele>
        <time>2026-06-13T12:56:19.235Z</time>
      </trkpt>
      <trkpt lat="50.042420" lon="18.342728">
        <ele>274.830895</ele>
        <time>2026-06-13T12:56:23.507Z</time>
      </trkpt>
      <trkpt lat="50.043848" lon="18.343891">
        <ele>270.612045</ele>
        <time>2026-06-13T12:56:51.066Z</time>
      </trkpt>
      <trkpt lat="50.044449" lon="18.344513">
        <ele>272.280897</ele>
        <time>2026-06-13T12:57:10.175Z</time>
      </trkpt>
      <trkpt lat="50.044688" lon="18.345028">
        <ele>273.224545</ele>
        <time>2026-06-13T12:57:25.086Z</time>
      </trkpt>
      <trkpt lat="50.044889" lon="18.345553">
        <ele>274.132281</ele>
        <time>2026-06-13T12:57:41.702Z</time>
      </trkpt>
      <trkpt lat="50.044932" lon="18.345942">
        <ele>274.717028</ele>
        <time>2026-06-13T12:57:52.785Z</time>
      </trkpt>
      <trkpt lat="50.044905" lon="18.346175">
        <ele>275.026207</ele>
        <time>2026-06-13T12:57:59.615Z</time>
      </trkpt>
      <trkpt lat="50.044886" lon="18.346336">
        <ele>275.239971</ele>
        <time>2026-06-13T12:58:04.458Z</time>
      </trkpt>
      <trkpt lat="50.044805" lon="18.346586">
        <ele>275.605634</ele>
        <time>2026-06-13T12:58:12.484Z</time>
      </trkpt>
      <trkpt lat="50.044698" lon="18.346784">
        <ele>275.943562</ele>
        <time>2026-06-13T12:58:19.393Z</time>
      </trkpt>
      <trkpt lat="50.044061" lon="18.347679">
        <ele>277.688220</ele>
        <time>2026-06-13T12:58:45.770Z</time>
      </trkpt>
      <trkpt lat="50.043804" lon="18.348252">
        <ele>278.120547</ele>
        <time>2026-06-13T12:58:54.306Z</time>
      </trkpt>
      <trkpt lat="50.043741" lon="18.348490">
        <ele>277.775525</ele>
        <time>2026-06-13T12:58:57.229Z</time>
      </trkpt>
      <trkpt lat="50.043596" lon="18.349319">
        <ele>276.623957</ele>
        <time>2026-06-13T12:59:06.482Z</time>
      </trkpt>
      <trkpt lat="50.043341" lon="18.350454">
        <ele>275.012324</ele>
        <time>2026-06-13T12:59:20.061Z</time>
      </trkpt>
      <trkpt lat="50.043084" lon="18.351201">
        <ele>274.983200</ele>
        <time>2026-06-13T12:59:31.662Z</time>
      </trkpt>
      <trkpt lat="50.042825" lon="18.351543">
        <ele>275.343691</ele>
        <time>2026-06-13T12:59:40.764Z</time>
      </trkpt>
      <trkpt lat="50.042532" lon="18.351832">
        <ele>275.711876</ele>
        <time>2026-06-13T12:59:51.763Z</time>
      </trkpt>
      <trkpt lat="50.042439" lon="18.351999">
        <ele>275.862570</ele>
        <time>2026-06-13T12:59:56.384Z</time>
      </trkpt>
      <trkpt lat="50.042415" lon="18.352140">
        <ele>275.962015</ele>
        <time>2026-06-13T12:59:59.429Z</time>
      </trkpt>
      <trkpt lat="50.042450" lon="18.352412">
        <ele>276.151136</ele>
        <time>2026-06-13T13:00:05.111Z</time>
      </trkpt>
      <trkpt lat="50.042621" lon="18.352984">
        <ele>276.585045</ele>
        <time>2026-06-13T13:00:17.890Z</time>
      </trkpt>
      <trkpt lat="50.042727" lon="18.353199">
        <ele>276.781094</ele>
        <time>2026-06-13T13:00:23.305Z</time>
      </trkpt>
      <trkpt lat="50.042760" lon="18.353330">
        <ele>276.882875</ele>
        <time>2026-06-13T13:00:26.066Z</time>
      </trkpt>
      <trkpt lat="50.043793" lon="18.353530">
        <ele>278.055253</ele>
        <time>2026-06-13T13:01:08.170Z</time>
      </trkpt>
      <trkpt lat="50.044230" lon="18.353565">
        <ele>278.552985</ele>
        <time>2026-06-13T13:01:24.584Z</time>
      </trkpt>
      <trkpt lat="50.044781" lon="18.353549">
        <ele>280.213647</ele>
        <time>2026-06-13T13:01:48.449Z</time>
      </trkpt>
      <trkpt lat="50.044937" lon="18.353589">
        <ele>280.690065</ele>
        <time>2026-06-13T13:01:55.897Z</time>
      </trkpt>
      <trkpt lat="50.045007" lon="18.353638">
        <ele>280.921335</ele>
        <time>2026-06-13T13:01:59.650Z</time>
      </trkpt>
      <trkpt lat="50.045097" lon="18.353790">
        <ele>281.321425</ele>
        <time>2026-06-13T13:02:06.277Z</time>
      </trkpt>
      <trkpt lat="50.045252" lon="18.354262">
        <ele>282.347308</ele>
        <time>2026-06-13T13:02:24.076Z</time>
      </trkpt>
      <trkpt lat="50.045708" lon="18.354624">
        <ele>283.889670</ele>
        <time>2026-06-13T13:02:52.687Z</time>
      </trkpt>
      <trkpt lat="50.045851" lon="18.354783">
        <ele>284.436289</ele>
        <time>2026-06-13T13:03:02.889Z</time>
      </trkpt>
      <trkpt lat="50.046151" lon="18.355151">
        <ele>285.630521</ele>
        <time>2026-06-13T13:03:24.096Z</time>
      </trkpt>
      <trkpt lat="50.046470" lon="18.355673">
        <ele>287.077548</ele>
        <time>2026-06-13T13:03:47.904Z</time>
      </trkpt>
      <trkpt lat="50.046586" lon="18.355772">
        <ele>287.491196</ele>
        <time>2026-06-13T13:03:54.255Z</time>
      </trkpt>
      <trkpt lat="50.047295" lon="18.356186">
        <ele>289.680250</ele>
        <time>2026-06-13T13:04:27.707Z</time>
      </trkpt>
      <trkpt lat="50.047709" lon="18.356472">
        <ele>290.156516</ele>
        <time>2026-06-13T13:04:46.746Z</time>
      </trkpt>
      <trkpt lat="50.048810" lon="18.356810">
        <ele>291.336581</ele>
        <time>2026-06-13T13:05:32.580Z</time>
      </trkpt>
      <trkpt lat="50.048945" lon="18.356831">
        <ele>291.479250</ele>
        <time>2026-06-13T13:05:37.988Z</time>
      </trkpt>
      <trkpt lat="50.049020" lon="18.356842">
        <ele>291.489897</ele>
        <time>2026-06-13T13:05:40.960Z</time>
      </trkpt>
      <trkpt lat="50.049079" lon="18.356857">
        <ele>291.497067</ele>
        <time>2026-06-13T13:05:43.332Z</time>
      </trkpt>
      <trkpt lat="50.049479" lon="18.356932">
        <ele>291.545387</ele>
        <time>2026-06-13T13:05:52.851Z</time>
      </trkpt>
      <trkpt lat="50.049526" lon="18.356945">
        <ele>291.551112</ele>
        <time>2026-06-13T13:05:53.969Z</time>
      </trkpt>
      <trkpt lat="50.049770" lon="18.357139">
        <ele>291.583968</ele>
        <time>2026-06-13T13:06:00.140Z</time>
      </trkpt>
      <trkpt lat="50.049949" lon="18.357509">
        <ele>291.619645</ele>
        <time>2026-06-13T13:06:06.594Z</time>
      </trkpt>
      <trkpt lat="50.050928" lon="18.360955">
        <ele>291.158107</ele>
        <time>2026-06-13T13:06:58.847Z</time>
      </trkpt>
      <trkpt lat="50.051351" lon="18.362362">
        <ele>290.577656</ele>
        <time>2026-06-13T13:07:17.666Z</time>
      </trkpt>
      <trkpt lat="50.051599" lon="18.362999">
        <ele>290.296294</ele>
        <time>2026-06-13T13:07:27.035Z</time>
      </trkpt>
      <trkpt lat="50.051877" lon="18.364040">
        <ele>290.329498</ele>
        <time>2026-06-13T13:07:44.230Z</time>
      </trkpt>
      <trkpt lat="50.052099" lon="18.364923">
        <ele>290.708897</ele>
        <time>2026-06-13T13:08:00.191Z</time>
      </trkpt>
      <trkpt lat="50.050959" lon="18.366114">
        <ele>291.354248</ele>
        <time>2026-06-13T13:08:34.640Z</time>
      </trkpt>
      <trkpt lat="50.049611" lon="18.367409">
        <ele>291.288295</ele>
        <time>2026-06-13T13:09:10.651Z</time>
      </trkpt>
      <trkpt lat="50.048916" lon="18.368083">
        <ele>290.405363</ele>
        <time>2026-06-13T13:09:26.443Z</time>
      </trkpt>
      <trkpt lat="50.049153" lon="18.369171">
        <ele>289.576300</ele>
        <time>2026-06-13T13:09:39.450Z</time>
      </trkpt>
      <trkpt lat="50.049233" lon="18.369458">
        <ele>289.295571</ele>
        <time>2026-06-13T13:09:42.949Z</time>
      </trkpt>
      <trkpt lat="50.049304" lon="18.369587">
        <ele>289.143126</ele>
        <time>2026-06-13T13:09:44.815Z</time>
      </trkpt>
      <trkpt lat="50.049647" lon="18.369966">
        <ele>288.555464</ele>
        <time>2026-06-13T13:09:52.118Z</time>
      </trkpt>
      <trkpt lat="50.051016" lon="18.371022">
        <ele>287.260474</ele>
        <time>2026-06-13T13:10:22.278Z</time>
      </trkpt>
      <trkpt lat="50.051157" lon="18.371065">
        <ele>287.273391</ele>
        <time>2026-06-13T13:10:25.530Z</time>
      </trkpt>
      <trkpt lat="50.051519" lon="18.371176">
        <ele>287.306560</ele>
        <time>2026-06-13T13:10:34.142Z</time>
      </trkpt>
      <trkpt lat="50.051917" lon="18.371450">
        <ele>287.345681</ele>
        <time>2026-06-13T13:10:44.757Z</time>
      </trkpt>
      <trkpt lat="50.052145" lon="18.371705">
        <ele>287.370917</ele>
        <time>2026-06-13T13:10:51.842Z</time>
      </trkpt>
      <trkpt lat="50.052338" lon="18.371978">
        <ele>287.313130</ele>
        <time>2026-06-13T13:10:58.874Z</time>
      </trkpt>
      <trkpt lat="50.052637" lon="18.372480">
        <ele>287.212711</ele>
        <time>2026-06-13T13:11:10.084Z</time>
      </trkpt>
      <trkpt lat="50.052770" lon="18.372759">
        <ele>287.161751</ele>
        <time>2026-06-13T13:11:15.232Z</time>
      </trkpt>
      <trkpt lat="50.052944" lon="18.373370">
        <ele>287.063728</ele>
        <time>2026-06-13T13:11:24.298Z</time>
      </trkpt>
      <trkpt lat="50.053374" lon="18.375098">
        <ele>284.987121</ele>
        <time>2026-06-13T13:11:45.450Z</time>
      </trkpt>
      <trkpt lat="50.053495" lon="18.375408">
        <ele>284.364566</ele>
        <time>2026-06-13T13:11:49.146Z</time>
      </trkpt>
      <trkpt lat="50.053800" lon="18.375950">
        <ele>283.127817</ele>
        <time>2026-06-13T13:11:56.429Z</time>
      </trkpt>
      <trkpt lat="50.053365" lon="18.376782">
        <ele>282.126106</ele>
        <time>2026-06-13T13:12:07.853Z</time>
      </trkpt>
      <trkpt lat="50.053205" lon="18.377177">
        <ele>282.100824</ele>
        <time>2026-06-13T13:12:13.275Z</time>
      </trkpt>
      <trkpt lat="50.053046" lon="18.377774">
        <ele>282.065836</ele>
        <time>2026-06-13T13:12:21.491Z</time>
      </trkpt>
      <trkpt lat="50.053011" lon="18.378009">
        <ele>282.052776</ele>
        <time>2026-06-13T13:12:25.127Z</time>
      </trkpt>
      <trkpt lat="50.053001" lon="18.378607">
        <ele>282.020393</ele>
        <time>2026-06-13T13:12:36.496Z</time>
      </trkpt>
      <trkpt lat="50.053064" lon="18.379173">
        <ele>282.485376</ele>
        <time>2026-06-13T13:12:49.975Z</time>
      </trkpt>
      <trkpt lat="50.053079" lon="18.379563">
        <ele>283.302910</ele>
        <time>2026-06-13T13:12:59.604Z</time>
      </trkpt>
      <trkpt lat="50.053071" lon="18.379701">
        <ele>283.592849</ele>
        <time>2026-06-13T13:13:02.995Z</time>
      </trkpt>
      <trkpt lat="50.053168" lon="18.379718">
        <ele>283.910961</ele>
        <time>2026-06-13T13:13:06.640Z</time>
      </trkpt>
      <trkpt lat="50.053241" lon="18.379804">
        <ele>284.209257</ele>
        <time>2026-06-13T13:13:10.059Z</time>
      </trkpt>
      <trkpt lat="50.053261" lon="18.379861">
        <ele>284.345176</ele>
        <time>2026-06-13T13:13:11.595Z</time>
      </trkpt>
      <trkpt lat="50.053391" lon="18.380215">
        <ele>285.198512</ele>
        <time>2026-06-13T13:13:20.985Z</time>
      </trkpt>
      <trkpt lat="50.053563" lon="18.380862">
        <ele>286.663796</ele>
        <time>2026-06-13T13:13:36.676Z</time>
      </trkpt>
      <trkpt lat="50.053732" lon="18.381968">
        <ele>288.582937</ele>
        <time>2026-06-13T13:14:02.178Z</time>
      </trkpt>
      <trkpt lat="50.053807" lon="18.382357">
        <ele>289.101458</ele>
        <time>2026-06-13T13:14:10.471Z</time>
      </trkpt>
      <trkpt lat="50.054044" lon="18.383512">
        <ele>290.649447</ele>
        <time>2026-06-13T13:14:33.090Z</time>
      </trkpt>
      <trkpt lat="50.054085" lon="18.383726">
        <ele>290.934551</ele>
        <time>2026-06-13T13:14:37.262Z</time>
      </trkpt>
      <trkpt lat="50.054262" lon="18.384448">
        <ele>291.380286</ele>
        <time>2026-06-13T13:14:51.062Z</time>
      </trkpt>
      <trkpt lat="50.054543" lon="18.385410">
        <ele>291.213576</ele>
        <time>2026-06-13T13:15:06.390Z</time>
      </trkpt>
      <trkpt lat="50.054735" lon="18.386018">
        <ele>291.106698</ele>
        <time>2026-06-13T13:15:15.084Z</time>
      </trkpt>
      <trkpt lat="50.054932" lon="18.386629">
        <ele>290.998851</ele>
        <time>2026-06-13T13:15:23.364Z</time>
      </trkpt>
      <trkpt lat="50.055034" lon="18.386966">
        <ele>290.574002</ele>
        <time>2026-06-13T13:15:27.675Z</time>
      </trkpt>
      <trkpt lat="50.055054" lon="18.387032">
        <ele>290.489581</ele>
        <time>2026-06-13T13:15:28.509Z</time>
      </trkpt>
      <trkpt lat="50.055563" lon="18.388813">
        <ele>288.234541</ele>
        <time>2026-06-13T13:15:50.436Z</time>
      </trkpt>
      <trkpt lat="50.055658" lon="18.389169">
        <ele>287.788591</ele>
        <time>2026-06-13T13:15:54.821Z</time>
      </trkpt>
      <trkpt lat="50.056155" lon="18.390914">
        <ele>286.788414</ele>
        <time>2026-06-13T13:16:17.775Z</time>
      </trkpt>
      <trkpt lat="50.056297" lon="18.391361">
        <ele>286.531645</ele>
        <time>2026-06-13T13:16:24.263Z</time>
      </trkpt>
      <trkpt lat="50.056580" lon="18.392222">
        <ele>287.086259</ele>
        <time>2026-06-13T13:16:39.242Z</time>
      </trkpt>
      <trkpt lat="50.056617" lon="18.392311">
        <ele>287.235878</ele>
        <time>2026-06-13T13:16:41.182Z</time>
      </trkpt>
      <trkpt lat="50.057106" lon="18.392871">
        <ele>288.569883</ele>
        <time>2026-06-13T13:17:00.575Z</time>
      </trkpt>
      <trkpt lat="50.057470" lon="18.393284">
        <ele>289.559673</ele>
        <time>2026-06-13T13:17:16.388Z</time>
      </trkpt>
      <trkpt lat="50.057635" lon="18.393557">
        <ele>290.088744</ele>
        <time>2026-06-13T13:17:24.909Z</time>
      </trkpt>
      <trkpt lat="50.057814" lon="18.393916">
        <ele>290.781416</ele>
        <time>2026-06-13T13:17:35.267Z</time>
      </trkpt>
      <trkpt lat="50.057961" lon="18.394230">
        <ele>291.390645</ele>
        <time>2026-06-13T13:17:44.112Z</time>
      </trkpt>
      <trkpt lat="50.057989" lon="18.394291">
        <ele>291.508201</ele>
        <time>2026-06-13T13:17:45.783Z</time>
      </trkpt>
      <trkpt lat="50.058188" lon="18.394719">
        <ele>292.336647</ele>
        <time>2026-06-13T13:17:57.077Z</time>
      </trkpt>
      <trkpt lat="50.058917" lon="18.396291">
        <ele>294.996948</ele>
        <time>2026-06-13T13:18:34.293Z</time>
      </trkpt>
      <trkpt lat="50.059096" lon="18.396677">
        <ele>295.347759</ele>
        <time>2026-06-13T13:18:43.317Z</time>
      </trkpt>
      <trkpt lat="50.059318" lon="18.397155">
        <ele>295.782410</ele>
        <time>2026-06-13T13:18:53.943Z</time>
      </trkpt>
      <trkpt lat="50.059621" lon="18.397823">
        <ele>296.384993</ele>
        <time>2026-06-13T13:19:07.923Z</time>
      </trkpt>
      <trkpt lat="50.059660" lon="18.398061">
        <ele>296.565956</ele>
        <time>2026-06-13T13:19:11.903Z</time>
      </trkpt>
      <trkpt lat="50.059751" lon="18.398110">
        <ele>296.676449</ele>
        <time>2026-06-13T13:19:14.282Z</time>
      </trkpt>
      <trkpt lat="50.059794" lon="18.398189">
        <ele>296.682996</ele>
        <time>2026-06-13T13:19:15.915Z</time>
      </trkpt>
      <trkpt lat="50.060300" lon="18.399294">
        <ele>295.229992</ele>
        <time>2026-06-13T13:19:33.649Z</time>
      </trkpt>
      <trkpt lat="50.060501" lon="18.399568">
        <ele>294.784601</ele>
        <time>2026-06-13T13:19:38.350Z</time>
      </trkpt>
      <trkpt lat="50.060802" lon="18.399881">
        <ele>294.181117</ele>
        <time>2026-06-13T13:19:44.481Z</time>
      </trkpt>
      <trkpt lat="50.060986" lon="18.400023">
        <ele>293.838705</ele>
        <time>2026-06-13T13:19:48.000Z</time>
      </trkpt>
      <trkpt lat="50.061567" lon="18.400240">
        <ele>292.739125</ele>
        <time>2026-06-13T13:19:58.724Z</time>
      </trkpt>
      <trkpt lat="50.061823" lon="18.399969">
        <ele>292.162595</ele>
        <time>2026-06-13T13:20:04.360Z</time>
      </trkpt>
      <trkpt lat="50.062113" lon="18.399651">
        <ele>291.502008</ele>
        <time>2026-06-13T13:20:10.978Z</time>
      </trkpt>
      <trkpt lat="50.062334" lon="18.399613">
        <ele>291.087860</ele>
        <time>2026-06-13T13:20:15.283Z</time>
      </trkpt>
      <trkpt lat="50.062525" lon="18.399697">
        <ele>290.718185</ele>
        <time>2026-06-13T13:20:19.305Z</time>
      </trkpt>
      <trkpt lat="50.062877" lon="18.400075">
        <ele>290.067567</ele>
        <time>2026-06-13T13:20:28.353Z</time>
      </trkpt>
      <trkpt lat="50.062945" lon="18.400153">
        <ele>289.960878</ele>
        <time>2026-06-13T13:20:30.085Z</time>
      </trkpt>
      <trkpt lat="50.063141" lon="18.400237">
        <ele>289.704053</ele>
        <time>2026-06-13T13:20:34.037Z</time>
      </trkpt>
      <trkpt lat="50.063504" lon="18.400382">
        <ele>289.230606</ele>
        <time>2026-06-13T13:20:41.059Z</time>
      </trkpt>
      <trkpt lat="50.063676" lon="18.400492">
        <ele>288.995703</ele>
        <time>2026-06-13T13:20:44.555Z</time>
      </trkpt>
      <trkpt lat="50.064796" lon="18.401805">
        <ele>287.475596</ele>
        <time>2026-06-13T13:21:12.638Z</time>
      </trkpt>
      <trkpt lat="50.066384" lon="18.403745">
        <ele>286.120573</ele>
        <time>2026-06-13T13:21:54.522Z</time>
      </trkpt>
      <trkpt lat="50.066562" lon="18.403961">
        <ele>286.031995</ele>
        <time>2026-06-13T13:21:59.429Z</time>
      </trkpt>
      <trkpt lat="50.066580" lon="18.403983">
        <ele>286.023013</ele>
        <time>2026-06-13T13:21:59.918Z</time>
      </trkpt>
      <trkpt lat="50.067538" lon="18.405155">
        <ele>286.204404</ele>
        <time>2026-06-13T13:22:28.427Z</time>
      </trkpt>
      <trkpt lat="50.067777" lon="18.405619">
        <ele>286.487261</ele>
        <time>2026-06-13T13:22:38.000Z</time>
      </trkpt>
      <trkpt lat="50.067909" lon="18.405928">
        <ele>286.663736</ele>
        <time>2026-06-13T13:22:44.217Z</time>
      </trkpt>
      <trkpt lat="50.068352" lon="18.406978">
        <ele>287.524073</ele>
        <time>2026-06-13T13:23:07.518Z</time>
      </trkpt>
      <trkpt lat="50.068565" lon="18.407626">
        <ele>288.455259</ele>
        <time>2026-06-13T13:23:22.348Z</time>
      </trkpt>
      <trkpt lat="50.068687" lon="18.407874">
        <ele>288.854909</ele>
        <time>2026-06-13T13:23:28.856Z</time>
      </trkpt>
      <trkpt lat="50.068855" lon="18.408091">
        <ele>289.289775</ele>
        <time>2026-06-13T13:23:36.256Z</time>
      </trkpt>
      <trkpt lat="50.069016" lon="18.408287">
        <ele>289.696929</ele>
        <time>2026-06-13T13:23:43.106Z</time>
      </trkpt>
      <trkpt lat="50.069254" lon="18.408566">
        <ele>290.290449</ele>
        <time>2026-06-13T13:23:52.806Z</time>
      </trkpt>
      <trkpt lat="50.069612" lon="18.408808">
        <ele>290.783128</ele>
        <time>2026-06-13T13:24:04.743Z</time>
      </trkpt>
      <trkpt lat="50.069736" lon="18.408897">
        <ele>290.850287</ele>
        <time>2026-06-13T13:24:08.651Z</time>
      </trkpt>
      <trkpt lat="50.071359" lon="18.407390">
        <ele>291.555585</ele>
        <time>2026-06-13T13:24:51.160Z</time>
      </trkpt>
      <trkpt lat="50.071650" lon="18.407209">
        <ele>291.541374</ele>
        <time>2026-06-13T13:24:58.256Z</time>
      </trkpt>
      <trkpt lat="50.072065" lon="18.406950">
        <ele>291.521098</ele>
        <time>2026-06-13T13:25:08.016Z</time>
      </trkpt>
      <trkpt lat="50.072243" lon="18.406911">
        <ele>291.512945</ele>
        <time>2026-06-13T13:25:11.910Z</time>
      </trkpt>
      <trkpt lat="50.072401" lon="18.406826">
        <ele>291.505364</ele>
        <time>2026-06-13T13:25:15.551Z</time>
      </trkpt>
      <trkpt lat="50.072512" lon="18.406767">
        <ele>291.500044</ele>
        <time>2026-06-13T13:25:18.112Z</time>
      </trkpt>
      <trkpt lat="50.072590" lon="18.406725">
        <ele>291.496301</ele>
        <time>2026-06-13T13:25:19.933Z</time>
      </trkpt>
      <trkpt lat="50.072675" lon="18.406673">
        <ele>291.475187</ele>
        <time>2026-06-13T13:25:21.985Z</time>
      </trkpt>
      <trkpt lat="50.072700" lon="18.406657">
        <ele>291.446819</ele>
        <time>2026-06-13T13:25:22.556Z</time>
      </trkpt>
      <trkpt lat="50.073211" lon="18.406394">
        <ele>290.881970</ele>
        <time>2026-06-13T13:25:34.303Z</time>
      </trkpt>
      <trkpt lat="50.073764" lon="18.407651">
        <ele>289.855373</ele>
        <time>2026-06-13T13:25:53.435Z</time>
      </trkpt>
      <trkpt lat="50.074083" lon="18.408359">
        <ele>288.571996</ele>
        <time>2026-06-13T13:26:03.781Z</time>
      </trkpt>
      <trkpt lat="50.074289" lon="18.408757">
        <ele>287.501622</ele>
        <time>2026-06-13T13:26:09.571Z</time>
      </trkpt>
      <trkpt lat="50.075039" lon="18.409841">
        <ele>284.164813</ele>
        <time>2026-06-13T13:26:26.562Z</time>
      </trkpt>
      <trkpt lat="50.076425" lon="18.408814">
        <ele>278.475771</ele>
        <time>2026-06-13T13:26:50.285Z</time>
      </trkpt>
      <trkpt lat="50.078618" lon="18.407161">
        <ele>272.697599</ele>
        <time>2026-06-13T13:28:06.078Z</time>
      </trkpt>
      <trkpt lat="50.079346" lon="18.406780">
        <ele>271.735868</ele>
        <time>2026-06-13T13:28:31.086Z</time>
      </trkpt>
      <trkpt lat="50.079685" lon="18.406641">
        <ele>271.296882</ele>
        <time>2026-06-13T13:28:42.844Z</time>
      </trkpt>
      <trkpt lat="50.080199" lon="18.406595">
        <ele>270.753381</ele>
        <time>2026-06-13T13:29:01.068Z</time>
      </trkpt>
      <trkpt lat="50.080409" lon="18.406636">
        <ele>270.764988</ele>
        <time>2026-06-13T13:29:08.950Z</time>
      </trkpt>
      <trkpt lat="50.080774" lon="18.406771">
        <ele>270.785561</ele>
        <time>2026-06-13T13:29:22.835Z</time>
      </trkpt>
      <trkpt lat="50.081288" lon="18.407123">
        <ele>270.816352</ele>
        <time>2026-06-13T13:29:43.756Z</time>
      </trkpt>
      <trkpt lat="50.081917" lon="18.407806">
        <ele>270.935022</ele>
        <time>2026-06-13T13:30:01.996Z</time>
      </trkpt>
      <trkpt lat="50.082039" lon="18.407803">
        <ele>270.989988</ele>
        <time>2026-06-13T13:30:04.882Z</time>
      </trkpt>
      <trkpt lat="50.082158" lon="18.407752">
        <ele>271.045586</ele>
        <time>2026-06-13T13:30:07.755Z</time>
      </trkpt>
      <trkpt lat="50.083880" lon="18.406349">
        <ele>270.719295</ele>
        <time>2026-06-13T13:30:54.867Z</time>
      </trkpt>
      <trkpt lat="50.084123" lon="18.406854">
        <ele>270.067785</ele>
        <time>2026-06-13T13:31:02.645Z</time>
      </trkpt>
      <trkpt lat="50.084452" lon="18.407282">
        <ele>269.378431</ele>
        <time>2026-06-13T13:31:10.026Z</time>
      </trkpt>
      <trkpt lat="50.085016" lon="18.408123">
        <ele>266.578385</ele>
        <time>2026-06-13T13:31:22.224Z</time>
      </trkpt>
      <trkpt lat="50.086170" lon="18.411532">
        <ele>252.455822</ele>
        <time>2026-06-13T13:31:58.438Z</time>
      </trkpt>
      <trkpt lat="50.086579" lon="18.412535">
        <ele>247.898894</ele>
        <time>2026-06-13T13:32:09.650Z</time>
      </trkpt>
      <trkpt lat="50.086657" lon="18.412813">
        <ele>246.875453</ele>
        <time>2026-06-13T13:32:12.505Z</time>
      </trkpt>
      <trkpt lat="50.086688" lon="18.412961">
        <ele>246.350316</ele>
        <time>2026-06-13T13:32:13.951Z</time>
      </trkpt>
      <trkpt lat="50.086721" lon="18.413177">
        <ele>245.601370</ele>
        <time>2026-06-13T13:32:16.030Z</time>
      </trkpt>
      <trkpt lat="50.086794" lon="18.414795">
        <ele>240.130323</ele>
        <time>2026-06-13T13:32:31.391Z</time>
      </trkpt>
      <trkpt lat="50.086787" lon="18.415191">
        <ele>238.794094</ele>
        <time>2026-06-13T13:32:35.295Z</time>
      </trkpt>
      <trkpt lat="50.086696" lon="18.416347">
        <ele>238.296272</ele>
        <time>2026-06-13T13:32:48.177Z</time>
      </trkpt>
      <trkpt lat="50.086696" lon="18.416910">
        <ele>238.123148</ele>
        <time>2026-06-13T13:32:56.696Z</time>
      </trkpt>
      <trkpt lat="50.086629" lon="18.417834">
        <ele>237.837208</ele>
        <time>2026-06-13T13:33:13.707Z</time>
      </trkpt>
      <trkpt lat="50.086640" lon="18.417923">
        <ele>237.809337</ele>
        <time>2026-06-13T13:33:15.476Z</time>
      </trkpt>
      <trkpt lat="50.086660" lon="18.417968">
        <ele>237.792504</ele>
        <time>2026-06-13T13:33:16.519Z</time>
      </trkpt>
      <trkpt lat="50.087066" lon="18.418039">
        <ele>238.093114</ele>
        <time>2026-06-13T13:33:29.186Z</time>
      </trkpt>
      <trkpt lat="50.087250" lon="18.418152">
        <ele>238.257297</ele>
        <time>2026-06-13T13:33:35.207Z</time>
      </trkpt>
      <trkpt lat="50.087426" lon="18.418291">
        <ele>238.421095</ele>
        <time>2026-06-13T13:33:40.975Z</time>
      </trkpt>
      <trkpt lat="50.087907" lon="18.418776">
        <ele>238.896688</ele>
        <time>2026-06-13T13:33:55.951Z</time>
      </trkpt>
      <trkpt lat="50.088015" lon="18.418924">
        <ele>239.016075</ele>
        <time>2026-06-13T13:33:59.192Z</time>
      </trkpt>
      <trkpt lat="50.088108" lon="18.419122">
        <ele>239.146778</ele>
        <time>2026-06-13T13:34:02.456Z</time>
      </trkpt>
      <trkpt lat="50.088234" lon="18.419549">
        <ele>239.155249</ele>
        <time>2026-06-13T13:34:08.155Z</time>
      </trkpt>
      <trkpt lat="50.088443" lon="18.420000">
        <ele>238.880665</ele>
        <time>2026-06-13T13:34:14.621Z</time>
      </trkpt>
      <trkpt lat="50.088633" lon="18.420330">
        <ele>238.661827</ele>
        <time>2026-06-13T13:34:19.539Z</time>
      </trkpt>
      <trkpt lat="50.088787" lon="18.420490">
        <ele>238.519455</ele>
        <time>2026-06-13T13:34:22.826Z</time>
      </trkpt>
      <trkpt lat="50.088995" lon="18.420607">
        <ele>238.349349</ele>
        <time>2026-06-13T13:34:26.860Z</time>
      </trkpt>
      <trkpt lat="50.089279" lon="18.420860">
        <ele>238.097714</ele>
        <time>2026-06-13T13:34:33.374Z</time>
      </trkpt>
      <trkpt lat="50.089478" lon="18.421176">
        <ele>237.920786</ele>
        <time>2026-06-13T13:34:39.813Z</time>
      </trkpt>
      <trkpt lat="50.090046" lon="18.422127">
        <ele>240.315690</ele>
        <time>2026-06-13T13:35:05.841Z</time>
      </trkpt>
      <trkpt lat="50.090429" lon="18.422567">
        <ele>241.682613</ele>
        <time>2026-06-13T13:35:24.897Z</time>
      </trkpt>
      <trkpt lat="50.090665" lon="18.422735">
        <ele>242.427991</ele>
        <time>2026-06-13T13:35:35.258Z</time>
      </trkpt>
      <trkpt lat="50.091239" lon="18.423022">
        <ele>243.991632</ele>
        <time>2026-06-13T13:35:57.482Z</time>
      </trkpt>
      <trkpt lat="50.091424" lon="18.423468">
        <ele>244.821469</ele>
        <time>2026-06-13T13:36:09.048Z</time>
      </trkpt>
      <trkpt lat="50.091693" lon="18.424114">
        <ele>246.024806</ele>
        <time>2026-06-13T13:36:24.658Z</time>
      </trkpt>
      <trkpt lat="50.091744" lon="18.424293">
        <ele>246.330829</ele>
        <time>2026-06-13T13:36:28.372Z</time>
      </trkpt>
      <trkpt lat="50.091938" lon="18.425441">
        <ele>247.551919</ele>
        <time>2026-06-13T13:36:48.749Z</time>
      </trkpt>
      <trkpt lat="50.091997" lon="18.425743">
        <ele>247.628279</ele>
        <time>2026-06-13T13:36:53.927Z</time>
      </trkpt>
      <trkpt lat="50.092108" lon="18.426298">
        <ele>247.768896</ele>
        <time>2026-06-13T13:37:03.220Z</time>
      </trkpt>
      <trkpt lat="50.092276" lon="18.426978">
        <ele>247.945150</ele>
        <time>2026-06-13T13:37:13.938Z</time>
      </trkpt>
      <trkpt lat="50.092419" lon="18.427305">
        <ele>248.040872</ele>
        <time>2026-06-13T13:37:19.341Z</time>
      </trkpt>
      <trkpt lat="50.092560" lon="18.427600">
        <ele>248.088170</ele>
        <time>2026-06-13T13:37:24.182Z</time>
      </trkpt>
      <trkpt lat="50.092881" lon="18.428262">
        <ele>247.762469</ele>
        <time>2026-06-13T13:37:34.828Z</time>
      </trkpt>
      <trkpt lat="50.093003" lon="18.428668">
        <ele>247.586502</ele>
        <time>2026-06-13T13:37:40.520Z</time>
      </trkpt>
      <trkpt lat="50.093140" lon="18.429206">
        <ele>247.359313</ele>
        <time>2026-06-13T13:37:47.831Z</time>
      </trkpt>
      <trkpt lat="50.093200" lon="18.429421">
        <ele>247.267288</ele>
        <time>2026-06-13T13:37:50.807Z</time>
      </trkpt>
      <trkpt lat="50.093288" lon="18.429640">
        <ele>247.165864</ele>
        <time>2026-06-13T13:37:54.107Z</time>
      </trkpt>
      <trkpt lat="50.093344" lon="18.429719">
        <ele>247.119655</ele>
        <time>2026-06-13T13:37:55.597Z</time>
      </trkpt>
      <trkpt lat="50.094213" lon="18.430727">
        <ele>247.376493</ele>
        <time>2026-06-13T13:38:18.863Z</time>
      </trkpt>
      <trkpt lat="50.094252" lon="18.430775">
        <ele>247.396316</ele>
        <time>2026-06-13T13:38:20.043Z</time>
      </trkpt>
      <trkpt lat="50.095007" lon="18.431972">
        <ele>248.063202</ele>
        <time>2026-06-13T13:38:48.432Z</time>
      </trkpt>
      <trkpt lat="50.095557" lon="18.432728">
        <ele>249.087657</ele>
        <time>2026-06-13T13:39:09.500Z</time>
      </trkpt>
      <trkpt lat="50.095715" lon="18.432937">
        <ele>249.377158</ele>
        <time>2026-06-13T13:39:15.296Z</time>
      </trkpt>
      <trkpt lat="50.096314" lon="18.433714">
        <ele>250.567244</ele>
        <time>2026-06-13T13:39:36.846Z</time>
      </trkpt>
      <trkpt lat="50.096710" lon="18.434219">
        <ele>251.608618</ele>
        <time>2026-06-13T13:39:51.507Z</time>
      </trkpt>
      <trkpt lat="50.097290" lon="18.434927">
        <ele>253.108034</ele>
        <time>2026-06-13T13:40:14.332Z</time>
      </trkpt>
      <trkpt lat="50.097525" lon="18.435211">
        <ele>253.713257</ele>
        <time>2026-06-13T13:40:24.116Z</time>
      </trkpt>
      <trkpt lat="50.097625" lon="18.435333">
        <ele>253.965730</ele>
        <time>2026-06-13T13:40:28.385Z</time>
      </trkpt>
      <trkpt lat="50.097871" lon="18.435601">
        <ele>254.521823</ele>
        <time>2026-06-13T13:40:38.375Z</time>
      </trkpt>
      <trkpt lat="50.098113" lon="18.435803">
        <ele>255.030461</ele>
        <time>2026-06-13T13:40:47.357Z</time>
      </trkpt>
      <trkpt lat="50.098360" lon="18.435993">
        <ele>255.540815</ele>
        <time>2026-06-13T13:40:56.048Z</time>
      </trkpt>
      <trkpt lat="50.098537" lon="18.436083">
        <ele>255.885785</ele>
        <time>2026-06-13T13:41:01.636Z</time>
      </trkpt>
      <trkpt lat="50.098679" lon="18.436155">
        <ele>256.162466</ele>
        <time>2026-06-13T13:41:05.951Z</time>
      </trkpt>
      <trkpt lat="50.099144" lon="18.436390">
        <ele>257.068213</ele>
        <time>2026-06-13T13:41:19.024Z</time>
      </trkpt>
      <trkpt lat="50.099321" lon="18.436479">
        <ele>257.208666</ele>
        <time>2026-06-13T13:41:23.666Z</time>
      </trkpt>
      <trkpt lat="50.100017" lon="18.436807">
        <ele>256.985916</ele>
        <time>2026-06-13T13:41:40.586Z</time>
      </trkpt>
      <trkpt lat="50.100188" lon="18.436874">
        <ele>256.931900</ele>
        <time>2026-06-13T13:41:44.323Z</time>
      </trkpt>
      <trkpt lat="50.100433" lon="18.436968">
        <ele>256.854604</ele>
        <time>2026-06-13T13:41:49.491Z</time>
      </trkpt>
      <trkpt lat="50.100527" lon="18.436999">
        <ele>256.825170</ele>
        <time>2026-06-13T13:41:51.397Z</time>
      </trkpt>
      <trkpt lat="50.100988" lon="18.437106">
        <ele>256.652771</ele>
        <time>2026-06-13T13:42:00.290Z</time>
      </trkpt>
      <trkpt lat="50.101036" lon="18.437127">
        <ele>256.530501</ele>
        <time>2026-06-13T13:42:01.208Z</time>
      </trkpt>
      <trkpt lat="50.101180" lon="18.437193">
        <ele>256.162386</ele>
        <time>2026-06-13T13:42:03.936Z</time>
      </trkpt>
      <trkpt lat="50.101268" lon="18.437258">
        <ele>255.923563</ele>
        <time>2026-06-13T13:42:05.770Z</time>
      </trkpt>
      <trkpt lat="50.101408" lon="18.437362">
        <ele>255.543219</ele>
        <time>2026-06-13T13:42:08.636Z</time>
      </trkpt>
      <trkpt lat="50.102471" lon="18.438161">
        <ele>252.648970</ele>
        <time>2026-06-13T13:42:29.164Z</time>
      </trkpt>
      <trkpt lat="50.102646" lon="18.438295">
        <ele>252.192411</ele>
        <time>2026-06-13T13:42:32.507Z</time>
      </trkpt>
      <trkpt lat="50.102808" lon="18.438519">
        <ele>251.771129</ele>
        <time>2026-06-13T13:42:36.294Z</time>
      </trkpt>
      <trkpt lat="50.102888" lon="18.438738">
        <ele>251.456623</ele>
        <time>2026-06-13T13:42:39.131Z</time>
      </trkpt>
      <trkpt lat="50.102917" lon="18.439075">
        <ele>251.032311</ele>
        <time>2026-06-13T13:42:42.995Z</time>
      </trkpt>
      <trkpt lat="50.102918" lon="18.439268">
        <ele>250.791457</ele>
        <time>2026-06-13T13:42:45.214Z</time>
      </trkpt>
      <trkpt lat="50.102919" lon="18.439729">
        <ele>250.216168</ele>
        <time>2026-06-13T13:42:50.574Z</time>
      </trkpt>
      <trkpt lat="50.102941" lon="18.439954">
        <ele>249.932145</ele>
        <time>2026-06-13T13:42:53.330Z</time>
      </trkpt>
      <trkpt lat="50.103087" lon="18.440616">
        <ele>249.058562</ele>
        <time>2026-06-13T13:43:02.189Z</time>
      </trkpt>
      <trkpt lat="50.103224" lon="18.441174">
        <ele>248.708607</ele>
        <time>2026-06-13T13:43:10.248Z</time>
      </trkpt>
      <trkpt lat="50.103426" lon="18.441850">
        <ele>248.573233</ele>
        <time>2026-06-13T13:43:20.576Z</time>
      </trkpt>
      <trkpt lat="50.104084" lon="18.442128">
        <ele>248.380295</ele>
        <time>2026-06-13T13:43:35.548Z</time>
      </trkpt>
      <trkpt lat="50.104271" lon="18.442216">
        <ele>248.325013</ele>
        <time>2026-06-13T13:43:40.045Z</time>
      </trkpt>
      <trkpt lat="50.104431" lon="18.442290">
        <ele>248.277781</ele>
        <time>2026-06-13T13:43:43.859Z</time>
      </trkpt>
      <trkpt lat="50.104619" lon="18.442378">
        <ele>248.328869</ele>
        <time>2026-06-13T13:43:48.323Z</time>
      </trkpt>
      <trkpt lat="50.104998" lon="18.442562">
        <ele>248.484595</ele>
        <time>2026-06-13T13:43:57.081Z</time>
      </trkpt>
      <trkpt lat="50.105180" lon="18.442694">
        <ele>248.563343</ele>
        <time>2026-06-13T13:44:01.544Z</time>
      </trkpt>
      <trkpt lat="50.105234" lon="18.442727">
        <ele>248.586096</ele>
        <time>2026-06-13T13:44:02.826Z</time>
      </trkpt>
      <trkpt lat="50.105287" lon="18.442762">
        <ele>248.608677</ele>
        <time>2026-06-13T13:44:04.157Z</time>
      </trkpt>
      <trkpt lat="50.105306" lon="18.442788">
        <ele>248.618594</ele>
        <time>2026-06-13T13:44:04.752Z</time>
      </trkpt>
      <trkpt lat="50.105831" lon="18.443124">
        <ele>248.841233</ele>
        <time>2026-06-13T13:44:18.502Z</time>
      </trkpt>
      <trkpt lat="50.106079" lon="18.443289">
        <ele>248.947013</ele>
        <time>2026-06-13T13:44:25.440Z</time>
      </trkpt>
      <trkpt lat="50.106248" lon="18.443372">
        <ele>249.121697</ele>
        <time>2026-06-13T13:44:30.039Z</time>
      </trkpt>
      <trkpt lat="50.106490" lon="18.443427">
        <ele>249.447060</ele>
        <time>2026-06-13T13:44:36.470Z</time>
      </trkpt>
      <trkpt lat="50.106943" lon="18.443507">
        <ele>250.053590</ele>
        <time>2026-06-13T13:44:49.144Z</time>
      </trkpt>
      <trkpt lat="50.107377" lon="18.443572">
        <ele>250.633647</ele>
        <time>2026-06-13T13:45:01.917Z</time>
      </trkpt>
      <trkpt lat="50.108111" lon="18.443499">
        <ele>251.594520</ele>
        <time>2026-06-13T13:45:22.431Z</time>
      </trkpt>
      <trkpt lat="50.108400" lon="18.443428">
        <ele>251.955927</ele>
        <time>2026-06-13T13:45:30.249Z</time>
      </trkpt>
      <trkpt lat="50.109631" lon="18.443208">
        <ele>253.486542</ele>
        <time>2026-06-13T13:46:04.047Z</time>
      </trkpt>
      <trkpt lat="50.110419" lon="18.443064">
        <ele>253.710398</ele>
        <time>2026-06-13T13:46:24.709Z</time>
      </trkpt>
      <trkpt lat="50.110856" lon="18.443025">
        <ele>253.786066</ele>
        <time>2026-06-13T13:46:34.572Z</time>
      </trkpt>
      <trkpt lat="50.111237" lon="18.443052">
        <ele>253.851998</ele>
        <time>2026-06-13T13:46:42.551Z</time>
      </trkpt>
      <trkpt lat="50.111801" lon="18.443253">
        <ele>253.637618</ele>
        <time>2026-06-13T13:46:53.897Z</time>
      </trkpt>
      <trkpt lat="50.113633" lon="18.443867">
        <ele>251.731143</ele>
        <time>2026-06-13T13:47:30.594Z</time>
      </trkpt>
      <trkpt lat="50.113934" lon="18.443970">
        <ele>251.205331</ele>
        <time>2026-06-13T13:47:36.381Z</time>
      </trkpt>
      <trkpt lat="50.115055" lon="18.444331">
        <ele>249.192832</ele>
        <time>2026-06-13T13:47:56.591Z</time>
      </trkpt>
      <trkpt lat="50.115183" lon="18.444381">
        <ele>248.772507</ele>
        <time>2026-06-13T13:47:58.863Z</time>
      </trkpt>
      <trkpt lat="50.116205" lon="18.444780">
        <ele>245.416590</ele>
        <time>2026-06-13T13:48:15.952Z</time>
      </trkpt>
      <trkpt lat="50.116750" lon="18.445012">
        <ele>243.617049</ele>
        <time>2026-06-13T13:48:24.911Z</time>
      </trkpt>
      <trkpt lat="50.116947" lon="18.445099">
        <ele>242.957076</ele>
        <time>2026-06-13T13:48:28.163Z</time>
      </trkpt>
      <trkpt lat="50.118229" lon="18.445600">
        <ele>238.694902</ele>
        <time>2026-06-13T13:48:49.601Z</time>
      </trkpt>
      <trkpt lat="50.118380" lon="18.445653">
        <ele>238.195758</ele>
        <time>2026-06-13T13:48:52.177Z</time>
      </trkpt>
      <trkpt lat="50.119245" lon="18.445986">
        <ele>236.579723</ele>
        <time>2026-06-13T13:49:07.367Z</time>
      </trkpt>
      <trkpt lat="50.119336" lon="18.446035">
        <ele>236.427386</ele>
        <time>2026-06-13T13:49:09.062Z</time>
      </trkpt>
      <trkpt lat="50.119838" lon="18.446237">
        <ele>235.607021</ele>
        <time>2026-06-13T13:49:19.035Z</time>
      </trkpt>
      <trkpt lat="50.120113" lon="18.446344">
        <ele>235.158530</ele>
        <time>2026-06-13T13:49:25.056Z</time>
      </trkpt>
      <trkpt lat="50.120213" lon="18.446362">
        <ele>234.999242</ele>
        <time>2026-06-13T13:49:27.343Z</time>
      </trkpt>
      <trkpt lat="50.120923" lon="18.446401">
        <ele>234.610764</ele>
        <time>2026-06-13T13:49:43.878Z</time>
      </trkpt>
      <trkpt lat="50.120827" lon="18.446451">
        <ele>234.560756</ele>
        <time>2026-06-13T13:49:47.398Z</time>
      </trkpt>
      <trkpt lat="50.120821" lon="18.446452">
        <ele>234.557775</ele>
        <time>2026-06-13T13:49:47.635Z</time>
      </trkpt>
      <trkpt lat="50.120202" lon="18.446536">
        <ele>234.250772</ele>
        <time>2026-06-13T13:50:10.363Z</time>
      </trkpt>
      <trkpt lat="50.120053" lon="18.446604">
        <ele>234.174064</ele>
        <time>2026-06-13T13:50:15.714Z</time>
      </trkpt>
      <trkpt lat="50.119921" lon="18.446972">
        <ele>234.031192</ele>
        <time>2026-06-13T13:50:21.489Z</time>
      </trkpt>
      <trkpt lat="50.119241" lon="18.450170">
        <ele>232.493675</ele>
        <time>2026-06-13T13:51:09.228Z</time>
      </trkpt>
      <trkpt lat="50.118788" lon="18.452558">
        <ele>232.213640</ele>
        <time>2026-06-13T13:51:46.622Z</time>
      </trkpt>
      <trkpt lat="50.118635" lon="18.453266">
        <ele>232.810267</ele>
        <time>2026-06-13T13:52:00.558Z</time>
      </trkpt>
      <trkpt lat="50.118624" lon="18.453594">
        <ele>233.072553</ele>
        <time>2026-06-13T13:52:07.018Z</time>
      </trkpt>
      <trkpt lat="50.118545" lon="18.454165">
        <ele>233.539026</ele>
        <time>2026-06-13T13:52:18.997Z</time>
      </trkpt>
      <trkpt lat="50.118492" lon="18.454510">
        <ele>233.822327</ele>
        <time>2026-06-13T13:52:26.539Z</time>
      </trkpt>
      <trkpt lat="50.118139" lon="18.455906">
        <ele>234.831802</ele>
        <time>2026-06-13T13:52:57.384Z</time>
      </trkpt>
      <trkpt lat="50.117861" lon="18.456865">
        <ele>235.475148</ele>
        <time>2026-06-13T13:53:16.718Z</time>
      </trkpt>
      <trkpt lat="50.117732" lon="18.457218">
        <ele>235.723516</ele>
        <time>2026-06-13T13:53:23.477Z</time>
      </trkpt>
      <trkpt lat="50.117660" lon="18.457546">
        <ele>235.924768</ele>
        <time>2026-06-13T13:53:28.865Z</time>
      </trkpt>
      <trkpt lat="50.117701" lon="18.458390">
        <ele>235.423082</ele>
        <time>2026-06-13T13:53:41.003Z</time>
      </trkpt>
      <trkpt lat="50.117573" lon="18.459887">
        <ele>234.527932</ele>
        <time>2026-06-13T13:54:01.225Z</time>
      </trkpt>
      <trkpt lat="50.117547" lon="18.460195">
        <ele>234.343800</ele>
        <time>2026-06-13T13:54:05.488Z</time>
      </trkpt>
      <trkpt lat="50.117493" lon="18.460511">
        <ele>234.275917</ele>
        <time>2026-06-13T13:54:10.089Z</time>
      </trkpt>
      <trkpt lat="50.117387" lon="18.460535">
        <ele>234.283081</ele>
        <time>2026-06-13T13:54:12.474Z</time>
      </trkpt>
      <trkpt lat="50.117067" lon="18.460507">
        <ele>234.304519</ele>
        <time>2026-06-13T13:54:19.933Z</time>
      </trkpt>
      <trkpt lat="50.116810" lon="18.460411">
        <ele>234.322195</ele>
        <time>2026-06-13T13:54:26.441Z</time>
      </trkpt>
      <trkpt lat="50.116734" lon="18.460414">
        <ele>234.327280</ele>
        <time>2026-06-13T13:54:28.414Z</time>
      </trkpt>
      <trkpt lat="50.116666" lon="18.460521">
        <ele>234.333742</ele>
        <time>2026-06-13T13:54:30.889Z</time>
      </trkpt>
      <trkpt lat="50.116383" lon="18.461555">
        <ele>234.381961</ele>
        <time>2026-06-13T13:54:59.638Z</time>
      </trkpt>
      <trkpt lat="50.115775" lon="18.463456">
        <ele>234.824523</ele>
        <time>2026-06-13T13:55:53.277Z</time>
      </trkpt>
      <trkpt lat="50.115670" lon="18.464232">
        <ele>234.998608</ele>
        <time>2026-06-13T13:56:12.078Z</time>
      </trkpt>
      <trkpt lat="50.115627" lon="18.464440">
        <ele>234.959046</ele>
        <time>2026-06-13T13:56:17.132Z</time>
      </trkpt>
      <trkpt lat="50.115478" lon="18.464750">
        <ele>234.871618</ele>
        <time>2026-06-13T13:56:25.976Z</time>
      </trkpt>
      <trkpt lat="50.115375" lon="18.464851">
        <ele>234.828799</ele>
        <time>2026-06-13T13:56:28.753Z</time>
      </trkpt>
      <trkpt lat="50.115325" lon="18.464988">
        <ele>234.793225</ele>
        <time>2026-06-13T13:56:31.024Z</time>
      </trkpt>
      <trkpt lat="50.114742" lon="18.466983">
        <ele>234.460926</ele>
        <time>2026-06-13T13:57:03.187Z</time>
      </trkpt>
      <trkpt lat="50.114490" lon="18.467722">
        <ele>234.698451</ele>
        <time>2026-06-13T13:57:17.681Z</time>
      </trkpt>
      <trkpt lat="50.113981" lon="18.469171">
        <ele>235.166188</ele>
        <time>2026-06-13T13:57:47.879Z</time>
      </trkpt>
      <trkpt lat="50.113540" lon="18.470736">
        <ele>235.045917</ele>
        <time>2026-06-13T13:58:14.598Z</time>
      </trkpt>
      <trkpt lat="50.113140" lon="18.472322">
        <ele>235.145169</ele>
        <time>2026-06-13T13:58:39.533Z</time>
      </trkpt>
      <trkpt lat="50.113101" lon="18.472481">
        <ele>235.194150</ele>
        <time>2026-06-13T13:58:41.958Z</time>
      </trkpt>
      <trkpt lat="50.113091" lon="18.472524">
        <ele>235.207311</ele>
        <time>2026-06-13T13:58:42.609Z</time>
      </trkpt>
      <trkpt lat="50.113025" lon="18.472850">
        <ele>235.305674</ele>
        <time>2026-06-13T13:58:47.769Z</time>
      </trkpt>
      <trkpt lat="50.112762" lon="18.473496">
        <ele>235.525841</ele>
        <time>2026-06-13T13:59:00.312Z</time>
      </trkpt>
      <trkpt lat="50.112468" lon="18.474432">
        <ele>235.825228</ele>
        <time>2026-06-13T13:59:18.402Z</time>
      </trkpt>
      <trkpt lat="50.112455" lon="18.474476">
        <ele>235.839027</ele>
        <time>2026-06-13T13:59:19.216Z</time>
      </trkpt>
      <trkpt lat="50.112359" lon="18.474797">
        <ele>235.939914</ele>
        <time>2026-06-13T13:59:25.114Z</time>
      </trkpt>
      <trkpt lat="50.111831" lon="18.476551">
        <ele>236.491826</ele>
        <time>2026-06-13T13:59:54.554Z</time>
      </trkpt>
      <trkpt lat="50.111820" lon="18.476589">
        <ele>236.503701</ele>
        <time>2026-06-13T13:59:55.132Z</time>
      </trkpt>
      <trkpt lat="50.111618" lon="18.477250">
        <ele>236.539833</ele>
        <time>2026-06-13T14:00:05.218Z</time>
      </trkpt>
      <trkpt lat="50.111244" lon="18.478464">
        <ele>236.441597</ele>
        <time>2026-06-13T14:00:23.703Z</time>
      </trkpt>
      <trkpt lat="50.110992" lon="18.479262">
        <ele>236.376717</ele>
        <time>2026-06-13T14:00:36.037Z</time>
      </trkpt>
      <trkpt lat="50.110956" lon="18.479378">
        <ele>236.371268</ele>
        <time>2026-06-13T14:00:37.857Z</time>
      </trkpt>
      <trkpt lat="50.110678" lon="18.480258">
        <ele>236.391012</ele>
        <time>2026-06-13T14:00:52.181Z</time>
      </trkpt>
      <trkpt lat="50.110292" lon="18.481574">
        <ele>236.420138</ele>
        <time>2026-06-13T14:01:13.581Z</time>
      </trkpt>
      <trkpt lat="50.110069" lon="18.482319">
        <ele>236.062791</ele>
        <time>2026-06-13T14:01:24.761Z</time>
      </trkpt>
      <trkpt lat="50.109964" lon="18.482688">
        <ele>235.761641</ele>
        <time>2026-06-13T14:01:30.164Z</time>
      </trkpt>
      <trkpt lat="50.109744" lon="18.483344">
        <ele>235.209398</ele>
        <time>2026-06-13T14:01:39.414Z</time>
      </trkpt>
      <trkpt lat="50.109764" lon="18.483376">
        <ele>235.176065</ele>
        <time>2026-06-13T14:01:39.958Z</time>
      </trkpt>
      <trkpt lat="50.110249" lon="18.483942">
        <ele>234.471398</ele>
        <time>2026-06-13T14:01:50.762Z</time>
      </trkpt>
      <trkpt lat="50.110461" lon="18.484166">
        <ele>233.997724</ele>
        <time>2026-06-13T14:01:55.158Z</time>
      </trkpt>
      <trkpt lat="50.110621" lon="18.484365">
        <ele>233.499941</ele>
        <time>2026-06-13T14:01:58.682Z</time>
      </trkpt>
      <trkpt lat="50.111103" lon="18.485686">
        <ele>231.129306</ele>
        <time>2026-06-13T14:02:15.052Z</time>
      </trkpt>
      <trkpt lat="50.111190" lon="18.485889">
        <ele>230.748475</ele>
        <time>2026-06-13T14:02:17.655Z</time>
      </trkpt>
      <trkpt lat="50.111295" lon="18.486019">
        <ele>230.422383</ele>
        <time>2026-06-13T14:02:19.903Z</time>
      </trkpt>
      <trkpt lat="50.111485" lon="18.486209">
        <ele>229.904645</ele>
        <time>2026-06-13T14:02:23.735Z</time>
      </trkpt>
      <trkpt lat="50.111984" lon="18.486466">
        <ele>229.087779</ele>
        <time>2026-06-13T14:02:33.021Z</time>
      </trkpt>
      <trkpt lat="50.112190" lon="18.486620">
        <ele>228.732673</ele>
        <time>2026-06-13T14:02:37.163Z</time>
      </trkpt>
      <trkpt lat="50.112248" lon="18.486789">
        <ele>228.541602</ele>
        <time>2026-06-13T14:02:39.375Z</time>
      </trkpt>
      <trkpt lat="50.112285" lon="18.486900">
        <ele>228.416900</ele>
        <time>2026-06-13T14:02:40.841Z</time>
      </trkpt>
      <trkpt lat="50.112478" lon="18.487559">
        <ele>227.694732</ele>
        <time>2026-06-13T14:02:49.399Z</time>
      </trkpt>
      <trkpt lat="50.112682" lon="18.487920">
        <ele>227.215101</ele>
        <time>2026-06-13T14:02:55.332Z</time>
      </trkpt>
      <trkpt lat="50.112833" lon="18.488404">
        <ele>227.268024</ele>
        <time>2026-06-13T14:03:02.371Z</time>
      </trkpt>
      <trkpt lat="50.112851" lon="18.488475">
        <ele>227.284307</ele>
        <time>2026-06-13T14:03:03.395Z</time>
      </trkpt>
      <trkpt lat="50.113081" lon="18.489289">
        <ele>227.474021</ele>
        <time>2026-06-13T14:03:16.054Z</time>
      </trkpt>
      <trkpt lat="50.113019" lon="18.489823">
        <ele>227.589764</ele>
        <time>2026-06-13T14:03:26.938Z</time>
      </trkpt>
      <trkpt lat="50.112934" lon="18.490067">
        <ele>227.648987</ele>
        <time>2026-06-13T14:03:32.862Z</time>
      </trkpt>
      <trkpt lat="50.112252" lon="18.490960">
        <ele>228.855310</ele>
        <time>2026-06-13T14:04:04.783Z</time>
      </trkpt>
      <trkpt lat="50.112147" lon="18.491157">
        <ele>229.181914</ele>
        <time>2026-06-13T14:04:10.962Z</time>
      </trkpt>
      <trkpt lat="50.112120" lon="18.491316">
        <ele>229.391627</ele>
        <time>2026-06-13T14:04:14.926Z</time>
      </trkpt>
      <trkpt lat="50.112039" lon="18.492553">
        <ele>230.977010</ele>
        <time>2026-06-13T14:04:44.999Z</time>
      </trkpt>
      <trkpt lat="50.112001" lon="18.493440">
        <ele>232.330714</ele>
        <time>2026-06-13T14:05:07.356Z</time>
      </trkpt>
      <trkpt lat="50.111919" lon="18.493972">
        <ele>233.227350</ele>
        <time>2026-06-13T14:05:21.752Z</time>
      </trkpt>
      <trkpt lat="50.112185" lon="18.493999">
        <ele>233.908519</ele>
        <time>2026-06-13T14:05:30.799Z</time>
      </trkpt>
      <trkpt lat="50.112586" lon="18.494059">
        <ele>234.937932</ele>
        <time>2026-06-13T14:05:44.133Z</time>
      </trkpt>
      <trkpt lat="50.112996" lon="18.494263">
        <ele>236.021429</ele>
        <time>2026-06-13T14:05:57.835Z</time>
      </trkpt>
      <trkpt lat="50.113425" lon="18.494366">
        <ele>236.955765</ele>
        <time>2026-06-13T14:06:10.974Z</time>
      </trkpt>
      <trkpt lat="50.113703" lon="18.494451">
        <ele>237.565576</ele>
        <time>2026-06-13T14:06:19.247Z</time>
      </trkpt>
      <trkpt lat="50.114469" lon="18.494718">
        <ele>239.255137</ele>
        <time>2026-06-13T14:06:42.282Z</time>
      </trkpt>
      <trkpt lat="50.114672" lon="18.494790">
        <ele>239.703269</ele>
        <time>2026-06-13T14:06:48.791Z</time>
      </trkpt>
      <trkpt lat="50.114907" lon="18.494875">
        <ele>240.500805</ele>
        <time>2026-06-13T14:06:57.468Z</time>
      </trkpt>
      <trkpt lat="50.115695" lon="18.495150">
        <ele>243.400962</ele>
        <time>2026-06-13T14:07:29.324Z</time>
      </trkpt>
      <trkpt lat="50.115755" lon="18.495164">
        <ele>243.618855</ele>
        <time>2026-06-13T14:07:31.893Z</time>
      </trkpt>
      <trkpt lat="50.116293" lon="18.495338">
        <ele>245.592234</ele>
        <time>2026-06-13T14:07:54.463Z</time>
      </trkpt>
      <trkpt lat="50.116824" lon="18.495542">
        <ele>247.053779</ele>
        <time>2026-06-13T14:08:16.806Z</time>
      </trkpt>
      <trkpt lat="50.117368" lon="18.495727">
        <ele>248.274461</ele>
        <time>2026-06-13T14:08:37.963Z</time>
      </trkpt>
      <trkpt lat="50.117458" lon="18.495764">
        <ele>248.478515</ele>
        <time>2026-06-13T14:08:41.126Z</time>
      </trkpt>
      <trkpt lat="50.117950" lon="18.496015">
        <ele>249.613412</ele>
        <time>2026-06-13T14:08:57.360Z</time>
      </trkpt>
      <trkpt lat="50.118213" lon="18.496094">
        <ele>250.200606</ele>
        <time>2026-06-13T14:09:04.436Z</time>
      </trkpt>
      <trkpt lat="50.119013" lon="18.496467">
        <ele>247.937186</ele>
        <time>2026-06-13T14:09:21.633Z</time>
      </trkpt>
      <trkpt lat="50.119612" lon="18.496755">
        <ele>246.222915</ele>
        <time>2026-06-13T14:09:32.762Z</time>
      </trkpt>
      <trkpt lat="50.119757" lon="18.496824">
        <ele>245.808310</ele>
        <time>2026-06-13T14:09:35.373Z</time>
      </trkpt>
      <trkpt lat="50.119940" lon="18.496911">
        <ele>245.282695</ele>
        <time>2026-06-13T14:09:38.632Z</time>
      </trkpt>
      <trkpt lat="50.121248" lon="18.497720">
        <ele>239.731968</ele>
        <time>2026-06-13T14:10:02.958Z</time>
      </trkpt>
      <trkpt lat="50.121362" lon="18.497790">
        <ele>239.248663</ele>
        <time>2026-06-13T14:10:05.240Z</time>
      </trkpt>
      <trkpt lat="50.122140" lon="18.498296">
        <ele>237.382178</ele>
        <time>2026-06-13T14:10:22.265Z</time>
      </trkpt>
      <trkpt lat="50.122316" lon="18.498415">
        <ele>237.111359</ele>
        <time>2026-06-13T14:10:26.712Z</time>
      </trkpt>
      <trkpt lat="50.123755" lon="18.499297">
        <ele>234.282586</ele>
        <time>2026-06-13T14:11:00.064Z</time>
      </trkpt>
      <trkpt lat="50.124103" lon="18.499523">
        <ele>233.277756</ele>
        <time>2026-06-13T14:11:07.203Z</time>
      </trkpt>
      <trkpt lat="50.125632" lon="18.500493">
        <ele>228.453294</ele>
        <time>2026-06-13T14:11:36.999Z</time>
      </trkpt>
      <trkpt lat="50.126415" lon="18.500957">
        <ele>225.742733</ele>
        <time>2026-06-13T14:11:52.399Z</time>
      </trkpt>
      <trkpt lat="50.126710" lon="18.501132">
        <ele>224.868960</ele>
        <time>2026-06-13T14:11:58.373Z</time>
      </trkpt>
      <trkpt lat="50.126759" lon="18.500996">
        <ele>224.694835</ele>
        <time>2026-06-13T14:12:00.033Z</time>
      </trkpt>
      <trkpt lat="50.126809" lon="18.501040">
        <ele>224.594887</ele>
        <time>2026-06-13T14:12:01.030Z</time>
      </trkpt>
      <trkpt lat="50.126858" lon="18.501083">
        <ele>224.497003</ele>
        <time>2026-06-13T14:12:01.961Z</time>
      </trkpt>
      <trkpt lat="50.128696" lon="18.496337">
        <ele>220.392567</ele>
        <time>2026-06-13T14:13:07.776Z</time>
      </trkpt>
      <trkpt lat="50.129229" lon="18.494871">
        <ele>222.563823</ele>
        <time>2026-06-13T14:13:43.945Z</time>
      </trkpt>
      <trkpt lat="50.129282" lon="18.494726">
        <ele>222.778858</ele>
        <time>2026-06-13T14:13:47.983Z</time>
      </trkpt>
      <trkpt lat="50.129362" lon="18.494783">
        <ele>222.955605</ele>
        <time>2026-06-13T14:13:51.879Z</time>
      </trkpt>
      <trkpt lat="50.129524" lon="18.494832">
        <ele>223.287231</ele>
        <time>2026-06-13T14:13:59.010Z</time>
      </trkpt>
      <trkpt lat="50.129554" lon="18.494840">
        <ele>223.348395</ele>
        <time>2026-06-13T14:14:00.489Z</time>
      </trkpt>
      <trkpt lat="50.129644" lon="18.494890">
        <ele>223.503381</ele>
        <time>2026-06-13T14:14:04.098Z</time>
      </trkpt>
      <trkpt lat="50.129877" lon="18.495097">
        <ele>223.777013</ele>
        <time>2026-06-13T14:14:13.687Z</time>
      </trkpt>
      <trkpt lat="50.130231" lon="18.495480">
        <ele>224.216650</ele>
        <time>2026-06-13T14:14:27.629Z</time>
      </trkpt>
      <trkpt lat="50.130992" lon="18.496065">
        <ele>225.082415</ele>
        <time>2026-06-13T14:14:50.925Z</time>
      </trkpt>
      <trkpt lat="50.131077" lon="18.496063">
        <ele>225.169167</ele>
        <time>2026-06-13T14:14:52.773Z</time>
      </trkpt>
      <trkpt lat="50.131395" lon="18.495752">
        <ele>224.839906</ele>
        <time>2026-06-13T14:15:00.497Z</time>
      </trkpt>
      <trkpt lat="50.131760" lon="18.495489">
        <ele>224.088133</ele>
        <time>2026-06-13T14:15:08.530Z</time>
      </trkpt>
      <trkpt lat="50.131909" lon="18.495586">
        <ele>223.786242</ele>
        <time>2026-06-13T14:15:11.690Z</time>
      </trkpt>
      <trkpt lat="50.131971" lon="18.495651">
        <ele>223.646565</ele>
        <time>2026-06-13T14:15:13.983Z</time>
      </trkpt>
      <trkpt lat="50.132012" lon="18.495695">
        <ele>223.553514</ele>
        <time>2026-06-13T14:15:15.525Z</time>
      </trkpt>
      <trkpt lat="50.132012" lon="18.495695">
        <ele>223.553514</ele>
        <time>2026-06-13T14:15:15.530Z</time>
      </trkpt>
      <trkpt lat="50.132011" lon="18.495697">
        <ele>223.550474</ele>
        <time>2026-06-13T14:15:15.572Z</time>
      </trkpt>
      <trkpt lat="50.132309" lon="18.495924">
        <ele>222.930384</ele>
        <time>2026-06-13T14:15:24.149Z</time>
      </trkpt>
      <trkpt lat="50.132820" lon="18.495821">
        <ele>221.966958</ele>
        <time>2026-06-13T14:15:37.477Z</time>
      </trkpt>
      <trkpt lat="50.133336" lon="18.495780">
        <ele>221.494516</ele>
        <time>2026-06-13T14:15:50.839Z</time>
      </trkpt>
      <trkpt lat="50.133336" lon="18.495780">
        <ele>221.494516</ele>
        <time>2026-06-13T14:15:50.859Z</time>
      </trkpt>
      <trkpt lat="50.133336" lon="18.495780">
        <ele>221.494516</ele>
        <time>2026-06-13T14:15:50.859Z</time>
      </trkpt>
      <trkpt lat="50.133996" lon="18.495155">
        <ele>220.811699</ele>
        <time>2026-06-13T14:16:10.825Z</time>
      </trkpt>
      <trkpt lat="50.134642" lon="18.494558">
        <ele>220.415418</ele>
        <time>2026-06-13T14:16:30.239Z</time>
      </trkpt>
      <trkpt lat="50.134642" lon="18.494558">
        <ele>220.415418</ele>
        <time>2026-06-13T14:16:30.246Z</time>
      </trkpt>
      <trkpt lat="50.135058" lon="18.493963">
        <ele>220.587294</ele>
        <time>2026-06-13T14:16:44.840Z</time>
      </trkpt>
      <trkpt lat="50.135425" lon="18.493328">
        <ele>220.754199</ele>
        <time>2026-06-13T14:16:59.007Z</time>
      </trkpt>
      <trkpt lat="50.135425" lon="18.493328">
        <ele>220.754199</ele>
        <time>2026-06-13T14:16:59.017Z</time>
      </trkpt>
      <trkpt lat="50.135258" lon="18.492704">
        <ele>220.886200</ele>
        <time>2026-06-13T14:17:10.226Z</time>
      </trkpt>
      <trkpt lat="50.135718" lon="18.491856">
        <ele>221.326640</ele>
        <time>2026-06-13T14:17:28.640Z</time>
      </trkpt>
      <trkpt lat="50.136179" lon="18.491008">
        <ele>221.776500</ele>
        <time>2026-06-13T14:17:47.071Z</time>
      </trkpt>
      <trkpt lat="50.136414" lon="18.490274">
        <ele>222.048416</ele>
        <time>2026-06-13T14:18:00.670Z</time>
      </trkpt>
      <trkpt lat="50.136626" lon="18.489524">
        <ele>222.126604</ele>
        <time>2026-06-13T14:18:14.256Z</time>
      </trkpt>
      <trkpt lat="50.136648" lon="18.489448">
        <ele>222.134559</ele>
        <time>2026-06-13T14:18:16.254Z</time>
      </trkpt>
      <trkpt lat="50.136747" lon="18.488494">
        <ele>222.226743</ele>
        <time>2026-06-13T14:18:39.651Z</time>
      </trkpt>
      <trkpt lat="50.136791" lon="18.488437">
        <ele>222.235254</ele>
        <time>2026-06-13T14:18:41.099Z</time>
      </trkpt>
      <trkpt lat="50.136944" lon="18.488238">
        <ele>222.264898</ele>
        <time>2026-06-13T14:18:46.047Z</time>
      </trkpt>
      <trkpt lat="50.137154" lon="18.487812">
        <ele>222.354765</ele>
        <time>2026-06-13T14:18:54.454Z</time>
      </trkpt>
      <trkpt lat="50.137251" lon="18.487782">
        <ele>222.400042</ele>
        <time>2026-06-13T14:18:56.859Z</time>
      </trkpt>
      <trkpt lat="50.137594" lon="18.487843">
        <ele>222.558104</ele>
        <time>2026-06-13T14:19:05.273Z</time>
      </trkpt>
      <trkpt lat="50.137729" lon="18.487727">
        <ele>222.628669</ele>
        <time>2026-06-13T14:19:09.086Z</time>
      </trkpt>
      <trkpt lat="50.138343" lon="18.486653">
        <ele>223.051004</ele>
        <time>2026-06-13T14:19:34.187Z</time>
      </trkpt>
      <trkpt lat="50.138562" lon="18.486148">
        <ele>223.210396</ele>
        <time>2026-06-13T14:19:45.755Z</time>
      </trkpt>
      <trkpt lat="50.138630" lon="18.485928">
        <ele>223.269204</ele>
        <time>2026-06-13T14:19:50.326Z</time>
      </trkpt>
      <trkpt lat="50.138684" lon="18.485449">
        <ele>223.386306</ele>
        <time>2026-06-13T14:19:59.235Z</time>
      </trkpt>
      <trkpt lat="50.138659" lon="18.484849">
        <ele>223.531076</ele>
        <time>2026-06-13T14:20:09.756Z</time>
      </trkpt>
      <trkpt lat="50.138657" lon="18.484814">
        <ele>223.539536</ele>
        <time>2026-06-13T14:20:10.355Z</time>
      </trkpt>
      <trkpt lat="50.138684" lon="18.484613">
        <ele>223.588984</ele>
        <time>2026-06-13T14:20:13.732Z</time>
      </trkpt>
      <trkpt lat="50.138741" lon="18.484412">
        <ele>223.641905</ele>
        <time>2026-06-13T14:20:17.261Z</time>
      </trkpt>
      <trkpt lat="50.138800" lon="18.484227">
        <ele>223.691658</ele>
        <time>2026-06-13T14:20:20.454Z</time>
      </trkpt>
      <trkpt lat="50.138990" lon="18.484035">
        <ele>223.776697</ele>
        <time>2026-06-13T14:20:25.737Z</time>
      </trkpt>
      <trkpt lat="50.139343" lon="18.483349">
        <ele>223.404746</ele>
        <time>2026-06-13T14:20:38.114Z</time>
      </trkpt>
      <trkpt lat="50.139572" lon="18.483214">
        <ele>223.216713</ele>
        <time>2026-06-13T14:20:43.292Z</time>
      </trkpt>
      <trkpt lat="50.139686" lon="18.483180">
        <ele>223.127563</ele>
        <time>2026-06-13T14:20:45.727Z</time>
      </trkpt>
      <trkpt lat="50.140304" lon="18.483079">
        <ele>222.650276</ele>
        <time>2026-06-13T14:20:59.137Z</time>
      </trkpt>
      <trkpt lat="50.140449" lon="18.483111">
        <ele>222.537791</ele>
        <time>2026-06-13T14:21:02.469Z</time>
      </trkpt>
      <trkpt lat="50.140539" lon="18.483176">
        <ele>222.461615</ele>
        <time>2026-06-13T14:21:04.776Z</time>
      </trkpt>
      <trkpt lat="50.140751" lon="18.483407">
        <ele>222.464339</ele>
        <time>2026-06-13T14:21:10.970Z</time>
      </trkpt>
      <trkpt lat="50.141004" lon="18.483493">
        <ele>222.528503</ele>
        <time>2026-06-13T14:21:17.409Z</time>
      </trkpt>
      <trkpt lat="50.141385" lon="18.483358">
        <ele>222.625319</ele>
        <time>2026-06-13T14:21:27.432Z</time>
      </trkpt>
      <trkpt lat="50.141757" lon="18.483155">
        <ele>222.722976</ele>
        <time>2026-06-13T14:21:37.987Z</time>
      </trkpt>
      <trkpt lat="50.141841" lon="18.482856">
        <ele>222.774823</ele>
        <time>2026-06-13T14:21:43.901Z</time>
      </trkpt>
      <trkpt lat="50.142638" lon="18.481192">
        <ele>222.839455</ele>
        <time>2026-06-13T14:22:19.459Z</time>
      </trkpt>
      <trkpt lat="50.142876" lon="18.480563">
        <ele>222.829235</ele>
        <time>2026-06-13T14:22:30.465Z</time>
      </trkpt>
      <trkpt lat="50.142916" lon="18.480388">
        <ele>222.826635</ele>
        <time>2026-06-13T14:22:33.158Z</time>
      </trkpt>
      <trkpt lat="50.142893" lon="18.480296">
        <ele>222.825254</ele>
        <time>2026-06-13T14:22:34.595Z</time>
      </trkpt>
      <trkpt lat="50.142894" lon="18.480258">
        <ele>222.824722</ele>
        <time>2026-06-13T14:22:35.079Z</time>
      </trkpt>
      <trkpt lat="50.144926" lon="18.479579">
        <ele>221.247072</ele>
        <time>2026-06-13T14:23:14.443Z</time>
      </trkpt>
      <trkpt lat="50.145471" lon="18.479397">
        <ele>221.857613</ele>
        <time>2026-06-13T14:23:27.550Z</time>
      </trkpt>
      <trkpt lat="50.146209" lon="18.479127">
        <ele>222.687980</ele>
        <time>2026-06-13T14:23:49.745Z</time>
      </trkpt>
      <trkpt lat="50.146538" lon="18.478967">
        <ele>223.065566</ele>
        <time>2026-06-13T14:24:00.952Z</time>
      </trkpt>
      <trkpt lat="50.146820" lon="18.478886">
        <ele>223.409617</ele>
        <time>2026-06-13T14:24:10.334Z</time>
      </trkpt>
      <trkpt lat="50.147124" lon="18.478675">
        <ele>223.808834</ele>
        <time>2026-06-13T14:24:20.696Z</time>
      </trkpt>
      <trkpt lat="50.147221" lon="18.478630">
        <ele>223.930256</ele>
        <time>2026-06-13T14:24:23.717Z</time>
      </trkpt>
      <trkpt lat="50.147787" lon="18.478434">
        <ele>224.625909</ele>
        <time>2026-06-13T14:24:39.677Z</time>
      </trkpt>
      <trkpt lat="50.148365" lon="18.478354">
        <ele>225.047043</ele>
        <time>2026-06-13T14:24:52.570Z</time>
      </trkpt>
      <trkpt lat="50.148381" lon="18.478535">
        <ele>224.798727</ele>
        <time>2026-06-13T14:24:54.938Z</time>
      </trkpt>
      <trkpt lat="50.148430" lon="18.478653">
        <ele>224.607633</ele>
        <time>2026-06-13T14:24:56.735Z</time>
      </trkpt>
      <trkpt lat="50.148537" lon="18.478773">
        <ele>224.328180</ele>
        <time>2026-06-13T14:24:59.353Z</time>
      </trkpt>
      <trkpt lat="50.149422" lon="18.478682">
        <ele>222.447163</ele>
        <time>2026-06-13T14:25:14.704Z</time>
      </trkpt>
      <trkpt lat="50.149622" lon="18.478681">
        <ele>222.022992</ele>
        <time>2026-06-13T14:25:17.902Z</time>
      </trkpt>
      <trkpt lat="50.149679" lon="18.478674">
        <ele>221.901730</ele>
        <time>2026-06-13T14:25:18.794Z</time>
      </trkpt>
      <trkpt lat="50.149747" lon="18.478882">
        <ele>221.584393</ele>
        <time>2026-06-13T14:25:21.158Z</time>
      </trkpt>
      <trkpt lat="50.149790" lon="18.478948">
        <ele>221.456480</ele>
        <time>2026-06-13T14:25:22.106Z</time>
      </trkpt>
      <trkpt lat="50.149811" lon="18.478977">
        <ele>221.395012</ele>
        <time>2026-06-13T14:25:22.719Z</time>
      </trkpt>
      <trkpt lat="50.149917" lon="18.479272">
        <ele>220.852711</ele>
        <time>2026-06-13T14:25:26.158Z</time>
      </trkpt>
      <trkpt lat="50.150253" lon="18.480198">
        <ele>219.146430</ele>
        <time>2026-06-13T14:25:37.106Z</time>
      </trkpt>
      <trkpt lat="50.150529" lon="18.480953">
        <ele>217.752714</ele>
        <time>2026-06-13T14:25:46.552Z</time>
      </trkpt>
      <trkpt lat="50.152206" lon="18.485553">
        <ele>216.198716</ele>
        <time>2026-06-13T14:26:58.542Z</time>
      </trkpt>
      <trkpt lat="50.152235" lon="18.485633">
        <ele>216.197106</ele>
        <time>2026-06-13T14:26:59.861Z</time>
      </trkpt>
      <trkpt lat="50.152242" lon="18.485652">
        <ele>216.196723</ele>
        <time>2026-06-13T14:27:00.176Z</time>
      </trkpt>
      <trkpt lat="50.152295" lon="18.485799">
        <ele>216.193770</ele>
        <time>2026-06-13T14:27:02.619Z</time>
      </trkpt>
      <trkpt lat="50.153572" lon="18.489300">
        <ele>217.639240</ele>
        <time>2026-06-13T14:28:06.551Z</time>
      </trkpt>
      <trkpt lat="50.153602" lon="18.489381">
        <ele>217.682269</ele>
        <time>2026-06-13T14:28:08.356Z</time>
      </trkpt>
      <trkpt lat="50.153651" lon="18.489514">
        <ele>217.752828</ele>
        <time>2026-06-13T14:28:11.437Z</time>
      </trkpt>
      <trkpt lat="50.153759" lon="18.489815">
        <ele>217.911489</ele>
        <time>2026-06-13T14:28:18.167Z</time>
      </trkpt>
      <trkpt lat="50.153819" lon="18.490233">
        <ele>218.108495</ele>
        <time>2026-06-13T14:28:25.828Z</time>
      </trkpt>
      <trkpt lat="50.153777" lon="18.490810">
        <ele>218.375569</ele>
        <time>2026-06-13T14:28:35.173Z</time>
      </trkpt>
      <trkpt lat="50.153821" lon="18.490926">
        <ele>218.437566</ele>
        <time>2026-06-13T14:28:37.098Z</time>
      </trkpt>
      <trkpt lat="50.153824" lon="18.490934">
        <ele>218.441830</ele>
        <time>2026-06-13T14:28:37.236Z</time>
      </trkpt>
      <trkpt lat="50.153880" lon="18.490998">
        <ele>218.491650</ele>
        <time>2026-06-13T14:28:38.865Z</time>
      </trkpt>
      <trkpt lat="50.153993" lon="18.491122">
        <ele>218.590802</ele>
        <time>2026-06-13T14:28:41.922Z</time>
      </trkpt>
      <trkpt lat="50.154378" lon="18.490268">
        <ele>217.465769</ele>
        <time>2026-06-13T14:28:54.818Z</time>
      </trkpt>
      <trkpt lat="50.154567" lon="18.489815">
        <ele>216.811469</ele>
        <time>2026-06-13T14:29:00.669Z</time>
      </trkpt>
      <trkpt lat="50.154617" lon="18.489604">
        <ele>216.539173</ele>
        <time>2026-06-13T14:29:03.003Z</time>
      </trkpt>
      <trkpt lat="50.154645" lon="18.489306">
        <ele>216.174624</ele>
        <time>2026-06-13T14:29:06.147Z</time>
      </trkpt>
      <trkpt lat="50.154646" lon="18.488828">
        <ele>215.596064</ele>
        <time>2026-06-13T14:29:11.294Z</time>
      </trkpt>
      <trkpt lat="50.154405" lon="18.487377">
        <ele>213.756547</ele>
        <time>2026-06-13T14:29:28.180Z</time>
      </trkpt>
      <trkpt lat="50.154395" lon="18.487235">
        <ele>213.580630</ele>
        <time>2026-06-13T14:29:29.849Z</time>
      </trkpt>
      <trkpt lat="50.154389" lon="18.487172">
        <ele>213.502198</ele>
        <time>2026-06-13T14:29:30.590Z</time>
      </trkpt>
      <trkpt lat="50.154367" lon="18.485635">
        <ele>211.694395</ele>
        <time>2026-06-13T14:29:48.306Z</time>
      </trkpt>
      <trkpt lat="50.154300" lon="18.484471">
        <ele>210.998453</ele>
        <time>2026-06-13T14:30:01.436Z</time>
      </trkpt>
      <trkpt lat="50.154268" lon="18.483949">
        <ele>210.686188</ele>
        <time>2026-06-13T14:30:07.875Z</time>
      </trkpt>
      <trkpt lat="50.154233" lon="18.483382">
        <ele>210.346981</ele>
        <time>2026-06-13T14:30:15.886Z</time>
      </trkpt>
      <trkpt lat="50.154223" lon="18.483232">
        <ele>210.257175</ele>
        <time>2026-06-13T14:30:18.130Z</time>
      </trkpt>
      <trkpt lat="50.154220" lon="18.483167">
        <ele>210.218368</ele>
        <time>2026-06-13T14:30:19.139Z</time>
      </trkpt>
      <trkpt lat="50.154192" lon="18.482684">
        <ele>210.490965</ele>
        <time>2026-06-13T14:30:26.655Z</time>
      </trkpt>
      <trkpt lat="50.154185" lon="18.482564">
        <ele>210.651913</ele>
        <time>2026-06-13T14:30:28.570Z</time>
      </trkpt>
      <trkpt lat="50.154176" lon="18.482407">
        <ele>210.862458</ele>
        <time>2026-06-13T14:30:31.272Z</time>
      </trkpt>
      <trkpt lat="50.154168" lon="18.482218">
        <ele>211.115457</ele>
        <time>2026-06-13T14:30:34.682Z</time>
      </trkpt>
      <trkpt lat="50.154140" lon="18.481777">
        <ele>211.707392</ele>
        <time>2026-06-13T14:30:43.251Z</time>
      </trkpt>
      <trkpt lat="50.154130" lon="18.481534">
        <ele>212.032639</ele>
        <time>2026-06-13T14:30:48.388Z</time>
      </trkpt>
      <trkpt lat="50.154127" lon="18.481347">
        <ele>212.282496</ele>
        <time>2026-06-13T14:30:52.412Z</time>
      </trkpt>
      <trkpt lat="50.154129" lon="18.481137">
        <ele>212.563027</ele>
        <time>2026-06-13T14:30:56.899Z</time>
      </trkpt>
      <trkpt lat="50.154164" lon="18.480793">
        <ele>213.028269</ele>
        <time>2026-06-13T14:31:04.492Z</time>
      </trkpt>
      <trkpt lat="50.154160" lon="18.480304">
        <ele>213.681486</ele>
        <time>2026-06-13T14:31:15.379Z</time>
      </trkpt>
      <trkpt lat="50.154143" lon="18.480170">
        <ele>213.865236</ele>
        <time>2026-06-13T14:31:18.385Z</time>
      </trkpt>
      <trkpt lat="50.154048" lon="18.479762">
        <ele>214.509252</ele>
        <time>2026-06-13T14:31:27.750Z</time>
      </trkpt>
      <trkpt lat="50.154008" lon="18.479596">
        <ele>214.772361</ele>
        <time>2026-06-13T14:31:31.625Z</time>
      </trkpt>
      <trkpt lat="50.153978" lon="18.479475">
        <ele>214.964841</ele>
        <time>2026-06-13T14:31:34.412Z</time>
      </trkpt>
      <trkpt lat="50.154013" lon="18.479457">
        <ele>215.050167</ele>
        <time>2026-06-13T14:31:35.709Z</time>
      </trkpt>
      <trkpt lat="50.154026" lon="18.479302">
        <ele>215.282079</ele>
        <time>2026-06-13T14:31:39.158Z</time>
      </trkpt>
      <trkpt lat="50.154081" lon="18.478965">
        <ele>215.797999</ele>
        <time>2026-06-13T14:31:46.779Z</time>
      </trkpt>
      <trkpt lat="50.154091" lon="18.478870">
        <ele>215.940825</ele>
        <time>2026-06-13T14:31:48.848Z</time>
      </trkpt>
      <trkpt lat="50.154128" lon="18.478807">
        <ele>216.067611</ele>
        <time>2026-06-13T14:31:50.645Z</time>
      </trkpt>
      <trkpt lat="50.154222" lon="18.478740">
        <ele>216.306883</ele>
        <time>2026-06-13T14:31:54.047Z</time>
      </trkpt>
      <trkpt lat="50.154457" lon="18.478616">
        <ele>216.881262</ele>
        <time>2026-06-13T14:32:01.839Z</time>
      </trkpt>
      <trkpt lat="50.154527" lon="18.478588">
        <ele>217.048580</ele>
        <time>2026-06-13T14:32:03.926Z</time>
      </trkpt>
      <trkpt lat="50.154515" lon="18.478511">
        <ele>217.166142</ele>
        <time>2026-06-13T14:32:07.442Z</time>
      </trkpt>
      <trkpt lat="50.154938" lon="18.478399">
        <ele>218.188775</ele>
        <time>2026-06-13T14:32:19.351Z</time>
      </trkpt>
      <trkpt lat="50.155625" lon="18.478269">
        <ele>220.119302</ele>
        <time>2026-06-13T14:32:39.324Z</time>
      </trkpt>
      <trkpt lat="50.155614" lon="18.478123">
        <ele>220.382053</ele>
        <time>2026-06-13T14:32:42.261Z</time>
      </trkpt>
      <trkpt lat="50.155573" lon="18.477806">
        <ele>220.960071</ele>
        <time>2026-06-13T14:32:49.144Z</time>
      </trkpt>
      <trkpt lat="50.155602" lon="18.477532">
        <ele>221.456441</ele>
        <time>2026-06-13T14:32:55.351Z</time>
      </trkpt>
      <trkpt lat="50.155933" lon="18.475723">
        <ele>225.986068</ele>
        <time>2026-06-13T14:33:44.656Z</time>
      </trkpt>
      <trkpt lat="50.156154" lon="18.473867">
        <ele>231.519566</ele>
        <time>2026-06-13T14:34:35.258Z</time>
      </trkpt>
      <trkpt lat="50.156325" lon="18.472886">
        <ele>233.916235</ele>
        <time>2026-06-13T14:35:00.924Z</time>
      </trkpt>
      <trkpt lat="50.156593" lon="18.471818">
        <ele>236.620146</ele>
        <time>2026-06-13T14:35:28.712Z</time>
      </trkpt>
      <trkpt lat="50.156985" lon="18.470846">
        <ele>237.932233</ele>
        <time>2026-06-13T14:35:51.655Z</time>
      </trkpt>
      <trkpt lat="50.157164" lon="18.470554">
        <ele>237.918835</ele>
        <time>2026-06-13T14:35:58.485Z</time>
      </trkpt>
      <trkpt lat="50.157371" lon="18.470333">
        <ele>237.905857</ele>
        <time>2026-06-13T14:36:04.577Z</time>
      </trkpt>
      <trkpt lat="50.157474" lon="18.470167">
        <ele>237.898196</ele>
        <time>2026-06-13T14:36:07.843Z</time>
      </trkpt>
      <trkpt lat="50.157655" lon="18.470063">
        <ele>237.888216</ele>
        <time>2026-06-13T14:36:14.638Z</time>
      </trkpt>
      <trkpt lat="50.158623" lon="18.469109">
        <ele>236.128009</ele>
        <time>2026-06-13T14:36:49.948Z</time>
      </trkpt>
      <trkpt lat="50.159227" lon="18.468629">
        <ele>234.073186</ele>
        <time>2026-06-13T14:37:09.817Z</time>
      </trkpt>
      <trkpt lat="50.160644" lon="18.467951">
        <ele>229.808568</ele>
        <time>2026-06-13T14:37:52.960Z</time>
      </trkpt>
      <trkpt lat="50.160709" lon="18.467915">
        <ele>229.616387</ele>
        <time>2026-06-13T14:37:55.013Z</time>
      </trkpt>
      <trkpt lat="50.161299" lon="18.467589">
        <ele>227.872440</ele>
        <time>2026-06-13T14:38:14.024Z</time>
      </trkpt>
      <trkpt lat="50.161876" lon="18.467006">
        <ele>227.692349</ele>
        <time>2026-06-13T14:38:36.847Z</time>
      </trkpt>
      <trkpt lat="50.162274" lon="18.466580">
        <ele>227.971831</ele>
        <time>2026-06-13T14:38:55.558Z</time>
      </trkpt>
      <trkpt lat="50.162714" lon="18.466370">
        <ele>228.238300</ele>
        <time>2026-06-13T14:39:15.851Z</time>
      </trkpt>
      <trkpt lat="50.163560" lon="18.466199">
        <ele>229.077547</ele>
        <time>2026-06-13T14:39:56.524Z</time>
      </trkpt>
      <trkpt lat="50.164020" lon="18.466038">
        <ele>229.668008</ele>
        <time>2026-06-13T14:40:17.776Z</time>
      </trkpt>
      <trkpt lat="50.165402" lon="18.465244">
        <ele>230.557550</ele>
        <time>2026-06-13T14:41:12.499Z</time>
      </trkpt>
      <trkpt lat="50.166817" lon="18.464410">
        <ele>230.774046</ele>
        <time>2026-06-13T14:42:05.951Z</time>
      </trkpt>
      <trkpt lat="50.166897" lon="18.464363">
        <ele>230.875888</ele>
        <time>2026-06-13T14:42:09.389Z</time>
      </trkpt>
      <trkpt lat="50.169172" lon="18.463032">
        <ele>234.379629</ele>
        <time>2026-06-13T14:43:56.872Z</time>
      </trkpt>
      <trkpt lat="50.170167" lon="18.462451">
        <ele>236.286426</ele>
        <time>2026-06-13T14:44:43.382Z</time>
      </trkpt>
      <trkpt lat="50.173123" lon="18.460800">
        <ele>241.422831</ele>
        <time>2026-06-13T14:47:04.005Z</time>
      </trkpt>
      <trkpt lat="50.173533" lon="18.460519">
        <ele>240.954933</ele>
        <time>2026-06-13T14:47:19.411Z</time>
      </trkpt>
      <trkpt lat="50.176742" lon="18.457276">
        <ele>232.753845</ele>
        <time>2026-06-13T14:49:16.497Z</time>
      </trkpt>
      <trkpt lat="50.177503" lon="18.456507">
        <ele>230.912739</ele>
        <time>2026-06-13T14:49:44.820Z</time>
      </trkpt>
      <trkpt lat="50.179338" lon="18.454503">
        <ele>227.623331</ele>
        <time>2026-06-13T14:50:58.947Z</time>
      </trkpt>
      <trkpt lat="50.181485" lon="18.453042">
        <ele>223.840437</ele>
        <time>2026-06-13T14:52:14.547Z</time>
      </trkpt>
      <trkpt lat="50.183272" lon="18.451479">
        <ele>220.417029</ele>
        <time>2026-06-13T14:53:19.334Z</time>
      </trkpt>
      <trkpt lat="50.184416" lon="18.450593">
        <ele>218.977159</ele>
        <time>2026-06-13T14:54:01.996Z</time>
      </trkpt>
      <trkpt lat="50.184640" lon="18.450232">
        <ele>218.885664</ele>
        <time>2026-06-13T14:54:09.012Z</time>
      </trkpt>
      <trkpt lat="50.185124" lon="18.449272">
        <ele>218.663272</ele>
        <time>2026-06-13T14:54:27.012Z</time>
      </trkpt>
      <trkpt lat="50.185529" lon="18.448722">
        <ele>218.300959</ele>
        <time>2026-06-13T14:54:39.317Z</time>
      </trkpt>
      <trkpt lat="50.185564" lon="18.448660">
        <ele>218.237430</ele>
        <time>2026-06-13T14:54:40.510Z</time>
      </trkpt>
      <trkpt lat="50.186811" lon="18.447073">
        <ele>216.192500</ele>
        <time>2026-06-13T14:55:10.302Z</time>
      </trkpt>
      <trkpt lat="50.186959" lon="18.446922">
        <ele>215.760778</ele>
        <time>2026-06-13T14:55:13.285Z</time>
      </trkpt>
      <trkpt lat="50.187263" lon="18.446729">
        <ele>214.959378</ele>
        <time>2026-06-13T14:55:18.781Z</time>
      </trkpt>
      <trkpt lat="50.187454" lon="18.446554">
        <ele>214.418592</ele>
        <time>2026-06-13T14:55:22.439Z</time>
      </trkpt>
      <trkpt lat="50.187672" lon="18.446455">
        <ele>213.864159</ele>
        <time>2026-06-13T14:55:26.166Z</time>
      </trkpt>
      <trkpt lat="50.187943" lon="18.446474">
        <ele>213.201676</ele>
        <time>2026-06-13T14:55:30.625Z</time>
      </trkpt>
      <trkpt lat="50.188196" lon="18.446566">
        <ele>212.567293</ele>
        <time>2026-06-13T14:55:35.002Z</time>
      </trkpt>
      <trkpt lat="50.188663" lon="18.446735">
        <ele>211.631802</ele>
        <time>2026-06-13T14:55:43.447Z</time>
      </trkpt>
      <trkpt lat="50.188884" lon="18.446856">
        <ele>211.274200</ele>
        <time>2026-06-13T14:55:47.671Z</time>
      </trkpt>
      <trkpt lat="50.189245" lon="18.447531">
        <ele>210.414328</ele>
        <time>2026-06-13T14:55:57.995Z</time>
      </trkpt>
      <trkpt lat="50.189750" lon="18.448491">
        <ele>209.249564</ele>
        <time>2026-06-13T14:56:13.108Z</time>
      </trkpt>
      <trkpt lat="50.189947" lon="18.448723">
        <ele>209.113743</ele>
        <time>2026-06-13T14:56:17.794Z</time>
      </trkpt>
      <trkpt lat="50.190185" lon="18.448821">
        <ele>208.978248</ele>
        <time>2026-06-13T14:56:22.494Z</time>
      </trkpt>
      <trkpt lat="50.190293" lon="18.448833">
        <ele>208.918644</ele>
        <time>2026-06-13T14:56:24.585Z</time>
      </trkpt>
      <trkpt lat="50.190448" lon="18.448707">
        <ele>208.822452</ele>
        <time>2026-06-13T14:56:28.016Z</time>
      </trkpt>
      <trkpt lat="50.190746" lon="18.448579">
        <ele>208.652313</ele>
        <time>2026-06-13T14:56:34.309Z</time>
      </trkpt>
      <trkpt lat="50.191323" lon="18.448416">
        <ele>208.329522</ele>
        <time>2026-06-13T14:56:47.400Z</time>
      </trkpt>
      <trkpt lat="50.191568" lon="18.448241">
        <ele>208.270587</ele>
        <time>2026-06-13T14:56:53.697Z</time>
      </trkpt>
      <trkpt lat="50.191996" lon="18.447935">
        <ele>208.229200</ele>
        <time>2026-06-13T14:57:04.183Z</time>
      </trkpt>
      <trkpt lat="50.192187" lon="18.447762">
        <ele>208.209787</ele>
        <time>2026-06-13T14:57:09.325Z</time>
      </trkpt>
      <trkpt lat="50.192283" lon="18.447671">
        <ele>208.199913</ele>
        <time>2026-06-13T14:57:11.939Z</time>
      </trkpt>
      <trkpt lat="50.192381" lon="18.447799">
        <ele>208.188681</ele>
        <time>2026-06-13T14:57:14.794Z</time>
      </trkpt>
      <trkpt lat="50.192478" lon="18.447984">
        <ele>208.175220</ele>
        <time>2026-06-13T14:57:18.180Z</time>
      </trkpt>
      <trkpt lat="50.192560" lon="18.448260">
        <ele>208.158093</ele>
        <time>2026-06-13T14:57:22.429Z</time>
      </trkpt>
      <trkpt lat="50.192732" lon="18.448185">
        <ele>208.142391</ele>
        <time>2026-06-13T14:57:26.248Z</time>
      </trkpt>
      <trkpt lat="50.192848" lon="18.447967">
        <ele>208.085002</ele>
        <time>2026-06-13T14:57:30.109Z</time>
      </trkpt>
      <trkpt lat="50.192882" lon="18.447828">
        <ele>207.960675</ele>
        <time>2026-06-13T14:57:32.112Z</time>
      </trkpt>
      <trkpt lat="50.192998" lon="18.448012">
        <ele>207.744910</ele>
        <time>2026-06-13T14:57:35.332Z</time>
      </trkpt>
      <trkpt lat="50.193100" lon="18.448104">
        <ele>207.591191</ele>
        <time>2026-06-13T14:57:37.532Z</time>
      </trkpt>
      <trkpt lat="50.193695" lon="18.448061">
        <ele>206.813827</ele>
        <time>2026-06-13T14:57:48.274Z</time>
      </trkpt>
      <trkpt lat="50.193882" lon="18.448047">
        <ele>206.569494</ele>
        <time>2026-06-13T14:57:51.560Z</time>
      </trkpt>
      <trkpt lat="50.193979" lon="18.447992">
        <ele>206.434817</ele>
        <time>2026-06-13T14:57:53.363Z</time>
      </trkpt>
      <trkpt lat="50.194075" lon="18.447869">
        <ele>206.272772</ele>
        <time>2026-06-13T14:57:55.569Z</time>
      </trkpt>
      <trkpt lat="50.194059" lon="18.447825">
        <ele>206.230493</ele>
        <time>2026-06-13T14:57:57.818Z</time>
      </trkpt>
      <trkpt lat="50.194075" lon="18.447869">
        <ele>206.188214</ele>
        <time>2026-06-13T14:57:58.666Z</time>
      </trkpt>
      <trkpt lat="50.194380" lon="18.447473">
        <ele>205.703307</ele>
        <time>2026-06-13T14:58:06.182Z</time>
      </trkpt>
      <trkpt lat="50.194403" lon="18.447520">
        <ele>205.668385</ele>
        <time>2026-06-13T14:58:08.852Z</time>
      </trkpt>
      <trkpt lat="50.194511" lon="18.447515">
        <ele>205.568757</ele>
        <time>2026-06-13T14:58:16.327Z</time>
      </trkpt>
      <trkpt lat="50.194674" lon="18.447607">
        <ele>205.408949</ele>
        <time>2026-06-13T14:58:28.371Z</time>
      </trkpt>
      <trkpt lat="50.194801" lon="18.447767">
        <ele>205.258505</ele>
        <time>2026-06-13T14:58:39.707Z</time>
      </trkpt>
      <trkpt lat="50.194885" lon="18.447920">
        <ele>205.139526</ele>
        <time>2026-06-13T14:58:48.675Z</time>
      </trkpt>
      <trkpt lat="50.194951" lon="18.448135">
        <ele>204.998777</ele>
        <time>2026-06-13T14:58:59.310Z</time>
      </trkpt>
      <trkpt lat="50.194999" lon="18.448399">
        <ele>204.836777</ele>
        <time>2026-06-13T14:59:11.528Z</time>
      </trkpt>
      <trkpt lat="50.195017" lon="18.448520">
        <ele>204.763448</ele>
        <time>2026-06-13T14:59:17.046Z</time>
      </trkpt>
      <trkpt lat="50.195089" lon="18.448985">
        <ele>204.481049</ele>
        <time>2026-06-13T14:59:38.348Z</time>
      </trkpt>
      <trkpt lat="50.195264" lon="18.449160">
        <ele>204.289453</ele>
        <time>2026-06-13T14:59:45.940Z</time>
      </trkpt>
      <trkpt lat="50.195370" lon="18.449312">
        <ele>204.156775</ele>
        <time>2026-06-13T14:59:51.061Z</time>
      </trkpt>
      <trkpt lat="50.195500" lon="18.449598">
        <ele>203.949145</ele>
        <time>2026-06-13T14:59:58.779Z</time>
      </trkpt>
      <trkpt lat="50.195527" lon="18.449688">
        <ele>203.890279</ele>
        <time>2026-06-13T15:00:00.894Z</time>
      </trkpt>
      <trkpt lat="50.195578" lon="18.450144">
        <ele>203.616119</ele>
        <time>2026-06-13T15:00:10.676Z</time>
      </trkpt>
      <trkpt lat="50.195469" lon="18.450541">
        <ele>203.360280</ele>
        <time>2026-06-13T15:00:19.783Z</time>
      </trkpt>
      <trkpt lat="50.195417" lon="18.450731">
        <ele>203.237899</ele>
        <time>2026-06-13T15:00:24.182Z</time>
      </trkpt>
      <trkpt lat="50.195069" lon="18.451157">
        <ele>202.828861</ele>
        <time>2026-06-13T15:00:39.097Z</time>
      </trkpt>
      <trkpt lat="50.194875" lon="18.451248">
        <ele>202.641463</ele>
        <time>2026-06-13T15:00:46.071Z</time>
      </trkpt>
      <trkpt lat="50.194657" lon="18.451283">
        <ele>202.443959</ele>
        <time>2026-06-13T15:00:53.739Z</time>
      </trkpt>
      <trkpt lat="50.194381" lon="18.452077">
        <ele>202.043727</ele>
        <time>2026-06-13T15:01:14.019Z</time>
      </trkpt>
      <trkpt lat="50.194287" lon="18.452239">
        <ele>201.946873</ele>
        <time>2026-06-13T15:01:18.902Z</time>
      </trkpt>
      <trkpt lat="50.194032" lon="18.452352">
        <ele>201.763460</ele>
        <time>2026-06-13T15:01:28.127Z</time>
      </trkpt>
      <trkpt lat="50.193985" lon="18.452580">
        <ele>201.657352</ele>
        <time>2026-06-13T15:01:31.532Z</time>
      </trkpt>
      <trkpt lat="50.193920" lon="18.452737">
        <ele>201.574527</ele>
        <time>2026-06-13T15:01:34.172Z</time>
      </trkpt>
      <trkpt lat="50.193806" lon="18.452906">
        <ele>201.465774</ele>
        <time>2026-06-13T15:01:37.595Z</time>
      </trkpt>
      <trkpt lat="50.193599" lon="18.453121">
        <ele>201.293763</ele>
        <time>2026-06-13T15:01:43.014Z</time>
      </trkpt>
      <trkpt lat="50.193514" lon="18.453250">
        <ele>201.215180</ele>
        <time>2026-06-13T15:01:45.616Z</time>
      </trkpt>
      <trkpt lat="50.193218" lon="18.454065">
        <ele>201.248605</ele>
        <time>2026-06-13T15:01:59.316Z</time>
      </trkpt>
      <trkpt lat="50.193202" lon="18.454300">
        <ele>201.257036</ele>
        <time>2026-06-13T15:02:02.940Z</time>
      </trkpt>
      <trkpt lat="50.193195" lon="18.454375">
        <ele>201.259739</ele>
        <time>2026-06-13T15:02:04.176Z</time>
      </trkpt>
      <trkpt lat="50.193135" lon="18.455097">
        <ele>201.285711</ele>
        <time>2026-06-13T15:02:16.415Z</time>
      </trkpt>
      <trkpt lat="50.193211" lon="18.455375">
        <ele>201.296494</ele>
        <time>2026-06-13T15:02:21.558Z</time>
      </trkpt>
      <trkpt lat="50.193421" lon="18.455800">
        <ele>201.316657</ele>
        <time>2026-06-13T15:02:30.891Z</time>
      </trkpt>
      <trkpt lat="50.193457" lon="18.455875">
        <ele>201.326782</ele>
        <time>2026-06-13T15:02:32.560Z</time>
      </trkpt>
      <trkpt lat="50.193820" lon="18.455301">
        <ele>201.413923</ele>
        <time>2026-06-13T15:02:46.745Z</time>
      </trkpt>
      <trkpt lat="50.193943" lon="18.455080">
        <ele>201.445551</ele>
        <time>2026-06-13T15:02:51.720Z</time>
      </trkpt>
      <trkpt lat="50.194038" lon="18.454970">
        <ele>201.465501</ele>
        <time>2026-06-13T15:02:54.759Z</time>
      </trkpt>
      <trkpt lat="50.194212" lon="18.454587">
        <ele>201.516223</ele>
        <time>2026-06-13T15:03:01.983Z</time>
      </trkpt>
      <trkpt lat="50.194319" lon="18.454512">
        <ele>201.536009</ele>
        <time>2026-06-13T15:03:04.697Z</time>
      </trkpt>
      <trkpt lat="50.194521" lon="18.453785">
        <ele>201.617486</ele>
        <time>2026-06-13T15:03:16.712Z</time>
      </trkpt>
      <trkpt lat="50.194559" lon="18.453160">
        <ele>201.592747</ele>
        <time>2026-06-13T15:03:26.445Z</time>
      </trkpt>
      <trkpt lat="50.194701" lon="18.452627">
        <ele>201.569999</ele>
        <time>2026-06-13T15:03:35.419Z</time>
      </trkpt>
      <trkpt lat="50.194716" lon="18.452320">
        <ele>201.557866</ele>
        <time>2026-06-13T15:03:40.233Z</time>
      </trkpt>
      <trkpt lat="50.194831" lon="18.451875">
        <ele>201.538957</ele>
        <time>2026-06-13T15:03:47.792Z</time>
      </trkpt>
      <trkpt lat="50.195343" lon="18.451501">
        <ele>201.522180</ele>
        <time>2026-06-13T15:04:01.919Z</time>
      </trkpt>
      <trkpt lat="50.195675" lon="18.451502">
        <ele>201.600960</ele>
        <time>2026-06-13T15:04:10.197Z</time>
      </trkpt>
      <trkpt lat="50.195750" lon="18.451475">
        <ele>201.619223</ele>
        <time>2026-06-13T15:04:12.145Z</time>
      </trkpt>
      <trkpt lat="50.195826" lon="18.451389">
        <ele>201.641492</ele>
        <time>2026-06-13T15:04:14.508Z</time>
      </trkpt>
      <trkpt lat="50.196067" lon="18.450892">
        <ele>201.736201</ele>
        <time>2026-06-13T15:04:24.699Z</time>
      </trkpt>
      <trkpt lat="50.196212" lon="18.450881">
        <ele>201.770649</ele>
        <time>2026-06-13T15:04:28.438Z</time>
      </trkpt>
      <trkpt lat="50.196744" lon="18.450721">
        <ele>201.899205</ele>
        <time>2026-06-13T15:04:42.684Z</time>
      </trkpt>
      <trkpt lat="50.196942" lon="18.450695">
        <ele>201.932149</ele>
        <time>2026-06-13T15:04:47.928Z</time>
      </trkpt>
      <trkpt lat="50.197064" lon="18.450709">
        <ele>201.925871</ele>
        <time>2026-06-13T15:04:51.158Z</time>
      </trkpt>
      <trkpt lat="50.197178" lon="18.450722">
        <ele>201.920005</ele>
        <time>2026-06-13T15:04:54.149Z</time>
      </trkpt>
      <trkpt lat="50.197624" lon="18.450858">
        <ele>201.896683</ele>
        <time>2026-06-13T15:05:05.984Z</time>
      </trkpt>
      <trkpt lat="50.197826" lon="18.450775">
        <ele>201.885964</ele>
        <time>2026-06-13T15:05:11.305Z</time>
      </trkpt>
      <trkpt lat="50.197999" lon="18.450474">
        <ele>201.872675</ele>
        <time>2026-06-13T15:05:17.747Z</time>
      </trkpt>
      <trkpt lat="50.197784" lon="18.449857">
        <ele>201.849596</ele>
        <time>2026-06-13T15:05:28.396Z</time>
      </trkpt>
      <trkpt lat="50.197660" lon="18.449338">
        <ele>201.710021</ele>
        <time>2026-06-13T15:05:36.220Z</time>
      </trkpt>
      <trkpt lat="50.197636" lon="18.448958">
        <ele>201.558681</ele>
        <time>2026-06-13T15:05:41.463Z</time>
      </trkpt>
      <trkpt lat="50.197547" lon="18.448478">
        <ele>201.360619</ele>
        <time>2026-06-13T15:05:48.408Z</time>
      </trkpt>
      <trkpt lat="50.197346" lon="18.448081">
        <ele>201.160007</ele>
        <time>2026-06-13T15:05:55.568Z</time>
      </trkpt>
      <trkpt lat="50.197316" lon="18.448029">
        <ele>201.132262</ele>
        <time>2026-06-13T15:05:56.580Z</time>
      </trkpt>
      <trkpt lat="50.197167" lon="18.447780">
        <ele>200.997170</ele>
        <time>2026-06-13T15:06:04.178Z</time>
      </trkpt>
      <trkpt lat="50.197123" lon="18.447723">
        <ele>200.961779</ele>
        <time>2026-06-13T15:06:06.177Z</time>
      </trkpt>
      <trkpt lat="50.197377" lon="18.447188">
        <ele>200.730522</ele>
        <time>2026-06-13T15:06:16.162Z</time>
      </trkpt>
      <trkpt lat="50.197543" lon="18.446541">
        <ele>200.746322</ele>
        <time>2026-06-13T15:06:27.078Z</time>
      </trkpt>
      <trkpt lat="50.197578" lon="18.446232">
        <ele>200.753435</ele>
        <time>2026-06-13T15:06:32.257Z</time>
      </trkpt>
      <trkpt lat="50.197519" lon="18.446042">
        <ele>200.758222</ele>
        <time>2026-06-13T15:06:35.841Z</time>
      </trkpt>
      <trkpt lat="50.197419" lon="18.445875">
        <ele>200.763405</ele>
        <time>2026-06-13T15:06:39.665Z</time>
      </trkpt>
      <trkpt lat="50.197392" lon="18.445703">
        <ele>200.767419</ele>
        <time>2026-06-13T15:06:42.587Z</time>
      </trkpt>
      <trkpt lat="50.197382" lon="18.445640">
        <ele>200.768891</ele>
        <time>2026-06-13T15:06:43.659Z</time>
      </trkpt>
      <trkpt lat="50.197382" lon="18.445168">
        <ele>200.779590</ele>
        <time>2026-06-13T15:06:51.294Z</time>
      </trkpt>
      <trkpt lat="50.197543" lon="18.444225">
        <ele>200.779726</ele>
        <time>2026-06-13T15:07:06.797Z</time>
      </trkpt>
      <trkpt lat="50.197577" lon="18.443921">
        <ele>200.770134</ele>
        <time>2026-06-13T15:07:11.663Z</time>
      </trkpt>
      <trkpt lat="50.197595" lon="18.443379">
        <ele>200.753264</ele>
        <time>2026-06-13T15:07:20.231Z</time>
      </trkpt>
      <trkpt lat="50.197710" lon="18.442542">
        <ele>200.726654</ele>
        <time>2026-06-13T15:07:33.785Z</time>
      </trkpt>
      <trkpt lat="50.197767" lon="18.442249">
        <ele>200.717135</ele>
        <time>2026-06-13T15:07:38.629Z</time>
      </trkpt>
      <trkpt lat="50.197955" lon="18.441761">
        <ele>200.659951</ele>
        <time>2026-06-13T15:07:47.551Z</time>
      </trkpt>
      <trkpt lat="50.198602" lon="18.440080">
        <ele>200.174571</ele>
        <time>2026-06-13T15:08:16.059Z</time>
      </trkpt>
      <trkpt lat="50.198596" lon="18.440038">
        <ele>200.163923</ele>
        <time>2026-06-13T15:08:16.668Z</time>
      </trkpt>
      <trkpt lat="50.198806" lon="18.439982">
        <ele>200.081568</ele>
        <time>2026-06-13T15:08:20.874Z</time>
      </trkpt>
      <trkpt lat="50.199665" lon="18.439907">
        <ele>200.498433</ele>
        <time>2026-06-13T15:08:40.084Z</time>
      </trkpt>
      <trkpt lat="50.199856" lon="18.439894">
        <ele>200.636896</ele>
        <time>2026-06-13T15:08:44.854Z</time>
      </trkpt>
      <trkpt lat="50.200369" lon="18.439807">
        <ele>201.010621</ele>
        <time>2026-06-13T15:08:58.991Z</time>
      </trkpt>
      <trkpt lat="50.200682" lon="18.439829">
        <ele>201.237542</ele>
        <time>2026-06-13T15:09:07.789Z</time>
      </trkpt>
      <trkpt lat="50.200937" lon="18.439916">
        <ele>201.521715</ele>
        <time>2026-06-13T15:09:15.185Z</time>
      </trkpt>
      <trkpt lat="50.201361" lon="18.440075">
        <ele>202.100813</ele>
        <time>2026-06-13T15:09:27.347Z</time>
      </trkpt>
      <trkpt lat="50.201464" lon="18.440110">
        <ele>202.240803</ele>
        <time>2026-06-13T15:09:30.264Z</time>
      </trkpt>
      <trkpt lat="50.202208" lon="18.440388">
        <ele>203.256759</ele>
        <time>2026-06-13T15:09:51.125Z</time>
      </trkpt>
      <trkpt lat="50.202577" lon="18.440519">
        <ele>203.741725</ele>
        <time>2026-06-13T15:10:01.468Z</time>
      </trkpt>
      <trkpt lat="50.203538" lon="18.440875">
        <ele>204.656408</ele>
        <time>2026-06-13T15:10:28.058Z</time>
      </trkpt>
      <trkpt lat="50.203588" lon="18.440893">
        <ele>204.703927</ele>
        <time>2026-06-13T15:10:29.361Z</time>
      </trkpt>
      <trkpt lat="50.203818" lon="18.440976">
        <ele>204.922544</ele>
        <time>2026-06-13T15:10:35.242Z</time>
      </trkpt>
      <trkpt lat="50.204044" lon="18.441011">
        <ele>205.132874</ele>
        <time>2026-06-13T15:10:40.817Z</time>
      </trkpt>
      <trkpt lat="50.204234" lon="18.441011">
        <ele>205.308838</ele>
        <time>2026-06-13T15:10:45.492Z</time>
      </trkpt>
      <trkpt lat="50.204428" lon="18.440896">
        <ele>205.413391</ele>
        <time>2026-06-13T15:10:50.538Z</time>
      </trkpt>
      <trkpt lat="50.204852" lon="18.440567">
        <ele>205.565238</ele>
        <time>2026-06-13T15:11:01.882Z</time>
      </trkpt>
      <trkpt lat="50.204903" lon="18.440528">
        <ele>205.583450</ele>
        <time>2026-06-13T15:11:03.250Z</time>
      </trkpt>
      <trkpt lat="50.205180" lon="18.440351">
        <ele>205.679441</ele>
        <time>2026-06-13T15:11:10.235Z</time>
      </trkpt>
      <trkpt lat="50.205767" lon="18.440086">
        <ele>205.875424</ele>
        <time>2026-06-13T15:11:24.348Z</time>
      </trkpt>
      <trkpt lat="50.205901" lon="18.439955">
        <ele>205.926125</ele>
        <time>2026-06-13T15:11:27.995Z</time>
      </trkpt>
      <trkpt lat="50.206200" lon="18.439661">
        <ele>206.032983</ele>
        <time>2026-06-13T15:11:35.981Z</time>
      </trkpt>
      <trkpt lat="50.207839" lon="18.438483">
        <ele>206.899120</ele>
        <time>2026-06-13T15:12:17.716Z</time>
      </trkpt>
      <trkpt lat="50.209728" lon="18.437126">
        <ele>209.524361</ele>
        <time>2026-06-13T15:13:18.533Z</time>
      </trkpt>
      <trkpt lat="50.211088" lon="18.436174">
        <ele>210.964385</ele>
        <time>2026-06-13T15:13:54.644Z</time>
      </trkpt>
      <trkpt lat="50.213620" lon="18.434377">
        <ele>213.764910</ele>
        <time>2026-06-13T15:15:08.355Z</time>
      </trkpt>
      <trkpt lat="50.217704" lon="18.431477">
        <ele>218.933020</ele>
        <time>2026-06-13T15:17:09.750Z</time>
      </trkpt>
      <trkpt lat="50.221089" lon="18.429048">
        <ele>220.916214</ele>
        <time>2026-06-13T15:18:43.272Z</time>
      </trkpt>
      <trkpt lat="50.222908" lon="18.427753">
        <ele>218.571977</ele>
        <time>2026-06-13T15:19:19.767Z</time>
      </trkpt>
      <trkpt lat="50.223072" lon="18.427638">
        <ele>218.263586</ele>
        <time>2026-06-13T15:19:22.824Z</time>
      </trkpt>
      <trkpt lat="50.223710" lon="18.427244">
        <ele>217.086641</ele>
        <time>2026-06-13T15:19:34.732Z</time>
      </trkpt>
      <trkpt lat="50.224041" lon="18.427072">
        <ele>216.647695</ele>
        <time>2026-06-13T15:19:41.087Z</time>
      </trkpt>
      <trkpt lat="50.224199" lon="18.426990">
        <ele>216.653555</ele>
        <time>2026-06-13T15:19:44.266Z</time>
      </trkpt>
      <trkpt lat="50.225331" lon="18.426449">
        <ele>216.695221</ele>
        <time>2026-06-13T15:20:11.198Z</time>
      </trkpt>
      <trkpt lat="50.226549" lon="18.425930">
        <ele>218.095261</ele>
        <time>2026-06-13T15:20:45.179Z</time>
      </trkpt>
      <trkpt lat="50.229392" lon="18.424782">
        <ele>223.221874</ele>
        <time>2026-06-13T15:22:13.859Z</time>
      </trkpt>
      <trkpt lat="50.232847" lon="18.423326">
        <ele>226.734104</ele>
        <time>2026-06-13T15:23:49.042Z</time>
      </trkpt>
      <trkpt lat="50.232309" lon="18.418014">
        <ele>223.737929</ele>
        <time>2026-06-13T15:24:54.925Z</time>
      </trkpt>
      <trkpt lat="50.232145" lon="18.416578">
        <ele>222.961739</ele>
        <time>2026-06-13T15:25:13.065Z</time>
      </trkpt>
      <trkpt lat="50.231769" lon="18.414827">
        <ele>221.925971</ele>
        <time>2026-06-13T15:25:37.030Z</time>
      </trkpt>
      <trkpt lat="50.231760" lon="18.414788">
        <ele>221.900255</ele>
        <time>2026-06-13T15:25:37.566Z</time>
      </trkpt>
      <trkpt lat="50.230640" lon="18.409749">
        <ele>218.310995</ele>
        <time>2026-06-13T15:26:42.551Z</time>
      </trkpt>
      <trkpt lat="50.230616" lon="18.409651">
        <ele>218.239779</ele>
        <time>2026-06-13T15:26:43.811Z</time>
      </trkpt>
      <trkpt lat="50.229697" lon="18.405511">
        <ele>215.396175</ele>
        <time>2026-06-13T15:27:37.644Z</time>
      </trkpt>
      <trkpt lat="50.229540" lon="18.404776">
        <ele>214.920106</ele>
        <time>2026-06-13T15:27:47.494Z</time>
      </trkpt>
      <trkpt lat="50.229488" lon="18.404419">
        <ele>214.759033</ele>
        <time>2026-06-13T15:27:52.131Z</time>
      </trkpt>
      <trkpt lat="50.229590" lon="18.402625">
        <ele>213.974000</ele>
        <time>2026-06-13T15:28:15.055Z</time>
      </trkpt>
      <trkpt lat="50.229825" lon="18.399399">
        <ele>212.823526</ele>
        <time>2026-06-13T15:28:57.740Z</time>
      </trkpt>
      <trkpt lat="50.229984" lon="18.397318">
        <ele>212.276841</ele>
        <time>2026-06-13T15:29:25.298Z</time>
      </trkpt>
      <trkpt lat="50.230018" lon="18.396800">
        <ele>212.145413</ele>
        <time>2026-06-13T15:29:32.329Z</time>
      </trkpt>
      <trkpt lat="50.230000" lon="18.396348">
        <ele>212.033784</ele>
        <time>2026-06-13T15:29:38.514Z</time>
      </trkpt>
      <trkpt lat="50.229776" lon="18.393857">
        <ele>211.566388</ele>
        <time>2026-06-13T15:30:13.097Z</time>
      </trkpt>
      <trkpt lat="50.229115" lon="18.388558">
        <ele>209.303737</ele>
        <time>2026-06-13T15:31:22.550Z</time>
      </trkpt>
      <trkpt lat="50.228466" lon="18.383407">
        <ele>206.441740</ele>
        <time>2026-06-13T15:32:27.645Z</time>
      </trkpt>
      <trkpt lat="50.228027" lon="18.379953">
        <ele>205.372614</ele>
        <time>2026-06-13T15:33:15.030Z</time>
      </trkpt>
      <trkpt lat="50.228013" lon="18.379646">
        <ele>205.291617</ele>
        <time>2026-06-13T15:33:19.172Z</time>
      </trkpt>
      <trkpt lat="50.228536" lon="18.373317">
        <ele>203.755976</ele>
        <time>2026-06-13T15:34:43.636Z</time>
      </trkpt>
      <trkpt lat="50.228608" lon="18.372795">
        <ele>203.746745</ele>
        <time>2026-06-13T15:34:51.079Z</time>
      </trkpt>
      <trkpt lat="50.229272" lon="18.369943">
        <ele>203.991078</ele>
        <time>2026-06-13T15:35:36.550Z</time>
      </trkpt>
      <trkpt lat="50.229444" lon="18.369208">
        <ele>204.115818</ele>
        <time>2026-06-13T15:35:48.298Z</time>
      </trkpt>
      <trkpt lat="50.229480" lon="18.368975">
        <ele>204.154023</ele>
        <time>2026-06-13T15:35:51.831Z</time>
      </trkpt>
      <trkpt lat="50.229472" lon="18.368751">
        <ele>204.165950</ele>
        <time>2026-06-13T15:35:55.121Z</time>
      </trkpt>
      <trkpt lat="50.228844" lon="18.364771">
        <ele>203.904676</ele>
        <time>2026-06-13T15:36:52.082Z</time>
      </trkpt>
      <trkpt lat="50.228550" lon="18.362909">
        <ele>203.606030</ele>
        <time>2026-06-13T15:37:18.825Z</time>
      </trkpt>
      <trkpt lat="50.228393" lon="18.362255">
        <ele>203.378382</ele>
        <time>2026-06-13T15:37:27.784Z</time>
      </trkpt>
      <trkpt lat="50.229607" lon="18.362166">
        <ele>202.953283</ele>
        <time>2026-06-13T15:38:09.468Z</time>
      </trkpt>
      <trkpt lat="50.235896" lon="18.361682">
        <ele>206.231659</ele>
        <time>2026-06-13T15:42:18.023Z</time>
      </trkpt>
      <trkpt lat="50.239027" lon="18.361441">
        <ele>207.006204</ele>
        <time>2026-06-13T15:44:19.914Z</time>
      </trkpt>
      <trkpt lat="50.238695" lon="18.361100">
        <ele>206.763214</ele>
        <time>2026-06-13T15:44:33.402Z</time>
      </trkpt>
      <trkpt lat="50.238541" lon="18.360858">
        <ele>206.629652</ele>
        <time>2026-06-13T15:44:40.689Z</time>
      </trkpt>
      <trkpt lat="50.238475" lon="18.360518">
        <ele>206.490637</ele>
        <time>2026-06-13T15:44:48.172Z</time>
      </trkpt>
      <trkpt lat="50.238478" lon="18.360013">
        <ele>206.293049</ele>
        <time>2026-06-13T15:44:58.641Z</time>
      </trkpt>
      <trkpt lat="50.238376" lon="18.359328">
        <ele>205.903116</ele>
        <time>2026-06-13T15:45:13.329Z</time>
      </trkpt>
      <trkpt lat="50.238238" lon="18.358724">
        <ele>205.546231</ele>
        <time>2026-06-13T15:45:27.092Z</time>
      </trkpt>
      <trkpt lat="50.237987" lon="18.358030">
        <ele>205.102601</ele>
        <time>2026-06-13T15:45:44.774Z</time>
      </trkpt>
      <trkpt lat="50.237868" lon="18.357362">
        <ele>204.721444</ele>
        <time>2026-06-13T15:46:00.620Z</time>
      </trkpt>
      <trkpt lat="50.237828" lon="18.356885">
        <ele>204.607505</ele>
        <time>2026-06-13T15:46:11.815Z</time>
      </trkpt>
      <trkpt lat="50.238067" lon="18.355424">
        <ele>204.250346</ele>
        <time>2026-06-13T15:46:46.825Z</time>
      </trkpt>
      <trkpt lat="50.238024" lon="18.354727">
        <ele>204.084505</ele>
        <time>2026-06-13T15:47:02.595Z</time>
      </trkpt>
      <trkpt lat="50.237408" lon="18.352078">
        <ele>202.680405</ele>
        <time>2026-06-13T15:48:04.256Z</time>
      </trkpt>
      <trkpt lat="50.237435" lon="18.351411">
        <ele>202.178404</ele>
        <time>2026-06-13T15:48:19.006Z</time>
      </trkpt>
      <trkpt lat="50.237418" lon="18.350958">
        <ele>201.817833</ele>
        <time>2026-06-13T15:48:28.902Z</time>
      </trkpt>
      <trkpt lat="50.237292" lon="18.349885">
        <ele>200.950979</ele>
        <time>2026-06-13T15:48:52.062Z</time>
      </trkpt>
      <trkpt lat="50.237090" lon="18.349332">
        <ele>200.444956</ele>
        <time>2026-06-13T15:49:05.082Z</time>
      </trkpt>
      <trkpt lat="50.236939" lon="18.348030">
        <ele>199.328235</ele>
        <time>2026-06-13T15:49:32.080Z</time>
      </trkpt>
      <trkpt lat="50.237166" lon="18.345583">
        <ele>197.726783</ele>
        <time>2026-06-13T15:50:25.560Z</time>
      </trkpt>
      <trkpt lat="50.237122" lon="18.344096">
        <ele>197.262013</ele>
        <time>2026-06-13T15:50:59.559Z</time>
      </trkpt>
      <trkpt lat="50.237116" lon="18.343859">
        <ele>197.187959</ele>
        <time>2026-06-13T15:51:05.125Z</time>
      </trkpt>
      <trkpt lat="50.237318" lon="18.342544">
        <ele>197.132863</ele>
        <time>2026-06-13T15:51:37.337Z</time>
      </trkpt>
      <trkpt lat="50.237614" lon="18.341374">
        <ele>197.129518</ele>
        <time>2026-06-13T15:52:07.285Z</time>
      </trkpt>
      <trkpt lat="50.237737" lon="18.340367">
        <ele>197.266072</ele>
        <time>2026-06-13T15:52:31.441Z</time>
      </trkpt>
      <trkpt lat="50.241754" lon="18.340077">
        <ele>198.675818</ele>
        <time>2026-06-13T15:55:07.667Z</time>
      </trkpt>
      <trkpt lat="50.243639" lon="18.340573">
        <ele>198.823455</ele>
        <time>2026-06-13T15:56:18.287Z</time>
      </trkpt>
      <trkpt lat="50.246012" lon="18.341198">
        <ele>198.979291</ele>
        <time>2026-06-13T15:57:47.281Z</time>
      </trkpt>
      <trkpt lat="50.246518" lon="18.342623">
        <ele>199.461657</ele>
        <time>2026-06-13T15:58:15.540Z</time>
      </trkpt>
      <trkpt lat="50.246711" lon="18.343280">
        <ele>199.722125</ele>
        <time>2026-06-13T15:58:28.359Z</time>
      </trkpt>
      <trkpt lat="50.246796" lon="18.343735">
        <ele>199.892894</ele>
        <time>2026-06-13T15:58:36.646Z</time>
      </trkpt>
      <trkpt lat="50.247176" lon="18.346389">
        <ele>200.805208</ele>
        <time>2026-06-13T15:59:22.888Z</time>
      </trkpt>
      <trkpt lat="50.247199" lon="18.346788">
        <ele>200.938120</ele>
        <time>2026-06-13T15:59:29.776Z</time>
      </trkpt>
      <trkpt lat="50.247183" lon="18.347289">
        <ele>201.108229</ele>
        <time>2026-06-13T15:59:38.473Z</time>
      </trkpt>
      <trkpt lat="50.247016" lon="18.349043">
        <ele>201.710830</ele>
        <time>2026-06-13T16:00:09.144Z</time>
      </trkpt>
      <trkpt lat="50.247016" lon="18.349431">
        <ele>201.842677</ele>
        <time>2026-06-13T16:00:15.712Z</time>
      </trkpt>
      <trkpt lat="50.247067" lon="18.350203">
        <ele>202.178814</ele>
        <time>2026-06-13T16:00:28.688Z</time>
      </trkpt>
      <trkpt lat="50.247146" lon="18.351666">
        <ele>202.860035</ele>
        <time>2026-06-13T16:00:54.147Z</time>
      </trkpt>
      <trkpt lat="50.247124" lon="18.352952">
        <ele>203.484493</ele>
        <time>2026-06-13T16:01:18.240Z</time>
      </trkpt>
      <trkpt lat="50.247085" lon="18.353902">
        <ele>203.976155</ele>
        <time>2026-06-13T16:01:36.115Z</time>
      </trkpt>
      <trkpt lat="50.247093" lon="18.354322">
        <ele>204.193170</ele>
        <time>2026-06-13T16:01:43.691Z</time>
      </trkpt>
      <trkpt lat="50.247186" lon="18.354944">
        <ele>204.523082</ele>
        <time>2026-06-13T16:01:54.737Z</time>
      </trkpt>
      <trkpt lat="50.247655" lon="18.357101">
        <ele>204.974364</ele>
        <time>2026-06-13T16:02:31.382Z</time>
      </trkpt>
      <trkpt lat="50.247715" lon="18.357545">
        <ele>205.044284</ele>
        <time>2026-06-13T16:02:38.849Z</time>
      </trkpt>
      <trkpt lat="50.247787" lon="18.358491">
        <ele>205.310055</ele>
        <time>2026-06-13T16:02:54.905Z</time>
      </trkpt>
      <trkpt lat="50.247786" lon="18.358700">
        <ele>205.384026</ele>
        <time>2026-06-13T16:02:58.502Z</time>
      </trkpt>
      <trkpt lat="50.247743" lon="18.359092">
        <ele>205.524788</ele>
        <time>2026-06-13T16:03:05.378Z</time>
      </trkpt>
      <trkpt lat="50.247404" lon="18.360676">
        <ele>206.116827</ele>
        <time>2026-06-13T16:03:34.522Z</time>
      </trkpt>
      <trkpt lat="50.247382" lon="18.360795">
        <ele>206.162466</ele>
        <time>2026-06-13T16:03:36.690Z</time>
      </trkpt>
      <trkpt lat="50.247241" lon="18.361991">
        <ele>206.610539</ele>
        <time>2026-06-13T16:03:57.832Z</time>
      </trkpt>
      <trkpt lat="50.246676" lon="18.368555">
        <ele>208.616508</ele>
        <time>2026-06-13T16:05:51.796Z</time>
      </trkpt>
      <trkpt lat="50.246686" lon="18.369238">
        <ele>208.563062</ele>
        <time>2026-06-13T16:06:01.998Z</time>
      </trkpt>
      <trkpt lat="50.246813" lon="18.371369">
        <ele>207.516170</ele>
        <time>2026-06-13T16:06:31.707Z</time>
      </trkpt>
      <trkpt lat="50.247080" lon="18.375972">
        <ele>206.042428</ele>
        <time>2026-06-13T16:07:37.507Z</time>
      </trkpt>
      <trkpt lat="50.247143" lon="18.376685">
        <ele>206.115817</ele>
        <time>2026-06-13T16:07:49.649Z</time>
      </trkpt>
      <trkpt lat="50.247228" lon="18.377282">
        <ele>206.178178</ele>
        <time>2026-06-13T16:08:01.050Z</time>
      </trkpt>
      <trkpt lat="50.247587" lon="18.379164">
        <ele>207.859323</ele>
        <time>2026-06-13T16:08:58.487Z</time>
      </trkpt>
      <trkpt lat="50.247710" lon="18.380012">
        <ele>208.630144</ele>
        <time>2026-06-13T16:09:21.205Z</time>
      </trkpt>
      <trkpt lat="50.247794" lon="18.381055">
        <ele>207.934830</ele>
        <time>2026-06-13T16:09:36.370Z</time>
      </trkpt>
      <trkpt lat="50.247919" lon="18.381857">
        <ele>207.317634</ele>
        <time>2026-06-13T16:09:46.972Z</time>
      </trkpt>
      <trkpt lat="50.248032" lon="18.382531">
        <ele>206.796665</ele>
        <time>2026-06-13T16:09:55.776Z</time>
      </trkpt>
      <trkpt lat="50.248126" lon="18.382829">
        <ele>206.561872</ele>
        <time>2026-06-13T16:10:00.053Z</time>
      </trkpt>
      <trkpt lat="50.248247" lon="18.383050">
        <ele>206.450038</ele>
        <time>2026-06-13T16:10:03.894Z</time>
      </trkpt>
      <trkpt lat="50.248598" lon="18.383521">
        <ele>206.172016</ele>
        <time>2026-06-13T16:10:13.951Z</time>
      </trkpt>
      <trkpt lat="50.248730" lon="18.383769">
        <ele>206.047986</ele>
        <time>2026-06-13T16:10:18.623Z</time>
      </trkpt>
      <trkpt lat="50.249142" lon="18.384881">
        <ele>205.553984</ele>
        <time>2026-06-13T16:10:38.248Z</time>
      </trkpt>
      <trkpt lat="50.249652" lon="18.386394">
        <ele>206.033893</ele>
        <time>2026-06-13T16:11:07.571Z</time>
      </trkpt>
      <trkpt lat="50.250029" lon="18.387165">
        <ele>206.369702</ele>
        <time>2026-06-13T16:11:24.889Z</time>
      </trkpt>
      <trkpt lat="50.250097" lon="18.387358">
        <ele>206.445942</ele>
        <time>2026-06-13T16:11:28.768Z</time>
      </trkpt>
      <trkpt lat="50.250201" lon="18.387898">
        <ele>206.638119</ele>
        <time>2026-06-13T16:11:38.594Z</time>
      </trkpt>
      <trkpt lat="50.250335" lon="18.389274">
        <ele>207.111474</ele>
        <time>2026-06-13T16:12:02.191Z</time>
      </trkpt>
      <trkpt lat="50.250535" lon="18.390180">
        <ele>207.437614</ele>
        <time>2026-06-13T16:12:18.542Z</time>
      </trkpt>
      <trkpt lat="50.250616" lon="18.390930">
        <ele>207.699983</ele>
        <time>2026-06-13T16:12:31.790Z</time>
      </trkpt>
      <trkpt lat="50.250747" lon="18.391470">
        <ele>207.899206</ele>
        <time>2026-06-13T16:12:41.908Z</time>
      </trkpt>
      <trkpt lat="50.250983" lon="18.392195">
        <ele>208.179826</ele>
        <time>2026-06-13T16:12:56.039Z</time>
      </trkpt>
      <trkpt lat="50.251172" lon="18.392604">
        <ele>208.353891</ele>
        <time>2026-06-13T16:13:04.631Z</time>
      </trkpt>
      <trkpt lat="50.251880" lon="18.393925">
        <ele>208.604594</ele>
        <time>2026-06-13T16:13:32.829Z</time>
      </trkpt>
      <trkpt lat="50.252052" lon="18.394306">
        <ele>208.665480</ele>
        <time>2026-06-13T16:13:40.394Z</time>
      </trkpt>
      <trkpt lat="50.252122" lon="18.394520">
        <ele>208.696860</ele>
        <time>2026-06-13T16:13:44.263Z</time>
      </trkpt>
      <trkpt lat="50.252168" lon="18.394838">
        <ele>208.739423</ele>
        <time>2026-06-13T16:13:49.481Z</time>
      </trkpt>
      <trkpt lat="50.252148" lon="18.395044">
        <ele>208.758778</ele>
        <time>2026-06-13T16:13:52.802Z</time>
      </trkpt>
      <trkpt lat="50.251937" lon="18.395848">
        <ele>208.659847</ele>
        <time>2026-06-13T16:14:06.443Z</time>
      </trkpt>
      <trkpt lat="50.254030" lon="18.397658">
        <ele>208.334933</ele>
        <time>2026-06-13T16:15:03.018Z</time>
      </trkpt>
      <trkpt lat="50.255169" lon="18.399226">
        <ele>208.349618</ele>
        <time>2026-06-13T16:15:42.059Z</time>
      </trkpt>
      <trkpt lat="50.255461" lon="18.399816">
        <ele>208.388534</ele>
        <time>2026-06-13T16:15:54.092Z</time>
      </trkpt>
      <trkpt lat="50.255841" lon="18.400880">
        <ele>208.334325</ele>
        <time>2026-06-13T16:16:12.896Z</time>
      </trkpt>
      <trkpt lat="50.256061" lon="18.401412">
        <ele>208.229317</ele>
        <time>2026-06-13T16:16:22.403Z</time>
      </trkpt>
      <trkpt lat="50.256252" lon="18.401770">
        <ele>208.152039</ele>
        <time>2026-06-13T16:16:29.315Z</time>
      </trkpt>
      <trkpt lat="50.256982" lon="18.402970">
        <ele>207.819328</ele>
        <time>2026-06-13T16:16:54.616Z</time>
      </trkpt>
      <trkpt lat="50.257469" lon="18.404116">
        <ele>207.425689</ele>
        <time>2026-06-13T16:17:15.468Z</time>
      </trkpt>
      <trkpt lat="50.258387" lon="18.406389">
        <ele>206.462322</ele>
        <time>2026-06-13T16:17:53.317Z</time>
      </trkpt>
      <trkpt lat="50.258521" lon="18.406774">
        <ele>206.287838</ele>
        <time>2026-06-13T16:17:59.591Z</time>
      </trkpt>
      <trkpt lat="50.258623" lon="18.407168">
        <ele>206.118640</ele>
        <time>2026-06-13T16:18:05.879Z</time>
      </trkpt>
      <trkpt lat="50.258660" lon="18.407355">
        <ele>206.040723</ele>
        <time>2026-06-13T16:18:08.855Z</time>
      </trkpt>
      <trkpt lat="50.259443" lon="18.411757">
        <ele>206.645988</ele>
        <time>2026-06-13T16:19:26.271Z</time>
      </trkpt>
      <trkpt lat="50.259471" lon="18.411922">
        <ele>206.649925</ele>
        <time>2026-06-13T16:19:28.602Z</time>
      </trkpt>
      <trkpt lat="50.259461" lon="18.412151">
        <ele>206.655220</ele>
        <time>2026-06-13T16:19:31.683Z</time>
      </trkpt>
      <trkpt lat="50.259471" lon="18.411922">
        <ele>206.660515</ele>
        <time>2026-06-13T16:19:34.710Z</time>
      </trkpt>
      <trkpt lat="50.259690" lon="18.411449">
        <ele>206.605336</ele>
        <time>2026-06-13T16:19:42.139Z</time>
      </trkpt>
      <trkpt lat="50.260382" lon="18.409779">
        <ele>205.653725</ele>
        <time>2026-06-13T16:20:06.699Z</time>
      </trkpt>
      <trkpt lat="50.264212" lon="18.400576">
        <ele>203.193260</ele>
        <time>2026-06-13T16:22:35.679Z</time>
      </trkpt>
      <trkpt lat="50.264381" lon="18.400208">
        <ele>203.039907</ele>
        <time>2026-06-13T16:22:41.340Z</time>
      </trkpt>
      <trkpt lat="50.264670" lon="18.399746">
        <ele>202.812959</ele>
        <time>2026-06-13T16:22:49.320Z</time>
      </trkpt>
      <trkpt lat="50.264759" lon="18.399532">
        <ele>202.711645</ele>
        <time>2026-06-13T16:22:52.455Z</time>
      </trkpt>
      <trkpt lat="50.264768" lon="18.399354">
        <ele>202.640787</ele>
        <time>2026-06-13T16:22:54.653Z</time>
      </trkpt>
      <trkpt lat="50.264786" lon="18.399003">
        <ele>202.501051</ele>
        <time>2026-06-13T16:22:58.988Z</time>
      </trkpt>
      <trkpt lat="50.264826" lon="18.398862">
        <ele>202.439834</ele>
        <time>2026-06-13T16:23:00.884Z</time>
      </trkpt>
      <trkpt lat="50.264929" lon="18.398711">
        <ele>202.352204</ele>
        <time>2026-06-13T16:23:03.629Z</time>
      </trkpt>
      <trkpt lat="50.265158" lon="18.398522">
        <ele>202.191471</ele>
        <time>2026-06-13T16:23:08.801Z</time>
      </trkpt>
      <trkpt lat="50.265264" lon="18.398371">
        <ele>202.102472</ele>
        <time>2026-06-13T16:23:11.721Z</time>
      </trkpt>
      <trkpt lat="50.265416" lon="18.397807">
        <ele>201.859582</ele>
        <time>2026-06-13T16:23:20.029Z</time>
      </trkpt>
      <trkpt lat="50.265557" lon="18.397387">
        <ele>201.711757</ele>
        <time>2026-06-13T16:23:26.694Z</time>
      </trkpt>
      <trkpt lat="50.266017" lon="18.396264">
        <ele>201.447806</ele>
        <time>2026-06-13T16:23:45.892Z</time>
      </trkpt>
      <trkpt lat="50.266044" lon="18.396017">
        <ele>201.398216</ele>
        <time>2026-06-13T16:23:49.364Z</time>
      </trkpt>
      <trkpt lat="50.265985" lon="18.395535">
        <ele>201.301097</ele>
        <time>2026-06-13T16:23:56.002Z</time>
      </trkpt>
      <trkpt lat="50.266003" lon="18.395422">
        <ele>201.278051</ele>
        <time>2026-06-13T16:23:57.537Z</time>
      </trkpt>
      <trkpt lat="50.266111" lon="18.395121">
        <ele>201.209742</ele>
        <time>2026-06-13T16:24:02.030Z</time>
      </trkpt>
      <trkpt lat="50.268059" lon="18.390803">
        <ele>197.490590</ele>
        <time>2026-06-13T16:25:05.497Z</time>
      </trkpt>
      <trkpt lat="50.268263" lon="18.390310">
        <ele>197.230623</ele>
        <time>2026-06-13T16:25:13.133Z</time>
      </trkpt>
      <trkpt lat="50.268371" lon="18.389932">
        <ele>197.280174</ele>
        <time>2026-06-13T16:25:18.794Z</time>
      </trkpt>
      <trkpt lat="50.268404" lon="18.389649">
        <ele>197.314601</ele>
        <time>2026-06-13T16:25:22.876Z</time>
      </trkpt>
      <trkpt lat="50.268168" lon="18.386067">
        <ele>197.643799</ele>
        <time>2026-06-13T16:26:18.858Z</time>
      </trkpt>
      <trkpt lat="50.268086" lon="18.384338">
        <ele>197.689641</ele>
        <time>2026-06-13T16:26:41.448Z</time>
      </trkpt>
      <trkpt lat="50.268105" lon="18.383844">
        <ele>197.671256</ele>
        <time>2026-06-13T16:26:47.989Z</time>
      </trkpt>
      <trkpt lat="50.268189" lon="18.383237">
        <ele>197.648184</ele>
        <time>2026-06-13T16:26:56.601Z</time>
      </trkpt>
      <trkpt lat="50.268347" lon="18.382223">
        <ele>197.609411</ele>
        <time>2026-06-13T16:27:12.165Z</time>
      </trkpt>
      <trkpt lat="50.268797" lon="18.381341">
        <ele>197.618943</ele>
        <time>2026-06-13T16:27:30.375Z</time>
      </trkpt>
      <trkpt lat="50.269363" lon="18.379683">
        <ele>197.599425</ele>
        <time>2026-06-13T16:27:56.399Z</time>
      </trkpt>
      <trkpt lat="50.269540" lon="18.379029">
        <ele>197.361103</ele>
        <time>2026-06-13T16:28:04.838Z</time>
      </trkpt>
      <trkpt lat="50.269677" lon="18.378789">
        <ele>197.253126</ele>
        <time>2026-06-13T16:28:08.621Z</time>
      </trkpt>
      <trkpt lat="50.269996" lon="18.378526">
        <ele>197.063823</ele>
        <time>2026-06-13T16:28:15.611Z</time>
      </trkpt>
      <trkpt lat="50.270194" lon="18.378306">
        <ele>196.936327</ele>
        <time>2026-06-13T16:28:20.574Z</time>
      </trkpt>
      <trkpt lat="50.270314" lon="18.377848">
        <ele>196.770230</ele>
        <time>2026-06-13T16:28:27.581Z</time>
      </trkpt>
      <trkpt lat="50.270255" lon="18.377778">
        <ele>196.731356</ele>
        <time>2026-06-13T16:28:29.362Z</time>
      </trkpt>
      <trkpt lat="50.269940" lon="18.377142">
        <ele>197.359771</ele>
        <time>2026-06-13T16:28:42.386Z</time>
      </trkpt>
      <trkpt lat="50.269666" lon="18.376462">
        <ele>198.126260</ele>
        <time>2026-06-13T16:28:57.595Z</time>
      </trkpt>
      <trkpt lat="50.269572" lon="18.376248">
        <ele>198.373855</ele>
        <time>2026-06-13T16:29:04.021Z</time>
      </trkpt>
      <trkpt lat="50.269288" lon="18.375769">
        <ele>198.996846</ele>
        <time>2026-06-13T16:29:20.004Z</time>
      </trkpt>
      <trkpt lat="50.268557" lon="18.374935">
        <ele>200.240458</ele>
        <time>2026-06-13T16:29:53.512Z</time>
      </trkpt>
      <trkpt lat="50.268605" lon="18.374741">
        <ele>200.417086</ele>
        <time>2026-06-13T16:29:57.595Z</time>
      </trkpt>
      <trkpt lat="50.268557" lon="18.374935">
        <ele>200.593715</ele>
        <time>2026-06-13T16:30:01.661Z</time>
      </trkpt>
      <trkpt lat="50.268339" lon="18.374748">
        <ele>200.923966</ele>
        <time>2026-06-13T16:30:10.537Z</time>
      </trkpt>
      <trkpt lat="50.268274" lon="18.374644">
        <ele>201.047467</ele>
        <time>2026-06-13T16:30:14.460Z</time>
      </trkpt>
      <trkpt lat="50.267997" lon="18.374202">
        <ele>201.573044</ele>
        <time>2026-06-13T16:30:30.300Z</time>
      </trkpt>
      <trkpt lat="50.267730" lon="18.373620">
        <ele>201.505353</ele>
        <time>2026-06-13T16:30:47.404Z</time>
      </trkpt>
      <trkpt lat="50.267365" lon="18.372780">
        <ele>200.958344</ele>
        <time>2026-06-13T16:31:09.805Z</time>
      </trkpt>
      <trkpt lat="50.266801" lon="18.371683">
        <ele>200.175892</ele>
        <time>2026-06-13T16:31:39.189Z</time>
      </trkpt>
      <trkpt lat="50.266259" lon="18.370770">
        <ele>199.192360</ele>
        <time>2026-06-13T16:32:04.873Z</time>
      </trkpt>
      <trkpt lat="50.265563" lon="18.369889">
        <ele>198.086782</ele>
        <time>2026-06-13T16:32:34.677Z</time>
      </trkpt>
      <trkpt lat="50.265060" lon="18.369176">
        <ele>198.354456</ele>
        <time>2026-06-13T16:32:59.444Z</time>
      </trkpt>
      <trkpt lat="50.264664" lon="18.368409">
        <ele>198.675919</ele>
        <time>2026-06-13T16:33:24.565Z</time>
      </trkpt>
      <trkpt lat="50.264611" lon="18.368210">
        <ele>198.746210</ele>
        <time>2026-06-13T16:33:30.309Z</time>
      </trkpt>
      <trkpt lat="50.264616" lon="18.367866">
        <ele>198.858401</ele>
        <time>2026-06-13T16:33:39.574Z</time>
      </trkpt>
      <trkpt lat="50.264616" lon="18.367834">
        <ele>198.868835</ele>
        <time>2026-06-13T16:33:40.432Z</time>
      </trkpt>
      <trkpt lat="50.264644" lon="18.367572">
        <ele>198.963698</ele>
        <time>2026-06-13T16:33:47.711Z</time>
      </trkpt>
      <trkpt lat="50.264791" lon="18.367150">
        <ele>199.309708</ele>
        <time>2026-06-13T16:34:00.939Z</time>
      </trkpt>
      <trkpt lat="50.264906" lon="18.366646">
        <ele>199.694996</ele>
        <time>2026-06-13T16:34:15.699Z</time>
      </trkpt>
      <trkpt lat="50.264995" lon="18.366056">
        <ele>200.131443</ele>
        <time>2026-06-13T16:34:32.174Z</time>
      </trkpt>
      <trkpt lat="50.265139" lon="18.365595">
        <ele>200.500853</ele>
        <time>2026-06-13T16:34:45.825Z</time>
      </trkpt>
      <trkpt lat="50.265180" lon="18.365375">
        <ele>200.665839</ele>
        <time>2026-06-13T16:34:51.790Z</time>
      </trkpt>
      <trkpt lat="50.265196" lon="18.364283">
        <ele>200.968637</ele>
        <time>2026-06-13T16:35:19.181Z</time>
      </trkpt>
      <trkpt lat="50.265319" lon="18.362722">
        <ele>200.954968</ele>
        <time>2026-06-13T16:35:56.561Z</time>
      </trkpt>
      <trkpt lat="50.265247" lon="18.362129">
        <ele>200.928290</ele>
        <time>2026-06-13T16:36:10.095Z</time>
      </trkpt>
      <trkpt lat="50.265151" lon="18.361821">
        <ele>200.646827</ele>
        <time>2026-06-13T16:36:17.605Z</time>
      </trkpt>
      <trkpt lat="50.265055" lon="18.361625">
        <ele>200.444007</ele>
        <time>2026-06-13T16:36:22.924Z</time>
      </trkpt>
      <trkpt lat="50.266884" lon="18.360804">
        <ele>198.283378</ele>
        <time>2026-06-13T16:37:02.004Z</time>
      </trkpt>
      <trkpt lat="50.266435" lon="18.358414">
        <ele>197.363867</ele>
        <time>2026-06-13T16:37:39.358Z</time>
      </trkpt>
      <trkpt lat="50.264634" lon="18.348816">
        <ele>197.299790</ele>
        <time>2026-06-13T16:40:18.746Z</time>
      </trkpt>
      <trkpt lat="50.264590" lon="18.348566">
        <ele>197.271580</ele>
        <time>2026-06-13T16:40:22.641Z</time>
      </trkpt>
      <trkpt lat="50.263538" lon="18.342966">
        <ele>194.856155</ele>
        <time>2026-06-13T16:41:46.008Z</time>
      </trkpt>
      <trkpt lat="50.263457" lon="18.342445">
        <ele>194.643594</ele>
        <time>2026-06-13T16:41:53.762Z</time>
      </trkpt>
      <trkpt lat="50.262999" lon="18.336388">
        <ele>193.002737</ele>
        <time>2026-06-13T16:43:23.714Z</time>
      </trkpt>
      <trkpt lat="50.262800" lon="18.334143">
        <ele>193.185429</ele>
        <time>2026-06-13T16:44:01.057Z</time>
      </trkpt>
      <trkpt lat="50.262032" lon="18.333921">
        <ele>193.569431</ele>
        <time>2026-06-13T16:44:32.132Z</time>
      </trkpt>
      <trkpt lat="50.260733" lon="18.333706">
        <ele>194.370119</ele>
        <time>2026-06-13T16:45:23.018Z</time>
      </trkpt>
      <trkpt lat="50.260446" lon="18.333632">
        <ele>194.636284</ele>
        <time>2026-06-13T16:45:34.186Z</time>
      </trkpt>
      <trkpt lat="50.259676" lon="18.333432">
        <ele>195.350526</ele>
        <time>2026-06-13T16:46:05.540Z</time>
      </trkpt>
      <trkpt lat="50.256440" lon="18.332762">
        <ele>200.085848</ele>
        <time>2026-06-13T16:48:29.095Z</time>
      </trkpt>
      <trkpt lat="50.254556" lon="18.332361">
        <ele>201.036138</ele>
        <time>2026-06-13T16:49:43.509Z</time>
      </trkpt>
      <trkpt lat="50.252043" lon="18.331820">
        <ele>199.544411</ele>
        <time>2026-06-13T16:51:10.474Z</time>
      </trkpt>
      <trkpt lat="50.249237" lon="18.331203">
        <ele>197.621256</ele>
        <time>2026-06-13T16:52:49.017Z</time>
      </trkpt>
      <trkpt lat="50.246032" lon="18.330611">
        <ele>195.775677</ele>
        <time>2026-06-13T16:54:41.481Z</time>
      </trkpt>
      <trkpt lat="50.245302" lon="18.330413">
        <ele>195.474982</ele>
        <time>2026-06-13T16:55:07.956Z</time>
      </trkpt>
      <trkpt lat="50.244076" lon="18.330188">
        <ele>195.690403</ele>
        <time>2026-06-13T16:55:54.067Z</time>
      </trkpt>
      <trkpt lat="50.243954" lon="18.330195">
        <ele>195.728640</ele>
        <time>2026-06-13T16:55:58.799Z</time>
      </trkpt>
      <trkpt lat="50.243528" lon="18.329389">
        <ele>195.938083</ele>
        <time>2026-06-13T16:56:16.842Z</time>
      </trkpt>
      <trkpt lat="50.240876" lon="18.329569">
        <ele>197.821851</ele>
        <time>2026-06-13T16:58:03.385Z</time>
      </trkpt>
      <trkpt lat="50.237771" lon="18.329781">
        <ele>199.244906</ele>
        <time>2026-06-13T17:00:05.920Z</time>
      </trkpt>
      <trkpt lat="50.234847" lon="18.330013">
        <ele>197.808920</ele>
        <time>2026-06-13T17:01:47.041Z</time>
      </trkpt>
      <trkpt lat="50.231824" lon="18.330246">
        <ele>197.256451</ele>
        <time>2026-06-13T17:03:37.974Z</time>
      </trkpt>
      <trkpt lat="50.229277" lon="18.330473">
        <ele>197.027588</ele>
        <time>2026-06-13T17:04:39.264Z</time>
      </trkpt>
      <trkpt lat="50.227701" lon="18.330576">
        <ele>197.631256</ele>
        <time>2026-06-13T17:05:22.075Z</time>
      </trkpt>
      <trkpt lat="50.225098" lon="18.330817">
        <ele>197.937346</ele>
        <time>2026-06-13T17:06:27.307Z</time>
      </trkpt>
      <trkpt lat="50.221684" lon="18.331038">
        <ele>197.636418</ele>
        <time>2026-06-13T17:07:50.679Z</time>
      </trkpt>
      <trkpt lat="50.221289" lon="18.331080">
        <ele>197.569784</ele>
        <time>2026-06-13T17:07:59.927Z</time>
      </trkpt>
      <trkpt lat="50.220880" lon="18.331121">
        <ele>197.500807</ele>
        <time>2026-06-13T17:08:09.474Z</time>
      </trkpt>
      <trkpt lat="50.217622" lon="18.331344">
        <ele>197.305395</ele>
        <time>2026-06-13T17:09:29.627Z</time>
      </trkpt>
      <trkpt lat="50.216196" lon="18.331441">
        <ele>197.197420</ele>
        <time>2026-06-13T17:10:04.858Z</time>
      </trkpt>
      <trkpt lat="50.218243" lon="18.338084">
        <ele>196.564685</ele>
        <time>2026-06-13T17:11:45.547Z</time>
      </trkpt>
      <trkpt lat="50.218605" lon="18.338995">
        <ele>197.113093</ele>
        <time>2026-06-13T17:12:03.638Z</time>
      </trkpt>
      <trkpt lat="50.219760" lon="18.341705">
        <ele>198.821999</ele>
        <time>2026-06-13T17:13:03.320Z</time>
      </trkpt>
      <trkpt lat="50.219544" lon="18.341753">
        <ele>198.734679</ele>
        <time>2026-06-13T17:13:09.006Z</time>
      </trkpt>
      <trkpt lat="50.214870" lon="18.342102">
        <ele>195.918042</ele>
        <time>2026-06-13T17:14:51.053Z</time>
      </trkpt>
      <trkpt lat="50.214010" lon="18.342172">
        <ele>195.528736</ele>
        <time>2026-06-13T17:15:10.344Z</time>
      </trkpt>
      <trkpt lat="50.213853" lon="18.342161">
        <ele>195.457691</ele>
        <time>2026-06-13T17:15:14.021Z</time>
      </trkpt>
      <trkpt lat="50.213769" lon="18.342115">
        <ele>195.417453</ele>
        <time>2026-06-13T17:15:16.140Z</time>
      </trkpt>
      <trkpt lat="50.213532" lon="18.341640">
        <ele>195.243208</ele>
        <time>2026-06-13T17:15:25.544Z</time>
      </trkpt>
      <trkpt lat="50.213512" lon="18.341582">
        <ele>195.224148</ele>
        <time>2026-06-13T17:15:26.608Z</time>
      </trkpt>
      <trkpt lat="50.213336" lon="18.341071">
        <ele>195.120589</ele>
        <time>2026-06-13T17:15:36.115Z</time>
      </trkpt>
      <trkpt lat="50.213169" lon="18.340487">
        <ele>195.031235</ele>
        <time>2026-06-13T17:15:46.607Z</time>
      </trkpt>
      <trkpt lat="50.212897" lon="18.339808">
        <ele>194.919333</ele>
        <time>2026-06-13T17:15:59.225Z</time>
      </trkpt>
      <trkpt lat="50.212723" lon="18.339553">
        <ele>194.867260</ele>
        <time>2026-06-13T17:16:04.871Z</time>
      </trkpt>
      <trkpt lat="50.212034" lon="18.338921">
        <ele>194.297975</ele>
        <time>2026-06-13T17:16:22.430Z</time>
      </trkpt>
      <trkpt lat="50.211236" lon="18.338325">
        <ele>193.303735</ele>
        <time>2026-06-13T17:16:41.011Z</time>
      </trkpt>
      <trkpt lat="50.208899" lon="18.336425">
        <ele>189.753054</ele>
        <time>2026-06-13T17:17:37.284Z</time>
      </trkpt>
      <trkpt lat="50.207851" lon="18.335608">
        <ele>187.099211</ele>
        <time>2026-06-13T17:17:59.206Z</time>
      </trkpt>
      <trkpt lat="50.207323" lon="18.335220">
        <ele>186.355490</ele>
        <time>2026-06-13T17:18:10.515Z</time>
      </trkpt>
      <trkpt lat="50.206639" lon="18.334643">
        <ele>186.027985</ele>
        <time>2026-06-13T17:18:28.308Z</time>
      </trkpt>
      <trkpt lat="50.204698" lon="18.333078">
        <ele>186.595405</ele>
        <time>2026-06-13T17:19:30.061Z</time>
      </trkpt>
      <trkpt lat="50.204310" lon="18.332777">
        <ele>186.824495</ele>
        <time>2026-06-13T17:19:40.327Z</time>
      </trkpt>
      <trkpt lat="50.203841" lon="18.332654">
        <ele>186.996705</ele>
        <time>2026-06-13T17:19:51.211Z</time>
      </trkpt>
      <trkpt lat="50.203543" lon="18.332598">
        <ele>187.105395</ele>
        <time>2026-06-13T17:19:57.359Z</time>
      </trkpt>
      <trkpt lat="50.202892" lon="18.332533">
        <ele>187.341615</ele>
        <time>2026-06-13T17:20:14.376Z</time>
      </trkpt>
      <trkpt lat="50.202700" lon="18.332465">
        <ele>187.412906</ele>
        <time>2026-06-13T17:20:20.401Z</time>
      </trkpt>
      <trkpt lat="50.202156" lon="18.332456">
        <ele>188.462649</ele>
        <time>2026-06-13T17:20:38.615Z</time>
      </trkpt>
      <trkpt lat="50.201465" lon="18.332382">
        <ele>189.940589</ele>
        <time>2026-06-13T17:21:03.132Z</time>
      </trkpt>
      <trkpt lat="50.201330" lon="18.332351">
        <ele>190.231752</ele>
        <time>2026-06-13T17:21:09.659Z</time>
      </trkpt>
      <trkpt lat="50.200350" lon="18.332129">
        <ele>191.769977</ele>
        <time>2026-06-13T17:21:53.938Z</time>
      </trkpt>
      <trkpt lat="50.200206" lon="18.332096">
        <ele>191.913884</ele>
        <time>2026-06-13T17:21:59.892Z</time>
      </trkpt>
      <trkpt lat="50.200153" lon="18.330353">
        <ele>193.018311</ele>
        <time>2026-06-13T17:22:27.357Z</time>
      </trkpt>
      <trkpt lat="50.200099" lon="18.328577">
        <ele>193.352928</ele>
        <time>2026-06-13T17:22:53.757Z</time>
      </trkpt>
      <trkpt lat="50.199217" lon="18.329415">
        <ele>193.757572</ele>
        <time>2026-06-13T17:23:20.020Z</time>
      </trkpt>
      <trkpt lat="50.199121" lon="18.329477">
        <ele>193.823825</ele>
        <time>2026-06-13T17:23:22.690Z</time>
      </trkpt>
      <trkpt lat="50.199022" lon="18.329471">
        <ele>193.887012</ele>
        <time>2026-06-13T17:23:25.266Z</time>
      </trkpt>
      <trkpt lat="50.198930" lon="18.329418">
        <ele>193.949550</ele>
        <time>2026-06-13T17:23:27.830Z</time>
      </trkpt>
      <trkpt lat="50.198491" lon="18.329210">
        <ele>194.242128</ele>
        <time>2026-06-13T17:23:40.219Z</time>
      </trkpt>
      <trkpt lat="50.198364" lon="18.329181">
        <ele>194.323987</ele>
        <time>2026-06-13T17:23:43.841Z</time>
      </trkpt>
      <trkpt lat="50.198131" lon="18.329239">
        <ele>194.474464</ele>
        <time>2026-06-13T17:23:50.625Z</time>
      </trkpt>
      <trkpt lat="50.197888" lon="18.329556">
        <ele>194.676375</ele>
        <time>2026-06-13T17:23:59.925Z</time>
      </trkpt>
      <trkpt lat="50.197744" lon="18.329658">
        <ele>194.824649</ele>
        <time>2026-06-13T17:24:04.637Z</time>
      </trkpt>
      <trkpt lat="50.197578" lon="18.329660">
        <ele>194.987695</ele>
        <time>2026-06-13T17:24:09.562Z</time>
      </trkpt>
      <trkpt lat="50.197519" lon="18.329637">
        <ele>195.047420</ele>
        <time>2026-06-13T17:24:11.380Z</time>
      </trkpt>
      <trkpt lat="50.197308" lon="18.329308">
        <ele>195.340227</ele>
        <time>2026-06-13T17:24:20.078Z</time>
      </trkpt>
      <trkpt lat="50.197181" lon="18.329197">
        <ele>195.483159</ele>
        <time>2026-06-13T17:24:24.255Z</time>
      </trkpt>
      <trkpt lat="50.197028" lon="18.329144">
        <ele>195.637082</ele>
        <time>2026-06-13T17:24:28.641Z</time>
      </trkpt>
      <trkpt lat="50.196882" lon="18.329179">
        <ele>195.782158</ele>
        <time>2026-06-13T17:24:32.777Z</time>
      </trkpt>
      <trkpt lat="50.196743" lon="18.329298">
        <ele>195.937838</ele>
        <time>2026-06-13T17:24:37.151Z</time>
      </trkpt>
      <trkpt lat="50.196503" lon="18.329739">
        <ele>196.301770</ele>
        <time>2026-06-13T17:24:47.362Z</time>
      </trkpt>
      <trkpt lat="50.196401" lon="18.329870">
        <ele>196.431464</ele>
        <time>2026-06-13T17:24:51.011Z</time>
      </trkpt>
      <trkpt lat="50.196159" lon="18.329978">
        <ele>196.764804</ele>
        <time>2026-06-13T17:24:58.209Z</time>
      </trkpt>
      <trkpt lat="50.195898" lon="18.330171">
        <ele>197.158129</ele>
        <time>2026-06-13T17:25:06.846Z</time>
      </trkpt>
      <trkpt lat="50.195699" lon="18.330240">
        <ele>197.435781</ele>
        <time>2026-06-13T17:25:12.946Z</time>
      </trkpt>
      <trkpt lat="50.195389" lon="18.330443">
        <ele>197.893629</ele>
        <time>2026-06-13T17:25:23.293Z</time>
      </trkpt>
      <trkpt lat="50.195014" lon="18.330491">
        <ele>198.406123</ele>
        <time>2026-06-13T17:25:35.344Z</time>
      </trkpt>
      <trkpt lat="50.194974" lon="18.330807">
        <ele>198.687002</ele>
        <time>2026-06-13T17:25:44.611Z</time>
      </trkpt>
      <trkpt lat="50.194484" lon="18.336114">
        <ele>202.798077</ele>
        <time>2026-06-13T17:28:08.938Z</time>
      </trkpt>
      <trkpt lat="50.194314" lon="18.337794">
        <ele>203.548352</ele>
        <time>2026-06-13T17:28:50.856Z</time>
      </trkpt>
      <trkpt lat="50.194115" lon="18.339757">
        <ele>204.409280</ele>
        <time>2026-06-13T17:29:40.420Z</time>
      </trkpt>
      <trkpt lat="50.192960" lon="18.340264">
        <ele>205.956598</ele>
        <time>2026-06-13T17:30:16.983Z</time>
      </trkpt>
      <trkpt lat="50.191221" lon="18.340987">
        <ele>208.396140</ele>
        <time>2026-06-13T17:31:13.299Z</time>
      </trkpt>
      <trkpt lat="50.188933" lon="18.341808">
        <ele>210.052086</ele>
        <time>2026-06-13T17:32:16.383Z</time>
      </trkpt>
      <trkpt lat="50.188150" lon="18.342181">
        <ele>210.710905</ele>
        <time>2026-06-13T17:32:37.926Z</time>
      </trkpt>
      <trkpt lat="50.188062" lon="18.342379">
        <ele>210.835105</ele>
        <time>2026-06-13T17:32:44.102Z</time>
      </trkpt>
      <trkpt lat="50.188036" lon="18.342607">
        <ele>210.954440</ele>
        <time>2026-06-13T17:32:50.106Z</time>
      </trkpt>
      <trkpt lat="50.188227" lon="18.343699">
        <ele>211.659257</ele>
        <time>2026-06-13T17:33:20.985Z</time>
      </trkpt>
      <trkpt lat="50.188569" lon="18.345649">
        <ele>213.368921</ele>
        <time>2026-06-13T17:34:17.571Z</time>
      </trkpt>
      <trkpt lat="50.189281" lon="18.349746">
        <ele>214.617866</ele>
        <time>2026-06-13T17:36:01.743Z</time>
      </trkpt>
      <trkpt lat="50.190393" lon="18.356204">
        <ele>215.750906</ele>
        <time>2026-06-13T17:38:46.135Z</time>
      </trkpt>
      <trkpt lat="50.190635" lon="18.357525">
        <ele>215.404031</ele>
        <time>2026-06-13T17:39:17.753Z</time>
      </trkpt>
      <trkpt lat="50.190526" lon="18.357816">
        <ele>215.190375</ele>
        <time>2026-06-13T17:39:25.231Z</time>
      </trkpt>
      <trkpt lat="50.188777" lon="18.364925">
        <ele>210.621408</ele>
        <time>2026-06-13T17:42:08.076Z</time>
      </trkpt>
      <trkpt lat="50.187819" lon="18.368799">
        <ele>212.590045</ele>
        <time>2026-06-13T17:43:55.680Z</time>
      </trkpt>
      <trkpt lat="50.187789" lon="18.368921">
        <ele>212.684235</ele>
        <time>2026-06-13T17:43:59.380Z</time>
      </trkpt>
      <trkpt lat="50.187484" lon="18.370025">
        <ele>213.521411</ele>
        <time>2026-06-13T17:44:33.337Z</time>
      </trkpt>
      <trkpt lat="50.187458" lon="18.370102">
        <ele>213.524151</ele>
        <time>2026-06-13T17:44:35.687Z</time>
      </trkpt>
      <trkpt lat="50.187356" lon="18.370203">
        <ele>213.530089</ele>
        <time>2026-06-13T17:44:40.752Z</time>
      </trkpt>
      <trkpt lat="50.186855" lon="18.371040">
        <ele>213.566157</ele>
        <time>2026-06-13T17:45:08.607Z</time>
      </trkpt>
      <trkpt lat="50.186574" lon="18.371476">
        <ele>213.585631</ele>
        <time>2026-06-13T17:45:22.123Z</time>
      </trkpt>
      <trkpt lat="50.186033" lon="18.372044">
        <ele>213.653087</ele>
        <time>2026-06-13T17:45:36.344Z</time>
      </trkpt>
      <trkpt lat="50.183719" lon="18.375214">
        <ele>215.096315</ele>
        <time>2026-06-13T17:46:58.531Z</time>
      </trkpt>
      <trkpt lat="50.183169" lon="18.375967">
        <ele>216.116398</ele>
        <time>2026-06-13T17:47:20.463Z</time>
      </trkpt>
      <trkpt lat="50.183133" lon="18.376015">
        <ele>216.208942</ele>
        <time>2026-06-13T17:47:21.948Z</time>
      </trkpt>
      <trkpt lat="50.183097" lon="18.376064">
        <ele>216.302305</ele>
        <time>2026-06-13T17:47:23.433Z</time>
      </trkpt>
      <trkpt lat="50.182221" lon="18.377233">
        <ele>218.555044</ele>
        <time>2026-06-13T17:48:02.004Z</time>
      </trkpt>
      <trkpt lat="50.180892" lon="18.379109">
        <ele>222.569601</ele>
        <time>2026-06-13T17:49:04.503Z</time>
      </trkpt>
      <trkpt lat="50.179209" lon="18.381386">
        <ele>225.372933</ele>
        <time>2026-06-13T17:50:08.820Z</time>
      </trkpt>
      <trkpt lat="50.178885" lon="18.381825">
        <ele>225.912974</ele>
        <time>2026-06-13T17:50:21.254Z</time>
      </trkpt>
      <trkpt lat="50.178721" lon="18.382034">
        <ele>226.179470</ele>
        <time>2026-06-13T17:50:27.493Z</time>
      </trkpt>
      <trkpt lat="50.177186" lon="18.384000">
        <ele>228.801853</ele>
        <time>2026-06-13T17:51:28.117Z</time>
      </trkpt>
      <trkpt lat="50.176791" lon="18.384388">
        <ele>229.441722</ele>
        <time>2026-06-13T17:51:47.852Z</time>
      </trkpt>
      <trkpt lat="50.176173" lon="18.382815">
        <ele>230.741526</ele>
        <time>2026-06-13T17:52:37.069Z</time>
      </trkpt>
      <trkpt lat="50.174380" lon="18.378257">
        <ele>232.633369</ele>
        <time>2026-06-13T17:54:55.710Z</time>
      </trkpt>
      <trkpt lat="50.175598" lon="18.375010">
        <ele>229.803809</ele>
        <time>2026-06-13T17:56:12.751Z</time>
      </trkpt>
      <trkpt lat="50.177026" lon="18.371229">
        <ele>227.971426</ele>
        <time>2026-06-13T17:57:47.897Z</time>
      </trkpt>
      <trkpt lat="50.175743" lon="18.363747">
        <ele>232.538349</ele>
        <time>2026-06-13T18:01:17.211Z</time>
      </trkpt>
      <trkpt lat="50.173894" lon="18.353320">
        <ele>226.927482</ele>
        <time>2026-06-13T18:05:13.590Z</time>
      </trkpt>
      <trkpt lat="50.171655" lon="18.340482">
        <ele>214.332048</ele>
        <time>2026-06-13T18:09:50.170Z</time>
      </trkpt>
      <trkpt lat="50.170319" lon="18.332831">
        <ele>210.457999</ele>
        <time>2026-06-13T18:12:45.811Z</time>
      </trkpt>
      <trkpt lat="50.169631" lon="18.328832">
        <ele>209.366509</ele>
        <time>2026-06-13T18:14:20.189Z</time>
      </trkpt>
      <trkpt lat="50.169348" lon="18.327299">
        <ele>209.320599</ele>
        <time>2026-06-13T18:14:57.698Z</time>
      </trkpt>
      <trkpt lat="50.168987" lon="18.325196">
        <ele>209.042336</ele>
        <time>2026-06-13T18:15:29.695Z</time>
      </trkpt>
      <trkpt lat="50.168300" lon="18.321243">
        <ele>207.364543</ele>
        <time>2026-06-13T18:16:22.038Z</time>
      </trkpt>
      <trkpt lat="50.168044" lon="18.319768">
        <ele>206.477997</ele>
        <time>2026-06-13T18:16:40.639Z</time>
      </trkpt>
      <trkpt lat="50.167734" lon="18.318004">
        <ele>205.350243</ele>
        <time>2026-06-13T18:17:03.992Z</time>
      </trkpt>
      <trkpt lat="50.167662" lon="18.317597">
        <ele>204.834330</ele>
        <time>2026-06-13T18:17:09.252Z</time>
      </trkpt>
      <trkpt lat="50.167017" lon="18.313907">
        <ele>199.169106</ele>
        <time>2026-06-13T18:17:51.177Z</time>
      </trkpt>
      <trkpt lat="50.166691" lon="18.312850">
        <ele>197.108323</ele>
        <time>2026-06-13T18:18:03.576Z</time>
      </trkpt>
      <trkpt lat="50.166638" lon="18.312604">
        <ele>196.652172</ele>
        <time>2026-06-13T18:18:06.281Z</time>
      </trkpt>
      <trkpt lat="50.166494" lon="18.311940">
        <ele>195.334001</ele>
        <time>2026-06-13T18:18:13.523Z</time>
      </trkpt>
      <trkpt lat="50.166198" lon="18.311113">
        <ele>193.552649</ele>
        <time>2026-06-13T18:18:23.306Z</time>
      </trkpt>
      <trkpt lat="50.166147" lon="18.310898">
        <ele>193.121540</ele>
        <time>2026-06-13T18:18:25.721Z</time>
      </trkpt>
      <trkpt lat="50.166097" lon="18.310899">
        <ele>192.974753</ele>
        <time>2026-06-13T18:18:26.557Z</time>
      </trkpt>
      <trkpt lat="50.165654" lon="18.310874">
        <ele>191.673479</ele>
        <time>2026-06-13T18:18:34.002Z</time>
      </trkpt>
      <trkpt lat="50.164952" lon="18.310840">
        <ele>190.855478</ele>
        <time>2026-06-13T18:18:46.631Z</time>
      </trkpt>
      <trkpt lat="50.164927" lon="18.310840">
        <ele>190.833833</ele>
        <time>2026-06-13T18:18:47.117Z</time>
      </trkpt>
      <trkpt lat="50.164725" lon="18.310841">
        <ele>190.658940</ele>
        <time>2026-06-13T18:18:51.023Z</time>
      </trkpt>
      <trkpt lat="50.164662" lon="18.310846">
        <ele>190.604324</ele>
        <time>2026-06-13T18:18:52.278Z</time>
      </trkpt>
      <trkpt lat="50.164446" lon="18.310865">
        <ele>190.417014</ele>
        <time>2026-06-13T18:18:56.834Z</time>
      </trkpt>
      <trkpt lat="50.164294" lon="18.310870">
        <ele>190.285383</ele>
        <time>2026-06-13T18:19:00.103Z</time>
      </trkpt>
      <trkpt lat="50.163972" lon="18.310835">
        <ele>190.005920</ele>
        <time>2026-06-13T18:19:07.140Z</time>
      </trkpt>
      <trkpt lat="50.163225" lon="18.310632">
        <ele>190.008117</ele>
        <time>2026-06-13T18:19:24.541Z</time>
      </trkpt>
      <trkpt lat="50.162974" lon="18.310599">
        <ele>190.096289</ele>
        <time>2026-06-13T18:19:30.443Z</time>
      </trkpt>
      <trkpt lat="50.162202" lon="18.310598">
        <ele>190.366525</ele>
        <time>2026-06-13T18:19:49.331Z</time>
      </trkpt>
      <trkpt lat="50.161650" lon="18.310717">
        <ele>190.435178</ele>
        <time>2026-06-13T18:20:02.681Z</time>
      </trkpt>
      <trkpt lat="50.161346" lon="18.310784">
        <ele>190.422952</ele>
        <time>2026-06-13T18:20:09.873Z</time>
      </trkpt>
      <trkpt lat="50.161159" lon="18.310826">
        <ele>190.415428</ele>
        <time>2026-06-13T18:20:14.301Z</time>
      </trkpt>
      <trkpt lat="50.160660" lon="18.310935">
        <ele>190.395363</ele>
        <time>2026-06-13T18:20:25.581Z</time>
      </trkpt>
      <trkpt lat="50.160645" lon="18.310848">
        <ele>190.393065</ele>
        <time>2026-06-13T18:20:26.820Z</time>
      </trkpt>
      <trkpt lat="50.160556" lon="18.310736">
        <ele>190.388512</ele>
        <time>2026-06-13T18:20:29.193Z</time>
      </trkpt>
      <trkpt lat="50.160438" lon="18.310598">
        <ele>190.382640</ele>
        <time>2026-06-13T18:20:32.205Z</time>
      </trkpt>
      <trkpt lat="50.160340" lon="18.310472">
        <ele>190.377584</ele>
        <time>2026-06-13T18:20:34.719Z</time>
      </trkpt>
      <trkpt lat="50.160310" lon="18.310437">
        <ele>190.366589</ele>
        <time>2026-06-13T18:20:35.447Z</time>
      </trkpt>
      <trkpt lat="50.160273" lon="18.310385">
        <ele>190.313672</ele>
        <time>2026-06-13T18:20:36.432Z</time>
      </trkpt>
      <trkpt lat="50.160215" lon="18.310294">
        <ele>190.226267</ele>
        <time>2026-06-13T18:20:38.030Z</time>
      </trkpt>
      <trkpt lat="50.160179" lon="18.310232">
        <ele>190.169291</ele>
        <time>2026-06-13T18:20:39.089Z</time>
      </trkpt>
      <trkpt lat="50.159821" lon="18.309401">
        <ele>189.487414</ele>
        <time>2026-06-13T18:20:51.326Z</time>
      </trkpt>
      <trkpt lat="50.159673" lon="18.309094">
        <ele>189.225799</ele>
        <time>2026-06-13T18:20:55.940Z</time>
      </trkpt>
      <trkpt lat="50.159613" lon="18.308872">
        <ele>189.061734</ele>
        <time>2026-06-13T18:20:58.808Z</time>
      </trkpt>
      <trkpt lat="50.159604" lon="18.308216">
        <ele>188.614948</ele>
        <time>2026-06-13T18:21:06.587Z</time>
      </trkpt>
      <trkpt lat="50.159602" lon="18.306579">
        <ele>187.943567</ele>
        <time>2026-06-13T18:21:27.102Z</time>
      </trkpt>
      <trkpt lat="50.159314" lon="18.304882">
        <ele>187.379426</ele>
        <time>2026-06-13T18:21:51.244Z</time>
      </trkpt>
      <trkpt lat="50.159281" lon="18.304562">
        <ele>187.332936</ele>
        <time>2026-06-13T18:21:55.818Z</time>
      </trkpt>
      <trkpt lat="50.159286" lon="18.304032">
        <ele>187.256908</ele>
        <time>2026-06-13T18:22:03.245Z</time>
      </trkpt>
      <trkpt lat="50.159330" lon="18.302823">
        <ele>187.083216</ele>
        <time>2026-06-13T18:22:20.220Z</time>
      </trkpt>
      <trkpt lat="50.159347" lon="18.302413">
        <ele>187.012707</ele>
        <time>2026-06-13T18:22:25.855Z</time>
      </trkpt>
      <trkpt lat="50.159438" lon="18.300804">
        <ele>186.213184</ele>
        <time>2026-06-13T18:22:46.219Z</time>
      </trkpt>
      <trkpt lat="50.159441" lon="18.300762">
        <ele>186.192266</ele>
        <time>2026-06-13T18:22:46.745Z</time>
      </trkpt>
      <trkpt lat="50.159477" lon="18.299979">
        <ele>185.803698</ele>
        <time>2026-06-13T18:22:56.584Z</time>
      </trkpt>
      <trkpt lat="50.159459" lon="18.299324">
        <ele>185.550609</ele>
        <time>2026-06-13T18:23:04.705Z</time>
      </trkpt>
      <trkpt lat="50.159451" lon="18.299185">
        <ele>185.512336</ele>
        <time>2026-06-13T18:23:06.411Z</time>
      </trkpt>
      <trkpt lat="50.159422" lon="18.298936">
        <ele>185.442931</ele>
        <time>2026-06-13T18:23:09.542Z</time>
      </trkpt>
      <trkpt lat="50.159385" lon="18.298752">
        <ele>185.390043</ele>
        <time>2026-06-13T18:23:11.947Z</time>
      </trkpt>
      <trkpt lat="50.159328" lon="18.298484">
        <ele>185.312602</ele>
        <time>2026-06-13T18:23:15.565Z</time>
      </trkpt>
      <trkpt lat="50.159189" lon="18.297943">
        <ele>185.152750</ele>
        <time>2026-06-13T18:23:23.395Z</time>
      </trkpt>
      <trkpt lat="50.159154" lon="18.297684">
        <ele>185.080158</ele>
        <time>2026-06-13T18:23:27.144Z</time>
      </trkpt>
      <trkpt lat="50.159230" lon="18.297269">
        <ele>184.961789</ele>
        <time>2026-06-13T18:23:33.445Z</time>
      </trkpt>
      <trkpt lat="50.159404" lon="18.296486">
        <ele>184.832028</ele>
        <time>2026-06-13T18:23:45.427Z</time>
      </trkpt>
      <trkpt lat="50.159668" lon="18.295783">
        <ele>184.770111</ele>
        <time>2026-06-13T18:23:57.589Z</time>
      </trkpt>
      <trkpt lat="50.159965" lon="18.295172">
        <ele>184.711834</ele>
        <time>2026-06-13T18:24:08.351Z</time>
      </trkpt>
      <trkpt lat="50.160035" lon="18.295024">
        <ele>184.697855</ele>
        <time>2026-06-13T18:24:10.801Z</time>
      </trkpt>
      <trkpt lat="50.160124" lon="18.294773">
        <ele>184.676057</ele>
        <time>2026-06-13T18:24:14.571Z</time>
      </trkpt>
      <trkpt lat="50.160155" lon="18.294661">
        <ele>184.666787</ele>
        <time>2026-06-13T18:24:16.160Z</time>
      </trkpt>
      <trkpt lat="50.160280" lon="18.294191">
        <ele>184.492718</ele>
        <time>2026-06-13T18:24:22.678Z</time>
      </trkpt>
      <trkpt lat="50.160457" lon="18.293410">
        <ele>184.124920</ele>
        <time>2026-06-13T18:24:33.088Z</time>
      </trkpt>
      <trkpt lat="50.160546" lon="18.292067">
        <ele>183.525487</ele>
        <time>2026-06-13T18:24:50.207Z</time>
      </trkpt>
      <trkpt lat="50.160562" lon="18.291813">
        <ele>183.412175</ele>
        <time>2026-06-13T18:24:53.550Z</time>
      </trkpt>
      <trkpt lat="50.160576" lon="18.291493">
        <ele>183.377607</ele>
        <time>2026-06-13T18:24:57.823Z</time>
      </trkpt>
      <trkpt lat="50.160550" lon="18.291340">
        <ele>183.361527</ele>
        <time>2026-06-13T18:24:59.947Z</time>
      </trkpt>
      <trkpt lat="50.160462" lon="18.291156">
        <ele>183.338202</ele>
        <time>2026-06-13T18:25:03.038Z</time>
      </trkpt>
      <trkpt lat="50.160306" lon="18.291054">
        <ele>183.311384</ele>
        <time>2026-06-13T18:25:06.666Z</time>
      </trkpt>
      <trkpt lat="50.160176" lon="18.291058">
        <ele>183.290767</ele>
        <time>2026-06-13T18:25:09.486Z</time>
      </trkpt>
      <trkpt lat="50.159428" lon="18.291403">
        <ele>183.167092</ele>
        <time>2026-06-13T18:25:26.853Z</time>
      </trkpt>
      <trkpt lat="50.159243" lon="18.291433">
        <ele>183.137600</ele>
        <time>2026-06-13T18:25:30.994Z</time>
      </trkpt>
      <trkpt lat="50.158754" lon="18.291343">
        <ele>183.107528</ele>
        <time>2026-06-13T18:25:42.074Z</time>
      </trkpt>
      <trkpt lat="50.158658" lon="18.291286">
        <ele>183.103292</ele>
        <time>2026-06-13T18:25:44.366Z</time>
      </trkpt>
      <trkpt lat="50.158557" lon="18.291146">
        <ele>183.097721</ele>
        <time>2026-06-13T18:25:47.401Z</time>
      </trkpt>
      <trkpt lat="50.158137" lon="18.291038">
        <ele>183.080167</ele>
        <time>2026-06-13T18:25:57.903Z</time>
      </trkpt>
      <trkpt lat="50.157631" lon="18.290979">
        <ele>183.059242</ele>
        <time>2026-06-13T18:26:10.089Z</time>
      </trkpt>
      <trkpt lat="50.156720" lon="18.290871">
        <ele>183.063477</ele>
        <time>2026-06-13T18:26:32.070Z</time>
      </trkpt>
      <trkpt lat="50.156061" lon="18.290745">
        <ele>183.076137</ele>
        <time>2026-06-13T18:26:48.576Z</time>
      </trkpt>
      <trkpt lat="50.154446" lon="18.290531">
        <ele>183.558228</ele>
        <time>2026-06-13T18:27:30.933Z</time>
      </trkpt>
      <trkpt lat="50.154321" lon="18.290472">
        <ele>183.610605</ele>
        <time>2026-06-13T18:27:34.398Z</time>
      </trkpt>
      <trkpt lat="50.153723" lon="18.290382">
        <ele>183.824213</ele>
        <time>2026-06-13T18:27:50.480Z</time>
      </trkpt>
      <trkpt lat="50.153569" lon="18.290387">
        <ele>183.848974</ele>
        <time>2026-06-13T18:27:54.614Z</time>
      </trkpt>
      <trkpt lat="50.153466" lon="18.290438">
        <ele>183.866344</ele>
        <time>2026-06-13T18:27:57.244Z</time>
      </trkpt>
      <trkpt lat="50.152284" lon="18.290534">
        <ele>184.056603</ele>
        <time>2026-06-13T18:28:27.400Z</time>
      </trkpt>
      <trkpt lat="50.151395" lon="18.290419">
        <ele>183.879072</ele>
        <time>2026-06-13T18:28:48.618Z</time>
      </trkpt>
      <trkpt lat="50.151174" lon="18.290495">
        <ele>183.804213</ele>
        <time>2026-06-13T18:28:53.736Z</time>
      </trkpt>
      <trkpt lat="50.150749" lon="18.290447">
        <ele>183.663259</ele>
        <time>2026-06-13T18:29:03.240Z</time>
      </trkpt>
      <trkpt lat="50.150235" lon="18.290319">
        <ele>183.511886</ele>
        <time>2026-06-13T18:29:15.326Z</time>
      </trkpt>
      <trkpt lat="50.149911" lon="18.290326">
        <ele>183.652820</ele>
        <time>2026-06-13T18:29:23.122Z</time>
      </trkpt>
      <trkpt lat="50.147566" lon="18.289948">
        <ele>185.036697</ele>
        <time>2026-06-13T18:30:28.001Z</time>
      </trkpt>
      <trkpt lat="50.146436" lon="18.289820">
        <ele>185.916138</ele>
        <time>2026-06-13T18:31:00.526Z</time>
      </trkpt>
      <trkpt lat="50.145013" lon="18.289599">
        <ele>186.752245</ele>
        <time>2026-06-13T18:31:38.968Z</time>
      </trkpt>
      <trkpt lat="50.144866" lon="18.289553">
        <ele>186.839395</ele>
        <time>2026-06-13T18:31:42.802Z</time>
      </trkpt>
      <trkpt lat="50.144764" lon="18.289353">
        <ele>186.931921</ele>
        <time>2026-06-13T18:31:46.997Z</time>
      </trkpt>
      <trkpt lat="50.144603" lon="18.289196">
        <ele>187.039161</ele>
        <time>2026-06-13T18:31:51.846Z</time>
      </trkpt>
      <trkpt lat="50.143860" lon="18.288926">
        <ele>187.470082</ele>
        <time>2026-06-13T18:32:11.726Z</time>
      </trkpt>
      <trkpt lat="50.143258" lon="18.288770">
        <ele>187.814785</ele>
        <time>2026-06-13T18:32:28.794Z</time>
      </trkpt>
      <trkpt lat="50.142012" lon="18.288564">
        <ele>188.615261</ele>
        <time>2026-06-13T18:33:05.737Z</time>
      </trkpt>
      <trkpt lat="50.141759" lon="18.288452">
        <ele>188.784017</ele>
        <time>2026-06-13T18:33:12.900Z</time>
      </trkpt>
      <trkpt lat="50.141430" lon="18.288162">
        <ele>188.877225</ele>
        <time>2026-06-13T18:33:22.014Z</time>
      </trkpt>
      <trkpt lat="50.141286" lon="18.287982">
        <ele>188.433587</ele>
        <time>2026-06-13T18:33:26.079Z</time>
      </trkpt>
      <trkpt lat="50.141013" lon="18.287513">
        <ele>187.457276</ele>
        <time>2026-06-13T18:33:34.403Z</time>
      </trkpt>
      <trkpt lat="50.140924" lon="18.287280">
        <ele>187.039294</ele>
        <time>2026-06-13T18:33:37.749Z</time>
      </trkpt>
      <trkpt lat="50.140862" lon="18.287098">
        <ele>186.721678</ele>
        <time>2026-06-13T18:33:41.691Z</time>
      </trkpt>
      <trkpt lat="50.140789" lon="18.286033">
        <ele>185.071167</ele>
        <time>2026-06-13T18:33:52.646Z</time>
      </trkpt>
      <trkpt lat="50.140736" lon="18.285251">
        <ele>183.966358</ele>
        <time>2026-06-13T18:34:00.686Z</time>
      </trkpt>
      <trkpt lat="50.140695" lon="18.284633">
        <ele>183.135214</ele>
        <time>2026-06-13T18:34:07.262Z</time>
      </trkpt>
      <trkpt lat="50.140639" lon="18.283906">
        <ele>182.155674</ele>
        <time>2026-06-13T18:34:15.416Z</time>
      </trkpt>
      <trkpt lat="50.140451" lon="18.283431">
        <ele>181.408843</ele>
        <time>2026-06-13T18:34:23.100Z</time>
      </trkpt>
      <trkpt lat="50.140379" lon="18.283323">
        <ele>181.200374</ele>
        <time>2026-06-13T18:34:25.353Z</time>
      </trkpt>
      <trkpt lat="50.140178" lon="18.283160">
        <ele>180.921541</ele>
        <time>2026-06-13T18:34:30.691Z</time>
      </trkpt>
      <trkpt lat="50.139855" lon="18.283018">
        <ele>180.941674</ele>
        <time>2026-06-13T18:34:38.987Z</time>
      </trkpt>
      <trkpt lat="50.139393" lon="18.282993">
        <ele>180.969408</ele>
        <time>2026-06-13T18:34:50.919Z</time>
      </trkpt>
      <trkpt lat="50.138296" lon="18.282884">
        <ele>181.028229</ele>
        <time>2026-06-13T18:35:19.520Z</time>
      </trkpt>
      <trkpt lat="50.137319" lon="18.282465">
        <ele>181.050772</ele>
        <time>2026-06-13T18:35:44.723Z</time>
      </trkpt>
      <trkpt lat="50.136490" lon="18.281669">
        <ele>180.935412</ele>
        <time>2026-06-13T18:36:08.197Z</time>
      </trkpt>
      <trkpt lat="50.136149" lon="18.281425">
        <ele>180.807338</ele>
        <time>2026-06-13T18:36:17.080Z</time>
      </trkpt>
      <trkpt lat="50.135928" lon="18.281313">
        <ele>180.728010</ele>
        <time>2026-06-13T18:36:22.546Z</time>
      </trkpt>
      <trkpt lat="50.135466" lon="18.281190">
        <ele>180.568006</ele>
        <time>2026-06-13T18:36:33.388Z</time>
      </trkpt>
      <trkpt lat="50.134321" lon="18.281039">
        <ele>180.339208</ele>
        <time>2026-06-13T18:37:00.058Z</time>
      </trkpt>
      <trkpt lat="50.133966" lon="18.281016">
        <ele>180.290211</ele>
        <time>2026-06-13T18:37:08.576Z</time>
      </trkpt>
      <trkpt lat="50.132030" lon="18.280886">
        <ele>180.331609</ele>
        <time>2026-06-13T18:37:57.784Z</time>
      </trkpt>
      <trkpt lat="50.131714" lon="18.280781">
        <ele>180.363882</ele>
        <time>2026-06-13T18:38:05.901Z</time>
      </trkpt>
      <trkpt lat="50.131380" lon="18.280612">
        <ele>180.371971</ele>
        <time>2026-06-13T18:38:14.551Z</time>
      </trkpt>
      <trkpt lat="50.131136" lon="18.280448">
        <ele>180.357180</ele>
        <time>2026-06-13T18:38:20.992Z</time>
      </trkpt>
      <trkpt lat="50.130293" lon="18.279551">
        <ele>180.300368</ele>
        <time>2026-06-13T18:38:45.476Z</time>
      </trkpt>
      <trkpt lat="50.129947" lon="18.279126">
        <ele>180.343561</ele>
        <time>2026-06-13T18:38:56.370Z</time>
      </trkpt>
      <trkpt lat="50.129755" lon="18.278808">
        <ele>180.515107</ele>
        <time>2026-06-13T18:39:03.534Z</time>
      </trkpt>
      <trkpt lat="50.129714" lon="18.278277">
        <ele>180.725136</ele>
        <time>2026-06-13T18:39:12.639Z</time>
      </trkpt>
      <trkpt lat="50.129497" lon="18.277078">
        <ele>181.214387</ele>
        <time>2026-06-13T18:39:35.294Z</time>
      </trkpt>
      <trkpt lat="50.129424" lon="18.275885">
        <ele>181.696328</ele>
        <time>2026-06-13T18:39:56.964Z</time>
      </trkpt>
      <trkpt lat="50.129390" lon="18.274592">
        <ele>182.223585</ele>
        <time>2026-06-13T18:40:19.392Z</time>
      </trkpt>
      <trkpt lat="50.129480" lon="18.273628">
        <ele>182.586786</ele>
        <time>2026-06-13T18:40:36.133Z</time>
      </trkpt>
      <trkpt lat="50.129408" lon="18.273056">
        <ele>182.739137</ele>
        <time>2026-06-13T18:40:45.964Z</time>
      </trkpt>
      <trkpt lat="50.129331" lon="18.272812">
        <ele>182.810216</ele>
        <time>2026-06-13T18:40:50.518Z</time>
      </trkpt>
      <trkpt lat="50.129224" lon="18.272595">
        <ele>182.881768</ele>
        <time>2026-06-13T18:40:55.088Z</time>
      </trkpt>
      <trkpt lat="50.129016" lon="18.272342">
        <ele>182.989302</ele>
        <time>2026-06-13T18:41:02.033Z</time>
      </trkpt>
      <trkpt lat="50.128813" lon="18.272147">
        <ele>183.086498</ele>
        <time>2026-06-13T18:41:08.417Z</time>
      </trkpt>
      <trkpt lat="50.128392" lon="18.271833">
        <ele>183.278705</ele>
        <time>2026-06-13T18:41:20.658Z</time>
      </trkpt>
      <trkpt lat="50.128218" lon="18.271656">
        <ele>183.373148</ele>
        <time>2026-06-13T18:41:25.971Z</time>
      </trkpt>
      <trkpt lat="50.128079" lon="18.271484">
        <ele>183.453814</ele>
        <time>2026-06-13T18:41:30.536Z</time>
      </trkpt>
      <trkpt lat="50.127686" lon="18.270861">
        <ele>183.708564</ele>
        <time>2026-06-13T18:41:45.256Z</time>
      </trkpt>
      <trkpt lat="50.127012" lon="18.269884">
        <ele>184.085506</ele>
        <time>2026-06-13T18:42:10.231Z</time>
      </trkpt>
      <trkpt lat="50.126647" lon="18.269389">
        <ele>184.121054</ele>
        <time>2026-06-13T18:42:23.137Z</time>
      </trkpt>
      <trkpt lat="50.125844" lon="18.268563">
        <ele>184.191750</ele>
        <time>2026-06-13T18:42:46.765Z</time>
      </trkpt>
      <trkpt lat="50.125532" lon="18.268150">
        <ele>184.144403</ele>
        <time>2026-06-13T18:42:56.133Z</time>
      </trkpt>
      <trkpt lat="50.125110" lon="18.267648">
        <ele>183.933892</ele>
        <time>2026-06-13T18:43:08.220Z</time>
      </trkpt>
      <trkpt lat="50.124755" lon="18.267196">
        <ele>183.752124</ele>
        <time>2026-06-13T18:43:18.686Z</time>
      </trkpt>
      <trkpt lat="50.124012" lon="18.266242">
        <ele>183.486871</ele>
        <time>2026-06-13T18:43:41.680Z</time>
      </trkpt>
      <trkpt lat="50.121348" lon="18.262819">
        <ele>183.506761</ele>
        <time>2026-06-13T18:45:07.432Z</time>
      </trkpt>
      <trkpt lat="50.121233" lon="18.262675">
        <ele>183.514241</ele>
        <time>2026-06-13T18:45:11.063Z</time>
      </trkpt>
      <trkpt lat="50.120219" lon="18.261447">
        <ele>183.579356</ele>
        <time>2026-06-13T18:45:43.192Z</time>
      </trkpt>
      <trkpt lat="50.119327" lon="18.260303">
        <ele>183.302745</ele>
        <time>2026-06-13T18:46:11.685Z</time>
      </trkpt>
      <trkpt lat="50.118779" lon="18.259301">
        <ele>183.051565</ele>
        <time>2026-06-13T18:46:28.644Z</time>
      </trkpt>
      <trkpt lat="50.118624" lon="18.258968">
        <ele>183.030826</ele>
        <time>2026-06-13T18:46:33.876Z</time>
      </trkpt>
      <trkpt lat="50.118667" lon="18.258886">
        <ele>183.025488</ele>
        <time>2026-06-13T18:46:35.413Z</time>
      </trkpt>
      <trkpt lat="50.118677" lon="18.258789">
        <ele>183.020537</ele>
        <time>2026-06-13T18:46:36.596Z</time>
      </trkpt>
      <trkpt lat="50.118671" lon="18.257890">
        <ele>182.975227</ele>
        <time>2026-06-13T18:46:48.781Z</time>
      </trkpt>
      <trkpt lat="50.118584" lon="18.257112">
        <ele>182.935426</ele>
        <time>2026-06-13T18:47:00.403Z</time>
      </trkpt>
      <trkpt lat="50.118306" lon="18.255893">
        <ele>183.006235</ele>
        <time>2026-06-13T18:47:20.806Z</time>
      </trkpt>
      <trkpt lat="50.117945" lon="18.254934">
        <ele>183.139055</ele>
        <time>2026-06-13T18:47:37.107Z</time>
      </trkpt>
      <trkpt lat="50.117820" lon="18.254543">
        <ele>183.191237</ele>
        <time>2026-06-13T18:47:43.293Z</time>
      </trkpt>
      <trkpt lat="50.117783" lon="18.254102">
        <ele>183.244358</ele>
        <time>2026-06-13T18:47:49.447Z</time>
      </trkpt>
      <trkpt lat="50.117774" lon="18.253989">
        <ele>183.251804</ele>
        <time>2026-06-13T18:47:51.030Z</time>
      </trkpt>
      <trkpt lat="50.117629" lon="18.253313">
        <ele>183.294497</ele>
        <time>2026-06-13T18:48:00.979Z</time>
      </trkpt>
      <trkpt lat="50.117401" lon="18.252644">
        <ele>183.339873</ele>
        <time>2026-06-13T18:48:12.184Z</time>
      </trkpt>
      <trkpt lat="50.117011" lon="18.251706">
        <ele>183.406829</ele>
        <time>2026-06-13T18:48:28.928Z</time>
      </trkpt>
      <trkpt lat="50.116934" lon="18.251334">
        <ele>183.356579</ele>
        <time>2026-06-13T18:48:34.546Z</time>
      </trkpt>
      <trkpt lat="50.116799" lon="18.251040">
        <ele>183.282275</ele>
        <time>2026-06-13T18:48:39.672Z</time>
      </trkpt>
      <trkpt lat="50.116702" lon="18.250951">
        <ele>183.246211</ele>
        <time>2026-06-13T18:48:42.078Z</time>
      </trkpt>
      <trkpt lat="50.116525" lon="18.250906">
        <ele>183.188742</ele>
        <time>2026-06-13T18:48:45.900Z</time>
      </trkpt>
      <trkpt lat="50.116432" lon="18.250845">
        <ele>183.156411</ele>
        <time>2026-06-13T18:48:48.021Z</time>
      </trkpt>
      <trkpt lat="50.115490" lon="18.249841">
        <ele>182.818116</ele>
        <time>2026-06-13T18:49:11.354Z</time>
      </trkpt>
      <trkpt lat="50.114923" lon="18.249173">
        <ele>182.724388</ele>
        <time>2026-06-13T18:49:26.456Z</time>
      </trkpt>
      <trkpt lat="50.114461" lon="18.248518">
        <ele>182.642034</ele>
        <time>2026-06-13T18:49:40.487Z</time>
      </trkpt>
      <trkpt lat="50.114284" lon="18.248218">
        <ele>182.607554</ele>
        <time>2026-06-13T18:49:46.381Z</time>
      </trkpt>
      <trkpt lat="50.113589" lon="18.247044">
        <ele>182.491756</ele>
        <time>2026-06-13T18:50:09.312Z</time>
      </trkpt>
      <trkpt lat="50.112456" lon="18.245171">
        <ele>182.408413</ele>
        <time>2026-06-13T18:50:44.492Z</time>
      </trkpt>
      <trkpt lat="50.112405" lon="18.245002">
        <ele>182.409828</ele>
        <time>2026-06-13T18:50:47.086Z</time>
      </trkpt>
      <trkpt lat="50.112391" lon="18.244792">
        <ele>182.411427</ele>
        <time>2026-06-13T18:50:50.072Z</time>
      </trkpt>
      <trkpt lat="50.112350" lon="18.244711">
        <ele>182.412208</ele>
        <time>2026-06-13T18:50:51.551Z</time>
      </trkpt>
      <trkpt lat="50.112317" lon="18.244647">
        <ele>182.412830</ele>
        <time>2026-06-13T18:50:52.760Z</time>
      </trkpt>
      <trkpt lat="50.112284" lon="18.244585">
        <ele>182.413440</ele>
        <time>2026-06-13T18:50:53.940Z</time>
      </trkpt>
      <trkpt lat="50.112115" lon="18.244521">
        <ele>182.415494</ele>
        <time>2026-06-13T18:50:57.972Z</time>
      </trkpt>
      <trkpt lat="50.112021" lon="18.244421">
        <ele>182.416837</ele>
        <time>2026-06-13T18:51:00.672Z</time>
      </trkpt>
      <trkpt lat="50.111121" lon="18.242939">
        <ele>182.555222</ele>
        <time>2026-06-13T18:51:31.796Z</time>
      </trkpt>
      <trkpt lat="50.110609" lon="18.242092">
        <ele>182.651970</ele>
        <time>2026-06-13T18:51:47.882Z</time>
      </trkpt>
      <trkpt lat="50.110460" lon="18.241970">
        <ele>182.681707</ele>
        <time>2026-06-13T18:51:51.411Z</time>
      </trkpt>
      <trkpt lat="50.110346" lon="18.241811">
        <ele>182.709125</ele>
        <time>2026-06-13T18:51:55.643Z</time>
      </trkpt>
      <trkpt lat="50.109634" lon="18.240630">
        <ele>182.895465</ele>
        <time>2026-06-13T18:52:19.092Z</time>
      </trkpt>
      <trkpt lat="50.108815" lon="18.239271">
        <ele>183.184816</ele>
        <time>2026-06-13T18:52:49.389Z</time>
      </trkpt>
      <trkpt lat="50.108778" lon="18.239205">
        <ele>183.200517</ele>
        <time>2026-06-13T18:52:51.130Z</time>
      </trkpt>
      <trkpt lat="50.108795" lon="18.239182">
        <ele>183.206803</ele>
        <time>2026-06-13T18:52:51.674Z</time>
      </trkpt>
      <trkpt lat="50.108899" lon="18.239033">
        <ele>183.246247</ele>
        <time>2026-06-13T18:52:54.960Z</time>
      </trkpt>
      <trkpt lat="50.108936" lon="18.238929">
        <ele>183.267549</ele>
        <time>2026-06-13T18:52:56.723Z</time>
      </trkpt>
      <trkpt lat="50.109391" lon="18.238192">
        <ele>183.450778</ele>
        <time>2026-06-13T18:53:15.822Z</time>
      </trkpt>
      <trkpt lat="50.111113" lon="18.235400">
        <ele>182.655013</ele>
        <time>2026-06-13T18:54:24.508Z</time>
      </trkpt>
      <trkpt lat="50.113190" lon="18.232193">
        <ele>182.304784</ele>
        <time>2026-06-13T18:55:49.247Z</time>
      </trkpt>
      <trkpt lat="50.113478" lon="18.231750">
        <ele>182.362229</ele>
        <time>2026-06-13T18:56:01.037Z</time>
      </trkpt>
      <trkpt lat="50.114006" lon="18.231040">
        <ele>182.500131</ele>
        <time>2026-06-13T18:56:21.356Z</time>
      </trkpt>
      <trkpt lat="50.114355" lon="18.230570">
        <ele>182.591340</ele>
        <time>2026-06-13T18:56:35.420Z</time>
      </trkpt>
      <trkpt lat="50.114431" lon="18.230435">
        <ele>182.614125</ele>
        <time>2026-06-13T18:56:39.063Z</time>
      </trkpt>
      <trkpt lat="50.114468" lon="18.230295">
        <ele>182.633332</ele>
        <time>2026-06-13T18:56:42.174Z</time>
      </trkpt>
      <trkpt lat="50.114457" lon="18.230029">
        <ele>182.682623</ele>
        <time>2026-06-13T18:56:47.646Z</time>
      </trkpt>
      <trkpt lat="50.114406" lon="18.229807">
        <ele>182.750439</ele>
        <time>2026-06-13T18:56:52.507Z</time>
      </trkpt>
      <trkpt lat="50.114230" lon="18.229449">
        <ele>182.880167</ele>
        <time>2026-06-13T18:57:01.847Z</time>
      </trkpt>
      <trkpt lat="50.113898" lon="18.228771">
        <ele>183.125496</ele>
        <time>2026-06-13T18:57:19.622Z</time>
      </trkpt>
      <trkpt lat="50.113238" lon="18.227444">
        <ele>183.318252</ele>
        <time>2026-06-13T18:57:51.755Z</time>
      </trkpt>
      <trkpt lat="50.112928" lon="18.226875">
        <ele>183.108792</ele>
        <time>2026-06-13T18:58:04.718Z</time>
      </trkpt>
      <trkpt lat="50.112535" lon="18.226374">
        <ele>182.886724</ele>
        <time>2026-06-13T18:58:18.449Z</time>
      </trkpt>
      <trkpt lat="50.112198" lon="18.226068">
        <ele>182.716122</ele>
        <time>2026-06-13T18:58:28.887Z</time>
      </trkpt>
      <trkpt lat="50.111806" lon="18.225828">
        <ele>182.647377</ele>
        <time>2026-06-13T18:58:40.532Z</time>
      </trkpt>
      <trkpt lat="50.111417" lon="18.225711">
        <ele>182.614228</ele>
        <time>2026-06-13T18:58:52.164Z</time>
      </trkpt>
      <trkpt lat="50.110882" lon="18.225675">
        <ele>182.569422</ele>
        <time>2026-06-13T18:59:08.217Z</time>
      </trkpt>
      <trkpt lat="50.110598" lon="18.225719">
        <ele>182.545542</ele>
        <time>2026-06-13T18:59:16.562Z</time>
      </trkpt>
      <trkpt lat="50.110320" lon="18.225812">
        <ele>182.519228</ele>
        <time>2026-06-13T18:59:24.858Z</time>
      </trkpt>
      <trkpt lat="50.109950" lon="18.226030">
        <ele>182.451925</ele>
        <time>2026-06-13T18:59:36.395Z</time>
      </trkpt>
      <trkpt lat="50.107796" lon="18.227808">
        <ele>182.137419</ele>
        <time>2026-06-13T19:00:45.542Z</time>
      </trkpt>
      <trkpt lat="50.107207" lon="18.228272">
        <ele>182.087322</ele>
        <time>2026-06-13T19:01:04.925Z</time>
      </trkpt>
      <trkpt lat="50.107101" lon="18.228303">
        <ele>182.094502</ele>
        <time>2026-06-13T19:01:08.163Z</time>
      </trkpt>
      <trkpt lat="50.106583" lon="18.228300">
        <ele>182.300997</ele>
        <time>2026-06-13T19:01:24.099Z</time>
      </trkpt>
      <trkpt lat="50.106305" lon="18.228298">
        <ele>182.411820</ele>
        <time>2026-06-13T19:01:32.781Z</time>
      </trkpt>
      <trkpt lat="50.105595" lon="18.228213">
        <ele>182.695686</ele>
        <time>2026-06-13T19:01:55.113Z</time>
      </trkpt>
      <trkpt lat="50.105142" lon="18.228051">
        <ele>182.852946</ele>
        <time>2026-06-13T19:02:09.684Z</time>
      </trkpt>
      <trkpt lat="50.104762" lon="18.227829">
        <ele>182.959691</ele>
        <time>2026-06-13T19:02:22.116Z</time>
      </trkpt>
      <trkpt lat="50.104387" lon="18.227536">
        <ele>183.070027</ele>
        <time>2026-06-13T19:02:34.715Z</time>
      </trkpt>
      <trkpt lat="50.104153" lon="18.227307">
        <ele>183.142702</ele>
        <time>2026-06-13T19:02:42.963Z</time>
      </trkpt>
      <trkpt lat="50.103933" lon="18.227038">
        <ele>183.216246</ele>
        <time>2026-06-13T19:02:51.269Z</time>
      </trkpt>
      <trkpt lat="50.103564" lon="18.226485">
        <ele>183.394184</ele>
        <time>2026-06-13T19:03:06.507Z</time>
      </trkpt>
      <trkpt lat="50.103290" lon="18.225937">
        <ele>183.575550</ele>
        <time>2026-06-13T19:03:20.140Z</time>
      </trkpt>
      <trkpt lat="50.103057" lon="18.225371">
        <ele>183.751100</ele>
        <time>2026-06-13T19:03:33.767Z</time>
      </trkpt>
      <trkpt lat="50.102402" lon="18.223433">
        <ele>184.208808</ele>
        <time>2026-06-13T19:04:17.710Z</time>
      </trkpt>
      <trkpt lat="50.102096" lon="18.222509">
        <ele>184.383229</ele>
        <time>2026-06-13T19:04:37.573Z</time>
      </trkpt>
      <trkpt lat="50.101971" lon="18.222012">
        <ele>184.472771</ele>
        <time>2026-06-13T19:04:47.453Z</time>
      </trkpt>
      <trkpt lat="50.101454" lon="18.219465">
        <ele>184.589525</ele>
        <time>2026-06-13T19:05:37.294Z</time>
      </trkpt>
      <trkpt lat="50.101378" lon="18.219232">
        <ele>184.645634</ele>
        <time>2026-06-13T19:05:42.530Z</time>
      </trkpt>
      <trkpt lat="50.101246" lon="18.219009">
        <ele>184.770895</ele>
        <time>2026-06-13T19:05:48.684Z</time>
      </trkpt>
      <trkpt lat="50.100139" lon="18.218027">
        <ele>185.590570</ele>
        <time>2026-06-13T19:06:30.387Z</time>
      </trkpt>
      <trkpt lat="50.100040" lon="18.217901">
        <ele>185.672817</ele>
        <time>2026-06-13T19:06:34.408Z</time>
      </trkpt>
      <trkpt lat="50.099928" lon="18.217849">
        <ele>185.748024</ele>
        <time>2026-06-13T19:06:38.103Z</time>
      </trkpt>
      <trkpt lat="50.099445" lon="18.217831">
        <ele>185.835454</ele>
        <time>2026-06-13T19:06:53.104Z</time>
      </trkpt>
      <trkpt lat="50.099222" lon="18.217591">
        <ele>185.882397</ele>
        <time>2026-06-13T19:07:01.392Z</time>
      </trkpt>
      <trkpt lat="50.099067" lon="18.217351">
        <ele>185.920242</ele>
        <time>2026-06-13T19:07:07.954Z</time>
      </trkpt>
      <trkpt lat="50.098591" lon="18.216474">
        <ele>186.047904</ele>
        <time>2026-06-13T19:07:29.191Z</time>
      </trkpt>
      <trkpt lat="50.098359" lon="18.216159">
        <ele>186.034520</ele>
        <time>2026-06-13T19:07:37.996Z</time>
      </trkpt>
      <trkpt lat="50.098028" lon="18.215770">
        <ele>185.975071</ele>
        <time>2026-06-13T19:07:49.820Z</time>
      </trkpt>
      <trkpt lat="50.097873" lon="18.215656">
        <ele>185.950492</ele>
        <time>2026-06-13T19:07:54.632Z</time>
      </trkpt>
      <trkpt lat="50.097681" lon="18.215644">
        <ele>185.922934</ele>
        <time>2026-06-13T19:08:00.058Z</time>
      </trkpt>
      <trkpt lat="50.097570" lon="18.215671">
        <ele>185.906822</ele>
        <time>2026-06-13T19:08:03.194Z</time>
      </trkpt>
      <trkpt lat="50.097247" lon="18.215889">
        <ele>185.856343</ele>
        <time>2026-06-13T19:08:13.088Z</time>
      </trkpt>
      <trkpt lat="50.097228" lon="18.215908">
        <ele>185.853106</ele>
        <time>2026-06-13T19:08:13.719Z</time>
      </trkpt>
      <trkpt lat="50.096932" lon="18.216206">
        <ele>185.814495</ele>
        <time>2026-06-13T19:08:23.841Z</time>
      </trkpt>
      <trkpt lat="50.096667" lon="18.216553">
        <ele>185.905944</ele>
        <time>2026-06-13T19:08:34.679Z</time>
      </trkpt>
      <trkpt lat="50.096154" lon="18.217299">
        <ele>186.091322</ele>
        <time>2026-06-13T19:08:57.404Z</time>
      </trkpt>
      <trkpt lat="50.096080" lon="18.217479">
        <ele>186.127561</ele>
        <time>2026-06-13T19:09:01.631Z</time>
      </trkpt>
      <trkpt lat="50.096012" lon="18.217764">
        <ele>186.179105</ele>
        <time>2026-06-13T19:09:07.396Z</time>
      </trkpt>
      <trkpt lat="50.095955" lon="18.217998">
        <ele>186.221533</ele>
        <time>2026-06-13T19:09:12.013Z</time>
      </trkpt>
      <trkpt lat="50.095807" lon="18.218606">
        <ele>186.136663</ele>
        <time>2026-06-13T19:09:23.913Z</time>
      </trkpt>
      <trkpt lat="50.095636" lon="18.218845">
        <ele>185.959262</ele>
        <time>2026-06-13T19:09:30.444Z</time>
      </trkpt>
      <trkpt lat="50.095430" lon="18.219038">
        <ele>185.773616</ele>
        <time>2026-06-13T19:09:36.947Z</time>
      </trkpt>
      <trkpt lat="50.095324" lon="18.219396">
        <ele>185.578238</ele>
        <time>2026-06-13T19:09:43.400Z</time>
      </trkpt>
      <trkpt lat="50.095254" lon="18.219836">
        <ele>185.353607</ele>
        <time>2026-06-13T19:09:50.713Z</time>
      </trkpt>
      <trkpt lat="50.095233" lon="18.220227">
        <ele>185.159182</ele>
        <time>2026-06-13T19:09:56.950Z</time>
      </trkpt>
      <trkpt lat="50.095232" lon="18.221023">
        <ele>184.901022</ele>
        <time>2026-06-13T19:10:10.694Z</time>
      </trkpt>
      <trkpt lat="50.095260" lon="18.221183">
        <ele>184.906346</ele>
        <time>2026-06-13T19:10:13.743Z</time>
      </trkpt>
      <trkpt lat="50.095286" lon="18.221324">
        <ele>184.911057</ele>
        <time>2026-06-13T19:10:16.425Z</time>
      </trkpt>
      <trkpt lat="50.095310" lon="18.221444">
        <ele>184.915092</ele>
        <time>2026-06-13T19:10:18.249Z</time>
      </trkpt>
      <trkpt lat="50.095394" lon="18.221844">
        <ele>184.928605</ele>
        <time>2026-06-13T19:10:24.260Z</time>
      </trkpt>
      <trkpt lat="50.095436" lon="18.222045">
        <ele>184.935392</ele>
        <time>2026-06-13T19:10:27.274Z</time>
      </trkpt>
      <trkpt lat="50.095476" lon="18.222563">
        <ele>184.952143</ele>
        <time>2026-06-13T19:10:35.036Z</time>
      </trkpt>
      <trkpt lat="50.095320" lon="18.222548">
        <ele>184.959965</ele>
        <time>2026-06-13T19:10:45.918Z</time>
      </trkpt>
      <trkpt lat="50.094643" lon="18.222332">
        <ele>185.437737</ele>
        <time>2026-06-13T19:11:33.959Z</time>
      </trkpt>
      <trkpt lat="50.094473" lon="18.222278">
        <ele>185.772450</ele>
        <time>2026-06-13T19:11:46.016Z</time>
      </trkpt>
      <trkpt lat="50.094438" lon="18.222261">
        <ele>185.843177</ele>
        <time>2026-06-13T19:11:48.539Z</time>
      </trkpt>
      <trkpt lat="50.094375" lon="18.222147">
        <ele>186.029403</ele>
        <time>2026-06-13T19:11:55.277Z</time>
      </trkpt>
      <trkpt lat="50.094247" lon="18.222031">
        <ele>186.315049</ele>
        <time>2026-06-13T19:12:05.579Z</time>
      </trkpt>
      <trkpt lat="50.094164" lon="18.221871">
        <ele>186.569717</ele>
        <time>2026-06-13T19:12:14.746Z</time>
      </trkpt>
      <trkpt lat="50.094116" lon="18.221643">
        <ele>186.866712</ele>
        <time>2026-06-13T19:12:25.459Z</time>
      </trkpt>
      <trkpt lat="50.094132" lon="18.221375">
        <ele>187.199842</ele>
        <time>2026-06-13T19:12:37.448Z</time>
      </trkpt>
      <trkpt lat="50.094161" lon="18.220888">
        <ele>187.805179</ele>
        <time>2026-06-13T19:12:59.257Z</time>
      </trkpt>
      <trkpt lat="50.094106" lon="18.220838">
        <ele>187.928015</ele>
        <time>2026-06-13T19:13:03.682Z</time>
      </trkpt>
      <trkpt lat="50.093857" lon="18.220635">
        <ele>188.472504</ele>
        <time>2026-06-13T19:13:14.956Z</time>
      </trkpt>
      <trkpt lat="50.093817" lon="18.220604">
        <ele>188.570454</ele>
        <time>2026-06-13T19:13:16.460Z</time>
      </trkpt>
      <trkpt lat="50.093794" lon="18.220640">
        <ele>188.641923</ele>
        <time>2026-06-13T19:13:17.765Z</time>
      </trkpt>
      <trkpt lat="50.093706" lon="18.220656">
        <ele>188.836187</ele>
        <time>2026-06-13T19:13:21.279Z</time>
      </trkpt>
      <trkpt lat="50.093635" lon="18.220616">
        <ele>189.001723</ele>
        <time>2026-06-13T19:13:24.322Z</time>
      </trkpt>
      <trkpt lat="50.093444" lon="18.220435">
        <ele>189.491847</ele>
        <time>2026-06-13T19:13:33.177Z</time>
      </trkpt>
      <trkpt lat="50.093297" lon="18.220296">
        <ele>189.868841</ele>
        <time>2026-06-13T19:13:40.101Z</time>
      </trkpt>
      <trkpt lat="50.093022" lon="18.220082">
        <ele>190.542795</ele>
        <time>2026-06-13T19:13:52.617Z</time>
      </trkpt>
      <trkpt lat="50.092704" lon="18.219793">
        <ele>191.349926</ele>
        <time>2026-06-13T19:14:06.578Z</time>
      </trkpt>
      <trkpt lat="50.092675" lon="18.219790">
        <ele>191.413653</ele>
        <time>2026-06-13T19:14:07.558Z</time>
      </trkpt>
      <trkpt lat="50.092586" lon="18.219879">
        <ele>191.645510</ele>
        <time>2026-06-13T19:14:11.257Z</time>
      </trkpt>
      <trkpt lat="50.092577" lon="18.219842">
        <ele>191.701173</ele>
        <time>2026-06-13T19:14:11.955Z</time>
      </trkpt>
      <trkpt lat="50.092573" lon="18.219805">
        <ele>191.753956</ele>
        <time>2026-06-13T19:14:12.648Z</time>
      </trkpt>
      <trkpt lat="50.092576" lon="18.219768">
        <ele>191.806418</ele>
        <time>2026-06-13T19:14:13.327Z</time>
      </trkpt>
      <trkpt lat="50.092583" lon="18.219701">
        <ele>191.901909</ele>
        <time>2026-06-13T19:14:14.561Z</time>
      </trkpt>
      <trkpt lat="50.092587" lon="18.219672">
        <ele>191.943636</ele>
        <time>2026-06-13T19:14:15.129Z</time>
      </trkpt>
      <trkpt lat="50.092697" lon="18.219144">
        <ele>192.396637</ele>
        <time>2026-06-13T19:14:25.118Z</time>
      </trkpt>
      <trkpt lat="50.092768" lon="18.218804">
        <ele>192.396637</ele>
        <time>2026-06-13T19:14:31.450Z</time>
      </trkpt>
      <trkpt lat="50.092800" lon="18.218674">
        <ele>192.396637</ele>
        <time>2026-06-13T19:14:33.900Z</time>
      </trkpt>
      <trkpt lat="50.092969" lon="18.218021">
        <ele>192.396637</ele>
        <time>2026-06-13T19:14:46.099Z</time>
      </trkpt>
      <trkpt lat="50.093130" lon="18.217441">
        <ele>192.396637</ele>
        <time>2026-06-13T19:14:56.518Z</time>
      </trkpt>
      <trkpt lat="50.093148" lon="18.217376">
        <ele>192.396637</ele>
        <time>2026-06-13T19:14:57.636Z</time>
      </trkpt>
    </trkseg>
  </trk>
</gpx>