<?xml version='1.0' encoding='UTF-8'?>
<gpx version="1.1" creator="https://www.komoot.de" xmlns="http://www.topografix.com/GPX/1/1" xmlns:xsi="http://www.w3.org/2001/XMLSchema-instance" xsi:schemaLocation="http://www.topografix.com/GPX/1/1 http://www.topografix.com/GPX/1/1/gpx.xsd">
  <metadata>
    <name>Runda Spadających Liści -gotowa</name>
    <author>
      <link href="https://www.komoot.de">
        <text>komoot</text>
        <type>text/html</type>
      </link>
    </author>
  </metadata>
  <trk>
    <name>Runda Spadających Liści -gotowa</name>
    <trkseg>
      <trkpt lat="50.646233" lon="17.924498">
        <ele>151.969957</ele>
        <time>2023-10-14T07:09:31.835Z</time>
      </trkpt>
      <trkpt lat="50.646269" lon="17.924191">
        <ele>151.969957</ele>
        <time>2023-10-14T07:09:37.703Z</time>
      </trkpt>
      <trkpt lat="50.646361" lon="17.923443">
        <ele>151.969957</ele>
        <time>2023-10-14T07:09:49.504Z</time>
      </trkpt>
      <trkpt lat="50.646479" lon="17.923008">
        <ele>151.964969</ele>
        <time>2023-10-14T07:09:57.044Z</time>
      </trkpt>
      <trkpt lat="50.646583" lon="17.922787">
        <ele>151.954330</ele>
        <time>2023-10-14T07:10:01.300Z</time>
      </trkpt>
      <trkpt lat="50.646699" lon="17.922627">
        <ele>151.944935</ele>
        <time>2023-10-14T07:10:05.043Z</time>
      </trkpt>
      <trkpt lat="50.647208" lon="17.922189">
        <ele>151.909586</ele>
        <time>2023-10-14T07:10:18.493Z</time>
      </trkpt>
      <trkpt lat="50.647337" lon="17.922033">
        <ele>151.899676</ele>
        <time>2023-10-14T07:10:22.187Z</time>
      </trkpt>
      <trkpt lat="50.647380" lon="17.921929">
        <ele>151.894876</ele>
        <time>2023-10-14T07:10:23.981Z</time>
      </trkpt>
      <trkpt lat="50.647421" lon="17.921716">
        <ele>151.886271</ele>
        <time>2023-10-14T07:10:27.207Z</time>
      </trkpt>
      <trkpt lat="50.647423" lon="17.921536">
        <ele>151.879312</ele>
        <time>2023-10-14T07:10:29.802Z</time>
      </trkpt>
      <trkpt lat="50.647387" lon="17.921309">
        <ele>151.870267</ele>
        <time>2023-10-14T07:10:33.151Z</time>
      </trkpt>
      <trkpt lat="50.647367" lon="17.921241">
        <ele>151.867369</ele>
        <time>2023-10-14T07:10:34.212Z</time>
      </trkpt>
      <trkpt lat="50.646417" lon="17.918559">
        <ele>150.863498</ele>
        <time>2023-10-14T07:11:16.196Z</time>
      </trkpt>
      <trkpt lat="50.646361" lon="17.918410">
        <ele>150.847267</ele>
        <time>2023-10-14T07:11:18.493Z</time>
      </trkpt>
      <trkpt lat="50.645542" lon="17.918982">
        <ele>150.714893</ele>
        <time>2023-10-14T07:11:50.931Z</time>
      </trkpt>
      <trkpt lat="50.645148" lon="17.919302">
        <ele>150.649397</ele>
        <time>2023-10-14T07:12:07.375Z</time>
      </trkpt>
      <trkpt lat="50.644449" lon="17.920103">
        <ele>150.785054</ele>
        <time>2023-10-14T07:12:40.714Z</time>
      </trkpt>
      <trkpt lat="50.643889" lon="17.920823">
        <ele>151.025732</ele>
        <time>2023-10-14T07:13:08.841Z</time>
      </trkpt>
      <trkpt lat="50.643503" lon="17.921399">
        <ele>151.202256</ele>
        <time>2023-10-14T07:13:29.586Z</time>
      </trkpt>
      <trkpt lat="50.643019" lon="17.922266">
        <ele>151.323712</ele>
        <time>2023-10-14T07:13:57.905Z</time>
      </trkpt>
      <trkpt lat="50.642603" lon="17.923191">
        <ele>151.442953</ele>
        <time>2023-10-14T07:14:24.895Z</time>
      </trkpt>
      <trkpt lat="50.642358" lon="17.923895">
        <ele>151.494979</ele>
        <time>2023-10-14T07:14:43.805Z</time>
      </trkpt>
      <trkpt lat="50.642198" lon="17.924537">
        <ele>151.481676</ele>
        <time>2023-10-14T07:14:59.960Z</time>
      </trkpt>
      <trkpt lat="50.642137" lon="17.924888">
        <ele>151.474657</ele>
        <time>2023-10-14T07:15:08.493Z</time>
      </trkpt>
      <trkpt lat="50.642039" lon="17.925333">
        <ele>151.465572</ele>
        <time>2023-10-14T07:15:19.513Z</time>
      </trkpt>
      <trkpt lat="50.641750" lon="17.926327">
        <ele>151.446124</ele>
        <time>2023-10-14T07:15:45.024Z</time>
      </trkpt>
      <trkpt lat="50.641543" lon="17.926934">
        <ele>151.459416</ele>
        <time>2023-10-14T07:16:01.319Z</time>
      </trkpt>
      <trkpt lat="50.641323" lon="17.927461">
        <ele>151.471584</ele>
        <time>2023-10-14T07:16:16.440Z</time>
      </trkpt>
      <trkpt lat="50.640435" lon="17.929172">
        <ele>151.509737</ele>
        <time>2023-10-14T07:17:08.577Z</time>
      </trkpt>
      <trkpt lat="50.639644" lon="17.930097">
        <ele>151.530235</ele>
        <time>2023-10-14T07:17:45.022Z</time>
      </trkpt>
      <trkpt lat="50.636501" lon="17.932362">
        <ele>151.750887</ele>
        <time>2023-10-14T07:19:54.596Z</time>
      </trkpt>
      <trkpt lat="50.635833" lon="17.932844">
        <ele>151.740672</ele>
        <time>2023-10-14T07:20:21.801Z</time>
      </trkpt>
      <trkpt lat="50.634246" lon="17.933778">
        <ele>151.520638</ele>
        <time>2023-10-14T07:21:23.711Z</time>
      </trkpt>
      <trkpt lat="50.633779" lon="17.934049">
        <ele>151.504873</ele>
        <time>2023-10-14T07:21:41.879Z</time>
      </trkpt>
      <trkpt lat="50.633122" lon="17.934507">
        <ele>151.482116</ele>
        <time>2023-10-14T07:22:08.354Z</time>
      </trkpt>
      <trkpt lat="50.631087" lon="17.935810">
        <ele>151.723669</ele>
        <time>2023-10-14T07:23:31.507Z</time>
      </trkpt>
      <trkpt lat="50.630284" lon="17.936277">
        <ele>151.922095</ele>
        <time>2023-10-14T07:24:04.228Z</time>
      </trkpt>
      <trkpt lat="50.629230" lon="17.936565">
        <ele>152.164469</ele>
        <time>2023-10-14T07:24:45.221Z</time>
      </trkpt>
      <trkpt lat="50.629227" lon="17.936566">
        <ele>152.164812</ele>
        <time>2023-10-14T07:24:45.358Z</time>
      </trkpt>
      <trkpt lat="50.628640" lon="17.936594">
        <ele>152.230639</ele>
        <time>2023-10-14T07:25:07.810Z</time>
      </trkpt>
      <trkpt lat="50.627779" lon="17.936471">
        <ele>152.327543</ele>
        <time>2023-10-14T07:25:40.301Z</time>
      </trkpt>
      <trkpt lat="50.627786" lon="17.936508">
        <ele>152.330289</ele>
        <time>2023-10-14T07:25:40.844Z</time>
      </trkpt>
      <trkpt lat="50.627501" lon="17.936537">
        <ele>152.350413</ele>
        <time>2023-10-14T07:25:51.442Z</time>
      </trkpt>
      <trkpt lat="50.625523" lon="17.936211">
        <ele>152.133067</ele>
        <time>2023-10-14T07:27:04.183Z</time>
      </trkpt>
      <trkpt lat="50.624899" lon="17.936074">
        <ele>152.126874</ele>
        <time>2023-10-14T07:27:27.496Z</time>
      </trkpt>
      <trkpt lat="50.624248" lon="17.936072">
        <ele>152.120473</ele>
        <time>2023-10-14T07:27:51.869Z</time>
      </trkpt>
      <trkpt lat="50.623631" lon="17.936216">
        <ele>152.093487</ele>
        <time>2023-10-14T07:28:15.418Z</time>
      </trkpt>
      <trkpt lat="50.622448" lon="17.936763">
        <ele>152.007235</ele>
        <time>2023-10-14T07:29:00.728Z</time>
      </trkpt>
      <trkpt lat="50.621943" lon="17.936931">
        <ele>151.973001</ele>
        <time>2023-10-14T07:29:19.650Z</time>
      </trkpt>
      <trkpt lat="50.621784" lon="17.936984">
        <ele>151.962657</ele>
        <time>2023-10-14T07:29:25.599Z</time>
      </trkpt>
      <trkpt lat="50.621759" lon="17.937057">
        <ele>151.959307</ele>
        <time>2023-10-14T07:29:27.513Z</time>
      </trkpt>
      <trkpt lat="50.621621" lon="17.937462">
        <ele>151.940742</ele>
        <time>2023-10-14T07:29:38.238Z</time>
      </trkpt>
      <trkpt lat="50.621195" lon="17.938208">
        <ele>151.900210</ele>
        <time>2023-10-14T07:30:01.672Z</time>
      </trkpt>
      <trkpt lat="50.620883" lon="17.938962">
        <ele>151.894822</ele>
        <time>2023-10-14T07:30:22.822Z</time>
      </trkpt>
      <trkpt lat="50.620737" lon="17.939469">
        <ele>151.923641</ele>
        <time>2023-10-14T07:30:36.223Z</time>
      </trkpt>
      <trkpt lat="50.620142" lon="17.942435">
        <ele>152.023495</ele>
        <time>2023-10-14T07:31:50.453Z</time>
      </trkpt>
      <trkpt lat="50.620098" lon="17.942745">
        <ele>152.023313</ele>
        <time>2023-10-14T07:31:57.906Z</time>
      </trkpt>
      <trkpt lat="50.620218" lon="17.946224">
        <ele>151.997433</ele>
        <time>2023-10-14T07:33:19.356Z</time>
      </trkpt>
      <trkpt lat="50.620174" lon="17.946748">
        <ele>151.991219</ele>
        <time>2023-10-14T07:33:31.855Z</time>
      </trkpt>
      <trkpt lat="50.620109" lon="17.946857">
        <ele>151.989460</ele>
        <time>2023-10-14T07:33:35.431Z</time>
      </trkpt>
      <trkpt lat="50.620160" lon="17.947398">
        <ele>152.057228</ele>
        <time>2023-10-14T07:33:48.527Z</time>
      </trkpt>
      <trkpt lat="50.620168" lon="17.947475">
        <ele>152.067324</ele>
        <time>2023-10-14T07:33:50.398Z</time>
      </trkpt>
      <trkpt lat="50.620623" lon="17.952437">
        <ele>152.744459</ele>
        <time>2023-10-14T07:35:52.214Z</time>
      </trkpt>
      <trkpt lat="50.620701" lon="17.953604">
        <ele>152.810303</ele>
        <time>2023-10-14T07:36:19.933Z</time>
      </trkpt>
      <trkpt lat="50.620676" lon="17.953969">
        <ele>152.829463</ele>
        <time>2023-10-14T07:36:28.638Z</time>
      </trkpt>
      <trkpt lat="50.620478" lon="17.954569">
        <ele>152.864760</ele>
        <time>2023-10-14T07:36:44.814Z</time>
      </trkpt>
      <trkpt lat="50.620042" lon="17.955316">
        <ele>152.867246</ele>
        <time>2023-10-14T07:37:08.587Z</time>
      </trkpt>
      <trkpt lat="50.619832" lon="17.955601">
        <ele>152.825993</ele>
        <time>2023-10-14T07:37:18.864Z</time>
      </trkpt>
      <trkpt lat="50.619321" lon="17.956088">
        <ele>152.737101</ele>
        <time>2023-10-14T07:37:40.997Z</time>
      </trkpt>
      <trkpt lat="50.619197" lon="17.955870">
        <ele>152.709449</ele>
        <time>2023-10-14T07:37:47.795Z</time>
      </trkpt>
      <trkpt lat="50.618495" lon="17.954280">
        <ele>152.415057</ele>
        <time>2023-10-14T07:38:32.108Z</time>
      </trkpt>
      <trkpt lat="50.618296" lon="17.954366">
        <ele>152.351902</ele>
        <time>2023-10-14T07:38:39.444Z</time>
      </trkpt>
      <trkpt lat="50.617355" lon="17.954507">
        <ele>152.088963</ele>
        <time>2023-10-14T07:39:13.562Z</time>
      </trkpt>
      <trkpt lat="50.616210" lon="17.954734">
        <ele>152.227913</ele>
        <time>2023-10-14T07:39:56.529Z</time>
      </trkpt>
      <trkpt lat="50.614173" lon="17.955077">
        <ele>153.031792</ele>
        <time>2023-10-14T07:41:17.412Z</time>
      </trkpt>
      <trkpt lat="50.613810" lon="17.955165">
        <ele>153.214733</ele>
        <time>2023-10-14T07:41:32.231Z</time>
      </trkpt>
      <trkpt lat="50.612525" lon="17.955688">
        <ele>153.844460</ele>
        <time>2023-10-14T07:42:25.107Z</time>
      </trkpt>
      <trkpt lat="50.612344" lon="17.955706">
        <ele>153.930514</ele>
        <time>2023-10-14T07:42:32.195Z</time>
      </trkpt>
      <trkpt lat="50.611628" lon="17.955454">
        <ele>154.024599</ele>
        <time>2023-10-14T07:43:00.198Z</time>
      </trkpt>
      <trkpt lat="50.611095" lon="17.955198">
        <ele>153.992841</ele>
        <time>2023-10-14T07:43:20.775Z</time>
      </trkpt>
      <trkpt lat="50.607013" lon="17.953105">
        <ele>152.958353</ele>
        <time>2023-10-14T07:45:56.045Z</time>
      </trkpt>
      <trkpt lat="50.606560" lon="17.952958">
        <ele>153.132704</ele>
        <time>2023-10-14T07:46:13.563Z</time>
      </trkpt>
      <trkpt lat="50.605832" lon="17.952859">
        <ele>153.485348</ele>
        <time>2023-10-14T07:46:42.427Z</time>
      </trkpt>
      <trkpt lat="50.605610" lon="17.952805">
        <ele>153.593756</ele>
        <time>2023-10-14T07:46:51.650Z</time>
      </trkpt>
      <trkpt lat="50.605473" lon="17.952735">
        <ele>153.663263</ele>
        <time>2023-10-14T07:46:57.582Z</time>
      </trkpt>
      <trkpt lat="50.605382" lon="17.952642">
        <ele>153.715609</ele>
        <time>2023-10-14T07:47:02.087Z</time>
      </trkpt>
      <trkpt lat="50.604573" lon="17.950757">
        <ele>154.402987</ele>
        <time>2023-10-14T07:48:01.006Z</time>
      </trkpt>
      <trkpt lat="50.604375" lon="17.950223">
        <ele>154.589396</ele>
        <time>2023-10-14T07:48:15.970Z</time>
      </trkpt>
      <trkpt lat="50.604308" lon="17.950066">
        <ele>154.646421</ele>
        <time>2023-10-14T07:48:20.398Z</time>
      </trkpt>
      <trkpt lat="50.603644" lon="17.948499">
        <ele>154.316212</ele>
        <time>2023-10-14T07:49:03.592Z</time>
      </trkpt>
      <trkpt lat="50.602496" lon="17.944886">
        <ele>153.440517</ele>
        <time>2023-10-14T07:50:35.375Z</time>
      </trkpt>
      <trkpt lat="50.601962" lon="17.943264">
        <ele>153.450687</ele>
        <time>2023-10-14T07:51:18.846Z</time>
      </trkpt>
      <trkpt lat="50.601751" lon="17.942700">
        <ele>153.454331</ele>
        <time>2023-10-14T07:51:34.714Z</time>
      </trkpt>
      <trkpt lat="50.600498" lon="17.941668">
        <ele>153.716221</ele>
        <time>2023-10-14T07:52:28.593Z</time>
      </trkpt>
      <trkpt lat="50.600364" lon="17.941565">
        <ele>153.745812</ele>
        <time>2023-10-14T07:52:34.164Z</time>
      </trkpt>
      <trkpt lat="50.600238" lon="17.941514">
        <ele>153.771631</ele>
        <time>2023-10-14T07:52:39.080Z</time>
      </trkpt>
      <trkpt lat="50.596129" lon="17.942155">
        <ele>154.794267</ele>
        <time>2023-10-14T07:55:15.899Z</time>
      </trkpt>
      <trkpt lat="50.595533" lon="17.938446">
        <ele>157.442493</ele>
        <time>2023-10-14T07:56:24.458Z</time>
      </trkpt>
      <trkpt lat="50.594846" lon="17.938706">
        <ele>158.496267</ele>
        <time>2023-10-14T07:56:47.001Z</time>
      </trkpt>
      <trkpt lat="50.594202" lon="17.938753">
        <ele>160.230628</ele>
        <time>2023-10-14T07:57:10.102Z</time>
      </trkpt>
      <trkpt lat="50.593991" lon="17.936304">
        <ele>165.037366</ele>
        <time>2023-10-14T07:58:12.464Z</time>
      </trkpt>
      <trkpt lat="50.593959" lon="17.934916">
        <ele>167.971736</ele>
        <time>2023-10-14T07:58:48.731Z</time>
      </trkpt>
      <trkpt lat="50.593966" lon="17.933367">
        <ele>170.876997</ele>
        <time>2023-10-14T07:59:26.667Z</time>
      </trkpt>
      <trkpt lat="50.594011" lon="17.933167">
        <ele>171.182617</ele>
        <time>2023-10-14T07:59:31.525Z</time>
      </trkpt>
      <trkpt lat="50.593435" lon="17.932660">
        <ele>172.679666</ele>
        <time>2023-10-14T07:59:54.369Z</time>
      </trkpt>
      <trkpt lat="50.593380" lon="17.932508">
        <ele>172.931662</ele>
        <time>2023-10-14T07:59:58.065Z</time>
      </trkpt>
      <trkpt lat="50.593340" lon="17.932297">
        <ele>173.248832</ele>
        <time>2023-10-14T08:00:02.617Z</time>
      </trkpt>
      <trkpt lat="50.593308" lon="17.932067">
        <ele>173.587970</ele>
        <time>2023-10-14T08:00:07.494Z</time>
      </trkpt>
      <trkpt lat="50.593242" lon="17.931874">
        <ele>173.903720</ele>
        <time>2023-10-14T08:00:11.734Z</time>
      </trkpt>
      <trkpt lat="50.593146" lon="17.931694">
        <ele>174.205697</ele>
        <time>2023-10-14T08:00:16.323Z</time>
      </trkpt>
      <trkpt lat="50.592387" lon="17.929886">
        <ele>175.726803</ele>
        <time>2023-10-14T08:00:54.560Z</time>
      </trkpt>
      <trkpt lat="50.591900" lon="17.928589">
        <ele>176.447603</ele>
        <time>2023-10-14T08:01:19.498Z</time>
      </trkpt>
      <trkpt lat="50.591900" lon="17.928589">
        <ele>176.447603</ele>
        <time>2023-10-14T08:01:19.510Z</time>
      </trkpt>
      <trkpt lat="50.591830" lon="17.928410">
        <ele>176.515679</ele>
        <time>2023-10-14T08:01:22.962Z</time>
      </trkpt>
      <trkpt lat="50.591370" lon="17.927270">
        <ele>176.953075</ele>
        <time>2023-10-14T08:01:45.137Z</time>
      </trkpt>
      <trkpt lat="50.590910" lon="17.926140">
        <ele>176.835505</ele>
        <time>2023-10-14T08:02:07.175Z</time>
      </trkpt>
      <trkpt lat="50.590450" lon="17.925010">
        <ele>176.498739</ele>
        <time>2023-10-14T08:02:29.212Z</time>
      </trkpt>
      <trkpt lat="50.590452" lon="17.925008">
        <ele>176.497803</ele>
        <time>2023-10-14T08:02:29.277Z</time>
      </trkpt>
      <trkpt lat="50.589614" lon="17.922953">
        <ele>175.588424</ele>
        <time>2023-10-14T08:03:23.406Z</time>
      </trkpt>
      <trkpt lat="50.589489" lon="17.922549">
        <ele>175.406102</ele>
        <time>2023-10-14T08:03:33.429Z</time>
      </trkpt>
      <trkpt lat="50.589139" lon="17.920465">
        <ele>175.206249</ele>
        <time>2023-10-14T08:04:23.621Z</time>
      </trkpt>
      <trkpt lat="50.588817" lon="17.917587">
        <ele>175.149408</ele>
        <time>2023-10-14T08:05:34.803Z</time>
      </trkpt>
      <trkpt lat="50.584868" lon="17.920524">
        <ele>173.299756</ele>
        <time>2023-10-14T08:08:10.078Z</time>
      </trkpt>
      <trkpt lat="50.581466" lon="17.923055">
        <ele>174.117209</ele>
        <time>2023-10-14T08:10:33.539Z</time>
      </trkpt>
      <trkpt lat="50.573903" lon="17.928752">
        <ele>180.494037</ele>
        <time>2023-10-14T08:16:18.503Z</time>
      </trkpt>
      <trkpt lat="50.573105" lon="17.929308">
        <ele>180.817881</ele>
        <time>2023-10-14T08:16:51.823Z</time>
      </trkpt>
      <trkpt lat="50.569879" lon="17.931739">
        <ele>181.352052</ele>
        <time>2023-10-14T08:19:06.349Z</time>
      </trkpt>
      <trkpt lat="50.569751" lon="17.931809">
        <ele>181.377570</ele>
        <time>2023-10-14T08:19:11.542Z</time>
      </trkpt>
      <trkpt lat="50.569757" lon="17.932074">
        <ele>181.409288</ele>
        <time>2023-10-14T08:19:15.540Z</time>
      </trkpt>
      <trkpt lat="50.569748" lon="17.932280">
        <ele>181.433986</ele>
        <time>2023-10-14T08:19:18.544Z</time>
      </trkpt>
      <trkpt lat="50.569666" lon="17.932438">
        <ele>181.458392</ele>
        <time>2023-10-14T08:19:21.578Z</time>
      </trkpt>
      <trkpt lat="50.569523" lon="17.932521">
        <ele>181.487095</ele>
        <time>2023-10-14T08:19:25.138Z</time>
      </trkpt>
      <trkpt lat="50.568404" lon="17.932320">
        <ele>181.541565</ele>
        <time>2023-10-14T08:19:51.246Z</time>
      </trkpt>
      <trkpt lat="50.568369" lon="17.932443">
        <ele>181.533238</ele>
        <time>2023-10-14T08:19:54.417Z</time>
      </trkpt>
      <trkpt lat="50.568210" lon="17.932693">
        <ele>181.511379</ele>
        <time>2023-10-14T08:20:02.803Z</time>
      </trkpt>
      <trkpt lat="50.567758" lon="17.933107">
        <ele>181.460513</ele>
        <time>2023-10-14T08:20:22.158Z</time>
      </trkpt>
      <trkpt lat="50.564819" lon="17.935307">
        <ele>179.189258</ele>
        <time>2023-10-14T08:22:17.608Z</time>
      </trkpt>
      <trkpt lat="50.564062" lon="17.935838">
        <ele>178.168761</ele>
        <time>2023-10-14T08:22:44.682Z</time>
      </trkpt>
      <trkpt lat="50.562807" lon="17.936804">
        <ele>175.549414</ele>
        <time>2023-10-14T08:23:29.906Z</time>
      </trkpt>
      <trkpt lat="50.560002" lon="17.938870">
        <ele>170.275972</ele>
        <time>2023-10-14T08:25:14.515Z</time>
      </trkpt>
      <trkpt lat="50.560482" lon="17.944488">
        <ele>159.646493</ele>
        <time>2023-10-14T08:27:04.437Z</time>
      </trkpt>
      <trkpt lat="50.560492" lon="17.945673">
        <ele>157.596320</ele>
        <time>2023-10-14T08:27:28.368Z</time>
      </trkpt>
      <trkpt lat="50.559477" lon="17.948664">
        <ele>155.839352</ele>
        <time>2023-10-14T08:28:44.109Z</time>
      </trkpt>
      <trkpt lat="50.559292" lon="17.949556">
        <ele>155.811391</ele>
        <time>2023-10-14T08:29:05.910Z</time>
      </trkpt>
      <trkpt lat="50.558977" lon="17.950401">
        <ele>155.782196</ele>
        <time>2023-10-14T08:29:29.377Z</time>
      </trkpt>
      <trkpt lat="50.558796" lon="17.950664">
        <ele>155.770642</ele>
        <time>2023-10-14T08:29:39.048Z</time>
      </trkpt>
      <trkpt lat="50.558343" lon="17.951161">
        <ele>155.951576</ele>
        <time>2023-10-14T08:30:00.917Z</time>
      </trkpt>
      <trkpt lat="50.557491" lon="17.950092">
        <ele>156.350498</ele>
        <time>2023-10-14T08:30:43.130Z</time>
      </trkpt>
      <trkpt lat="50.556809" lon="17.949614">
        <ele>156.441286</ele>
        <time>2023-10-14T08:31:12.448Z</time>
      </trkpt>
      <trkpt lat="50.556070" lon="17.949292">
        <ele>156.461962</ele>
        <time>2023-10-14T08:31:41.175Z</time>
      </trkpt>
      <trkpt lat="50.554935" lon="17.948988">
        <ele>156.443696</ele>
        <time>2023-10-14T08:32:22.318Z</time>
      </trkpt>
      <trkpt lat="50.553624" lon="17.948787">
        <ele>156.428117</ele>
        <time>2023-10-14T08:33:12.319Z</time>
      </trkpt>
      <trkpt lat="50.552096" lon="17.948483">
        <ele>156.770628</ele>
        <time>2023-10-14T08:34:11.522Z</time>
      </trkpt>
      <trkpt lat="50.551820" lon="17.948441">
        <ele>156.769292</ele>
        <time>2023-10-14T08:34:21.967Z</time>
      </trkpt>
      <trkpt lat="50.551519" lon="17.948367">
        <ele>156.738643</ele>
        <time>2023-10-14T08:34:33.234Z</time>
      </trkpt>
      <trkpt lat="50.551064" lon="17.948341">
        <ele>156.692838</ele>
        <time>2023-10-14T08:34:49.780Z</time>
      </trkpt>
      <trkpt lat="50.551036" lon="17.948342">
        <ele>156.690021</ele>
        <time>2023-10-14T08:34:50.785Z</time>
      </trkpt>
      <trkpt lat="50.550949" lon="17.948350">
        <ele>156.681253</ele>
        <time>2023-10-14T08:34:53.889Z</time>
      </trkpt>
      <trkpt lat="50.550522" lon="17.948382">
        <ele>156.638247</ele>
        <time>2023-10-14T08:35:09.001Z</time>
      </trkpt>
      <trkpt lat="50.549163" lon="17.949097">
        <ele>157.454762</ele>
        <time>2023-10-14T08:36:04.234Z</time>
      </trkpt>
      <trkpt lat="50.546933" lon="17.950093">
        <ele>160.310169</ele>
        <time>2023-10-14T08:37:48.521Z</time>
      </trkpt>
      <trkpt lat="50.546353" lon="17.950243">
        <ele>160.705866</ele>
        <time>2023-10-14T08:38:13.073Z</time>
      </trkpt>
      <trkpt lat="50.545046" lon="17.950325">
        <ele>161.256728</ele>
        <time>2023-10-14T08:39:03.146Z</time>
      </trkpt>
      <trkpt lat="50.544441" lon="17.950318">
        <ele>161.230843</ele>
        <time>2023-10-14T08:39:25.013Z</time>
      </trkpt>
      <trkpt lat="50.543680" lon="17.950094">
        <ele>161.165287</ele>
        <time>2023-10-14T08:39:53.300Z</time>
      </trkpt>
      <trkpt lat="50.540926" lon="17.950299">
        <ele>161.144958</ele>
        <time>2023-10-14T08:41:35.961Z</time>
      </trkpt>
      <trkpt lat="50.540794" lon="17.950211">
        <ele>161.140038</ele>
        <time>2023-10-14T08:41:41.178Z</time>
      </trkpt>
      <trkpt lat="50.540532" lon="17.950436">
        <ele>161.129793</ele>
        <time>2023-10-14T08:41:52.316Z</time>
      </trkpt>
      <trkpt lat="50.539781" lon="17.951153">
        <ele>161.100980</ele>
        <time>2023-10-14T08:42:24.674Z</time>
      </trkpt>
      <trkpt lat="50.539444" lon="17.951423">
        <ele>161.136071</ele>
        <time>2023-10-14T08:42:38.642Z</time>
      </trkpt>
      <trkpt lat="50.539209" lon="17.951461">
        <ele>161.157991</ele>
        <time>2023-10-14T08:42:47.448Z</time>
      </trkpt>
      <trkpt lat="50.538981" lon="17.951412">
        <ele>161.179343</ele>
        <time>2023-10-14T08:42:55.951Z</time>
      </trkpt>
      <trkpt lat="50.538500" lon="17.951449">
        <ele>161.224028</ele>
        <time>2023-10-14T08:43:13.772Z</time>
      </trkpt>
      <trkpt lat="50.536348" lon="17.951755">
        <ele>161.799055</ele>
        <time>2023-10-14T08:44:37.639Z</time>
      </trkpt>
      <trkpt lat="50.535832" lon="17.951994">
        <ele>161.800936</ele>
        <time>2023-10-14T08:44:58.713Z</time>
      </trkpt>
      <trkpt lat="50.535005" lon="17.952483">
        <ele>161.741619</ele>
        <time>2023-10-14T08:45:31.958Z</time>
      </trkpt>
      <trkpt lat="50.533253" lon="17.953704">
        <ele>160.610710</ele>
        <time>2023-10-14T08:46:39.092Z</time>
      </trkpt>
      <trkpt lat="50.532454" lon="17.954317">
        <ele>160.025977</ele>
        <time>2023-10-14T08:47:09.779Z</time>
      </trkpt>
      <trkpt lat="50.530284" lon="17.954947">
        <ele>158.846721</ele>
        <time>2023-10-14T08:48:28.941Z</time>
      </trkpt>
      <trkpt lat="50.530256" lon="17.955029">
        <ele>158.819225</ele>
        <time>2023-10-14T08:48:31.108Z</time>
      </trkpt>
      <trkpt lat="50.530168" lon="17.955067">
        <ele>158.776818</ele>
        <time>2023-10-14T08:48:34.452Z</time>
      </trkpt>
      <trkpt lat="50.529933" lon="17.955011">
        <ele>158.666367</ele>
        <time>2023-10-14T08:48:43.031Z</time>
      </trkpt>
      <trkpt lat="50.529804" lon="17.955111">
        <ele>158.599538</ele>
        <time>2023-10-14T08:48:48.216Z</time>
      </trkpt>
      <trkpt lat="50.529676" lon="17.955067">
        <ele>158.538652</ele>
        <time>2023-10-14T08:48:52.843Z</time>
      </trkpt>
      <trkpt lat="50.529149" lon="17.954559">
        <ele>158.220095</ele>
        <time>2023-10-14T08:49:14.585Z</time>
      </trkpt>
      <trkpt lat="50.528776" lon="17.954413">
        <ele>158.012776</ele>
        <time>2023-10-14T08:49:28.096Z</time>
      </trkpt>
      <trkpt lat="50.528267" lon="17.954007">
        <ele>157.704961</ele>
        <time>2023-10-14T08:49:48.375Z</time>
      </trkpt>
      <trkpt lat="50.527895" lon="17.953759">
        <ele>157.487040</ele>
        <time>2023-10-14T08:50:02.863Z</time>
      </trkpt>
      <trkpt lat="50.527631" lon="17.953656">
        <ele>157.530287</ele>
        <time>2023-10-14T08:50:12.661Z</time>
      </trkpt>
      <trkpt lat="50.526623" lon="17.953530">
        <ele>157.746614</ele>
        <time>2023-10-14T08:50:50.254Z</time>
      </trkpt>
      <trkpt lat="50.526491" lon="17.953359">
        <ele>157.783198</ele>
        <time>2023-10-14T08:50:57.107Z</time>
      </trkpt>
      <trkpt lat="50.526257" lon="17.952905">
        <ele>157.865249</ele>
        <time>2023-10-14T08:51:12.529Z</time>
      </trkpt>
      <trkpt lat="50.526209" lon="17.952824">
        <ele>157.905161</ele>
        <time>2023-10-14T08:51:15.465Z</time>
      </trkpt>
      <trkpt lat="50.525558" lon="17.952491">
        <ele>158.293278</ele>
        <time>2023-10-14T08:51:44.258Z</time>
      </trkpt>
      <trkpt lat="50.524558" lon="17.951876">
        <ele>158.874729</ele>
        <time>2023-10-14T08:52:26.596Z</time>
      </trkpt>
      <trkpt lat="50.523920" lon="17.951548">
        <ele>158.763698</ele>
        <time>2023-10-14T08:52:51.283Z</time>
      </trkpt>
      <trkpt lat="50.523742" lon="17.951488">
        <ele>158.733585</ele>
        <time>2023-10-14T08:52:57.901Z</time>
      </trkpt>
      <trkpt lat="50.523685" lon="17.951569">
        <ele>158.720878</ele>
        <time>2023-10-14T08:52:59.545Z</time>
      </trkpt>
      <trkpt lat="50.523625" lon="17.951600">
        <ele>158.710431</ele>
        <time>2023-10-14T08:53:00.948Z</time>
      </trkpt>
      <trkpt lat="50.523233" lon="17.951556">
        <ele>158.645421</ele>
        <time>2023-10-14T08:53:09.686Z</time>
      </trkpt>
      <trkpt lat="50.522573" lon="17.951481">
        <ele>158.540524</ele>
        <time>2023-10-14T08:53:24.307Z</time>
      </trkpt>
      <trkpt lat="50.522223" lon="17.951190">
        <ele>158.481341</ele>
        <time>2023-10-14T08:53:33.022Z</time>
      </trkpt>
      <trkpt lat="50.521594" lon="17.950966">
        <ele>158.384928</ele>
        <time>2023-10-14T08:53:47.638Z</time>
      </trkpt>
      <trkpt lat="50.521087" lon="17.950562">
        <ele>158.359892</ele>
        <time>2023-10-14T08:54:00.996Z</time>
      </trkpt>
      <trkpt lat="50.520090" lon="17.949584">
        <ele>158.909425</ele>
        <time>2023-10-14T08:54:31.774Z</time>
      </trkpt>
      <trkpt lat="50.519868" lon="17.949503">
        <ele>159.016008</ele>
        <time>2023-10-14T08:54:37.758Z</time>
      </trkpt>
      <trkpt lat="50.519552" lon="17.949318">
        <ele>159.165456</ele>
        <time>2023-10-14T08:54:46.186Z</time>
      </trkpt>
      <trkpt lat="50.519376" lon="17.949207">
        <ele>159.213581</ele>
        <time>2023-10-14T08:54:50.873Z</time>
      </trkpt>
      <trkpt lat="50.519013" lon="17.949000">
        <ele>159.311577</ele>
        <time>2023-10-14T08:55:00.314Z</time>
      </trkpt>
      <trkpt lat="50.518733" lon="17.948664">
        <ele>159.400961</ele>
        <time>2023-10-14T08:55:09.011Z</time>
      </trkpt>
      <trkpt lat="50.518463" lon="17.948358">
        <ele>159.485424</ele>
        <time>2023-10-14T08:55:17.269Z</time>
      </trkpt>
      <trkpt lat="50.518266" lon="17.948107">
        <ele>159.549769</ele>
        <time>2023-10-14T08:55:23.417Z</time>
      </trkpt>
      <trkpt lat="50.518226" lon="17.948002">
        <ele>159.569521</ele>
        <time>2023-10-14T08:55:25.354Z</time>
      </trkpt>
      <trkpt lat="50.518196" lon="17.948064">
        <ele>159.582094</ele>
        <time>2023-10-14T08:55:26.543Z</time>
      </trkpt>
      <trkpt lat="50.518091" lon="17.948509">
        <ele>159.624724</ele>
        <time>2023-10-14T08:55:33.296Z</time>
      </trkpt>
      <trkpt lat="50.517995" lon="17.948751">
        <ele>159.637155</ele>
        <time>2023-10-14T08:55:37.259Z</time>
      </trkpt>
      <trkpt lat="50.517588" lon="17.949572">
        <ele>159.682528</ele>
        <time>2023-10-14T08:55:51.341Z</time>
      </trkpt>
      <trkpt lat="50.516876" lon="17.951125">
        <ele>160.158373</ele>
        <time>2023-10-14T08:56:20.598Z</time>
      </trkpt>
      <trkpt lat="50.516830" lon="17.951393">
        <ele>160.325977</ele>
        <time>2023-10-14T08:56:25.231Z</time>
      </trkpt>
      <trkpt lat="50.516851" lon="17.951581">
        <ele>160.441225</ele>
        <time>2023-10-14T08:56:28.484Z</time>
      </trkpt>
      <trkpt lat="50.516974" lon="17.951570">
        <ele>160.558209</ele>
        <time>2023-10-14T08:56:33.699Z</time>
      </trkpt>
      <trkpt lat="50.517072" lon="17.951369">
        <ele>160.711139</ele>
        <time>2023-10-14T08:56:53.615Z</time>
      </trkpt>
      <trkpt lat="50.517090" lon="17.951390">
        <ele>160.732420</ele>
        <time>2023-10-14T08:56:56.374Z</time>
      </trkpt>
      <trkpt lat="50.514950" lon="17.955940">
        <ele>164.803691</ele>
        <time>2023-10-14T08:58:41.092Z</time>
      </trkpt>
      <trkpt lat="50.514889" lon="17.955878">
        <ele>164.863408</ele>
        <time>2023-10-14T08:58:49.991Z</time>
      </trkpt>
      <trkpt lat="50.514891" lon="17.955823">
        <ele>164.892210</ele>
        <time>2023-10-14T08:58:54.382Z</time>
      </trkpt>
      <trkpt lat="50.514394" lon="17.955721">
        <ele>165.304304</ele>
        <time>2023-10-14T08:59:06.380Z</time>
      </trkpt>
      <trkpt lat="50.514103" lon="17.955606">
        <ele>165.389463</ele>
        <time>2023-10-14T08:59:13.022Z</time>
      </trkpt>
      <trkpt lat="50.512791" lon="17.955050">
        <ele>165.147947</ele>
        <time>2023-10-14T08:59:41.979Z</time>
      </trkpt>
      <trkpt lat="50.512605" lon="17.955002">
        <ele>165.114445</ele>
        <time>2023-10-14T08:59:45.950Z</time>
      </trkpt>
      <trkpt lat="50.512485" lon="17.955011">
        <ele>165.102314</ele>
        <time>2023-10-14T08:59:48.613Z</time>
      </trkpt>
      <trkpt lat="50.512288" lon="17.954889">
        <ele>165.129049</ele>
        <time>2023-10-14T08:59:56.363Z</time>
      </trkpt>
      <trkpt lat="50.512193" lon="17.954774">
        <ele>165.144188</ele>
        <time>2023-10-14T09:00:01.016Z</time>
      </trkpt>
      <trkpt lat="50.511926" lon="17.954569">
        <ele>165.181706</ele>
        <time>2023-10-14T09:00:12.678Z</time>
      </trkpt>
      <trkpt lat="50.511645" lon="17.954457">
        <ele>165.218311</ele>
        <time>2023-10-14T09:00:23.956Z</time>
      </trkpt>
      <trkpt lat="50.511126" lon="17.954445">
        <ele>165.283853</ele>
        <time>2023-10-14T09:00:43.576Z</time>
      </trkpt>
      <trkpt lat="50.510632" lon="17.954567">
        <ele>165.328169</ele>
        <time>2023-10-14T09:01:02.051Z</time>
      </trkpt>
      <trkpt lat="50.510494" lon="17.954560">
        <ele>165.330260</ele>
        <time>2023-10-14T09:01:07.249Z</time>
      </trkpt>
      <trkpt lat="50.510374" lon="17.954509">
        <ele>165.332143</ele>
        <time>2023-10-14T09:01:12.180Z</time>
      </trkpt>
      <trkpt lat="50.510061" lon="17.954139">
        <ele>165.338074</ele>
        <time>2023-10-14T09:01:27.078Z</time>
      </trkpt>
      <trkpt lat="50.509982" lon="17.954031">
        <ele>165.339659</ele>
        <time>2023-10-14T09:01:30.910Z</time>
      </trkpt>
      <trkpt lat="50.509831" lon="17.953962">
        <ele>165.342041</ele>
        <time>2023-10-14T09:01:37.046Z</time>
      </trkpt>
      <trkpt lat="50.507786" lon="17.953967">
        <ele>165.148166</ele>
        <time>2023-10-14T09:02:51.728Z</time>
      </trkpt>
      <trkpt lat="50.507662" lon="17.953968">
        <ele>165.129107</ele>
        <time>2023-10-14T09:02:56.326Z</time>
      </trkpt>
      <trkpt lat="50.507062" lon="17.953993">
        <ele>165.162313</ele>
        <time>2023-10-14T09:03:18.302Z</time>
      </trkpt>
      <trkpt lat="50.506450" lon="17.954085">
        <ele>165.367663</ele>
        <time>2023-10-14T09:03:41.309Z</time>
      </trkpt>
      <trkpt lat="50.506438" lon="17.953948">
        <ele>165.397041</ele>
        <time>2023-10-14T09:03:43.344Z</time>
      </trkpt>
      <trkpt lat="50.506191" lon="17.952811">
        <ele>165.652277</ele>
        <time>2023-10-14T09:04:02.927Z</time>
      </trkpt>
      <trkpt lat="50.505680" lon="17.950590">
        <ele>167.793851</ele>
        <time>2023-10-14T09:04:47.529Z</time>
      </trkpt>
      <trkpt lat="50.505510" lon="17.950515">
        <ele>168.055637</ele>
        <time>2023-10-14T09:04:56.303Z</time>
      </trkpt>
      <trkpt lat="50.504547" lon="17.950649">
        <ele>168.905280</ele>
        <time>2023-10-14T09:05:43.542Z</time>
      </trkpt>
      <trkpt lat="50.504313" lon="17.950650">
        <ele>169.075357</ele>
        <time>2023-10-14T09:05:53.100Z</time>
      </trkpt>
      <trkpt lat="50.503809" lon="17.950578">
        <ele>169.443186</ele>
        <time>2023-10-14T09:06:11.672Z</time>
      </trkpt>
      <trkpt lat="50.503710" lon="17.950557">
        <ele>169.515793</ele>
        <time>2023-10-14T09:06:15.032Z</time>
      </trkpt>
      <trkpt lat="50.503566" lon="17.950819">
        <ele>169.584256</ele>
        <time>2023-10-14T09:06:19.365Z</time>
      </trkpt>
      <trkpt lat="50.503166" lon="17.950727">
        <ele>168.784953</ele>
        <time>2023-10-14T09:06:32.932Z</time>
      </trkpt>
      <trkpt lat="50.502712" lon="17.950564">
        <ele>167.864190</ele>
        <time>2023-10-14T09:06:48.469Z</time>
      </trkpt>
      <trkpt lat="50.502296" lon="17.950596">
        <ele>167.040685</ele>
        <time>2023-10-14T09:07:01.804Z</time>
      </trkpt>
      <trkpt lat="50.502146" lon="17.950478">
        <ele>166.709049</ele>
        <time>2023-10-14T09:07:07.032Z</time>
      </trkpt>
      <trkpt lat="50.502084" lon="17.950177">
        <ele>166.311155</ele>
        <time>2023-10-14T09:07:13.249Z</time>
      </trkpt>
      <trkpt lat="50.502050" lon="17.949727">
        <ele>165.801164</ele>
        <time>2023-10-14T09:07:22.240Z</time>
      </trkpt>
      <trkpt lat="50.501962" lon="17.949491">
        <ele>165.515404</ele>
        <time>2023-10-14T09:07:27.654Z</time>
      </trkpt>
      <trkpt lat="50.501641" lon="17.949072">
        <ele>164.830218</ele>
        <time>2023-10-14T09:07:41.109Z</time>
      </trkpt>
      <trkpt lat="50.501410" lon="17.948258">
        <ele>163.899129</ele>
        <time>2023-10-14T09:08:00.759Z</time>
      </trkpt>
      <trkpt lat="50.501353" lon="17.948193">
        <ele>163.783486</ele>
        <time>2023-10-14T09:08:03.178Z</time>
      </trkpt>
      <trkpt lat="50.500853" lon="17.948075">
        <ele>163.150143</ele>
        <time>2023-10-14T09:08:20.694Z</time>
      </trkpt>
      <trkpt lat="50.500146" lon="17.948018">
        <ele>163.206438</ele>
        <time>2023-10-14T09:08:45.324Z</time>
      </trkpt>
      <trkpt lat="50.499933" lon="17.948566">
        <ele>163.238921</ele>
        <time>2023-10-14T09:09:00.328Z</time>
      </trkpt>
      <trkpt lat="50.499715" lon="17.949004">
        <ele>163.267052</ele>
        <time>2023-10-14T09:09:14.819Z</time>
      </trkpt>
      <trkpt lat="50.499141" lon="17.949566">
        <ele>164.672129</ele>
        <time>2023-10-14T09:09:45.877Z</time>
      </trkpt>
      <trkpt lat="50.498656" lon="17.949884">
        <ele>166.250353</ele>
        <time>2023-10-14T09:10:12.924Z</time>
      </trkpt>
      <trkpt lat="50.498291" lon="17.950325">
        <ele>167.632917</ele>
        <time>2023-10-14T09:10:39.110Z</time>
      </trkpt>
      <trkpt lat="50.497773" lon="17.950693">
        <ele>169.398153</ele>
        <time>2023-10-14T09:11:12.123Z</time>
      </trkpt>
      <trkpt lat="50.497551" lon="17.951014">
        <ele>170.384402</ele>
        <time>2023-10-14T09:11:29.635Z</time>
      </trkpt>
      <trkpt lat="50.497300" lon="17.951933">
        <ele>172.464618</ele>
        <time>2023-10-14T09:12:04.492Z</time>
      </trkpt>
      <trkpt lat="50.497170" lon="17.952680">
        <ele>174.075443</ele>
        <time>2023-10-14T09:12:29.371Z</time>
      </trkpt>
      <trkpt lat="50.497107" lon="17.953044">
        <ele>174.644516</ele>
        <time>2023-10-14T09:12:41.143Z</time>
      </trkpt>
      <trkpt lat="50.497288" lon="17.953981">
        <ele>175.182438</ele>
        <time>2023-10-14T09:13:09.379Z</time>
      </trkpt>
      <trkpt lat="50.497321" lon="17.954932">
        <ele>175.705616</ele>
        <time>2023-10-14T09:13:33.445Z</time>
      </trkpt>
      <trkpt lat="50.497627" lon="17.955589">
        <ele>176.094688</ele>
        <time>2023-10-14T09:13:52.316Z</time>
      </trkpt>
      <trkpt lat="50.497849" lon="17.955966">
        <ele>175.871832</ele>
        <time>2023-10-14T09:14:03.913Z</time>
      </trkpt>
      <trkpt lat="50.498141" lon="17.956327">
        <ele>175.618504</ele>
        <time>2023-10-14T09:14:16.953Z</time>
      </trkpt>
      <trkpt lat="50.497584" lon="17.960664">
        <ele>173.872149</ele>
        <time>2023-10-14T09:15:55.118Z</time>
      </trkpt>
      <trkpt lat="50.496934" lon="17.960774">
        <ele>174.540437</ele>
        <time>2023-10-14T09:16:22.493Z</time>
      </trkpt>
      <trkpt lat="50.496562" lon="17.960677">
        <ele>174.972662</ele>
        <time>2023-10-14T09:16:39.189Z</time>
      </trkpt>
      <trkpt lat="50.495786" lon="17.960689">
        <ele>175.862183</ele>
        <time>2023-10-14T09:17:14.999Z</time>
      </trkpt>
      <trkpt lat="50.494730" lon="17.960823">
        <ele>176.256915</ele>
        <time>2023-10-14T09:18:00.316Z</time>
      </trkpt>
      <trkpt lat="50.493373" lon="17.960938">
        <ele>175.497132</ele>
        <time>2023-10-14T09:18:47.629Z</time>
      </trkpt>
      <trkpt lat="50.493169" lon="17.961329">
        <ele>174.928704</ele>
        <time>2023-10-14T09:18:55.668Z</time>
      </trkpt>
      <trkpt lat="50.492939" lon="17.961552">
        <ele>174.451209</ele>
        <time>2023-10-14T09:19:02.291Z</time>
      </trkpt>
      <trkpt lat="50.492404" lon="17.961810">
        <ele>173.462392</ele>
        <time>2023-10-14T09:19:15.939Z</time>
      </trkpt>
      <trkpt lat="50.492234" lon="17.961870">
        <ele>173.107224</ele>
        <time>2023-10-14T09:19:20.336Z</time>
      </trkpt>
      <trkpt lat="50.492026" lon="17.961605">
        <ele>172.517129</ele>
        <time>2023-10-14T09:19:25.332Z</time>
      </trkpt>
      <trkpt lat="50.491640" lon="17.961091">
        <ele>171.402165</ele>
        <time>2023-10-14T09:19:35.017Z</time>
      </trkpt>
      <trkpt lat="50.491528" lon="17.960942">
        <ele>171.078778</ele>
        <time>2023-10-14T09:19:37.756Z</time>
      </trkpt>
      <trkpt lat="50.491444" lon="17.960899">
        <ele>170.884075</ele>
        <time>2023-10-14T09:19:39.450Z</time>
      </trkpt>
      <trkpt lat="50.491366" lon="17.961370">
        <ele>170.201655</ele>
        <time>2023-10-14T09:19:45.401Z</time>
      </trkpt>
      <trkpt lat="50.491349" lon="17.961587">
        <ele>169.895091</ele>
        <time>2023-10-14T09:19:48.210Z</time>
      </trkpt>
      <trkpt lat="50.491214" lon="17.961541">
        <ele>169.590645</ele>
        <time>2023-10-14T09:19:50.799Z</time>
      </trkpt>
      <trkpt lat="50.490396" lon="17.961273">
        <ele>167.383102</ele>
        <time>2023-10-14T09:20:06.258Z</time>
      </trkpt>
      <trkpt lat="50.489896" lon="17.961109">
        <ele>166.005048</ele>
        <time>2023-10-14T09:20:15.478Z</time>
      </trkpt>
      <trkpt lat="50.489887" lon="17.961159">
        <ele>165.915854</ele>
        <time>2023-10-14T09:20:16.046Z</time>
      </trkpt>
      <trkpt lat="50.488502" lon="17.960768">
        <ele>163.274496</ele>
        <time>2023-10-14T09:20:41.934Z</time>
      </trkpt>
      <trkpt lat="50.486864" lon="17.960260">
        <ele>162.862816</ele>
        <time>2023-10-14T09:21:20.136Z</time>
      </trkpt>
      <trkpt lat="50.484190" lon="17.959451">
        <ele>167.724906</ele>
        <time>2023-10-14T09:22:51.376Z</time>
      </trkpt>
      <trkpt lat="50.483938" lon="17.959323">
        <ele>168.384282</ele>
        <time>2023-10-14T09:23:01.322Z</time>
      </trkpt>
      <trkpt lat="50.483726" lon="17.959182">
        <ele>169.006619</ele>
        <time>2023-10-14T09:23:09.834Z</time>
      </trkpt>
      <trkpt lat="50.483295" lon="17.958793">
        <ele>170.350275</ele>
        <time>2023-10-14T09:23:28.677Z</time>
      </trkpt>
      <trkpt lat="50.482889" lon="17.958224">
        <ele>171.820907</ele>
        <time>2023-10-14T09:23:49.655Z</time>
      </trkpt>
      <trkpt lat="50.482519" lon="17.958863">
        <ele>173.067937</ele>
        <time>2023-10-14T09:24:08.902Z</time>
      </trkpt>
      <trkpt lat="50.482247" lon="17.958274">
        <ele>173.694109</ele>
        <time>2023-10-14T09:24:26.663Z</time>
      </trkpt>
      <trkpt lat="50.482233" lon="17.958245">
        <ele>173.725429</ele>
        <time>2023-10-14T09:24:27.506Z</time>
      </trkpt>
      <trkpt lat="50.482208" lon="17.958191">
        <ele>173.782887</ele>
        <time>2023-10-14T09:24:29.084Z</time>
      </trkpt>
      <trkpt lat="50.482228" lon="17.958099">
        <ele>173.866536</ele>
        <time>2023-10-14T09:24:30.771Z</time>
      </trkpt>
      <trkpt lat="50.482288" lon="17.957817">
        <ele>174.122374</ele>
        <time>2023-10-14T09:24:36.299Z</time>
      </trkpt>
      <trkpt lat="50.482348" lon="17.957535">
        <ele>174.378212</ele>
        <time>2023-10-14T09:24:41.466Z</time>
      </trkpt>
      <trkpt lat="50.482233" lon="17.957375">
        <ele>174.585893</ele>
        <time>2023-10-14T09:24:45.777Z</time>
      </trkpt>
      <trkpt lat="50.479923" lon="17.952785">
        <ele>176.868188</ele>
        <time>2023-10-14T09:26:18.741Z</time>
      </trkpt>
      <trkpt lat="50.479844" lon="17.952719">
        <ele>176.904100</ele>
        <time>2023-10-14T09:26:20.828Z</time>
      </trkpt>
      <trkpt lat="50.478985" lon="17.953754">
        <ele>176.846516</ele>
        <time>2023-10-14T09:26:44.587Z</time>
      </trkpt>
      <trkpt lat="50.478913" lon="17.953829">
        <ele>176.828019</ele>
        <time>2023-10-14T09:26:46.410Z</time>
      </trkpt>
      <trkpt lat="50.478851" lon="17.953836">
        <ele>176.814710</ele>
        <time>2023-10-14T09:26:47.730Z</time>
      </trkpt>
      <trkpt lat="50.477077" lon="17.950301">
        <ele>176.115597</ele>
        <time>2023-10-14T09:27:48.833Z</time>
      </trkpt>
      <trkpt lat="50.477007" lon="17.950205">
        <ele>176.113138</ele>
        <time>2023-10-14T09:27:51.140Z</time>
      </trkpt>
      <trkpt lat="50.477401" lon="17.947894">
        <ele>176.064760</ele>
        <time>2023-10-14T09:28:27.285Z</time>
      </trkpt>
      <trkpt lat="50.477587" lon="17.946870">
        <ele>175.877969</ele>
        <time>2023-10-14T09:28:42.271Z</time>
      </trkpt>
      <trkpt lat="50.477739" lon="17.945942">
        <ele>175.709885</ele>
        <time>2023-10-14T09:28:55.328Z</time>
      </trkpt>
      <trkpt lat="50.478661" lon="17.940689">
        <ele>175.921349</ele>
        <time>2023-10-14T09:30:17.181Z</time>
      </trkpt>
      <trkpt lat="50.478677" lon="17.940598">
        <ele>175.932671</ele>
        <time>2023-10-14T09:30:19.519Z</time>
      </trkpt>
      <trkpt lat="50.479959" lon="17.933175">
        <ele>177.996598</ele>
        <time>2023-10-14T09:33:30.959Z</time>
      </trkpt>
      <trkpt lat="50.480061" lon="17.932756">
        <ele>178.187478</ele>
        <time>2023-10-14T09:33:42.438Z</time>
      </trkpt>
      <trkpt lat="50.481199" lon="17.926104">
        <ele>181.976368</ele>
        <time>2023-10-14T09:36:44.883Z</time>
      </trkpt>
      <trkpt lat="50.481736" lon="17.923130">
        <ele>183.491875</ele>
        <time>2023-10-14T09:38:05.596Z</time>
      </trkpt>
      <trkpt lat="50.481978" lon="17.921626">
        <ele>183.956311</ele>
        <time>2023-10-14T09:38:44.763Z</time>
      </trkpt>
      <trkpt lat="50.482000" lon="17.921491">
        <ele>183.998031</ele>
        <time>2023-10-14T09:38:48.231Z</time>
      </trkpt>
      <trkpt lat="50.482115" lon="17.921136">
        <ele>184.117289</ele>
        <time>2023-10-14T09:38:58.026Z</time>
      </trkpt>
      <trkpt lat="50.482154" lon="17.921067">
        <ele>184.144919</ele>
        <time>2023-10-14T09:39:00.327Z</time>
      </trkpt>
      <trkpt lat="50.482272" lon="17.920979">
        <ele>184.206369</ele>
        <time>2023-10-14T09:39:05.299Z</time>
      </trkpt>
      <trkpt lat="50.482345" lon="17.920844">
        <ele>184.257844</ele>
        <time>2023-10-14T09:39:09.618Z</time>
      </trkpt>
      <trkpt lat="50.482779" lon="17.919833">
        <ele>184.570273</ele>
        <time>2023-10-14T09:39:39.157Z</time>
      </trkpt>
      <trkpt lat="50.483382" lon="17.918611">
        <ele>184.966427</ele>
        <time>2023-10-14T09:40:17.384Z</time>
      </trkpt>
      <trkpt lat="50.484851" lon="17.915613">
        <ele>187.838206</ele>
        <time>2023-10-14T09:41:59.990Z</time>
      </trkpt>
      <trkpt lat="50.486247" lon="17.912492">
        <ele>192.666221</ele>
        <time>2023-10-14T09:43:53.496Z</time>
      </trkpt>
      <trkpt lat="50.486284" lon="17.912419">
        <ele>192.803853</ele>
        <time>2023-10-14T09:43:55.774Z</time>
      </trkpt>
      <trkpt lat="50.486308" lon="17.912481">
        <ele>192.910873</ele>
        <time>2023-10-14T09:43:57.528Z</time>
      </trkpt>
      <trkpt lat="50.487499" lon="17.909968">
        <ele>198.065404</ele>
        <time>2023-10-14T09:45:42.630Z</time>
      </trkpt>
      <trkpt lat="50.488348" lon="17.907874">
        <ele>199.920630</ele>
        <time>2023-10-14T09:46:49.894Z</time>
      </trkpt>
      <trkpt lat="50.489607" lon="17.905233">
        <ele>200.329587</ele>
        <time>2023-10-14T09:48:06.740Z</time>
      </trkpt>
      <trkpt lat="50.489955" lon="17.904547">
        <ele>200.555718</ele>
        <time>2023-10-14T09:48:28.791Z</time>
      </trkpt>
      <trkpt lat="50.490585" lon="17.903653">
        <ele>201.086649</ele>
        <time>2023-10-14T09:49:03.854Z</time>
      </trkpt>
      <trkpt lat="50.491434" lon="17.902574">
        <ele>201.608128</ele>
        <time>2023-10-14T09:49:47.908Z</time>
      </trkpt>
      <trkpt lat="50.492402" lon="17.901256">
        <ele>202.000880</ele>
        <time>2023-10-14T09:50:36.901Z</time>
      </trkpt>
      <trkpt lat="50.493260" lon="17.900326">
        <ele>201.927532</ele>
        <time>2023-10-14T09:51:14.858Z</time>
      </trkpt>
      <trkpt lat="50.493930" lon="17.899846">
        <ele>201.872604</ele>
        <time>2023-10-14T09:51:41.995Z</time>
      </trkpt>
      <trkpt lat="50.494378" lon="17.899424">
        <ele>201.918637</ele>
        <time>2023-10-14T09:52:01.345Z</time>
      </trkpt>
      <trkpt lat="50.495040" lon="17.899030">
        <ele>201.988463</ele>
        <time>2023-10-14T09:52:27.640Z</time>
      </trkpt>
      <trkpt lat="50.496570" lon="17.898043">
        <ele>202.179771</ele>
        <time>2023-10-14T09:53:31.038Z</time>
      </trkpt>
      <trkpt lat="50.497247" lon="17.897682">
        <ele>202.269403</ele>
        <time>2023-10-14T09:53:58.434Z</time>
      </trkpt>
      <trkpt lat="50.497553" lon="17.897495">
        <ele>201.876762</ele>
        <time>2023-10-14T09:54:10.868Z</time>
      </trkpt>
      <trkpt lat="50.499603" lon="17.896865">
        <ele>197.388485</ele>
        <time>2023-10-14T09:55:20.075Z</time>
      </trkpt>
      <trkpt lat="50.500199" lon="17.896847">
        <ele>194.862017</ele>
        <time>2023-10-14T09:55:36.957Z</time>
      </trkpt>
      <trkpt lat="50.500745" lon="17.896939">
        <ele>192.534675</ele>
        <time>2023-10-14T09:55:52.467Z</time>
      </trkpt>
      <trkpt lat="50.501189" lon="17.897088">
        <ele>191.075828</ele>
        <time>2023-10-14T09:56:05.206Z</time>
      </trkpt>
      <trkpt lat="50.501484" lon="17.897049">
        <ele>190.175308</ele>
        <time>2023-10-14T09:56:13.804Z</time>
      </trkpt>
      <trkpt lat="50.502002" lon="17.897075">
        <ele>188.598815</ele>
        <time>2023-10-14T09:56:29.666Z</time>
      </trkpt>
      <trkpt lat="50.502075" lon="17.897051">
        <ele>188.371955</ele>
        <time>2023-10-14T09:56:32.127Z</time>
      </trkpt>
      <trkpt lat="50.502169" lon="17.896947">
        <ele>188.022315</ele>
        <time>2023-10-14T09:56:35.826Z</time>
      </trkpt>
      <trkpt lat="50.502206" lon="17.896842">
        <ele>187.790069</ele>
        <time>2023-10-14T09:56:38.271Z</time>
      </trkpt>
      <trkpt lat="50.502321" lon="17.896337">
        <ele>186.812220</ele>
        <time>2023-10-14T09:56:50.490Z</time>
      </trkpt>
      <trkpt lat="50.502487" lon="17.895480">
        <ele>188.010593</ele>
        <time>2023-10-14T09:57:16.730Z</time>
      </trkpt>
      <trkpt lat="50.502622" lon="17.895005">
        <ele>188.706539</ele>
        <time>2023-10-14T09:57:33.199Z</time>
      </trkpt>
      <trkpt lat="50.502740" lon="17.894816">
        <ele>189.060806</ele>
        <time>2023-10-14T09:57:41.581Z</time>
      </trkpt>
      <trkpt lat="50.504900" lon="17.891355">
        <ele>197.207416</ele>
        <time>2023-10-14T10:00:22.538Z</time>
      </trkpt>
      <trkpt lat="50.507264" lon="17.887588">
        <ele>203.527424</ele>
        <time>2023-10-14T10:02:57.734Z</time>
      </trkpt>
      <trkpt lat="50.507429" lon="17.887286">
        <ele>203.823611</ele>
        <time>2023-10-14T10:03:08.744Z</time>
      </trkpt>
      <trkpt lat="50.507995" lon="17.886416">
        <ele>204.749476</ele>
        <time>2023-10-14T10:03:42.476Z</time>
      </trkpt>
      <trkpt lat="50.511191" lon="17.881458">
        <ele>207.771339</ele>
        <time>2023-10-14T10:06:43.258Z</time>
      </trkpt>
      <trkpt lat="50.512572" lon="17.879431">
        <ele>208.285878</ele>
        <time>2023-10-14T10:07:56.388Z</time>
      </trkpt>
      <trkpt lat="50.513251" lon="17.878088">
        <ele>208.232376</ele>
        <time>2023-10-14T10:08:37.381Z</time>
      </trkpt>
      <trkpt lat="50.514305" lon="17.876037">
        <ele>206.188266</ele>
        <time>2023-10-14T10:09:34.536Z</time>
      </trkpt>
      <trkpt lat="50.515691" lon="17.873298">
        <ele>201.905850</ele>
        <time>2023-10-14T10:10:45.600Z</time>
      </trkpt>
      <trkpt lat="50.516404" lon="17.871887">
        <ele>201.378354</ele>
        <time>2023-10-14T10:11:26.553Z</time>
      </trkpt>
      <trkpt lat="50.518530" lon="17.867737">
        <ele>202.824885</ele>
        <time>2023-10-14T10:13:42.777Z</time>
      </trkpt>
      <trkpt lat="50.519089" lon="17.866592">
        <ele>203.316559</ele>
        <time>2023-10-14T10:14:18.945Z</time>
      </trkpt>
      <trkpt lat="50.520991" lon="17.862893">
        <ele>204.615955</ele>
        <time>2023-10-14T10:16:18.433Z</time>
      </trkpt>
      <trkpt lat="50.521193" lon="17.862537">
        <ele>204.727771</ele>
        <time>2023-10-14T10:16:30.194Z</time>
      </trkpt>
      <trkpt lat="50.524906" lon="17.862033">
        <ele>203.503149</ele>
        <time>2023-10-14T10:18:45.240Z</time>
      </trkpt>
      <trkpt lat="50.525079" lon="17.862010">
        <ele>203.269733</ele>
        <time>2023-10-14T10:18:51.065Z</time>
      </trkpt>
      <trkpt lat="50.526191" lon="17.859661">
        <ele>200.930205</ele>
        <time>2023-10-14T10:19:52.995Z</time>
      </trkpt>
      <trkpt lat="50.527108" lon="17.857828">
        <ele>199.704168</ele>
        <time>2023-10-14T10:20:44.982Z</time>
      </trkpt>
      <trkpt lat="50.527829" lon="17.856293">
        <ele>199.994157</ele>
        <time>2023-10-14T10:21:30.725Z</time>
      </trkpt>
      <trkpt lat="50.529182" lon="17.853496">
        <ele>201.641860</ele>
        <time>2023-10-14T10:23:01.917Z</time>
      </trkpt>
      <trkpt lat="50.531402" lon="17.848887">
        <ele>207.964485</ele>
        <time>2023-10-14T10:25:53.568Z</time>
      </trkpt>
      <trkpt lat="50.531451" lon="17.848791">
        <ele>208.084716</ele>
        <time>2023-10-14T10:25:56.842Z</time>
      </trkpt>
      <trkpt lat="50.533301" lon="17.844942">
        <ele>208.041620</ele>
        <time>2023-10-14T10:27:50.434Z</time>
      </trkpt>
      <trkpt lat="50.535469" lon="17.840488">
        <ele>203.653727</ele>
        <time>2023-10-14T10:29:52.423Z</time>
      </trkpt>
      <trkpt lat="50.536481" lon="17.838390">
        <ele>199.270065</ele>
        <time>2023-10-14T10:30:44.335Z</time>
      </trkpt>
      <trkpt lat="50.537465" lon="17.836329">
        <ele>195.486217</ele>
        <time>2023-10-14T10:31:34.585Z</time>
      </trkpt>
      <trkpt lat="50.539260" lon="17.832763">
        <ele>193.598034</ele>
        <time>2023-10-14T10:33:20.716Z</time>
      </trkpt>
      <trkpt lat="50.541082" lon="17.828921">
        <ele>192.345951</ele>
        <time>2023-10-14T10:35:09.631Z</time>
      </trkpt>
      <trkpt lat="50.541626" lon="17.827676">
        <ele>191.913149</ele>
        <time>2023-10-14T10:35:44.360Z</time>
      </trkpt>
      <trkpt lat="50.544146" lon="17.830691">
        <ele>190.009473</ele>
        <time>2023-10-14T10:36:50.466Z</time>
      </trkpt>
      <trkpt lat="50.544415" lon="17.831013">
        <ele>189.501634</ele>
        <time>2023-10-14T10:36:57.188Z</time>
      </trkpt>
      <trkpt lat="50.545277" lon="17.832047">
        <ele>187.873038</ele>
        <time>2023-10-14T10:37:17.517Z</time>
      </trkpt>
      <trkpt lat="50.546357" lon="17.833326">
        <ele>184.772079</ele>
        <time>2023-10-14T10:37:41.335Z</time>
      </trkpt>
      <trkpt lat="50.546656" lon="17.833698">
        <ele>183.861358</ele>
        <time>2023-10-14T10:37:48.085Z</time>
      </trkpt>
      <trkpt lat="50.547012" lon="17.834119">
        <ele>183.145436</ele>
        <time>2023-10-14T10:37:56.267Z</time>
      </trkpt>
      <trkpt lat="50.547482" lon="17.834679">
        <ele>182.612224</ele>
        <time>2023-10-14T10:38:07.647Z</time>
      </trkpt>
      <trkpt lat="50.547012" lon="17.834119">
        <ele>182.079011</ele>
        <time>2023-10-14T10:38:19.939Z</time>
      </trkpt>
      <trkpt lat="50.547087" lon="17.833983">
        <ele>181.975512</ele>
        <time>2023-10-14T10:38:22.399Z</time>
      </trkpt>
      <trkpt lat="50.547166" lon="17.833918">
        <ele>181.894880</ele>
        <time>2023-10-14T10:38:24.349Z</time>
      </trkpt>
      <trkpt lat="50.547164" lon="17.833712">
        <ele>181.776467</ele>
        <time>2023-10-14T10:38:27.498Z</time>
      </trkpt>
      <trkpt lat="50.548137" lon="17.828556">
        <ele>183.385738</ele>
        <time>2023-10-14T10:39:51.879Z</time>
      </trkpt>
      <trkpt lat="50.547581" lon="17.828356">
        <ele>184.740939</ele>
        <time>2023-10-14T10:40:11.510Z</time>
      </trkpt>
      <trkpt lat="50.547501" lon="17.828288">
        <ele>185.056524</ele>
        <time>2023-10-14T10:40:14.927Z</time>
      </trkpt>
      <trkpt lat="50.547231" lon="17.827963">
        <ele>186.236369</ele>
        <time>2023-10-14T10:40:33.914Z</time>
      </trkpt>
      <trkpt lat="50.546898" lon="17.827563">
        <ele>187.690398</ele>
        <time>2023-10-14T10:40:57.651Z</time>
      </trkpt>
      <trkpt lat="50.546455" lon="17.827044">
        <ele>189.607308</ele>
        <time>2023-10-14T10:41:30.437Z</time>
      </trkpt>
      <trkpt lat="50.546243" lon="17.826836">
        <ele>190.520584</ele>
        <time>2023-10-14T10:41:45.236Z</time>
      </trkpt>
      <trkpt lat="50.546217" lon="17.826589">
        <ele>191.110768</ele>
        <time>2023-10-14T10:41:55.042Z</time>
      </trkpt>
      <trkpt lat="50.545652" lon="17.823882">
        <ele>197.127215</ele>
        <time>2023-10-14T10:43:34.391Z</time>
      </trkpt>
      <trkpt lat="50.545561" lon="17.823314">
        <ele>197.792823</ele>
        <time>2023-10-14T10:43:51.365Z</time>
      </trkpt>
      <trkpt lat="50.545373" lon="17.821683">
        <ele>199.676358</ele>
        <time>2023-10-14T10:44:37.331Z</time>
      </trkpt>
      <trkpt lat="50.545303" lon="17.819996">
        <ele>199.552656</ele>
        <time>2023-10-14T10:45:18.326Z</time>
      </trkpt>
      <trkpt lat="50.545538" lon="17.819511">
        <ele>199.502033</ele>
        <time>2023-10-14T10:45:32.290Z</time>
      </trkpt>
      <trkpt lat="50.547781" lon="17.814867">
        <ele>194.857139</ele>
        <time>2023-10-14T10:47:37.309Z</time>
      </trkpt>
      <trkpt lat="50.549680" lon="17.810906">
        <ele>190.621906</ele>
        <time>2023-10-14T10:49:20.935Z</time>
      </trkpt>
      <trkpt lat="50.552375" lon="17.805324">
        <ele>194.476465</ele>
        <time>2023-10-14T10:52:34.068Z</time>
      </trkpt>
      <trkpt lat="50.553741" lon="17.802511">
        <ele>193.040616</ele>
        <time>2023-10-14T10:53:56.297Z</time>
      </trkpt>
      <trkpt lat="50.551973" lon="17.800378">
        <ele>187.579504</ele>
        <time>2023-10-14T10:55:03.592Z</time>
      </trkpt>
      <trkpt lat="50.550741" lon="17.798911">
        <ele>186.975863</ele>
        <time>2023-10-14T10:55:56.991Z</time>
      </trkpt>
      <trkpt lat="50.547993" lon="17.795580">
        <ele>196.904262</ele>
        <time>2023-10-14T10:59:09.237Z</time>
      </trkpt>
      <trkpt lat="50.545118" lon="17.792120">
        <ele>204.069561</ele>
        <time>2023-10-14T11:02:00.523Z</time>
      </trkpt>
      <trkpt lat="50.543550" lon="17.790187">
        <ele>204.926463</ele>
        <time>2023-10-14T11:03:13.536Z</time>
      </trkpt>
      <trkpt lat="50.542231" lon="17.788646">
        <ele>205.007630</ele>
        <time>2023-10-14T11:04:16.061Z</time>
      </trkpt>
      <trkpt lat="50.539366" lon="17.785235">
        <ele>204.700273</ele>
        <time>2023-10-14T11:06:28.997Z</time>
      </trkpt>
      <trkpt lat="50.538256" lon="17.783882">
        <ele>203.348803</ele>
        <time>2023-10-14T11:07:19.148Z</time>
      </trkpt>
      <trkpt lat="50.538259" lon="17.782663">
        <ele>201.293829</ele>
        <time>2023-10-14T11:07:43.044Z</time>
      </trkpt>
      <trkpt lat="50.538263" lon="17.782358">
        <ele>200.779559</ele>
        <time>2023-10-14T11:07:48.947Z</time>
      </trkpt>
      <trkpt lat="50.538227" lon="17.781841">
        <ele>199.902798</ele>
        <time>2023-10-14T11:07:58.894Z</time>
      </trkpt>
      <trkpt lat="50.537935" lon="17.780444">
        <ele>197.943879</ele>
        <time>2023-10-14T11:08:27.370Z</time>
      </trkpt>
      <trkpt lat="50.537879" lon="17.780239">
        <ele>197.663548</ele>
        <time>2023-10-14T11:08:30.059Z</time>
      </trkpt>
      <trkpt lat="50.537352" lon="17.778337">
        <ele>196.638886</ele>
        <time>2023-10-14T11:08:57.703Z</time>
      </trkpt>
      <trkpt lat="50.536368" lon="17.774958">
        <ele>200.398594</ele>
        <time>2023-10-14T11:10:23.981Z</time>
      </trkpt>
      <trkpt lat="50.535740" lon="17.772806">
        <ele>200.761672</ele>
        <time>2023-10-14T11:10:58.763Z</time>
      </trkpt>
      <trkpt lat="50.535056" lon="17.770478">
        <ele>199.575352</ele>
        <time>2023-10-14T11:11:30.091Z</time>
      </trkpt>
      <trkpt lat="50.534132" lon="17.768233">
        <ele>200.557297</ele>
        <time>2023-10-14T11:12:42.361Z</time>
      </trkpt>
      <trkpt lat="50.533886" lon="17.767807">
        <ele>201.226705</ele>
        <time>2023-10-14T11:12:59.356Z</time>
      </trkpt>
      <trkpt lat="50.533393" lon="17.767056">
        <ele>202.482384</ele>
        <time>2023-10-14T11:13:31.642Z</time>
      </trkpt>
      <trkpt lat="50.533155" lon="17.766550">
        <ele>203.198050</ele>
        <time>2023-10-14T11:13:51.775Z</time>
      </trkpt>
      <trkpt lat="50.532929" lon="17.765867">
        <ele>204.002349</ele>
        <time>2023-10-14T11:14:16.218Z</time>
      </trkpt>
      <trkpt lat="50.532388" lon="17.764193">
        <ele>205.963949</ele>
        <time>2023-10-14T11:15:08.269Z</time>
      </trkpt>
      <trkpt lat="50.532060" lon="17.763261">
        <ele>205.974299</ele>
        <time>2023-10-14T11:15:36.436Z</time>
      </trkpt>
      <trkpt lat="50.531649" lon="17.762084">
        <ele>205.929091</ele>
        <time>2023-10-14T11:16:07.543Z</time>
      </trkpt>
      <trkpt lat="50.531451" lon="17.761465">
        <ele>205.705135</ele>
        <time>2023-10-14T11:16:22.326Z</time>
      </trkpt>
      <trkpt lat="50.531228" lon="17.760990">
        <ele>205.167215</ele>
        <time>2023-10-14T11:16:34.642Z</time>
      </trkpt>
      <trkpt lat="50.531056" lon="17.760698">
        <ele>204.804570</ele>
        <time>2023-10-14T11:16:42.954Z</time>
      </trkpt>
      <trkpt lat="50.530995" lon="17.760579">
        <ele>204.665310</ele>
        <time>2023-10-14T11:16:46.160Z</time>
      </trkpt>
      <trkpt lat="50.530758" lon="17.759859">
        <ele>203.926701</ele>
        <time>2023-10-14T11:17:03.403Z</time>
      </trkpt>
      <trkpt lat="50.530641" lon="17.759352">
        <ele>203.435352</ele>
        <time>2023-10-14T11:17:15.085Z</time>
      </trkpt>
      <trkpt lat="50.530253" lon="17.756801">
        <ele>201.187721</ele>
        <time>2023-10-14T11:18:11.774Z</time>
      </trkpt>
      <trkpt lat="50.530039" lon="17.755860">
        <ele>200.046622</ele>
        <time>2023-10-14T11:18:32.663Z</time>
      </trkpt>
      <trkpt lat="50.529798" lon="17.755019">
        <ele>198.870953</ele>
        <time>2023-10-14T11:18:51.619Z</time>
      </trkpt>
      <trkpt lat="50.529730" lon="17.754865">
        <ele>198.631987</ele>
        <time>2023-10-14T11:18:55.406Z</time>
      </trkpt>
      <trkpt lat="50.527479" lon="17.750459">
        <ele>192.619770</ele>
        <time>2023-10-14T11:20:51.600Z</time>
      </trkpt>
      <trkpt lat="50.526396" lon="17.748308">
        <ele>193.222091</ele>
        <time>2023-10-14T11:22:09.218Z</time>
      </trkpt>
      <trkpt lat="50.525632" lon="17.746903">
        <ele>193.504633</ele>
        <time>2023-10-14T11:22:56.512Z</time>
      </trkpt>
      <trkpt lat="50.525202" lon="17.746259">
        <ele>192.912189</ele>
        <time>2023-10-14T11:23:16.370Z</time>
      </trkpt>
      <trkpt lat="50.524812" lon="17.745779">
        <ele>192.418067</ele>
        <time>2023-10-14T11:23:32.370Z</time>
      </trkpt>
      <trkpt lat="50.523955" lon="17.744867">
        <ele>192.910995</ele>
        <time>2023-10-14T11:24:07.184Z</time>
      </trkpt>
      <trkpt lat="50.523221" lon="17.744254">
        <ele>193.699417</ele>
        <time>2023-10-14T11:24:43.897Z</time>
      </trkpt>
      <trkpt lat="50.522227" lon="17.743537">
        <ele>198.837489</ele>
        <time>2023-10-14T11:25:56.135Z</time>
      </trkpt>
      <trkpt lat="50.521287" lon="17.742863">
        <ele>204.043403</ele>
        <time>2023-10-14T11:27:06.425Z</time>
      </trkpt>
      <trkpt lat="50.520935" lon="17.742544">
        <ele>205.043157</ele>
        <time>2023-10-14T11:27:30.334Z</time>
      </trkpt>
      <trkpt lat="50.520772" lon="17.742349">
        <ele>205.547139</ele>
        <time>2023-10-14T11:27:41.492Z</time>
      </trkpt>
      <trkpt lat="50.520651" lon="17.742114">
        <ele>206.020286</ele>
        <time>2023-10-14T11:27:51.390Z</time>
      </trkpt>
      <trkpt lat="50.520651" lon="17.742114">
        <ele>206.020286</ele>
        <time>2023-10-14T11:27:51.401Z</time>
      </trkpt>
      <trkpt lat="50.520089" lon="17.740564">
        <ele>207.808362</ele>
        <time>2023-10-14T11:28:36.054Z</time>
      </trkpt>
      <trkpt lat="50.519766" lon="17.739831">
        <ele>207.193624</ele>
        <time>2023-10-14T11:28:55.378Z</time>
      </trkpt>
      <trkpt lat="50.519555" lon="17.739424">
        <ele>206.831640</ele>
        <time>2023-10-14T11:29:02.131Z</time>
      </trkpt>
      <trkpt lat="50.519176" lon="17.738877">
        <ele>206.273973</ele>
        <time>2023-10-14T11:29:12.437Z</time>
      </trkpt>
      <trkpt lat="50.518823" lon="17.738457">
        <ele>205.082857</ele>
        <time>2023-10-14T11:29:20.978Z</time>
      </trkpt>
      <trkpt lat="50.517956" lon="17.737246">
        <ele>201.417547</ele>
        <time>2023-10-14T11:29:41.518Z</time>
      </trkpt>
      <trkpt lat="50.517525" lon="17.736806">
        <ele>199.789019</ele>
        <time>2023-10-14T11:29:50.367Z</time>
      </trkpt>
      <trkpt lat="50.517399" lon="17.736584">
        <ele>199.187179</ele>
        <time>2023-10-14T11:29:53.584Z</time>
      </trkpt>
      <trkpt lat="50.517366" lon="17.735999">
        <ele>197.999387</ele>
        <time>2023-10-14T11:30:00.055Z</time>
      </trkpt>
      <trkpt lat="50.517435" lon="17.735522">
        <ele>197.010020</ele>
        <time>2023-10-14T11:30:05.543Z</time>
      </trkpt>
      <trkpt lat="50.517439" lon="17.734917">
        <ele>195.786361</ele>
        <time>2023-10-14T11:30:12.435Z</time>
      </trkpt>
      <trkpt lat="50.517402" lon="17.734603">
        <ele>195.140493</ele>
        <time>2023-10-14T11:30:16.295Z</time>
      </trkpt>
      <trkpt lat="50.517041" lon="17.734298">
        <ele>194.799703</ele>
        <time>2023-10-14T11:30:24.542Z</time>
      </trkpt>
      <trkpt lat="50.516733" lon="17.734112">
        <ele>194.846153</ele>
        <time>2023-10-14T11:30:31.889Z</time>
      </trkpt>
      <trkpt lat="50.516224" lon="17.733879">
        <ele>194.920788</ele>
        <time>2023-10-14T11:30:45.421Z</time>
      </trkpt>
      <trkpt lat="50.515312" lon="17.733297">
        <ele>195.101670</ele>
        <time>2023-10-14T11:31:14.794Z</time>
      </trkpt>
      <trkpt lat="50.515312" lon="17.733297">
        <ele>195.101670</ele>
        <time>2023-10-14T11:31:14.797Z</time>
      </trkpt>
      <trkpt lat="50.514819" lon="17.732755">
        <ele>195.262233</ele>
        <time>2023-10-14T11:31:30.984Z</time>
      </trkpt>
      <trkpt lat="50.514564" lon="17.732561">
        <ele>195.337846</ele>
        <time>2023-10-14T11:31:37.883Z</time>
      </trkpt>
      <trkpt lat="50.514237" lon="17.732258">
        <ele>195.439156</ele>
        <time>2023-10-14T11:31:46.355Z</time>
      </trkpt>
      <trkpt lat="50.513705" lon="17.732009">
        <ele>194.924008</ele>
        <time>2023-10-14T11:32:05.453Z</time>
      </trkpt>
      <trkpt lat="50.511112" lon="17.730578">
        <ele>191.345766</ele>
        <time>2023-10-14T11:33:35.610Z</time>
      </trkpt>
      <trkpt lat="50.510878" lon="17.730457">
        <ele>191.104785</ele>
        <time>2023-10-14T11:33:45.282Z</time>
      </trkpt>
      <trkpt lat="50.510094" lon="17.730068">
        <ele>191.816046</ele>
        <time>2023-10-14T11:34:21.146Z</time>
      </trkpt>
      <trkpt lat="50.507079" lon="17.728890">
        <ele>196.861074</ele>
        <time>2023-10-14T11:36:47.468Z</time>
      </trkpt>
      <trkpt lat="50.506360" lon="17.728619">
        <ele>196.204470</ele>
        <time>2023-10-14T11:37:13.350Z</time>
      </trkpt>
      <trkpt lat="50.505790" lon="17.728404">
        <ele>195.683915</ele>
        <time>2023-10-14T11:37:32.834Z</time>
      </trkpt>
      <trkpt lat="50.505215" lon="17.728246">
        <ele>195.075583</ele>
        <time>2023-10-14T11:37:51.745Z</time>
      </trkpt>
      <trkpt lat="50.505027" lon="17.728226">
        <ele>194.821498</ele>
        <time>2023-10-14T11:37:57.881Z</time>
      </trkpt>
      <trkpt lat="50.503202" lon="17.728409">
        <ele>192.670614</ele>
        <time>2023-10-14T11:39:00.192Z</time>
      </trkpt>
      <trkpt lat="50.501958" lon="17.728517">
        <ele>191.938826</ele>
        <time>2023-10-14T11:39:44.644Z</time>
      </trkpt>
      <trkpt lat="50.501821" lon="17.726417">
        <ele>192.479367</ele>
        <time>2023-10-14T11:40:35.645Z</time>
      </trkpt>
      <trkpt lat="50.501757" lon="17.724317">
        <ele>193.728333</ele>
        <time>2023-10-14T11:41:15.169Z</time>
      </trkpt>
      <trkpt lat="50.501769" lon="17.723967">
        <ele>194.011073</ele>
        <time>2023-10-14T11:41:22.562Z</time>
      </trkpt>
      <trkpt lat="50.501861" lon="17.721266">
        <ele>195.166019</ele>
        <time>2023-10-14T11:42:12.188Z</time>
      </trkpt>
      <trkpt lat="50.501928" lon="17.720210">
        <ele>195.240750</ele>
        <time>2023-10-14T11:42:26.940Z</time>
      </trkpt>
      <trkpt lat="50.502098" lon="17.717343">
        <ele>193.142217</ele>
        <time>2023-10-14T11:43:03.040Z</time>
      </trkpt>
      <trkpt lat="50.502185" lon="17.715569">
        <ele>193.113421</ele>
        <time>2023-10-14T11:43:43.626Z</time>
      </trkpt>
      <trkpt lat="50.502308" lon="17.713802">
        <ele>193.734233</ele>
        <time>2023-10-14T11:44:31.792Z</time>
      </trkpt>
      <trkpt lat="50.502353" lon="17.713122">
        <ele>194.392079</ele>
        <time>2023-10-14T11:44:52.474Z</time>
      </trkpt>
      <trkpt lat="50.502355" lon="17.713096">
        <ele>194.417280</ele>
        <time>2023-10-14T11:44:53.280Z</time>
      </trkpt>
      <trkpt lat="50.502549" lon="17.710765">
        <ele>196.070988</ele>
        <time>2023-10-14T11:46:00.143Z</time>
      </trkpt>
      <trkpt lat="50.502632" lon="17.709298">
        <ele>196.091987</ele>
        <time>2023-10-14T11:46:34.782Z</time>
      </trkpt>
      <trkpt lat="50.502673" lon="17.708576">
        <ele>196.091121</ele>
        <time>2023-10-14T11:46:50.734Z</time>
      </trkpt>
      <trkpt lat="50.502820" lon="17.706428">
        <ele>194.027159</ele>
        <time>2023-10-14T11:47:36.451Z</time>
      </trkpt>
      <trkpt lat="50.502872" lon="17.705925">
        <ele>193.540307</ele>
        <time>2023-10-14T11:47:47.175Z</time>
      </trkpt>
      <trkpt lat="50.502938" lon="17.705560">
        <ele>193.148627</ele>
        <time>2023-10-14T11:47:55.181Z</time>
      </trkpt>
      <trkpt lat="50.503411" lon="17.703831">
        <ele>191.115127</ele>
        <time>2023-10-14T11:48:34.519Z</time>
      </trkpt>
      <trkpt lat="50.503650" lon="17.703103">
        <ele>190.299634</ele>
        <time>2023-10-14T11:48:51.789Z</time>
      </trkpt>
      <trkpt lat="50.504129" lon="17.701877">
        <ele>189.684650</ele>
        <time>2023-10-14T11:49:23.205Z</time>
      </trkpt>
      <trkpt lat="50.504321" lon="17.701205">
        <ele>189.369778</ele>
        <time>2023-10-14T11:49:40.273Z</time>
      </trkpt>
      <trkpt lat="50.504415" lon="17.700747">
        <ele>189.164083</ele>
        <time>2023-10-14T11:49:51.908Z</time>
      </trkpt>
      <trkpt lat="50.504488" lon="17.699859">
        <ele>188.948116</ele>
        <time>2023-10-14T11:50:13.911Z</time>
      </trkpt>
      <trkpt lat="50.504567" lon="17.698094">
        <ele>188.546931</ele>
        <time>2023-10-14T11:50:54.368Z</time>
      </trkpt>
      <trkpt lat="50.504452" lon="17.696452">
        <ele>187.394785</ele>
        <time>2023-10-14T11:51:30.096Z</time>
      </trkpt>
      <trkpt lat="50.504456" lon="17.696198">
        <ele>187.198451</ele>
        <time>2023-10-14T11:51:35.484Z</time>
      </trkpt>
      <trkpt lat="50.504493" lon="17.695965">
        <ele>187.012878</ele>
        <time>2023-10-14T11:51:40.559Z</time>
      </trkpt>
      <trkpt lat="50.505157" lon="17.694651">
        <ele>186.084496</ele>
        <time>2023-10-14T11:52:16.530Z</time>
      </trkpt>
      <trkpt lat="50.506217" lon="17.692612">
        <ele>185.638485</ele>
        <time>2023-10-14T11:53:18.106Z</time>
      </trkpt>
      <trkpt lat="50.506484" lon="17.691797">
        <ele>185.891090</ele>
        <time>2023-10-14T11:53:40.913Z</time>
      </trkpt>
      <trkpt lat="50.506956" lon="17.690356">
        <ele>186.291610</ele>
        <time>2023-10-14T11:54:23.269Z</time>
      </trkpt>
      <trkpt lat="50.507616" lon="17.688479">
        <ele>186.534138</ele>
        <time>2023-10-14T11:55:16.170Z</time>
      </trkpt>
      <trkpt lat="50.508814" lon="17.691367">
        <ele>185.473795</ele>
        <time>2023-10-14T11:56:02.695Z</time>
      </trkpt>
      <trkpt lat="50.508967" lon="17.691827">
        <ele>185.625091</ele>
        <time>2023-10-14T11:56:09.993Z</time>
      </trkpt>
      <trkpt lat="50.509129" lon="17.692604">
        <ele>185.863408</ele>
        <time>2023-10-14T11:56:22.401Z</time>
      </trkpt>
      <trkpt lat="50.509276" lon="17.694181">
        <ele>186.401973</ele>
        <time>2023-10-14T11:56:52.081Z</time>
      </trkpt>
      <trkpt lat="50.509451" lon="17.695323">
        <ele>187.013926</ele>
        <time>2023-10-14T11:57:15.950Z</time>
      </trkpt>
      <trkpt lat="50.509723" lon="17.696599">
        <ele>187.691764</ele>
        <time>2023-10-14T11:57:37.807Z</time>
      </trkpt>
      <trkpt lat="50.509823" lon="17.696859">
        <ele>187.372508</ele>
        <time>2023-10-14T11:57:42.108Z</time>
      </trkpt>
      <trkpt lat="50.511834" lon="17.699232">
        <ele>184.206104</ele>
        <time>2023-10-14T11:58:30.164Z</time>
      </trkpt>
      <trkpt lat="50.511848" lon="17.699251">
        <ele>184.195439</ele>
        <time>2023-10-14T11:58:30.555Z</time>
      </trkpt>
      <trkpt lat="50.517391" lon="17.705746">
        <ele>190.179887</ele>
        <time>2023-10-14T12:03:22.504Z</time>
      </trkpt>
      <trkpt lat="50.517856" lon="17.706302">
        <ele>190.946500</ele>
        <time>2023-10-14T12:03:47.917Z</time>
      </trkpt>
      <trkpt lat="50.521108" lon="17.710134">
        <ele>197.413482</ele>
        <time>2023-10-14T12:06:53.364Z</time>
      </trkpt>
      <trkpt lat="50.523815" lon="17.713336">
        <ele>199.886590</ele>
        <time>2023-10-14T12:09:09.433Z</time>
      </trkpt>
      <trkpt lat="50.526555" lon="17.716538">
        <ele>202.863627</ele>
        <time>2023-10-14T12:11:31.021Z</time>
      </trkpt>
      <trkpt lat="50.529305" lon="17.719827">
        <ele>205.350506</ele>
        <time>2023-10-14T12:13:56.783Z</time>
      </trkpt>
      <trkpt lat="50.530267" lon="17.720931">
        <ele>203.953201</ele>
        <time>2023-10-14T12:14:36.972Z</time>
      </trkpt>
      <trkpt lat="50.532065" lon="17.723048">
        <ele>199.191670</ele>
        <time>2023-10-14T12:15:45.748Z</time>
      </trkpt>
      <trkpt lat="50.534799" lon="17.726230">
        <ele>200.371740</ele>
        <time>2023-10-14T12:18:06.894Z</time>
      </trkpt>
      <trkpt lat="50.537528" lon="17.729470">
        <ele>203.145608</ele>
        <time>2023-10-14T12:20:28.376Z</time>
      </trkpt>
      <trkpt lat="50.539841" lon="17.732216">
        <ele>204.540229</ele>
        <time>2023-10-14T12:22:22.560Z</time>
      </trkpt>
      <trkpt lat="50.541384" lon="17.734025">
        <ele>204.473654</ele>
        <time>2023-10-14T12:23:33.166Z</time>
      </trkpt>
      <trkpt lat="50.542942" lon="17.735845">
        <ele>204.497157</ele>
        <time>2023-10-14T12:24:46.308Z</time>
      </trkpt>
      <trkpt lat="50.544503" lon="17.737682">
        <ele>203.459344</ele>
        <time>2023-10-14T12:25:55.776Z</time>
      </trkpt>
      <trkpt lat="50.544659" lon="17.737867">
        <ele>203.242506</ele>
        <time>2023-10-14T12:26:02.913Z</time>
      </trkpt>
      <trkpt lat="50.545788" lon="17.739201">
        <ele>201.732751</ele>
        <time>2023-10-14T12:26:50.254Z</time>
      </trkpt>
      <trkpt lat="50.546878" lon="17.740502">
        <ele>200.707970</ele>
        <time>2023-10-14T12:27:36.704Z</time>
      </trkpt>
      <trkpt lat="50.548571" lon="17.742496">
        <ele>202.479375</ele>
        <time>2023-10-14T12:29:08.474Z</time>
      </trkpt>
      <trkpt lat="50.550660" lon="17.744990">
        <ele>205.276666</ele>
        <time>2023-10-14T12:31:00.644Z</time>
      </trkpt>
      <trkpt lat="50.552763" lon="17.747469">
        <ele>207.001166</ele>
        <time>2023-10-14T12:32:46.246Z</time>
      </trkpt>
      <trkpt lat="50.555692" lon="17.750908">
        <ele>206.660465</ele>
        <time>2023-10-14T12:35:00.688Z</time>
      </trkpt>
      <trkpt lat="50.558619" lon="17.754313">
        <ele>204.392501</ele>
        <time>2023-10-14T12:37:08.626Z</time>
      </trkpt>
      <trkpt lat="50.558855" lon="17.754613">
        <ele>204.308165</ele>
        <time>2023-10-14T12:37:19.626Z</time>
      </trkpt>
      <trkpt lat="50.559490" lon="17.756620">
        <ele>203.916511</ele>
        <time>2023-10-14T12:38:11.681Z</time>
      </trkpt>
      <trkpt lat="50.560309" lon="17.759159">
        <ele>203.500307</ele>
        <time>2023-10-14T12:39:17.876Z</time>
      </trkpt>
      <trkpt lat="50.561662" lon="17.763359">
        <ele>201.242758</ele>
        <time>2023-10-14T12:41:04.021Z</time>
      </trkpt>
      <trkpt lat="50.562101" lon="17.764653">
        <ele>199.997827</ele>
        <time>2023-10-14T12:41:34.241Z</time>
      </trkpt>
      <trkpt lat="50.562420" lon="17.765647">
        <ele>198.718269</ele>
        <time>2023-10-14T12:41:56.885Z</time>
      </trkpt>
      <trkpt lat="50.564243" lon="17.771357">
        <ele>193.782892</ele>
        <time>2023-10-14T12:44:14.084Z</time>
      </trkpt>
      <trkpt lat="50.565779" lon="17.776192">
        <ele>196.416484</ele>
        <time>2023-10-14T12:46:37.041Z</time>
      </trkpt>
      <trkpt lat="50.566052" lon="17.777070">
        <ele>197.080745</ele>
        <time>2023-10-14T12:47:05.882Z</time>
      </trkpt>
      <trkpt lat="50.566239" lon="17.776712">
        <ele>197.255441</ele>
        <time>2023-10-14T12:47:19.455Z</time>
      </trkpt>
      <trkpt lat="50.569550" lon="17.769942">
        <ele>199.288012</ele>
        <time>2023-10-14T12:50:52.121Z</time>
      </trkpt>
      <trkpt lat="50.569681" lon="17.769672">
        <ele>199.045857</ele>
        <time>2023-10-14T12:50:58.979Z</time>
      </trkpt>
      <trkpt lat="50.570524" lon="17.767953">
        <ele>198.023625</ele>
        <time>2023-10-14T12:51:44.410Z</time>
      </trkpt>
      <trkpt lat="50.570599" lon="17.767607">
        <ele>198.334472</ele>
        <time>2023-10-14T12:51:52.820Z</time>
      </trkpt>
      <trkpt lat="50.570631" lon="17.767280">
        <ele>198.615783</ele>
        <time>2023-10-14T12:52:00.586Z</time>
      </trkpt>
      <trkpt lat="50.570949" lon="17.763827">
        <ele>202.571816</ele>
        <time>2023-10-14T12:53:52.928Z</time>
      </trkpt>
      <trkpt lat="50.570964" lon="17.763653">
        <ele>202.823926</ele>
        <time>2023-10-14T12:53:58.337Z</time>
      </trkpt>
      <trkpt lat="50.571043" lon="17.762830">
        <ele>204.018956</ele>
        <time>2023-10-14T12:54:23.328Z</time>
      </trkpt>
      <trkpt lat="50.571073" lon="17.762219">
        <ele>204.268598</ele>
        <time>2023-10-14T12:54:40.234Z</time>
      </trkpt>
      <trkpt lat="50.571133" lon="17.756852">
        <ele>204.092364</ele>
        <time>2023-10-14T12:56:44.196Z</time>
      </trkpt>
      <trkpt lat="50.571150" lon="17.755403">
        <ele>203.939318</ele>
        <time>2023-10-14T12:57:17.577Z</time>
      </trkpt>
      <trkpt lat="50.571180" lon="17.754637">
        <ele>203.858271</ele>
        <time>2023-10-14T12:57:35.532Z</time>
      </trkpt>
      <trkpt lat="50.571219" lon="17.754317">
        <ele>203.823861</ele>
        <time>2023-10-14T12:57:43.085Z</time>
      </trkpt>
      <trkpt lat="50.571289" lon="17.754038">
        <ele>203.795283</ele>
        <time>2023-10-14T12:57:50.249Z</time>
      </trkpt>
      <trkpt lat="50.571525" lon="17.753489">
        <ele>203.735917</ele>
        <time>2023-10-14T12:58:06.315Z</time>
      </trkpt>
      <trkpt lat="50.574122" lon="17.749384">
        <ele>201.881839</ele>
        <time>2023-10-14T13:00:20.057Z</time>
      </trkpt>
      <trkpt lat="50.575706" lon="17.746904">
        <ele>197.589168</ele>
        <time>2023-10-14T13:01:30.207Z</time>
      </trkpt>
      <trkpt lat="50.576540" lon="17.745590">
        <ele>196.153084</ele>
        <time>2023-10-14T13:02:10.394Z</time>
      </trkpt>
      <trkpt lat="50.578964" lon="17.741810">
        <ele>198.606726</ele>
        <time>2023-10-14T13:04:28.597Z</time>
      </trkpt>
      <trkpt lat="50.580346" lon="17.739626">
        <ele>203.495007</ele>
        <time>2023-10-14T13:06:13.324Z</time>
      </trkpt>
      <trkpt lat="50.581404" lon="17.739494">
        <ele>205.347757</ele>
        <time>2023-10-14T13:07:04.076Z</time>
      </trkpt>
      <trkpt lat="50.585630" lon="17.738779">
        <ele>203.200775</ele>
        <time>2023-10-14T13:09:31.284Z</time>
      </trkpt>
      <trkpt lat="50.586613" lon="17.738626">
        <ele>203.891451</ele>
        <time>2023-10-14T13:10:11.699Z</time>
      </trkpt>
      <trkpt lat="50.587318" lon="17.738567">
        <ele>204.437434</ele>
        <time>2023-10-14T13:10:44.334Z</time>
      </trkpt>
      <trkpt lat="50.587469" lon="17.738525">
        <ele>204.580053</ele>
        <time>2023-10-14T13:10:51.368Z</time>
      </trkpt>
      <trkpt lat="50.587912" lon="17.738250">
        <ele>205.022934</ele>
        <time>2023-10-14T13:11:12.971Z</time>
      </trkpt>
      <trkpt lat="50.588348" lon="17.737937">
        <ele>205.468594</ele>
        <time>2023-10-14T13:11:33.608Z</time>
      </trkpt>
      <trkpt lat="50.588687" lon="17.737737">
        <ele>205.805291</ele>
        <time>2023-10-14T13:11:47.569Z</time>
      </trkpt>
      <trkpt lat="50.589411" lon="17.737391">
        <ele>204.973971</ele>
        <time>2023-10-14T13:12:13.492Z</time>
      </trkpt>
      <trkpt lat="50.589615" lon="17.737187">
        <ele>204.632684</ele>
        <time>2023-10-14T13:12:21.341Z</time>
      </trkpt>
      <trkpt lat="50.589838" lon="17.736849">
        <ele>204.195586</ele>
        <time>2023-10-14T13:12:31.538Z</time>
      </trkpt>
      <trkpt lat="50.590281" lon="17.735988">
        <ele>203.138844</ele>
        <time>2023-10-14T13:12:54.768Z</time>
      </trkpt>
      <trkpt lat="50.590499" lon="17.735580">
        <ele>202.469142</ele>
        <time>2023-10-14T13:13:05.433Z</time>
      </trkpt>
      <trkpt lat="50.590867" lon="17.734562">
        <ele>200.997976</ele>
        <time>2023-10-14T13:13:29.638Z</time>
      </trkpt>
      <trkpt lat="50.590885" lon="17.734514">
        <ele>200.927965</ele>
        <time>2023-10-14T13:13:30.826Z</time>
      </trkpt>
      <trkpt lat="50.591147" lon="17.733738">
        <ele>199.824199</ele>
        <time>2023-10-14T13:13:49.406Z</time>
      </trkpt>
      <trkpt lat="50.591568" lon="17.732169">
        <ele>197.436420</ele>
        <time>2023-10-14T13:14:24.506Z</time>
      </trkpt>
      <trkpt lat="50.591774" lon="17.731744">
        <ele>196.686024</ele>
        <time>2023-10-14T13:14:35.286Z</time>
      </trkpt>
      <trkpt lat="50.591940" lon="17.731525">
        <ele>196.207370</ele>
        <time>2023-10-14T13:14:42.211Z</time>
      </trkpt>
      <trkpt lat="50.592306" lon="17.731389">
        <ele>195.288178</ele>
        <time>2023-10-14T13:14:54.128Z</time>
      </trkpt>
      <trkpt lat="50.592520" lon="17.731329">
        <ele>194.713606</ele>
        <time>2023-10-14T13:15:00.841Z</time>
      </trkpt>
      <trkpt lat="50.592713" lon="17.731334">
        <ele>194.203368</ele>
        <time>2023-10-14T13:15:06.763Z</time>
      </trkpt>
      <trkpt lat="50.593143" lon="17.731451">
        <ele>193.049888</ele>
        <time>2023-10-14T13:15:20.051Z</time>
      </trkpt>
      <trkpt lat="50.594107" lon="17.731601">
        <ele>191.202490</ele>
        <time>2023-10-14T13:15:51.135Z</time>
      </trkpt>
      <trkpt lat="50.594217" lon="17.731647">
        <ele>191.270695</ele>
        <time>2023-10-14T13:15:54.899Z</time>
      </trkpt>
      <trkpt lat="50.594514" lon="17.731853">
        <ele>191.465173</ele>
        <time>2023-10-14T13:16:05.842Z</time>
      </trkpt>
      <trkpt lat="50.595990" lon="17.732235">
        <ele>193.017975</ele>
        <time>2023-10-14T13:17:15.864Z</time>
      </trkpt>
      <trkpt lat="50.596250" lon="17.732241">
        <ele>193.654037</ele>
        <time>2023-10-14T13:17:30.498Z</time>
      </trkpt>
      <trkpt lat="50.596238" lon="17.732314">
        <ele>193.771128</ele>
        <time>2023-10-14T13:17:32.839Z</time>
      </trkpt>
      <trkpt lat="50.596454" lon="17.732695">
        <ele>194.564323</ele>
        <time>2023-10-14T13:17:50.354Z</time>
      </trkpt>
      <trkpt lat="50.597948" lon="17.735047">
        <ele>198.778385</ele>
        <time>2023-10-14T13:19:30.287Z</time>
      </trkpt>
      <trkpt lat="50.598681" lon="17.736193">
        <ele>200.137412</ele>
        <time>2023-10-14T13:20:13.414Z</time>
      </trkpt>
      <trkpt lat="50.600180" lon="17.738554">
        <ele>201.796777</ele>
        <time>2023-10-14T13:21:41.361Z</time>
      </trkpt>
      <trkpt lat="50.600471" lon="17.739049">
        <ele>202.029014</ele>
        <time>2023-10-14T13:21:58.886Z</time>
      </trkpt>
      <trkpt lat="50.600593" lon="17.739870">
        <ele>202.280133</ele>
        <time>2023-10-14T13:22:19.964Z</time>
      </trkpt>
      <trkpt lat="50.600923" lon="17.741794">
        <ele>200.596179</ele>
        <time>2023-10-14T13:23:03.134Z</time>
      </trkpt>
      <trkpt lat="50.601158" lon="17.743634">
        <ele>199.029676</ele>
        <time>2023-10-14T13:23:41.095Z</time>
      </trkpt>
      <trkpt lat="50.601280" lon="17.744948">
        <ele>197.931633</ele>
        <time>2023-10-14T13:24:09.394Z</time>
      </trkpt>
      <trkpt lat="50.601325" lon="17.747813">
        <ele>198.055765</ele>
        <time>2023-10-14T13:25:24.241Z</time>
      </trkpt>
      <trkpt lat="50.601176" lon="17.748474">
        <ele>197.674340</ele>
        <time>2023-10-14T13:25:40.364Z</time>
      </trkpt>
      <trkpt lat="50.600892" lon="17.749294">
        <ele>196.219210</ele>
        <time>2023-10-14T13:25:59.680Z</time>
      </trkpt>
      <trkpt lat="50.600723" lon="17.749933">
        <ele>195.140859</ele>
        <time>2023-10-14T13:26:13.383Z</time>
      </trkpt>
      <trkpt lat="50.600423" lon="17.750896">
        <ele>193.524346</ele>
        <time>2023-10-14T13:26:33.723Z</time>
      </trkpt>
      <trkpt lat="50.599871" lon="17.752300">
        <ele>191.507273</ele>
        <time>2023-10-14T13:27:05.223Z</time>
      </trkpt>
      <trkpt lat="50.599483" lon="17.753195">
        <ele>190.388777</ele>
        <time>2023-10-14T13:27:32.490Z</time>
      </trkpt>
      <trkpt lat="50.599483" lon="17.753195">
        <ele>190.388777</ele>
        <time>2023-10-14T13:27:32.493Z</time>
      </trkpt>
      <trkpt lat="50.599409" lon="17.753473">
        <ele>190.990917</ele>
        <time>2023-10-14T13:27:41.937Z</time>
      </trkpt>
      <trkpt lat="50.599385" lon="17.753601">
        <ele>191.257512</ele>
        <time>2023-10-14T13:27:45.998Z</time>
      </trkpt>
      <trkpt lat="50.599511" lon="17.754674">
        <ele>193.437136</ele>
        <time>2023-10-14T13:28:23.132Z</time>
      </trkpt>
      <trkpt lat="50.599548" lon="17.755026">
        <ele>194.149809</ele>
        <time>2023-10-14T13:28:35.986Z</time>
      </trkpt>
      <trkpt lat="50.599536" lon="17.755235">
        <ele>194.568978</ele>
        <time>2023-10-14T13:28:43.502Z</time>
      </trkpt>
      <trkpt lat="50.599381" lon="17.756229">
        <ele>196.507208</ele>
        <time>2023-10-14T13:29:22.129Z</time>
      </trkpt>
      <trkpt lat="50.599334" lon="17.757093">
        <ele>197.973324</ele>
        <time>2023-10-14T13:29:52.396Z</time>
      </trkpt>
      <trkpt lat="50.599340" lon="17.757818">
        <ele>199.199183</ele>
        <time>2023-10-14T13:30:14.254Z</time>
      </trkpt>
      <trkpt lat="50.599311" lon="17.758272">
        <ele>199.970636</ele>
        <time>2023-10-14T13:30:27.094Z</time>
      </trkpt>
      <trkpt lat="50.599200" lon="17.758522">
        <ele>200.486455</ele>
        <time>2023-10-14T13:30:35.662Z</time>
      </trkpt>
      <trkpt lat="50.598484" lon="17.759904">
        <ele>202.272320</ele>
        <time>2023-10-14T13:31:25.871Z</time>
      </trkpt>
      <trkpt lat="50.598198" lon="17.760560">
        <ele>203.024589</ele>
        <time>2023-10-14T13:31:49.107Z</time>
      </trkpt>
      <trkpt lat="50.596750" lon="17.763137">
        <ele>204.764046</ele>
        <time>2023-10-14T13:33:22.095Z</time>
      </trkpt>
      <trkpt lat="50.596511" lon="17.764145">
        <ele>203.562385</ele>
        <time>2023-10-14T13:33:44.822Z</time>
      </trkpt>
      <trkpt lat="50.596319" lon="17.765172">
        <ele>202.366758</ele>
        <time>2023-10-14T13:34:06.248Z</time>
      </trkpt>
      <trkpt lat="50.596246" lon="17.765454">
        <ele>202.026648</ele>
        <time>2023-10-14T13:34:12.178Z</time>
      </trkpt>
      <trkpt lat="50.596214" lon="17.765696">
        <ele>201.776765</ele>
        <time>2023-10-14T13:34:16.988Z</time>
      </trkpt>
      <trkpt lat="50.596202" lon="17.766137">
        <ele>201.419120</ele>
        <time>2023-10-14T13:34:25.727Z</time>
      </trkpt>
      <trkpt lat="50.595789" lon="17.767817">
        <ele>199.959392</ele>
        <time>2023-10-14T13:35:04.215Z</time>
      </trkpt>
      <trkpt lat="50.595723" lon="17.768223">
        <ele>199.619815</ele>
        <time>2023-10-14T13:35:14.476Z</time>
      </trkpt>
      <trkpt lat="50.595711" lon="17.768292">
        <ele>199.561847</ele>
        <time>2023-10-14T13:35:16.284Z</time>
      </trkpt>
      <trkpt lat="50.595661" lon="17.768597">
        <ele>199.725880</ele>
        <time>2023-10-14T13:35:24.687Z</time>
      </trkpt>
      <trkpt lat="50.595035" lon="17.770422">
        <ele>200.938735</ele>
        <time>2023-10-14T13:36:21.471Z</time>
      </trkpt>
      <trkpt lat="50.594703" lon="17.771214">
        <ele>201.388559</ele>
        <time>2023-10-14T13:36:46.559Z</time>
      </trkpt>
      <trkpt lat="50.594231" lon="17.772766">
        <ele>202.026112</ele>
        <time>2023-10-14T13:37:29.300Z</time>
      </trkpt>
      <trkpt lat="50.593705" lon="17.776572">
        <ele>203.742478</ele>
        <time>2023-10-14T13:39:08.116Z</time>
      </trkpt>
      <trkpt lat="50.593612" lon="17.777593">
        <ele>204.515765</ele>
        <time>2023-10-14T13:39:36.968Z</time>
      </trkpt>
      <trkpt lat="50.593602" lon="17.778303">
        <ele>205.048186</ele>
        <time>2023-10-14T13:39:56.851Z</time>
      </trkpt>
      <trkpt lat="50.593572" lon="17.778649">
        <ele>205.309992</ele>
        <time>2023-10-14T13:40:06.596Z</time>
      </trkpt>
      <trkpt lat="50.593377" lon="17.779214">
        <ele>205.742087</ele>
        <time>2023-10-14T13:40:24.383Z</time>
      </trkpt>
      <trkpt lat="50.593495" lon="17.779391">
        <ele>205.896803</ele>
        <time>2023-10-14T13:40:31.630Z</time>
      </trkpt>
      <trkpt lat="50.595381" lon="17.782220">
        <ele>208.305425</ele>
        <time>2023-10-14T13:42:18.681Z</time>
      </trkpt>
      <trkpt lat="50.595935" lon="17.783076">
        <ele>208.876045</ele>
        <time>2023-10-14T13:42:52.331Z</time>
      </trkpt>
      <trkpt lat="50.597074" lon="17.784806">
        <ele>209.080772</ele>
        <time>2023-10-14T13:43:53.351Z</time>
      </trkpt>
      <trkpt lat="50.598332" lon="17.786719">
        <ele>206.156123</ele>
        <time>2023-10-14T13:44:49.755Z</time>
      </trkpt>
      <trkpt lat="50.599590" lon="17.788606">
        <ele>204.353628</ele>
        <time>2023-10-14T13:45:49.466Z</time>
      </trkpt>
      <trkpt lat="50.600010" lon="17.789245">
        <ele>204.150115</ele>
        <time>2023-10-14T13:46:02.585Z</time>
      </trkpt>
      <trkpt lat="50.600243" lon="17.789590">
        <ele>204.120683</ele>
        <time>2023-10-14T13:46:09.542Z</time>
      </trkpt>
      <trkpt lat="50.601285" lon="17.791165">
        <ele>204.298292</ele>
        <time>2023-10-14T13:46:41.538Z</time>
      </trkpt>
      <trkpt lat="50.601742" lon="17.791882">
        <ele>204.762091</ele>
        <time>2023-10-14T13:46:57.184Z</time>
      </trkpt>
      <trkpt lat="50.603237" lon="17.794163">
        <ele>206.161709</ele>
        <time>2023-10-14T13:47:58.139Z</time>
      </trkpt>
      <trkpt lat="50.601739" lon="17.796534">
        <ele>205.191757</ele>
        <time>2023-10-14T13:48:44.587Z</time>
      </trkpt>
      <trkpt lat="50.599106" lon="17.800668">
        <ele>207.446160</ele>
        <time>2023-10-14T13:50:33.102Z</time>
      </trkpt>
      <trkpt lat="50.597528" lon="17.803115">
        <ele>204.643318</ele>
        <time>2023-10-14T13:51:22.521Z</time>
      </trkpt>
      <trkpt lat="50.597721" lon="17.803926">
        <ele>202.857756</ele>
        <time>2023-10-14T13:51:32.819Z</time>
      </trkpt>
      <trkpt lat="50.598360" lon="17.806507">
        <ele>198.086469</ele>
        <time>2023-10-14T13:52:05.498Z</time>
      </trkpt>
      <trkpt lat="50.599128" lon="17.809489">
        <ele>196.364494</ele>
        <time>2023-10-14T13:52:54.048Z</time>
      </trkpt>
      <trkpt lat="50.599190" lon="17.809623">
        <ele>196.390568</ele>
        <time>2023-10-14T13:52:57.503Z</time>
      </trkpt>
      <trkpt lat="50.599288" lon="17.809722">
        <ele>196.419408</ele>
        <time>2023-10-14T13:53:00.968Z</time>
      </trkpt>
      <trkpt lat="50.599709" lon="17.810027">
        <ele>196.542773</ele>
        <time>2023-10-14T13:53:15.033Z</time>
      </trkpt>
      <trkpt lat="50.599772" lon="17.810105">
        <ele>196.620464</ele>
        <time>2023-10-14T13:53:17.610Z</time>
      </trkpt>
      <trkpt lat="50.599816" lon="17.810224">
        <ele>196.705221</ele>
        <time>2023-10-14T13:53:20.432Z</time>
      </trkpt>
      <trkpt lat="50.602450" lon="17.810284">
        <ele>199.159494</ele>
        <time>2023-10-14T13:54:30.901Z</time>
      </trkpt>
      <trkpt lat="50.602288" lon="17.810892">
        <ele>199.524092</ele>
        <time>2023-10-14T13:54:48.301Z</time>
      </trkpt>
      <trkpt lat="50.601966" lon="17.812373">
        <ele>200.047340</ele>
        <time>2023-10-14T13:55:29.644Z</time>
      </trkpt>
      <trkpt lat="50.601869" lon="17.813180">
        <ele>200.217544</ele>
        <time>2023-10-14T13:55:50.831Z</time>
      </trkpt>
      <trkpt lat="50.601604" lon="17.814672">
        <ele>199.858523</ele>
        <time>2023-10-14T13:56:26.274Z</time>
      </trkpt>
      <trkpt lat="50.601324" lon="17.815825">
        <ele>198.521632</ele>
        <time>2023-10-14T13:56:51.800Z</time>
      </trkpt>
      <trkpt lat="50.601182" lon="17.816275">
        <ele>197.977407</ele>
        <time>2023-10-14T13:57:01.830Z</time>
      </trkpt>
      <trkpt lat="50.600442" lon="17.818181">
        <ele>195.559850</ele>
        <time>2023-10-14T13:57:47.794Z</time>
      </trkpt>
      <trkpt lat="50.600291" lon="17.818649">
        <ele>194.991956</ele>
        <time>2023-10-14T13:57:58.879Z</time>
      </trkpt>
      <trkpt lat="50.600249" lon="17.818852">
        <ele>194.760996</ele>
        <time>2023-10-14T13:58:03.414Z</time>
      </trkpt>
      <trkpt lat="50.600228" lon="17.819125">
        <ele>194.463527</ele>
        <time>2023-10-14T13:58:09.355Z</time>
      </trkpt>
      <trkpt lat="50.600257" lon="17.819724">
        <ele>194.295879</ele>
        <time>2023-10-14T13:58:22.556Z</time>
      </trkpt>
      <trkpt lat="50.600209" lon="17.820877">
        <ele>194.297469</ele>
        <time>2023-10-14T13:58:50.508Z</time>
      </trkpt>
      <trkpt lat="50.600167" lon="17.821708">
        <ele>194.298615</ele>
        <time>2023-10-14T13:59:11.394Z</time>
      </trkpt>
      <trkpt lat="50.600141" lon="17.823246">
        <ele>194.118756</ele>
        <time>2023-10-14T13:59:49.273Z</time>
      </trkpt>
      <trkpt lat="50.600164" lon="17.825336">
        <ele>193.553906</ele>
        <time>2023-10-14T14:00:36.307Z</time>
      </trkpt>
      <trkpt lat="50.600159" lon="17.826838">
        <ele>192.428594</ele>
        <time>2023-10-14T14:01:08.295Z</time>
      </trkpt>
      <trkpt lat="50.599453" lon="17.830951">
        <ele>189.392410</ele>
        <time>2023-10-14T14:02:40.725Z</time>
      </trkpt>
      <trkpt lat="50.599961" lon="17.831384">
        <ele>188.820886</ele>
        <time>2023-10-14T14:03:01.134Z</time>
      </trkpt>
      <trkpt lat="50.600734" lon="17.832059">
        <ele>187.946363</ele>
        <time>2023-10-14T14:03:31.616Z</time>
      </trkpt>
      <trkpt lat="50.602201" lon="17.833304">
        <ele>184.966419</ele>
        <time>2023-10-14T14:04:27.330Z</time>
      </trkpt>
      <trkpt lat="50.603260" lon="17.834213">
        <ele>180.556614</ele>
        <time>2023-10-14T14:05:04.026Z</time>
      </trkpt>
      <trkpt lat="50.603344" lon="17.834266">
        <ele>180.200435</ele>
        <time>2023-10-14T14:05:06.628Z</time>
      </trkpt>
      <trkpt lat="50.603565" lon="17.834506">
        <ele>179.143885</ele>
        <time>2023-10-14T14:05:14.336Z</time>
      </trkpt>
      <trkpt lat="50.603839" lon="17.834991">
        <ele>177.520087</ele>
        <time>2023-10-14T14:05:26.178Z</time>
      </trkpt>
      <trkpt lat="50.604135" lon="17.835413">
        <ele>175.916999</ele>
        <time>2023-10-14T14:05:37.745Z</time>
      </trkpt>
      <trkpt lat="50.604654" lon="17.836049">
        <ele>173.276597</ele>
        <time>2023-10-14T14:05:56.873Z</time>
      </trkpt>
      <trkpt lat="50.605101" lon="17.836776">
        <ele>170.696729</ele>
        <time>2023-10-14T14:06:16.124Z</time>
      </trkpt>
      <trkpt lat="50.605332" lon="17.837143">
        <ele>170.319783</ele>
        <time>2023-10-14T14:06:26.688Z</time>
      </trkpt>
      <trkpt lat="50.606063" lon="17.838295">
        <ele>170.074469</ele>
        <time>2023-10-14T14:06:50.409Z</time>
      </trkpt>
      <trkpt lat="50.606930" lon="17.839905">
        <ele>171.047227</ele>
        <time>2023-10-14T14:07:30.403Z</time>
      </trkpt>
      <trkpt lat="50.607601" lon="17.841068">
        <ele>172.355789</ele>
        <time>2023-10-14T14:08:01.186Z</time>
      </trkpt>
      <trkpt lat="50.607792" lon="17.841493">
        <ele>172.551720</ele>
        <time>2023-10-14T14:08:10.791Z</time>
      </trkpt>
      <trkpt lat="50.607855" lon="17.841723">
        <ele>172.645970</ele>
        <time>2023-10-14T14:08:15.267Z</time>
      </trkpt>
      <trkpt lat="50.608340" lon="17.844490">
        <ele>173.404809</ele>
        <time>2023-10-14T14:09:00.307Z</time>
      </trkpt>
      <trkpt lat="50.608666" lon="17.846327">
        <ele>173.396572</ele>
        <time>2023-10-14T14:09:27.989Z</time>
      </trkpt>
      <trkpt lat="50.608786" lon="17.846639">
        <ele>173.253060</ele>
        <time>2023-10-14T14:09:33.149Z</time>
      </trkpt>
      <trkpt lat="50.608884" lon="17.846808">
        <ele>173.136861</ele>
        <time>2023-10-14T14:09:36.339Z</time>
      </trkpt>
      <trkpt lat="50.609011" lon="17.846949">
        <ele>173.012604</ele>
        <time>2023-10-14T14:09:39.725Z</time>
      </trkpt>
      <trkpt lat="50.609392" lon="17.847075">
        <ele>172.701233</ele>
        <time>2023-10-14T14:09:48.074Z</time>
      </trkpt>
      <trkpt lat="50.609481" lon="17.847191">
        <ele>172.608855</ele>
        <time>2023-10-14T14:09:50.512Z</time>
      </trkpt>
      <trkpt lat="50.609847" lon="17.847963">
        <ele>172.119740</ele>
        <time>2023-10-14T14:10:03.169Z</time>
      </trkpt>
      <trkpt lat="50.609864" lon="17.848051">
        <ele>172.073050</ele>
        <time>2023-10-14T14:10:04.347Z</time>
      </trkpt>
      <trkpt lat="50.609844" lon="17.848126">
        <ele>172.031759</ele>
        <time>2023-10-14T14:10:05.396Z</time>
      </trkpt>
      <trkpt lat="50.609741" lon="17.848330">
        <ele>171.853750</ele>
        <time>2023-10-14T14:10:08.765Z</time>
      </trkpt>
      <trkpt lat="50.609796" lon="17.848495">
        <ele>171.684861</ele>
        <time>2023-10-14T14:10:11.181Z</time>
      </trkpt>
      <trkpt lat="50.610583" lon="17.849860">
        <ele>170.013677</ele>
        <time>2023-10-14T14:10:34.472Z</time>
      </trkpt>
      <trkpt lat="50.610759" lon="17.850250">
        <ele>169.580028</ele>
        <time>2023-10-14T14:10:40.518Z</time>
      </trkpt>
      <trkpt lat="50.612058" lon="17.853702">
        <ele>166.492839</ele>
        <time>2023-10-14T14:11:32.287Z</time>
      </trkpt>
      <trkpt lat="50.612135" lon="17.853893">
        <ele>166.355005</ele>
        <time>2023-10-14T14:11:35.259Z</time>
      </trkpt>
      <trkpt lat="50.612270" lon="17.854097">
        <ele>166.175471</ele>
        <time>2023-10-14T14:11:39.148Z</time>
      </trkpt>
      <trkpt lat="50.612353" lon="17.854175">
        <ele>166.082709</ele>
        <time>2023-10-14T14:11:41.156Z</time>
      </trkpt>
      <trkpt lat="50.612569" lon="17.854291">
        <ele>165.863665</ele>
        <time>2023-10-14T14:11:45.935Z</time>
      </trkpt>
      <trkpt lat="50.614027" lon="17.854839">
        <ele>164.760697</ele>
        <time>2023-10-14T14:12:18.043Z</time>
      </trkpt>
      <trkpt lat="50.616356" lon="17.855779">
        <ele>163.534300</ele>
        <time>2023-10-14T14:13:10.328Z</time>
      </trkpt>
      <trkpt lat="50.616732" lon="17.855953">
        <ele>163.479831</ele>
        <time>2023-10-14T14:13:19.129Z</time>
      </trkpt>
      <trkpt lat="50.617010" lon="17.856091">
        <ele>163.561041</ele>
        <time>2023-10-14T14:13:25.873Z</time>
      </trkpt>
      <trkpt lat="50.617654" lon="17.856492">
        <ele>163.753974</ele>
        <time>2023-10-14T14:13:42.976Z</time>
      </trkpt>
      <trkpt lat="50.617921" lon="17.856635">
        <ele>163.832546</ele>
        <time>2023-10-14T14:13:50.163Z</time>
      </trkpt>
      <trkpt lat="50.618109" lon="17.856695">
        <ele>163.885991</ele>
        <time>2023-10-14T14:13:55.111Z</time>
      </trkpt>
      <trkpt lat="50.618221" lon="17.856731">
        <ele>163.917840</ele>
        <time>2023-10-14T14:13:58.240Z</time>
      </trkpt>
      <trkpt lat="50.618288" lon="17.856739">
        <ele>163.941118</ele>
        <time>2023-10-14T14:13:59.984Z</time>
      </trkpt>
      <trkpt lat="50.618550" lon="17.856724">
        <ele>164.139255</ele>
        <time>2023-10-14T14:14:07.279Z</time>
      </trkpt>
      <trkpt lat="50.618956" lon="17.856805">
        <ele>164.448537</ele>
        <time>2023-10-14T14:14:18.761Z</time>
      </trkpt>
      <trkpt lat="50.619063" lon="17.856949">
        <ele>164.554871</ele>
        <time>2023-10-14T14:14:22.509Z</time>
      </trkpt>
      <trkpt lat="50.619118" lon="17.857075">
        <ele>164.628206</ele>
        <time>2023-10-14T14:14:25.172Z</time>
      </trkpt>
      <trkpt lat="50.619127" lon="17.857199">
        <ele>164.688052</ele>
        <time>2023-10-14T14:14:27.353Z</time>
      </trkpt>
      <trkpt lat="50.619094" lon="17.857417">
        <ele>164.795518</ele>
        <time>2023-10-14T14:14:31.149Z</time>
      </trkpt>
      <trkpt lat="50.618153" lon="17.860770">
        <ele>166.352840</ele>
        <time>2023-10-14T14:15:29.655Z</time>
      </trkpt>
      <trkpt lat="50.618049" lon="17.861087">
        <ele>166.538872</ele>
        <time>2023-10-14T14:15:35.519Z</time>
      </trkpt>
      <trkpt lat="50.617998" lon="17.861181">
        <ele>166.623394</ele>
        <time>2023-10-14T14:15:37.575Z</time>
      </trkpt>
      <trkpt lat="50.617900" lon="17.861296">
        <ele>166.754991</ele>
        <time>2023-10-14T14:15:40.722Z</time>
      </trkpt>
      <trkpt lat="50.617912" lon="17.861369">
        <ele>166.806526</ele>
        <time>2023-10-14T14:15:41.951Z</time>
      </trkpt>
      <trkpt lat="50.617730" lon="17.861637">
        <ele>167.074798</ele>
        <time>2023-10-14T14:15:59.254Z</time>
      </trkpt>
      <trkpt lat="50.617493" lon="17.861988">
        <ele>167.425083</ele>
        <time>2023-10-14T14:16:21.848Z</time>
      </trkpt>
      <trkpt lat="50.616577" lon="17.863729">
        <ele>169.162079</ele>
        <time>2023-10-14T14:18:01.585Z</time>
      </trkpt>
      <trkpt lat="50.616332" lon="17.864057">
        <ele>169.619221</ele>
        <time>2023-10-14T14:18:23.917Z</time>
      </trkpt>
      <trkpt lat="50.616379" lon="17.864124">
        <ele>169.709343</ele>
        <time>2023-10-14T14:18:28.335Z</time>
      </trkpt>
      <trkpt lat="50.615923" lon="17.864982">
        <ele>170.719231</ele>
        <time>2023-10-14T14:19:17.716Z</time>
      </trkpt>
      <trkpt lat="50.615907" lon="17.865012">
        <ele>170.754593</ele>
        <time>2023-10-14T14:19:19.448Z</time>
      </trkpt>
      <trkpt lat="50.615871" lon="17.865014">
        <ele>170.805820</ele>
        <time>2023-10-14T14:19:20.409Z</time>
      </trkpt>
      <trkpt lat="50.615718" lon="17.865292">
        <ele>171.034123</ele>
        <time>2023-10-14T14:19:27.254Z</time>
      </trkpt>
      <trkpt lat="50.615662" lon="17.865394">
        <ele>171.094756</ele>
        <time>2023-10-14T14:19:29.856Z</time>
      </trkpt>
      <trkpt lat="50.615170" lon="17.866281">
        <ele>171.624354</ele>
        <time>2023-10-14T14:19:50.566Z</time>
      </trkpt>
      <trkpt lat="50.613189" lon="17.868121">
        <ele>172.086872</ele>
        <time>2023-10-14T14:20:43.049Z</time>
      </trkpt>
      <trkpt lat="50.612374" lon="17.868811">
        <ele>171.397964</ele>
        <time>2023-10-14T14:21:01.964Z</time>
      </trkpt>
      <trkpt lat="50.612060" lon="17.874635">
        <ele>166.948442</ele>
        <time>2023-10-14T14:22:13.426Z</time>
      </trkpt>
      <trkpt lat="50.611953" lon="17.876519">
        <ele>165.820093</ele>
        <time>2023-10-14T14:22:37.600Z</time>
      </trkpt>
      <trkpt lat="50.611971" lon="17.876650">
        <ele>165.792862</ele>
        <time>2023-10-14T14:22:39.355Z</time>
      </trkpt>
      <trkpt lat="50.612000" lon="17.876734">
        <ele>165.773435</ele>
        <time>2023-10-14T14:22:40.609Z</time>
      </trkpt>
      <trkpt lat="50.612407" lon="17.877308">
        <ele>165.598571</ele>
        <time>2023-10-14T14:22:52.127Z</time>
      </trkpt>
      <trkpt lat="50.612711" lon="17.877954">
        <ele>165.435181</ele>
        <time>2023-10-14T14:23:03.070Z</time>
      </trkpt>
      <trkpt lat="50.613384" lon="17.879251">
        <ele>165.650955</ele>
        <time>2023-10-14T14:23:27.329Z</time>
      </trkpt>
      <trkpt lat="50.613665" lon="17.879922">
        <ele>165.971740</ele>
        <time>2023-10-14T14:23:40.147Z</time>
      </trkpt>
      <trkpt lat="50.613773" lon="17.880264">
        <ele>166.124165</ele>
        <time>2023-10-14T14:23:46.585Z</time>
      </trkpt>
      <trkpt lat="50.613855" lon="17.880678">
        <ele>166.297214</ele>
        <time>2023-10-14T14:23:54.050Z</time>
      </trkpt>
      <trkpt lat="50.613866" lon="17.881269">
        <ele>166.748376</ele>
        <time>2023-10-14T14:24:04.645Z</time>
      </trkpt>
      <trkpt lat="50.613827" lon="17.881764">
        <ele>167.305326</ele>
        <time>2023-10-14T14:24:14.036Z</time>
      </trkpt>
      <trkpt lat="50.613572" lon="17.883235">
        <ele>169.008005</ele>
        <time>2023-10-14T14:24:44.196Z</time>
      </trkpt>
      <trkpt lat="50.613479" lon="17.884695">
        <ele>171.347392</ele>
        <time>2023-10-14T14:25:15.630Z</time>
      </trkpt>
      <trkpt lat="50.613457" lon="17.885045">
        <ele>171.997874</ele>
        <time>2023-10-14T14:25:23.531Z</time>
      </trkpt>
      <trkpt lat="50.613399" lon="17.886129">
        <ele>174.009812</ele>
        <time>2023-10-14T14:25:49.944Z</time>
      </trkpt>
      <trkpt lat="50.613404" lon="17.886365">
        <ele>174.446530</ele>
        <time>2023-10-14T14:25:56.038Z</time>
      </trkpt>
      <trkpt lat="50.613461" lon="17.887485">
        <ele>176.931262</ele>
        <time>2023-10-14T14:26:25.917Z</time>
      </trkpt>
      <trkpt lat="50.613453" lon="17.887873">
        <ele>177.820605</ele>
        <time>2023-10-14T14:26:36.226Z</time>
      </trkpt>
      <trkpt lat="50.613396" lon="17.888859">
        <ele>180.088800</ele>
        <time>2023-10-14T14:27:00.964Z</time>
      </trkpt>
      <trkpt lat="50.613354" lon="17.889580">
        <ele>181.581725</ele>
        <time>2023-10-14T14:27:18.952Z</time>
      </trkpt>
      <trkpt lat="50.613335" lon="17.889906">
        <ele>182.044630</ele>
        <time>2023-10-14T14:27:27.491Z</time>
      </trkpt>
      <trkpt lat="50.613385" lon="17.889806">
        <ele>182.224652</ele>
        <time>2023-10-14T14:27:30.523Z</time>
      </trkpt>
      <trkpt lat="50.613437" lon="17.889573">
        <ele>182.573897</ele>
        <time>2023-10-14T14:27:36.645Z</time>
      </trkpt>
      <trkpt lat="50.613649" lon="17.888795">
        <ele>183.771129</ele>
        <time>2023-10-14T14:27:55.954Z</time>
      </trkpt>
      <trkpt lat="50.613674" lon="17.888745">
        <ele>183.861140</ele>
        <time>2023-10-14T14:27:57.137Z</time>
      </trkpt>
      <trkpt lat="50.613723" lon="17.888752">
        <ele>183.970777</ele>
        <time>2023-10-14T14:27:58.655Z</time>
      </trkpt>
      <trkpt lat="50.614360" lon="17.888964">
        <ele>185.321560</ele>
        <time>2023-10-14T14:28:16.532Z</time>
      </trkpt>
      <trkpt lat="50.614683" lon="17.889060">
        <ele>185.315098</ele>
        <time>2023-10-14T14:28:24.009Z</time>
      </trkpt>
      <trkpt lat="50.615001" lon="17.889149">
        <ele>185.308748</ele>
        <time>2023-10-14T14:28:31.541Z</time>
      </trkpt>
      <trkpt lat="50.615315" lon="17.889245">
        <ele>185.302460</ele>
        <time>2023-10-14T14:28:39.039Z</time>
      </trkpt>
      <trkpt lat="50.615685" lon="17.889363">
        <ele>185.295038</ele>
        <time>2023-10-14T14:28:47.189Z</time>
      </trkpt>
      <trkpt lat="50.618047" lon="17.890082">
        <ele>184.007917</ele>
        <time>2023-10-14T14:29:37.860Z</time>
      </trkpt>
      <trkpt lat="50.622367" lon="17.891398">
        <ele>185.164195</ele>
        <time>2023-10-14T14:31:28.907Z</time>
      </trkpt>
      <trkpt lat="50.623274" lon="17.891634">
        <ele>185.259974</ele>
        <time>2023-10-14T14:31:50.033Z</time>
      </trkpt>
      <trkpt lat="50.623204" lon="17.893270">
        <ele>184.905267</ele>
        <time>2023-10-14T14:32:12.668Z</time>
      </trkpt>
      <trkpt lat="50.623092" lon="17.894147">
        <ele>184.711747</ele>
        <time>2023-10-14T14:32:25.194Z</time>
      </trkpt>
      <trkpt lat="50.622972" lon="17.894824">
        <ele>184.815132</ele>
        <time>2023-10-14T14:32:35.441Z</time>
      </trkpt>
      <trkpt lat="50.622744" lon="17.896178">
        <ele>185.109093</ele>
        <time>2023-10-14T14:32:57.256Z</time>
      </trkpt>
      <trkpt lat="50.622845" lon="17.897167">
        <ele>185.403057</ele>
        <time>2023-10-14T14:33:14.359Z</time>
      </trkpt>
      <trkpt lat="50.622771" lon="17.897753">
        <ele>185.828237</ele>
        <time>2023-10-14T14:33:25.156Z</time>
      </trkpt>
      <trkpt lat="50.622869" lon="17.897784">
        <ele>185.940351</ele>
        <time>2023-10-14T14:33:27.951Z</time>
      </trkpt>
      <trkpt lat="50.622976" lon="17.897816">
        <ele>186.062509</ele>
        <time>2023-10-14T14:33:31.011Z</time>
      </trkpt>
      <trkpt lat="50.624678" lon="17.898318">
        <ele>188.002867</ele>
        <time>2023-10-14T14:34:20.333Z</time>
      </trkpt>
      <trkpt lat="50.625770" lon="17.898606">
        <ele>189.241505</ele>
        <time>2023-10-14T14:34:51.695Z</time>
      </trkpt>
      <trkpt lat="50.626064" lon="17.898761">
        <ele>189.115856</ele>
        <time>2023-10-14T14:34:59.754Z</time>
      </trkpt>
      <trkpt lat="50.626235" lon="17.898890">
        <ele>188.962767</ele>
        <time>2023-10-14T14:35:04.443Z</time>
      </trkpt>
      <trkpt lat="50.626375" lon="17.898990">
        <ele>188.838645</ele>
        <time>2023-10-14T14:35:08.031Z</time>
      </trkpt>
      <trkpt lat="50.627252" lon="17.899664">
        <ele>188.050743</ele>
        <time>2023-10-14T14:35:27.519Z</time>
      </trkpt>
      <trkpt lat="50.628040" lon="17.900293">
        <ele>185.532446</ele>
        <time>2023-10-14T14:35:42.671Z</time>
      </trkpt>
      <trkpt lat="50.628501" lon="17.900655">
        <ele>183.683779</ele>
        <time>2023-10-14T14:35:51.052Z</time>
      </trkpt>
      <trkpt lat="50.630765" lon="17.902463">
        <ele>174.899947</ele>
        <time>2023-10-14T14:36:32.967Z</time>
      </trkpt>
      <trkpt lat="50.630780" lon="17.902476">
        <ele>174.902854</ele>
        <time>2023-10-14T14:36:33.313Z</time>
      </trkpt>
      <trkpt lat="50.630849" lon="17.902526">
        <ele>174.915749</ele>
        <time>2023-10-14T14:36:34.832Z</time>
      </trkpt>
      <trkpt lat="50.630893" lon="17.902575">
        <ele>174.924897</ele>
        <time>2023-10-14T14:36:35.919Z</time>
      </trkpt>
      <trkpt lat="50.630973" lon="17.902660">
        <ele>174.941279</ele>
        <time>2023-10-14T14:36:37.862Z</time>
      </trkpt>
      <trkpt lat="50.631237" lon="17.902973">
        <ele>174.997370</ele>
        <time>2023-10-14T14:36:44.933Z</time>
      </trkpt>
      <trkpt lat="50.631786" lon="17.903979">
        <ele>175.140309</ele>
        <time>2023-10-14T14:37:07.907Z</time>
      </trkpt>
      <trkpt lat="50.632161" lon="17.904561">
        <ele>175.583143</ele>
        <time>2023-10-14T14:37:25.912Z</time>
      </trkpt>
      <trkpt lat="50.632542" lon="17.904887">
        <ele>176.275688</ele>
        <time>2023-10-14T14:37:40.139Z</time>
      </trkpt>
      <trkpt lat="50.632870" lon="17.905040">
        <ele>176.822150</ele>
        <time>2023-10-14T14:37:50.886Z</time>
      </trkpt>
      <trkpt lat="50.633066" lon="17.905115">
        <ele>177.144367</ele>
        <time>2023-10-14T14:37:57.012Z</time>
      </trkpt>
      <trkpt lat="50.633132" lon="17.905139">
        <ele>177.252575</ele>
        <time>2023-10-14T14:37:59.057Z</time>
      </trkpt>
      <trkpt lat="50.634450" lon="17.905631">
        <ele>178.287801</ele>
        <time>2023-10-14T14:38:35.435Z</time>
      </trkpt>
      <trkpt lat="50.635650" lon="17.906079">
        <ele>178.319905</ele>
        <time>2023-10-14T14:39:01.656Z</time>
      </trkpt>
      <trkpt lat="50.635777" lon="17.906126">
        <ele>178.217605</ele>
        <time>2023-10-14T14:39:04.392Z</time>
      </trkpt>
      <trkpt lat="50.635717" lon="17.906785">
        <ele>177.886472</ele>
        <time>2023-10-14T14:39:13.855Z</time>
      </trkpt>
      <trkpt lat="50.635638" lon="17.907115">
        <ele>177.711034</ele>
        <time>2023-10-14T14:39:18.841Z</time>
      </trkpt>
      <trkpt lat="50.635487" lon="17.907548">
        <ele>177.465261</ele>
        <time>2023-10-14T14:39:25.607Z</time>
      </trkpt>
      <trkpt lat="50.635375" lon="17.907760">
        <ele>177.328028</ele>
        <time>2023-10-14T14:39:29.201Z</time>
      </trkpt>
      <trkpt lat="50.635109" lon="17.908143">
        <ele>176.783824</ele>
        <time>2023-10-14T14:39:36.301Z</time>
      </trkpt>
      <trkpt lat="50.634719" lon="17.908573">
        <ele>175.271050</ele>
        <time>2023-10-14T14:39:45.152Z</time>
      </trkpt>
      <trkpt lat="50.634627" lon="17.908699">
        <ele>174.883675</ele>
        <time>2023-10-14T14:39:47.370Z</time>
      </trkpt>
      <trkpt lat="50.634585" lon="17.908802">
        <ele>174.636797</ele>
        <time>2023-10-14T14:39:48.776Z</time>
      </trkpt>
      <trkpt lat="50.634580" lon="17.908979">
        <ele>174.279581</ele>
        <time>2023-10-14T14:39:50.822Z</time>
      </trkpt>
      <trkpt lat="50.634712" lon="17.909757">
        <ele>172.655853</ele>
        <time>2023-10-14T14:39:59.833Z</time>
      </trkpt>
      <trkpt lat="50.634818" lon="17.910840">
        <ele>169.969341</ele>
        <time>2023-10-14T14:40:11.608Z</time>
      </trkpt>
      <trkpt lat="50.634990" lon="17.912688">
        <ele>164.345945</ele>
        <time>2023-10-14T14:40:31.211Z</time>
      </trkpt>
      <trkpt lat="50.635056" lon="17.913744">
        <ele>161.647493</ele>
        <time>2023-10-14T14:40:42.789Z</time>
      </trkpt>
      <trkpt lat="50.635111" lon="17.914431">
        <ele>160.162579</ele>
        <time>2023-10-14T14:40:50.505Z</time>
      </trkpt>
      <trkpt lat="50.635269" lon="17.914345">
        <ele>159.597442</ele>
        <time>2023-10-14T14:40:53.402Z</time>
      </trkpt>
      <trkpt lat="50.636315" lon="17.913806">
        <ele>156.245278</ele>
        <time>2023-10-14T14:41:12.473Z</time>
      </trkpt>
      <trkpt lat="50.636315" lon="17.913806">
        <ele>156.245278</ele>
        <time>2023-10-14T14:41:12.476Z</time>
      </trkpt>
      <trkpt lat="50.637005" lon="17.913338">
        <ele>154.725108</ele>
        <time>2023-10-14T14:41:26.021Z</time>
      </trkpt>
      <trkpt lat="50.637036" lon="17.913616">
        <ele>154.362801</ele>
        <time>2023-10-14T14:41:31.838Z</time>
      </trkpt>
      <trkpt lat="50.637117" lon="17.913790">
        <ele>154.085754</ele>
        <time>2023-10-14T14:41:36.403Z</time>
      </trkpt>
      <trkpt lat="50.637218" lon="17.913921">
        <ele>153.821074</ele>
        <time>2023-10-14T14:41:40.783Z</time>
      </trkpt>
      <trkpt lat="50.637471" lon="17.914164">
        <ele>153.221524</ele>
        <time>2023-10-14T14:41:50.871Z</time>
      </trkpt>
      <trkpt lat="50.638329" lon="17.914451">
        <ele>152.510046</ele>
        <time>2023-10-14T14:42:21.007Z</time>
      </trkpt>
      <trkpt lat="50.639301" lon="17.914974">
        <ele>151.755068</ele>
        <time>2023-10-14T14:42:57.694Z</time>
      </trkpt>
      <trkpt lat="50.639541" lon="17.915152">
        <ele>151.659914</ele>
        <time>2023-10-14T14:43:07.330Z</time>
      </trkpt>
      <trkpt lat="50.639772" lon="17.915375">
        <ele>151.562739</ele>
        <time>2023-10-14T14:43:17.163Z</time>
      </trkpt>
      <trkpt lat="50.639966" lon="17.915712">
        <ele>151.459183</ele>
        <time>2023-10-14T14:43:27.602Z</time>
      </trkpt>
      <trkpt lat="50.640088" lon="17.916109">
        <ele>151.358807</ele>
        <time>2023-10-14T14:43:37.674Z</time>
      </trkpt>
      <trkpt lat="50.640141" lon="17.916429">
        <ele>151.283556</ele>
        <time>2023-10-14T14:43:45.223Z</time>
      </trkpt>
      <trkpt lat="50.640250" lon="17.916806">
        <ele>151.189284</ele>
        <time>2023-10-14T14:43:54.625Z</time>
      </trkpt>
      <trkpt lat="50.640490" lon="17.917375">
        <ele>151.063016</ele>
        <time>2023-10-14T14:44:10.109Z</time>
      </trkpt>
      <trkpt lat="50.641143" lon="17.918351">
        <ele>150.832725</ele>
        <time>2023-10-14T14:44:42.800Z</time>
      </trkpt>
      <trkpt lat="50.641609" lon="17.919151">
        <ele>150.681572</ele>
        <time>2023-10-14T14:45:08.102Z</time>
      </trkpt>
      <trkpt lat="50.641902" lon="17.919924">
        <ele>150.729341</ele>
        <time>2023-10-14T14:45:29.477Z</time>
      </trkpt>
      <trkpt lat="50.642102" lon="17.920851">
        <ele>150.781280</ele>
        <time>2023-10-14T14:45:52.809Z</time>
      </trkpt>
      <trkpt lat="50.642215" lon="17.921866">
        <ele>150.856287</ele>
        <time>2023-10-14T14:46:17.285Z</time>
      </trkpt>
      <trkpt lat="50.642216" lon="17.922061">
        <ele>150.887417</ele>
        <time>2023-10-14T14:46:21.966Z</time>
      </trkpt>
      <trkpt lat="50.642216" lon="17.922153">
        <ele>150.902103</ele>
        <time>2023-10-14T14:46:24.211Z</time>
      </trkpt>
      <trkpt lat="50.642174" lon="17.923620">
        <ele>151.136526</ele>
        <time>2023-10-14T14:47:00.129Z</time>
      </trkpt>
      <trkpt lat="50.642137" lon="17.924888">
        <ele>151.303417</ele>
        <time>2023-10-14T14:47:31.301Z</time>
      </trkpt>
      <trkpt lat="50.642198" lon="17.924537">
        <ele>151.327235</ele>
        <time>2023-10-14T14:47:40.060Z</time>
      </trkpt>
      <trkpt lat="50.642358" lon="17.923895">
        <ele>151.372379</ele>
        <time>2023-10-14T14:47:56.632Z</time>
      </trkpt>
      <trkpt lat="50.642603" lon="17.923191">
        <ele>151.424934</ele>
        <time>2023-10-14T14:48:15.630Z</time>
      </trkpt>
      <trkpt lat="50.643019" lon="17.922266">
        <ele>151.361865</ele>
        <time>2023-10-14T14:48:42.103Z</time>
      </trkpt>
      <trkpt lat="50.643503" lon="17.921399">
        <ele>151.140489</ele>
        <time>2023-10-14T14:49:08.573Z</time>
      </trkpt>
      <trkpt lat="50.643889" lon="17.920823">
        <ele>150.979880</ele>
        <time>2023-10-14T14:49:27.687Z</time>
      </trkpt>
      <trkpt lat="50.644449" lon="17.920103">
        <ele>150.815621</ele>
        <time>2023-10-14T14:49:53.695Z</time>
      </trkpt>
      <trkpt lat="50.645148" lon="17.919302">
        <ele>150.643294</ele>
        <time>2023-10-14T14:50:24.998Z</time>
      </trkpt>
      <trkpt lat="50.645542" lon="17.918982">
        <ele>150.575596</ele>
        <time>2023-10-14T14:50:41.374Z</time>
      </trkpt>
      <trkpt lat="50.646361" lon="17.918410">
        <ele>150.926010</ele>
        <time>2023-10-14T14:51:15.948Z</time>
      </trkpt>
      <trkpt lat="50.646417" lon="17.918559">
        <ele>150.968976</ele>
        <time>2023-10-14T14:51:18.676Z</time>
      </trkpt>
      <trkpt lat="50.647367" lon="17.921241">
        <ele>151.792164</ele>
        <time>2023-10-14T14:52:09.879Z</time>
      </trkpt>
      <trkpt lat="50.647387" lon="17.921309">
        <ele>151.813200</ele>
        <time>2023-10-14T14:52:11.059Z</time>
      </trkpt>
      <trkpt lat="50.647423" lon="17.921536">
        <ele>151.878864</ele>
        <time>2023-10-14T14:52:14.637Z</time>
      </trkpt>
      <trkpt lat="50.647421" lon="17.921716">
        <ele>151.929385</ele>
        <time>2023-10-14T14:52:17.388Z</time>
      </trkpt>
      <trkpt lat="50.647380" lon="17.921929">
        <ele>151.991852</ele>
        <time>2023-10-14T14:52:20.721Z</time>
      </trkpt>
      <trkpt lat="50.647337" lon="17.922033">
        <ele>152.026694</ele>
        <time>2023-10-14T14:52:22.589Z</time>
      </trkpt>
      <trkpt lat="50.647208" lon="17.922189">
        <ele>152.061554</ele>
        <time>2023-10-14T14:52:26.437Z</time>
      </trkpt>
      <trkpt lat="50.646699" lon="17.922627">
        <ele>152.061554</ele>
        <time>2023-10-14T14:52:39.876Z</time>
      </trkpt>
      <trkpt lat="50.646583" lon="17.922787">
        <ele>152.061554</ele>
        <time>2023-10-14T14:52:43.356Z</time>
      </trkpt>
      <trkpt lat="50.646479" lon="17.923008">
        <ele>152.061554</ele>
        <time>2023-10-14T14:52:47.268Z</time>
      </trkpt>
      <trkpt lat="50.646361" lon="17.923443">
        <ele>152.061554</ele>
        <time>2023-10-14T14:52:53.894Z</time>
      </trkpt>
      <trkpt lat="50.646269" lon="17.924191">
        <ele>152.061554</ele>
        <time>2023-10-14T14:53:04.751Z</time>
      </trkpt>
      <trkpt lat="50.646233" lon="17.924498">
        <ele>152.061554</ele>
        <time>2023-10-14T14:53:10.507Z</time>
      </trkpt>
    </trkseg>
  </trk>
</gpx>