<?xml version='1.0' encoding='UTF-8'?>
<gpx version="1.1" creator="https://www.komoot.de" xmlns="http://www.topografix.com/GPX/1/1" xmlns:xsi="http://www.w3.org/2001/XMLSchema-instance" xsi:schemaLocation="http://www.topografix.com/GPX/1/1 http://www.topografix.com/GPX/1/1/gpx.xsd">
  <metadata>
    <name>Tour de Opole</name>
    <author>
      <link href="https://www.komoot.de">
        <text>komoot</text>
        <type>text/html</type>
      </link>
    </author>
  </metadata>
  <trk>
    <name>Tour de Opole</name>
    <trkseg>
      <trkpt lat="50.721351" lon="17.900883">
        <ele>149.578057</ele>
        <time>2025-06-12T18:11:07.265Z</time>
      </trkpt>
      <trkpt lat="50.721423" lon="17.901073">
        <ele>149.578057</ele>
        <time>2025-06-12T18:11:10.577Z</time>
      </trkpt>
      <trkpt lat="50.721789" lon="17.900764">
        <ele>149.578057</ele>
        <time>2025-06-12T18:11:20.225Z</time>
      </trkpt>
      <trkpt lat="50.722071" lon="17.900598">
        <ele>149.578057</ele>
        <time>2025-06-12T18:11:27.441Z</time>
      </trkpt>
      <trkpt lat="50.722443" lon="17.900444">
        <ele>149.705604</ele>
        <time>2025-06-12T18:11:37.049Z</time>
      </trkpt>
      <trkpt lat="50.722567" lon="17.900417">
        <ele>149.752372</ele>
        <time>2025-06-12T18:11:40.249Z</time>
      </trkpt>
      <trkpt lat="50.722971" lon="17.900361">
        <ele>149.903898</ele>
        <time>2025-06-12T18:11:50.325Z</time>
      </trkpt>
      <trkpt lat="50.723480" lon="17.900355">
        <ele>150.094079</ele>
        <time>2025-06-12T18:12:02.711Z</time>
      </trkpt>
      <trkpt lat="50.724310" lon="17.900333">
        <ele>149.996910</ele>
        <time>2025-06-12T18:12:22.273Z</time>
      </trkpt>
      <trkpt lat="50.724311" lon="17.900333">
        <ele>149.996297</ele>
        <time>2025-06-12T18:12:22.306Z</time>
      </trkpt>
      <trkpt lat="50.724837" lon="17.900261">
        <ele>149.672330</ele>
        <time>2025-06-12T18:12:33.519Z</time>
      </trkpt>
      <trkpt lat="50.725096" lon="17.900185">
        <ele>149.510687</ele>
        <time>2025-06-12T18:12:38.791Z</time>
      </trkpt>
      <trkpt lat="50.725264" lon="17.900121">
        <ele>149.404646</ele>
        <time>2025-06-12T18:12:42.138Z</time>
      </trkpt>
      <trkpt lat="50.725244" lon="17.899962">
        <ele>149.341677</ele>
        <time>2025-06-12T18:12:44.097Z</time>
      </trkpt>
      <trkpt lat="50.725171" lon="17.899397">
        <ele>149.097518</ele>
        <time>2025-06-12T18:12:51.052Z</time>
      </trkpt>
      <trkpt lat="50.724935" lon="17.898972">
        <ele>148.723790</ele>
        <time>2025-06-12T18:12:57.903Z</time>
      </trkpt>
      <trkpt lat="50.724819" lon="17.898505">
        <ele>148.392154</ele>
        <time>2025-06-12T18:13:03.943Z</time>
      </trkpt>
      <trkpt lat="50.724426" lon="17.896137">
        <ele>147.344291</ele>
        <time>2025-06-12T18:13:35.236Z</time>
      </trkpt>
      <trkpt lat="50.723928" lon="17.893191">
        <ele>147.762558</ele>
        <time>2025-06-12T18:14:23.869Z</time>
      </trkpt>
      <trkpt lat="50.723889" lon="17.892987">
        <ele>147.808281</ele>
        <time>2025-06-12T18:14:27.235Z</time>
      </trkpt>
      <trkpt lat="50.723852" lon="17.892662">
        <ele>147.879133</ele>
        <time>2025-06-12T18:14:32.348Z</time>
      </trkpt>
      <trkpt lat="50.723886" lon="17.892552">
        <ele>147.905398</ele>
        <time>2025-06-12T18:14:34.210Z</time>
      </trkpt>
      <trkpt lat="50.723968" lon="17.892462">
        <ele>147.939241</ele>
        <time>2025-06-12T18:14:36.613Z</time>
      </trkpt>
      <trkpt lat="50.724272" lon="17.892322">
        <ele>148.046566</ele>
        <time>2025-06-12T18:14:44.058Z</time>
      </trkpt>
      <trkpt lat="50.724760" lon="17.892104">
        <ele>148.175720</ele>
        <time>2025-06-12T18:14:55.370Z</time>
      </trkpt>
      <trkpt lat="50.725383" lon="17.891727">
        <ele>148.213644</ele>
        <time>2025-06-12T18:15:09.943Z</time>
      </trkpt>
      <trkpt lat="50.726945" lon="17.890504">
        <ele>148.552857</ele>
        <time>2025-06-12T18:15:49.834Z</time>
      </trkpt>
      <trkpt lat="50.727542" lon="17.890112">
        <ele>148.792977</ele>
        <time>2025-06-12T18:16:05.442Z</time>
      </trkpt>
      <trkpt lat="50.728481" lon="17.889561">
        <ele>149.210612</ele>
        <time>2025-06-12T18:16:31.545Z</time>
      </trkpt>
      <trkpt lat="50.729151" lon="17.889185">
        <ele>149.527593</ele>
        <time>2025-06-12T18:16:49.098Z</time>
      </trkpt>
      <trkpt lat="50.729282" lon="17.889267">
        <ele>149.590412</ele>
        <time>2025-06-12T18:16:52.495Z</time>
      </trkpt>
      <trkpt lat="50.729472" lon="17.889197">
        <ele>149.677389</ele>
        <time>2025-06-12T18:16:57.142Z</time>
      </trkpt>
      <trkpt lat="50.730149" lon="17.888512">
        <ele>149.428706</ele>
        <time>2025-06-12T18:17:14.749Z</time>
      </trkpt>
      <trkpt lat="50.731429" lon="17.887242">
        <ele>148.704962</ele>
        <time>2025-06-12T18:17:45.447Z</time>
      </trkpt>
      <trkpt lat="50.731519" lon="17.887175">
        <ele>148.653743</ele>
        <time>2025-06-12T18:17:47.483Z</time>
      </trkpt>
      <trkpt lat="50.732211" lon="17.886857">
        <ele>148.282727</ele>
        <time>2025-06-12T18:18:02.224Z</time>
      </trkpt>
      <trkpt lat="50.732552" lon="17.886569">
        <ele>148.083666</ele>
        <time>2025-06-12T18:18:10.552Z</time>
      </trkpt>
      <trkpt lat="50.732986" lon="17.886073">
        <ele>148.035062</ele>
        <time>2025-06-12T18:18:22.587Z</time>
      </trkpt>
      <trkpt lat="50.733254" lon="17.886338">
        <ele>148.095410</ele>
        <time>2025-06-12T18:18:29.967Z</time>
      </trkpt>
      <trkpt lat="50.733741" lon="17.887054">
        <ele>148.222388</ele>
        <time>2025-06-12T18:18:45.784Z</time>
      </trkpt>
      <trkpt lat="50.733881" lon="17.887151">
        <ele>148.251567</ele>
        <time>2025-06-12T18:18:49.538Z</time>
      </trkpt>
      <trkpt lat="50.734004" lon="17.887142">
        <ele>148.275070</ele>
        <time>2025-06-12T18:18:52.551Z</time>
      </trkpt>
      <trkpt lat="50.734105" lon="17.886913">
        <ele>148.308790</ele>
        <time>2025-06-12T18:18:56.696Z</time>
      </trkpt>
      <trkpt lat="50.734099" lon="17.886701">
        <ele>148.329671</ele>
        <time>2025-06-12T18:18:59.742Z</time>
      </trkpt>
      <trkpt lat="50.734043" lon="17.886533">
        <ele>148.346369</ele>
        <time>2025-06-12T18:19:02.444Z</time>
      </trkpt>
      <trkpt lat="50.733359" lon="17.885629">
        <ele>148.470279</ele>
        <time>2025-06-12T18:19:22.236Z</time>
      </trkpt>
      <trkpt lat="50.734408" lon="17.884409">
        <ele>148.694244</ele>
        <time>2025-06-12T18:19:53.104Z</time>
      </trkpt>
      <trkpt lat="50.735031" lon="17.883767">
        <ele>148.850215</ele>
        <time>2025-06-12T18:20:10.788Z</time>
      </trkpt>
      <trkpt lat="50.736403" lon="17.882717">
        <ele>148.901067</ele>
        <time>2025-06-12T18:20:44.525Z</time>
      </trkpt>
      <trkpt lat="50.737035" lon="17.882199">
        <ele>148.872666</ele>
        <time>2025-06-12T18:21:00.175Z</time>
      </trkpt>
      <trkpt lat="50.737164" lon="17.882038">
        <ele>148.875708</ele>
        <time>2025-06-12T18:21:03.808Z</time>
      </trkpt>
      <trkpt lat="50.737290" lon="17.881872">
        <ele>148.879338</ele>
        <time>2025-06-12T18:21:07.448Z</time>
      </trkpt>
      <trkpt lat="50.738137" lon="17.880864">
        <ele>148.902803</ele>
        <time>2025-06-12T18:21:31.758Z</time>
      </trkpt>
      <trkpt lat="50.738234" lon="17.880751">
        <ele>148.905470</ele>
        <time>2025-06-12T18:21:34.499Z</time>
      </trkpt>
      <trkpt lat="50.738655" lon="17.880307">
        <ele>148.874860</ele>
        <time>2025-06-12T18:21:45.586Z</time>
      </trkpt>
      <trkpt lat="50.739156" lon="17.879868">
        <ele>148.771953</ele>
        <time>2025-06-12T18:21:58.026Z</time>
      </trkpt>
      <trkpt lat="50.739671" lon="17.879650">
        <ele>148.676181</ele>
        <time>2025-06-12T18:22:09.582Z</time>
      </trkpt>
      <trkpt lat="50.740024" lon="17.879611">
        <ele>148.612616</ele>
        <time>2025-06-12T18:22:17.186Z</time>
      </trkpt>
      <trkpt lat="50.740361" lon="17.879527">
        <ele>148.536561</ele>
        <time>2025-06-12T18:22:24.487Z</time>
      </trkpt>
      <trkpt lat="50.740705" lon="17.879279">
        <ele>148.442000</ele>
        <time>2025-06-12T18:22:32.718Z</time>
      </trkpt>
      <trkpt lat="50.741180" lon="17.878863">
        <ele>148.306185</ele>
        <time>2025-06-12T18:22:44.699Z</time>
      </trkpt>
      <trkpt lat="50.741897" lon="17.878042">
        <ele>148.024785</ele>
        <time>2025-06-12T18:23:03.453Z</time>
      </trkpt>
      <trkpt lat="50.741780" lon="17.877883">
        <ele>147.943678</ele>
        <time>2025-06-12T18:23:07.760Z</time>
      </trkpt>
      <trkpt lat="50.742255" lon="17.876654">
        <ele>147.464695</ele>
        <time>2025-06-12T18:23:27.628Z</time>
      </trkpt>
      <trkpt lat="50.742322" lon="17.876307">
        <ele>147.344029</ele>
        <time>2025-06-12T18:23:32.566Z</time>
      </trkpt>
      <trkpt lat="50.742344" lon="17.875854">
        <ele>147.192892</ele>
        <time>2025-06-12T18:23:38.767Z</time>
      </trkpt>
      <trkpt lat="50.742233" lon="17.874609">
        <ele>146.763206</ele>
        <time>2025-06-12T18:23:55.929Z</time>
      </trkpt>
      <trkpt lat="50.742231" lon="17.874061">
        <ele>146.575922</ele>
        <time>2025-06-12T18:24:03.459Z</time>
      </trkpt>
      <trkpt lat="50.742255" lon="17.873700">
        <ele>146.451869</ele>
        <time>2025-06-12T18:24:08.463Z</time>
      </trkpt>
      <trkpt lat="50.742354" lon="17.873119">
        <ele>146.246238</ele>
        <time>2025-06-12T18:24:16.819Z</time>
      </trkpt>
      <trkpt lat="50.742911" lon="17.870875">
        <ele>145.791265</ele>
        <time>2025-06-12T18:24:50.593Z</time>
      </trkpt>
      <trkpt lat="50.743240" lon="17.868909">
        <ele>145.952979</ele>
        <time>2025-06-12T18:25:20.053Z</time>
      </trkpt>
      <trkpt lat="50.743496" lon="17.867092">
        <ele>146.236828</ele>
        <time>2025-06-12T18:25:52.011Z</time>
      </trkpt>
      <trkpt lat="50.743543" lon="17.866888">
        <ele>146.263035</ele>
        <time>2025-06-12T18:25:55.273Z</time>
      </trkpt>
      <trkpt lat="50.743570" lon="17.866833">
        <ele>146.271437</ele>
        <time>2025-06-12T18:25:56.288Z</time>
      </trkpt>
      <trkpt lat="50.743642" lon="17.866792">
        <ele>146.286037</ele>
        <time>2025-06-12T18:25:58.086Z</time>
      </trkpt>
      <trkpt lat="50.743705" lon="17.866766">
        <ele>146.298458</ele>
        <time>2025-06-12T18:25:59.598Z</time>
      </trkpt>
      <trkpt lat="50.743747" lon="17.866721">
        <ele>146.308138</ele>
        <time>2025-06-12T18:26:00.814Z</time>
      </trkpt>
      <trkpt lat="50.743823" lon="17.866003">
        <ele>146.396013</ele>
        <time>2025-06-12T18:26:10.983Z</time>
      </trkpt>
      <trkpt lat="50.743847" lon="17.865333">
        <ele>146.477020</ele>
        <time>2025-06-12T18:26:20.232Z</time>
      </trkpt>
      <trkpt lat="50.744185" lon="17.863588">
        <ele>146.821187</ele>
        <time>2025-06-12T18:26:47.447Z</time>
      </trkpt>
      <trkpt lat="50.744281" lon="17.863380">
        <ele>146.873198</ele>
        <time>2025-06-12T18:26:51.908Z</time>
      </trkpt>
      <trkpt lat="50.744560" lon="17.863074">
        <ele>146.981621</ele>
        <time>2025-06-12T18:27:00.510Z</time>
      </trkpt>
      <trkpt lat="50.745225" lon="17.862629">
        <ele>147.161282</ele>
        <time>2025-06-12T18:27:17.211Z</time>
      </trkpt>
      <trkpt lat="50.745351" lon="17.862545">
        <ele>147.187098</ele>
        <time>2025-06-12T18:27:20.331Z</time>
      </trkpt>
      <trkpt lat="50.745679" lon="17.862206">
        <ele>147.261086</ele>
        <time>2025-06-12T18:27:28.873Z</time>
      </trkpt>
      <trkpt lat="50.745948" lon="17.861913">
        <ele>147.322762</ele>
        <time>2025-06-12T18:27:36.020Z</time>
      </trkpt>
      <trkpt lat="50.746683" lon="17.861280">
        <ele>147.589304</ele>
        <time>2025-06-12T18:27:56.349Z</time>
      </trkpt>
      <trkpt lat="50.747052" lon="17.860819">
        <ele>147.857926</ele>
        <time>2025-06-12T18:28:08.683Z</time>
      </trkpt>
      <trkpt lat="50.747204" lon="17.860540">
        <ele>147.990965</ele>
        <time>2025-06-12T18:28:14.709Z</time>
      </trkpt>
      <trkpt lat="50.747398" lon="17.859864">
        <ele>148.259189</ele>
        <time>2025-06-12T18:28:26.690Z</time>
      </trkpt>
      <trkpt lat="50.747507" lon="17.859473">
        <ele>148.413582</ele>
        <time>2025-06-12T18:28:33.512Z</time>
      </trkpt>
      <trkpt lat="50.747524" lon="17.858854">
        <ele>148.466829</ele>
        <time>2025-06-12T18:28:43.142Z</time>
      </trkpt>
      <trkpt lat="50.747586" lon="17.858491">
        <ele>148.476067</ele>
        <time>2025-06-12T18:28:48.578Z</time>
      </trkpt>
      <trkpt lat="50.747678" lon="17.858190">
        <ele>148.484281</ele>
        <time>2025-06-12T18:28:53.301Z</time>
      </trkpt>
      <trkpt lat="50.747954" lon="17.857529">
        <ele>148.503739</ele>
        <time>2025-06-12T18:29:04.345Z</time>
      </trkpt>
      <trkpt lat="50.748807" lon="17.855981">
        <ele>148.149390</ele>
        <time>2025-06-12T18:29:32.088Z</time>
      </trkpt>
      <trkpt lat="50.749901" lon="17.853847">
        <ele>147.236350</ele>
        <time>2025-06-12T18:30:08.066Z</time>
      </trkpt>
      <trkpt lat="50.750240" lon="17.853250">
        <ele>146.940752</ele>
        <time>2025-06-12T18:30:18.551Z</time>
      </trkpt>
      <trkpt lat="50.751020" lon="17.852077">
        <ele>146.559518</ele>
        <time>2025-06-12T18:30:40.974Z</time>
      </trkpt>
      <trkpt lat="50.751143" lon="17.851963">
        <ele>146.547143</ele>
        <time>2025-06-12T18:30:44.130Z</time>
      </trkpt>
      <trkpt lat="50.751415" lon="17.851561">
        <ele>146.514824</ele>
        <time>2025-06-12T18:30:52.361Z</time>
      </trkpt>
      <trkpt lat="50.751873" lon="17.850897">
        <ele>146.460885</ele>
        <time>2025-06-12T18:31:06.171Z</time>
      </trkpt>
      <trkpt lat="50.752480" lon="17.849985">
        <ele>146.542695</ele>
        <time>2025-06-12T18:31:26.645Z</time>
      </trkpt>
      <trkpt lat="50.752597" lon="17.849909">
        <ele>146.560828</ele>
        <time>2025-06-12T18:31:29.633Z</time>
      </trkpt>
      <trkpt lat="50.752706" lon="17.849900">
        <ele>146.576475</ele>
        <time>2025-06-12T18:31:32.209Z</time>
      </trkpt>
      <trkpt lat="50.752782" lon="17.850002">
        <ele>146.590767</ele>
        <time>2025-06-12T18:31:34.525Z</time>
      </trkpt>
      <trkpt lat="50.752944" lon="17.849943">
        <ele>146.614599</ele>
        <time>2025-06-12T18:31:38.344Z</time>
      </trkpt>
      <trkpt lat="50.753321" lon="17.849312">
        <ele>146.693312</ele>
        <time>2025-06-12T18:31:50.525Z</time>
      </trkpt>
      <trkpt lat="50.753377" lon="17.849214">
        <ele>146.702413</ele>
        <time>2025-06-12T18:31:52.366Z</time>
      </trkpt>
      <trkpt lat="50.753433" lon="17.849118">
        <ele>146.679729</ele>
        <time>2025-06-12T18:31:55.383Z</time>
      </trkpt>
      <trkpt lat="50.753935" lon="17.848213">
        <ele>146.470639</ele>
        <time>2025-06-12T18:32:11.294Z</time>
      </trkpt>
      <trkpt lat="50.754097" lon="17.847909">
        <ele>146.401590</ele>
        <time>2025-06-12T18:32:16.563Z</time>
      </trkpt>
      <trkpt lat="50.754881" lon="17.846388">
        <ele>146.354137</ele>
        <time>2025-06-12T18:32:43.663Z</time>
      </trkpt>
      <trkpt lat="50.755174" lon="17.845768">
        <ele>146.483254</ele>
        <time>2025-06-12T18:32:55.573Z</time>
      </trkpt>
      <trkpt lat="50.755213" lon="17.845564">
        <ele>146.518810</ele>
        <time>2025-06-12T18:32:58.992Z</time>
      </trkpt>
      <trkpt lat="50.755204" lon="17.845162">
        <ele>146.585923</ele>
        <time>2025-06-12T18:33:05.350Z</time>
      </trkpt>
      <trkpt lat="50.755472" lon="17.844732">
        <ele>146.683477</ele>
        <time>2025-06-12T18:33:15.096Z</time>
      </trkpt>
      <trkpt lat="50.755699" lon="17.844472">
        <ele>146.632708</ele>
        <time>2025-06-12T18:33:22.059Z</time>
      </trkpt>
      <trkpt lat="50.756135" lon="17.844257">
        <ele>146.549991</ele>
        <time>2025-06-12T18:33:32.179Z</time>
      </trkpt>
      <trkpt lat="50.756426" lon="17.844203">
        <ele>146.496927</ele>
        <time>2025-06-12T18:33:38.441Z</time>
      </trkpt>
      <trkpt lat="50.756754" lon="17.844103">
        <ele>146.436429</ele>
        <time>2025-06-12T18:33:45.384Z</time>
      </trkpt>
      <trkpt lat="50.756673" lon="17.843793">
        <ele>146.398001</ele>
        <time>2025-06-12T18:33:49.663Z</time>
      </trkpt>
      <trkpt lat="50.756616" lon="17.843444">
        <ele>146.352077</ele>
        <time>2025-06-12T18:33:54.363Z</time>
      </trkpt>
      <trkpt lat="50.756611" lon="17.843162">
        <ele>146.254956</ele>
        <time>2025-06-12T18:33:58.188Z</time>
      </trkpt>
      <trkpt lat="50.756636" lon="17.843054">
        <ele>146.215364</ele>
        <time>2025-06-12T18:33:59.778Z</time>
      </trkpt>
      <trkpt lat="50.756643" lon="17.842737">
        <ele>146.106165</ele>
        <time>2025-06-12T18:34:04.033Z</time>
      </trkpt>
      <trkpt lat="50.756735" lon="17.842570">
        <ele>146.029929</ele>
        <time>2025-06-12T18:34:06.950Z</time>
      </trkpt>
      <trkpt lat="50.756935" lon="17.842392">
        <ele>145.905024</ele>
        <time>2025-06-12T18:34:11.666Z</time>
      </trkpt>
      <trkpt lat="50.757063" lon="17.842233">
        <ele>145.816434</ele>
        <time>2025-06-12T18:34:15.009Z</time>
      </trkpt>
      <trkpt lat="50.757307" lon="17.841897">
        <ele>145.640333</ele>
        <time>2025-06-12T18:34:21.738Z</time>
      </trkpt>
      <trkpt lat="50.758041" lon="17.840917">
        <ele>145.166989</ele>
        <time>2025-06-12T18:34:41.838Z</time>
      </trkpt>
      <trkpt lat="50.758219" lon="17.840632">
        <ele>145.055097</ele>
        <time>2025-06-12T18:34:46.890Z</time>
      </trkpt>
      <trkpt lat="50.758910" lon="17.838527">
        <ele>144.680702</ele>
        <time>2025-06-12T18:35:18.809Z</time>
      </trkpt>
      <trkpt lat="50.758967" lon="17.838077">
        <ele>144.743625</ele>
        <time>2025-06-12T18:35:25.612Z</time>
      </trkpt>
      <trkpt lat="50.758990" lon="17.837586">
        <ele>144.811129</ele>
        <time>2025-06-12T18:35:33.177Z</time>
      </trkpt>
      <trkpt lat="50.758973" lon="17.837111">
        <ele>144.876358</ele>
        <time>2025-06-12T18:35:40.793Z</time>
      </trkpt>
      <trkpt lat="50.758812" lon="17.835937">
        <ele>144.895825</ele>
        <time>2025-06-12T18:35:59.668Z</time>
      </trkpt>
      <trkpt lat="50.758824" lon="17.835615">
        <ele>144.841815</ele>
        <time>2025-06-12T18:36:04.367Z</time>
      </trkpt>
      <trkpt lat="50.758873" lon="17.835403">
        <ele>144.804022</ele>
        <time>2025-06-12T18:36:07.507Z</time>
      </trkpt>
      <trkpt lat="50.759016" lon="17.835122">
        <ele>144.743636</ele>
        <time>2025-06-12T18:36:12.386Z</time>
      </trkpt>
      <trkpt lat="50.759206" lon="17.834953">
        <ele>144.685930</ele>
        <time>2025-06-12T18:36:16.939Z</time>
      </trkpt>
      <trkpt lat="50.759370" lon="17.834904">
        <ele>144.641751</ele>
        <time>2025-06-12T18:36:20.378Z</time>
      </trkpt>
      <trkpt lat="50.759638" lon="17.834930">
        <ele>144.570680</ele>
        <time>2025-06-12T18:36:25.839Z</time>
      </trkpt>
      <trkpt lat="50.759749" lon="17.834883">
        <ele>144.540263</ele>
        <time>2025-06-12T18:36:28.160Z</time>
      </trkpt>
      <trkpt lat="50.759836" lon="17.834775">
        <ele>144.510983</ele>
        <time>2025-06-12T18:36:30.389Z</time>
      </trkpt>
      <trkpt lat="50.759892" lon="17.834616">
        <ele>144.488055</ele>
        <time>2025-06-12T18:36:32.709Z</time>
      </trkpt>
      <trkpt lat="50.759935" lon="17.834349">
        <ele>144.460166</ele>
        <time>2025-06-12T18:36:36.257Z</time>
      </trkpt>
      <trkpt lat="50.759972" lon="17.833584">
        <ele>144.382504</ele>
        <time>2025-06-12T18:36:46.414Z</time>
      </trkpt>
      <trkpt lat="50.760025" lon="17.833253">
        <ele>144.347943</ele>
        <time>2025-06-12T18:36:51.102Z</time>
      </trkpt>
      <trkpt lat="50.760241" lon="17.832294">
        <ele>144.244900</ele>
        <time>2025-06-12T18:37:05.978Z</time>
      </trkpt>
      <trkpt lat="50.760302" lon="17.832145">
        <ele>144.226934</ele>
        <time>2025-06-12T18:37:08.674Z</time>
      </trkpt>
      <trkpt lat="50.760350" lon="17.832115">
        <ele>144.218675</ele>
        <time>2025-06-12T18:37:09.912Z</time>
      </trkpt>
      <trkpt lat="50.760667" lon="17.832242">
        <ele>144.241655</ele>
        <time>2025-06-12T18:37:17.860Z</time>
      </trkpt>
      <trkpt lat="50.760677" lon="17.831902">
        <ele>144.264323</ele>
        <time>2025-06-12T18:37:23.102Z</time>
      </trkpt>
      <trkpt lat="50.760785" lon="17.830908">
        <ele>144.331493</ele>
        <time>2025-06-12T18:37:37.791Z</time>
      </trkpt>
      <trkpt lat="50.760826" lon="17.829976">
        <ele>144.393713</ele>
        <time>2025-06-12T18:37:50.758Z</time>
      </trkpt>
      <trkpt lat="50.760729" lon="17.829781">
        <ele>144.386941</ele>
        <time>2025-06-12T18:37:54.176Z</time>
      </trkpt>
      <trkpt lat="50.760637" lon="17.828661">
        <ele>144.269512</ele>
        <time>2025-06-12T18:38:09.667Z</time>
      </trkpt>
      <trkpt lat="50.760674" lon="17.827463">
        <ele>144.144802</ele>
        <time>2025-06-12T18:38:26.036Z</time>
      </trkpt>
      <trkpt lat="50.760309" lon="17.825388">
        <ele>143.899768</ele>
        <time>2025-06-12T18:38:55.953Z</time>
      </trkpt>
      <trkpt lat="50.760204" lon="17.824939">
        <ele>143.844307</ele>
        <time>2025-06-12T18:39:02.498Z</time>
      </trkpt>
      <trkpt lat="50.760031" lon="17.824351">
        <ele>143.768762</ele>
        <time>2025-06-12T18:39:11.316Z</time>
      </trkpt>
      <trkpt lat="50.759531" lon="17.823066">
        <ele>143.583525</ele>
        <time>2025-06-12T18:39:31.555Z</time>
      </trkpt>
      <trkpt lat="50.759318" lon="17.822214">
        <ele>143.471039</ele>
        <time>2025-06-12T18:39:44.270Z</time>
      </trkpt>
      <trkpt lat="50.759298" lon="17.822030">
        <ele>143.448116</ele>
        <time>2025-06-12T18:39:46.960Z</time>
      </trkpt>
      <trkpt lat="50.759313" lon="17.821790">
        <ele>143.434731</ele>
        <time>2025-06-12T18:39:50.466Z</time>
      </trkpt>
      <trkpt lat="50.759393" lon="17.821419">
        <ele>143.479137</ele>
        <time>2025-06-12T18:39:56.126Z</time>
      </trkpt>
      <trkpt lat="50.759572" lon="17.820836">
        <ele>143.552554</ele>
        <time>2025-06-12T18:40:05.700Z</time>
      </trkpt>
      <trkpt lat="50.759756" lon="17.820446">
        <ele>143.607672</ele>
        <time>2025-06-12T18:40:13.167Z</time>
      </trkpt>
      <trkpt lat="50.760025" lon="17.819998">
        <ele>143.677650</ele>
        <time>2025-06-12T18:40:22.864Z</time>
      </trkpt>
      <trkpt lat="50.760687" lon="17.818861">
        <ele>143.619124</ele>
        <time>2025-06-12T18:40:44.366Z</time>
      </trkpt>
      <trkpt lat="50.761250" lon="17.818156">
        <ele>143.457861</ele>
        <time>2025-06-12T18:40:59.498Z</time>
      </trkpt>
      <trkpt lat="50.761334" lon="17.817896">
        <ele>143.416397</ele>
        <time>2025-06-12T18:41:03.374Z</time>
      </trkpt>
      <trkpt lat="50.761446" lon="17.817292">
        <ele>143.366712</ele>
        <time>2025-06-12T18:41:11.777Z</time>
      </trkpt>
      <trkpt lat="50.761448" lon="17.817075">
        <ele>143.403086</ele>
        <time>2025-06-12T18:41:14.741Z</time>
      </trkpt>
      <trkpt lat="50.761396" lon="17.816849">
        <ele>143.443391</ele>
        <time>2025-06-12T18:41:18.088Z</time>
      </trkpt>
      <trkpt lat="50.760308" lon="17.813652">
        <ele>144.000068</ele>
        <time>2025-06-12T18:42:14.561Z</time>
      </trkpt>
      <trkpt lat="50.760319" lon="17.813614">
        <ele>144.005496</ele>
        <time>2025-06-12T18:42:15.165Z</time>
      </trkpt>
      <trkpt lat="50.760791" lon="17.813146">
        <ele>144.119897</ele>
        <time>2025-06-12T18:42:28.118Z</time>
      </trkpt>
      <trkpt lat="50.762018" lon="17.812139">
        <ele>143.917619</ele>
        <time>2025-06-12T18:42:57.933Z</time>
      </trkpt>
      <trkpt lat="50.762418" lon="17.811622">
        <ele>143.781191</ele>
        <time>2025-06-12T18:43:08.790Z</time>
      </trkpt>
      <trkpt lat="50.762615" lon="17.811192">
        <ele>143.732177</ele>
        <time>2025-06-12T18:43:15.871Z</time>
      </trkpt>
      <trkpt lat="50.762744" lon="17.810824">
        <ele>143.779766</ele>
        <time>2025-06-12T18:43:21.524Z</time>
      </trkpt>
      <trkpt lat="50.763117" lon="17.809460">
        <ele>143.947845</ele>
        <time>2025-06-12T18:43:43.138Z</time>
      </trkpt>
      <trkpt lat="50.763181" lon="17.809057">
        <ele>143.994842</ele>
        <time>2025-06-12T18:43:49.889Z</time>
      </trkpt>
      <trkpt lat="50.763242" lon="17.808216">
        <ele>144.055775</ele>
        <time>2025-06-12T18:44:03.672Z</time>
      </trkpt>
      <trkpt lat="50.763363" lon="17.807749">
        <ele>144.075219</ele>
        <time>2025-06-12T18:44:11.699Z</time>
      </trkpt>
      <trkpt lat="50.763469" lon="17.807526">
        <ele>144.085966</ele>
        <time>2025-06-12T18:44:16.043Z</time>
      </trkpt>
      <trkpt lat="50.763651" lon="17.807420">
        <ele>144.097780</ele>
        <time>2025-06-12T18:44:20.558Z</time>
      </trkpt>
      <trkpt lat="50.762779" lon="17.807277">
        <ele>144.115672</ele>
        <time>2025-06-12T18:44:52.067Z</time>
      </trkpt>
      <trkpt lat="50.762411" lon="17.807336">
        <ele>143.929425</ele>
        <time>2025-06-12T18:45:05.063Z</time>
      </trkpt>
      <trkpt lat="50.762400" lon="17.807207">
        <ele>143.887967</ele>
        <time>2025-06-12T18:45:07.989Z</time>
      </trkpt>
      <trkpt lat="50.762431" lon="17.806817">
        <ele>143.762776</ele>
        <time>2025-06-12T18:45:16.743Z</time>
      </trkpt>
      <trkpt lat="50.762615" lon="17.805547">
        <ele>143.347811</ele>
        <time>2025-06-12T18:45:46.082Z</time>
      </trkpt>
      <trkpt lat="50.762537" lon="17.804723">
        <ele>143.168791</ele>
        <time>2025-06-12T18:46:05.158Z</time>
      </trkpt>
      <trkpt lat="50.762360" lon="17.803699">
        <ele>143.014015</ele>
        <time>2025-06-12T18:46:29.487Z</time>
      </trkpt>
      <trkpt lat="50.762292" lon="17.803441">
        <ele>142.973263</ele>
        <time>2025-06-12T18:46:35.901Z</time>
      </trkpt>
      <trkpt lat="50.762138" lon="17.803071">
        <ele>142.908684</ele>
        <time>2025-06-12T18:46:46.162Z</time>
      </trkpt>
      <trkpt lat="50.761814" lon="17.802044">
        <ele>142.875814</ele>
        <time>2025-06-12T18:47:13.013Z</time>
      </trkpt>
      <trkpt lat="50.761728" lon="17.801869">
        <ele>142.894174</ele>
        <time>2025-06-12T18:47:18.243Z</time>
      </trkpt>
      <trkpt lat="50.761635" lon="17.801746">
        <ele>142.910056</ele>
        <time>2025-06-12T18:47:22.777Z</time>
      </trkpt>
      <trkpt lat="50.761055" lon="17.800448">
        <ele>143.041722</ele>
        <time>2025-06-12T18:48:00.660Z</time>
      </trkpt>
      <trkpt lat="50.760750" lon="17.799826">
        <ele>143.205448</ele>
        <time>2025-06-12T18:48:19.805Z</time>
      </trkpt>
      <trkpt lat="50.760270" lon="17.798951">
        <ele>143.515064</ele>
        <time>2025-06-12T18:48:48.939Z</time>
      </trkpt>
      <trkpt lat="50.759980" lon="17.798249">
        <ele>143.739201</ele>
        <time>2025-06-12T18:49:10.168Z</time>
      </trkpt>
      <trkpt lat="50.759954" lon="17.797994">
        <ele>143.808249</ele>
        <time>2025-06-12T18:49:16.582Z</time>
      </trkpt>
      <trkpt lat="50.759874" lon="17.797536">
        <ele>143.824117</ele>
        <time>2025-06-12T18:49:25.886Z</time>
      </trkpt>
      <trkpt lat="50.759825" lon="17.797217">
        <ele>143.825148</ele>
        <time>2025-06-12T18:49:33.752Z</time>
      </trkpt>
      <trkpt lat="50.759847" lon="17.796307">
        <ele>143.828010</ele>
        <time>2025-06-12T18:49:54.996Z</time>
      </trkpt>
      <trkpt lat="50.759940" lon="17.795385">
        <ele>143.830944</ele>
        <time>2025-06-12T18:50:16.308Z</time>
      </trkpt>
      <trkpt lat="50.759988" lon="17.795110">
        <ele>143.835153</ele>
        <time>2025-06-12T18:50:22.930Z</time>
      </trkpt>
      <trkpt lat="50.760258" lon="17.794470">
        <ele>143.909933</ele>
        <time>2025-06-12T18:50:41.014Z</time>
      </trkpt>
      <trkpt lat="50.760217" lon="17.794251">
        <ele>143.932134</ele>
        <time>2025-06-12T18:50:44.502Z</time>
      </trkpt>
      <trkpt lat="50.760208" lon="17.793981">
        <ele>143.958417</ele>
        <time>2025-06-12T18:50:48.729Z</time>
      </trkpt>
      <trkpt lat="50.760198" lon="17.792209">
        <ele>144.077140</ele>
        <time>2025-06-12T18:51:17.060Z</time>
      </trkpt>
      <trkpt lat="50.760897" lon="17.789312">
        <ele>143.762823</ele>
        <time>2025-06-12T18:52:00.529Z</time>
      </trkpt>
      <trkpt lat="50.760638" lon="17.788499">
        <ele>143.827337</ele>
        <time>2025-06-12T18:52:13.534Z</time>
      </trkpt>
      <trkpt lat="50.760610" lon="17.788427">
        <ele>143.833327</ele>
        <time>2025-06-12T18:52:14.798Z</time>
      </trkpt>
      <trkpt lat="50.760559" lon="17.788412">
        <ele>143.839139</ele>
        <time>2025-06-12T18:52:16.757Z</time>
      </trkpt>
      <trkpt lat="50.760485" lon="17.788484">
        <ele>143.848875</ele>
        <time>2025-06-12T18:52:20.022Z</time>
      </trkpt>
      <trkpt lat="50.760442" lon="17.788420">
        <ele>143.855492</ele>
        <time>2025-06-12T18:52:27.324Z</time>
      </trkpt>
      <trkpt lat="50.758910" lon="17.786265">
        <ele>144.530434</ele>
        <time>2025-06-12T18:53:49.928Z</time>
      </trkpt>
      <trkpt lat="50.758896" lon="17.786289">
        <ele>144.539369</ele>
        <time>2025-06-12T18:53:50.667Z</time>
      </trkpt>
      <trkpt lat="50.758858" lon="17.786343">
        <ele>144.561476</ele>
        <time>2025-06-12T18:53:57.029Z</time>
      </trkpt>
      <trkpt lat="50.758834" lon="17.786386">
        <ele>144.577171</ele>
        <time>2025-06-12T18:53:58.341Z</time>
      </trkpt>
      <trkpt lat="50.758819" lon="17.786379">
        <ele>144.583938</ele>
        <time>2025-06-12T18:53:58.943Z</time>
      </trkpt>
      <trkpt lat="50.758721" lon="17.786544">
        <ele>144.645882</ele>
        <time>2025-06-12T18:54:04.192Z</time>
      </trkpt>
      <trkpt lat="50.758564" lon="17.786514">
        <ele>144.714423</ele>
        <time>2025-06-12T18:54:10.019Z</time>
      </trkpt>
      <trkpt lat="50.758420" lon="17.786818">
        <ele>144.820301</ele>
        <time>2025-06-12T18:54:16.946Z</time>
      </trkpt>
      <trkpt lat="50.758294" lon="17.787454">
        <ele>145.006102</ele>
        <time>2025-06-12T18:54:29.055Z</time>
      </trkpt>
      <trkpt lat="50.758252" lon="17.787673">
        <ele>145.069901</ele>
        <time>2025-06-12T18:54:33.209Z</time>
      </trkpt>
      <trkpt lat="50.758375" lon="17.787446">
        <ele>145.153228</ele>
        <time>2025-06-12T18:54:37.478Z</time>
      </trkpt>
      <trkpt lat="50.758911" lon="17.786513">
        <ele>145.508275</ele>
        <time>2025-06-12T18:54:59.012Z</time>
      </trkpt>
      <trkpt lat="50.759049" lon="17.786282">
        <ele>145.677589</ele>
        <time>2025-06-12T18:55:04.932Z</time>
      </trkpt>
      <trkpt lat="50.758913" lon="17.785976">
        <ele>145.876875</ele>
        <time>2025-06-12T18:55:15.305Z</time>
      </trkpt>
      <trkpt lat="50.758879" lon="17.785900">
        <ele>145.926478</ele>
        <time>2025-06-12T18:55:17.828Z</time>
      </trkpt>
      <trkpt lat="50.758677" lon="17.785728">
        <ele>146.119757</ele>
        <time>2025-06-12T18:55:27.682Z</time>
      </trkpt>
      <trkpt lat="50.758624" lon="17.785647">
        <ele>146.181858</ele>
        <time>2025-06-12T18:55:30.805Z</time>
      </trkpt>
      <trkpt lat="50.758649" lon="17.785462">
        <ele>146.282667</ele>
        <time>2025-06-12T18:55:35.889Z</time>
      </trkpt>
      <trkpt lat="50.758427" lon="17.784873">
        <ele>146.648030</ele>
        <time>2025-06-12T18:55:53.933Z</time>
      </trkpt>
      <trkpt lat="50.758139" lon="17.783956">
        <ele>147.019963</ele>
        <time>2025-06-12T18:56:19.150Z</time>
      </trkpt>
      <trkpt lat="50.758009" lon="17.783727">
        <ele>147.023878</ele>
        <time>2025-06-12T18:56:26.199Z</time>
      </trkpt>
      <trkpt lat="50.757878" lon="17.783591">
        <ele>147.027030</ele>
        <time>2025-06-12T18:56:31.890Z</time>
      </trkpt>
      <trkpt lat="50.757632" lon="17.783185">
        <ele>147.034182</ele>
        <time>2025-06-12T18:56:44.870Z</time>
      </trkpt>
      <trkpt lat="50.757163" lon="17.783341">
        <ele>147.043821</ele>
        <time>2025-06-12T18:57:02.549Z</time>
      </trkpt>
      <trkpt lat="50.756678" lon="17.783432">
        <ele>147.068351</ele>
        <time>2025-06-12T18:57:20.863Z</time>
      </trkpt>
      <trkpt lat="50.756383" lon="17.783553">
        <ele>147.125879</ele>
        <time>2025-06-12T18:57:32.324Z</time>
      </trkpt>
      <trkpt lat="50.755943" lon="17.783832">
        <ele>147.215366</ele>
        <time>2025-06-12T18:57:50.642Z</time>
      </trkpt>
      <trkpt lat="50.755764" lon="17.783982">
        <ele>147.253608</ele>
        <time>2025-06-12T18:57:58.537Z</time>
      </trkpt>
      <trkpt lat="50.755257" lon="17.784528">
        <ele>147.369407</ele>
        <time>2025-06-12T18:58:22.084Z</time>
      </trkpt>
      <trkpt lat="50.754764" lon="17.784996">
        <ele>147.194339</ele>
        <time>2025-06-12T18:58:43.325Z</time>
      </trkpt>
      <trkpt lat="50.754568" lon="17.785101">
        <ele>147.105407</ele>
        <time>2025-06-12T18:58:50.795Z</time>
      </trkpt>
      <trkpt lat="50.753872" lon="17.785759">
        <ele>146.756904</ele>
        <time>2025-06-12T18:59:19.341Z</time>
      </trkpt>
      <trkpt lat="50.753044" lon="17.786351">
        <ele>146.590295</ele>
        <time>2025-06-12T18:59:51.400Z</time>
      </trkpt>
      <trkpt lat="50.751752" lon="17.787189">
        <ele>146.637892</ele>
        <time>2025-06-12T19:00:44.545Z</time>
      </trkpt>
      <trkpt lat="50.750580" lon="17.787878">
        <ele>147.354901</ele>
        <time>2025-06-12T19:01:35.306Z</time>
      </trkpt>
      <trkpt lat="50.749964" lon="17.788244">
        <ele>147.649884</ele>
        <time>2025-06-12T19:01:52.336Z</time>
      </trkpt>
      <trkpt lat="50.749725" lon="17.788388">
        <ele>147.724995</ele>
        <time>2025-06-12T19:01:58.989Z</time>
      </trkpt>
      <trkpt lat="50.749198" lon="17.788705">
        <ele>147.890582</ele>
        <time>2025-06-12T19:02:13.221Z</time>
      </trkpt>
      <trkpt lat="50.748671" lon="17.789047">
        <ele>148.057878</ele>
        <time>2025-06-12T19:02:27.011Z</time>
      </trkpt>
      <trkpt lat="50.747655" lon="17.789820">
        <ele>147.761174</ele>
        <time>2025-06-12T19:02:52.219Z</time>
      </trkpt>
      <trkpt lat="50.747598" lon="17.789861">
        <ele>147.740741</ele>
        <time>2025-06-12T19:02:53.568Z</time>
      </trkpt>
      <trkpt lat="50.747300" lon="17.790069">
        <ele>147.634450</ele>
        <time>2025-06-12T19:03:00.592Z</time>
      </trkpt>
      <trkpt lat="50.747175" lon="17.790118">
        <ele>147.592430</ele>
        <time>2025-06-12T19:03:03.378Z</time>
      </trkpt>
      <trkpt lat="50.746037" lon="17.790336">
        <ele>147.279506</ele>
        <time>2025-06-12T19:03:28.732Z</time>
      </trkpt>
      <trkpt lat="50.745939" lon="17.790323">
        <ele>147.254265</ele>
        <time>2025-06-12T19:03:31.008Z</time>
      </trkpt>
      <trkpt lat="50.745860" lon="17.790271">
        <ele>147.232300</ele>
        <time>2025-06-12T19:03:32.991Z</time>
      </trkpt>
      <trkpt lat="50.745651" lon="17.790195">
        <ele>147.177256</ele>
        <time>2025-06-12T19:03:37.943Z</time>
      </trkpt>
      <trkpt lat="50.745548" lon="17.790082">
        <ele>147.145075</ele>
        <time>2025-06-12T19:03:40.845Z</time>
      </trkpt>
      <trkpt lat="50.745645" lon="17.789901">
        <ele>147.106553</ele>
        <time>2025-06-12T19:03:44.184Z</time>
      </trkpt>
      <trkpt lat="50.745675" lon="17.789796">
        <ele>147.087843</ele>
        <time>2025-06-12T19:03:45.831Z</time>
      </trkpt>
      <trkpt lat="50.745801" lon="17.788027">
        <ele>146.952221</ele>
        <time>2025-06-12T19:04:10.136Z</time>
      </trkpt>
      <trkpt lat="50.744829" lon="17.788120">
        <ele>146.895753</ele>
        <time>2025-06-12T19:04:32.579Z</time>
      </trkpt>
      <trkpt lat="50.744704" lon="17.788186">
        <ele>146.920952</ele>
        <time>2025-06-12T19:04:35.684Z</time>
      </trkpt>
      <trkpt lat="50.744669" lon="17.788266">
        <ele>146.932719</ele>
        <time>2025-06-12T19:04:37.128Z</time>
      </trkpt>
      <trkpt lat="50.744531" lon="17.788399">
        <ele>146.963625</ele>
        <time>2025-06-12T19:04:40.972Z</time>
      </trkpt>
      <trkpt lat="50.744186" lon="17.788534">
        <ele>147.031582</ele>
        <time>2025-06-12T19:04:49.641Z</time>
      </trkpt>
      <trkpt lat="50.743074" lon="17.788896">
        <ele>147.219955</ele>
        <time>2025-06-12T19:05:17.690Z</time>
      </trkpt>
      <trkpt lat="50.742033" lon="17.789226">
        <ele>147.248165</ele>
        <time>2025-06-12T19:05:42.280Z</time>
      </trkpt>
      <trkpt lat="50.741376" lon="17.789440">
        <ele>147.245847</ele>
        <time>2025-06-12T19:05:57.768Z</time>
      </trkpt>
      <trkpt lat="50.740908" lon="17.789575">
        <ele>147.170004</ele>
        <time>2025-06-12T19:06:08.609Z</time>
      </trkpt>
      <trkpt lat="50.740027" lon="17.789870">
        <ele>147.026434</ele>
        <time>2025-06-12T19:06:28.876Z</time>
      </trkpt>
      <trkpt lat="50.739438" lon="17.790072">
        <ele>146.998626</ele>
        <time>2025-06-12T19:06:42.484Z</time>
      </trkpt>
      <trkpt lat="50.739410" lon="17.790008">
        <ele>147.002424</ele>
        <time>2025-06-12T19:06:43.531Z</time>
      </trkpt>
      <trkpt lat="50.739241" lon="17.789645">
        <ele>147.024416</ele>
        <time>2025-06-12T19:06:49.971Z</time>
      </trkpt>
      <trkpt lat="50.738776" lon="17.788784">
        <ele>147.079657</ele>
        <time>2025-06-12T19:07:06.866Z</time>
      </trkpt>
      <trkpt lat="50.738732" lon="17.788589">
        <ele>147.089760</ele>
        <time>2025-06-12T19:07:09.925Z</time>
      </trkpt>
      <trkpt lat="50.738724" lon="17.787886">
        <ele>147.104052</ele>
        <time>2025-06-12T19:07:20.431Z</time>
      </trkpt>
      <trkpt lat="50.738702" lon="17.783712">
        <ele>147.000110</ele>
        <time>2025-06-12T19:08:18.029Z</time>
      </trkpt>
      <trkpt lat="50.738692" lon="17.781591">
        <ele>147.173956</ele>
        <time>2025-06-12T19:08:49.601Z</time>
      </trkpt>
      <trkpt lat="50.738658" lon="17.773749">
        <ele>148.293585</ele>
        <time>2025-06-12T19:10:46.281Z</time>
      </trkpt>
      <trkpt lat="50.738625" lon="17.773503">
        <ele>148.257614</ele>
        <time>2025-06-12T19:10:49.761Z</time>
      </trkpt>
      <trkpt lat="50.738565" lon="17.773306">
        <ele>148.226342</ele>
        <time>2025-06-12T19:10:52.757Z</time>
      </trkpt>
      <trkpt lat="50.735679" lon="17.768862">
        <ele>147.010742</ele>
        <time>2025-06-12T19:12:18.507Z</time>
      </trkpt>
      <trkpt lat="50.735423" lon="17.768532">
        <ele>146.900682</ele>
        <time>2025-06-12T19:12:25.374Z</time>
      </trkpt>
      <trkpt lat="50.734809" lon="17.767944">
        <ele>146.699473</ele>
        <time>2025-06-12T19:12:40.714Z</time>
      </trkpt>
      <trkpt lat="50.734717" lon="17.767863">
        <ele>146.743978</ele>
        <time>2025-06-12T19:12:43.000Z</time>
      </trkpt>
      <trkpt lat="50.734325" lon="17.767570">
        <ele>146.927226</ele>
        <time>2025-06-12T19:12:52.674Z</time>
      </trkpt>
      <trkpt lat="50.731867" lon="17.766246">
        <ele>148.680656</ele>
        <time>2025-06-12T19:13:59.841Z</time>
      </trkpt>
      <trkpt lat="50.726096" lon="17.763047">
        <ele>157.107474</ele>
        <time>2025-06-12T19:17:00.395Z</time>
      </trkpt>
      <trkpt lat="50.724596" lon="17.762171">
        <ele>158.476865</ele>
        <time>2025-06-12T19:17:43.799Z</time>
      </trkpt>
      <trkpt lat="50.724452" lon="17.762130">
        <ele>158.366594</ele>
        <time>2025-06-12T19:17:47.241Z</time>
      </trkpt>
      <trkpt lat="50.723653" lon="17.762126">
        <ele>157.764444</ele>
        <time>2025-06-12T19:18:03.875Z</time>
      </trkpt>
      <trkpt lat="50.723251" lon="17.762039">
        <ele>157.458656</ele>
        <time>2025-06-12T19:18:11.658Z</time>
      </trkpt>
      <trkpt lat="50.722609" lon="17.761700">
        <ele>156.716898</ele>
        <time>2025-06-12T19:18:24.087Z</time>
      </trkpt>
      <trkpt lat="50.721973" lon="17.761364">
        <ele>155.753037</ele>
        <time>2025-06-12T19:18:36.503Z</time>
      </trkpt>
      <trkpt lat="50.721993" lon="17.761287">
        <ele>155.677307</ele>
        <time>2025-06-12T19:18:40.153Z</time>
      </trkpt>
      <trkpt lat="50.722026" lon="17.761124">
        <ele>155.521594</ele>
        <time>2025-06-12T19:18:47.698Z</time>
      </trkpt>
      <trkpt lat="50.721971" lon="17.761092">
        <ele>155.437354</ele>
        <time>2025-06-12T19:18:51.802Z</time>
      </trkpt>
      <trkpt lat="50.722042" lon="17.760793">
        <ele>155.146786</ele>
        <time>2025-06-12T19:18:55.777Z</time>
      </trkpt>
      <trkpt lat="50.721922" lon="17.760737">
        <ele>154.966947</ele>
        <time>2025-06-12T19:18:58.251Z</time>
      </trkpt>
      <trkpt lat="50.720978" lon="17.760303">
        <ele>154.485384</ele>
        <time>2025-06-12T19:19:18.563Z</time>
      </trkpt>
      <trkpt lat="50.720771" lon="17.760214">
        <ele>154.446769</ele>
        <time>2025-06-12T19:19:23.233Z</time>
      </trkpt>
      <trkpt lat="50.718295" lon="17.758975">
        <ele>154.737197</ele>
        <time>2025-06-12T19:20:23.966Z</time>
      </trkpt>
      <trkpt lat="50.715060" lon="17.757446">
        <ele>156.152866</ele>
        <time>2025-06-12T19:21:45.576Z</time>
      </trkpt>
      <trkpt lat="50.711534" lon="17.755583">
        <ele>159.117355</ele>
        <time>2025-06-12T19:23:24.531Z</time>
      </trkpt>
      <trkpt lat="50.711004" lon="17.755242">
        <ele>159.531952</ele>
        <time>2025-06-12T19:23:38.742Z</time>
      </trkpt>
      <trkpt lat="50.708707" lon="17.753175">
        <ele>161.226042</ele>
        <time>2025-06-12T19:24:47.018Z</time>
      </trkpt>
      <trkpt lat="50.705024" lon="17.749866">
        <ele>162.442640</ele>
        <time>2025-06-12T19:26:27.168Z</time>
      </trkpt>
      <trkpt lat="50.704640" lon="17.749532">
        <ele>162.325865</ele>
        <time>2025-06-12T19:26:36.658Z</time>
      </trkpt>
      <trkpt lat="50.703440" lon="17.748444">
        <ele>161.961833</ele>
        <time>2025-06-12T19:27:05.826Z</time>
      </trkpt>
      <trkpt lat="50.703343" lon="17.748344">
        <ele>161.934792</ele>
        <time>2025-06-12T19:27:08.276Z</time>
      </trkpt>
      <trkpt lat="50.702778" lon="17.747839">
        <ele>161.783244</ele>
        <time>2025-06-12T19:27:22.284Z</time>
      </trkpt>
      <trkpt lat="50.702395" lon="17.747589">
        <ele>161.686505</ele>
        <time>2025-06-12T19:27:31.419Z</time>
      </trkpt>
      <trkpt lat="50.702269" lon="17.747562">
        <ele>161.656824</ele>
        <time>2025-06-12T19:27:34.227Z</time>
      </trkpt>
      <trkpt lat="50.702169" lon="17.747588">
        <ele>161.633168</ele>
        <time>2025-06-12T19:27:36.444Z</time>
      </trkpt>
      <trkpt lat="50.701467" lon="17.748116">
        <ele>161.192874</ele>
        <time>2025-06-12T19:27:53.265Z</time>
      </trkpt>
      <trkpt lat="50.700648" lon="17.748509">
        <ele>160.571229</ele>
        <time>2025-06-12T19:28:10.250Z</time>
      </trkpt>
      <trkpt lat="50.700071" lon="17.748899">
        <ele>160.141289</ele>
        <time>2025-06-12T19:28:22.816Z</time>
      </trkpt>
      <trkpt lat="50.700017" lon="17.748898">
        <ele>160.108721</ele>
        <time>2025-06-12T19:28:23.913Z</time>
      </trkpt>
      <trkpt lat="50.699302" lon="17.747370">
        <ele>159.383061</ele>
        <time>2025-06-12T19:28:48.967Z</time>
      </trkpt>
      <trkpt lat="50.699956" lon="17.746629">
        <ele>158.856922</ele>
        <time>2025-06-12T19:29:06.033Z</time>
      </trkpt>
      <trkpt lat="50.700169" lon="17.746226">
        <ele>158.627885</ele>
        <time>2025-06-12T19:29:12.828Z</time>
      </trkpt>
      <trkpt lat="50.700631" lon="17.744831">
        <ele>157.939059</ele>
        <time>2025-06-12T19:29:33.061Z</time>
      </trkpt>
      <trkpt lat="50.701146" lon="17.743258">
        <ele>156.700533</ele>
        <time>2025-06-12T19:29:55.257Z</time>
      </trkpt>
      <trkpt lat="50.701204" lon="17.743021">
        <ele>156.522821</ele>
        <time>2025-06-12T19:29:58.337Z</time>
      </trkpt>
      <trkpt lat="50.701532" lon="17.741379">
        <ele>155.628343</ele>
        <time>2025-06-12T19:30:19.481Z</time>
      </trkpt>
      <trkpt lat="50.701747" lon="17.740425">
        <ele>155.263275</ele>
        <time>2025-06-12T19:30:32.735Z</time>
      </trkpt>
      <trkpt lat="50.701934" lon="17.739859">
        <ele>155.033122</ele>
        <time>2025-06-12T19:30:41.690Z</time>
      </trkpt>
      <trkpt lat="50.702234" lon="17.739051">
        <ele>155.106644</ele>
        <time>2025-06-12T19:30:55.880Z</time>
      </trkpt>
      <trkpt lat="50.702363" lon="17.738767">
        <ele>155.197809</ele>
        <time>2025-06-12T19:31:01.335Z</time>
      </trkpt>
      <trkpt lat="50.704366" lon="17.736102">
        <ele>156.454664</ele>
        <time>2025-06-12T19:32:05.831Z</time>
      </trkpt>
      <trkpt lat="50.704368" lon="17.736099">
        <ele>156.456136</ele>
        <time>2025-06-12T19:32:05.896Z</time>
      </trkpt>
      <trkpt lat="50.704559" lon="17.735831">
        <ele>156.592512</ele>
        <time>2025-06-12T19:32:12.482Z</time>
      </trkpt>
      <trkpt lat="50.704655" lon="17.735640">
        <ele>156.672717</ele>
        <time>2025-06-12T19:32:16.474Z</time>
      </trkpt>
      <trkpt lat="50.705428" lon="17.733401">
        <ele>157.487049</ele>
        <time>2025-06-12T19:32:56.866Z</time>
      </trkpt>
      <trkpt lat="50.705670" lon="17.732426">
        <ele>157.630492</ele>
        <time>2025-06-12T19:33:12.132Z</time>
      </trkpt>
      <trkpt lat="50.705731" lon="17.732173">
        <ele>157.657922</ele>
        <time>2025-06-12T19:33:16.008Z</time>
      </trkpt>
      <trkpt lat="50.706329" lon="17.729807">
        <ele>157.846686</ele>
        <time>2025-06-12T19:33:52.890Z</time>
      </trkpt>
      <trkpt lat="50.706396" lon="17.729447">
        <ele>157.854232</ele>
        <time>2025-06-12T19:33:58.533Z</time>
      </trkpt>
      <trkpt lat="50.706411" lon="17.728797">
        <ele>157.867312</ele>
        <time>2025-06-12T19:34:08.051Z</time>
      </trkpt>
      <trkpt lat="50.706342" lon="17.728194">
        <ele>157.879635</ele>
        <time>2025-06-12T19:34:16.692Z</time>
      </trkpt>
      <trkpt lat="50.706239" lon="17.727778">
        <ele>157.858588</ele>
        <time>2025-06-12T19:34:22.860Z</time>
      </trkpt>
      <trkpt lat="50.705541" lon="17.725458">
        <ele>157.131057</ele>
        <time>2025-06-12T19:34:56.662Z</time>
      </trkpt>
      <trkpt lat="50.705247" lon="17.724944">
        <ele>157.068307</ele>
        <time>2025-06-12T19:35:05.877Z</time>
      </trkpt>
      <trkpt lat="50.705180" lon="17.724680">
        <ele>157.060729</ele>
        <time>2025-06-12T19:35:09.729Z</time>
      </trkpt>
      <trkpt lat="50.705164" lon="17.724418">
        <ele>157.053716</ele>
        <time>2025-06-12T19:35:13.312Z</time>
      </trkpt>
      <trkpt lat="50.706390" lon="17.717637">
        <ele>157.001224</ele>
        <time>2025-06-12T19:36:53.925Z</time>
      </trkpt>
      <trkpt lat="50.706960" lon="17.714517">
        <ele>157.054193</ele>
        <time>2025-06-12T19:37:40.250Z</time>
      </trkpt>
      <trkpt lat="50.707094" lon="17.714019">
        <ele>157.041229</ele>
        <time>2025-06-12T19:37:47.785Z</time>
      </trkpt>
      <trkpt lat="50.707344" lon="17.713348">
        <ele>157.022577</ele>
        <time>2025-06-12T19:37:58.124Z</time>
      </trkpt>
      <trkpt lat="50.707178" lon="17.713300">
        <ele>157.016193</ele>
        <time>2025-06-12T19:38:04.190Z</time>
      </trkpt>
      <trkpt lat="50.706792" lon="17.713289">
        <ele>157.001587</ele>
        <time>2025-06-12T19:38:18.194Z</time>
      </trkpt>
      <trkpt lat="50.706630" lon="17.713251">
        <ele>156.995391</ele>
        <time>2025-06-12T19:38:24.202Z</time>
      </trkpt>
      <trkpt lat="50.705655" lon="17.713056">
        <ele>158.131879</ele>
        <time>2025-06-12T19:39:03.956Z</time>
      </trkpt>
      <trkpt lat="50.704490" lon="17.712924">
        <ele>159.950546</ele>
        <time>2025-06-12T19:40:00.563Z</time>
      </trkpt>
      <trkpt lat="50.704303" lon="17.712931">
        <ele>160.266662</ele>
        <time>2025-06-12T19:40:09.756Z</time>
      </trkpt>
      <trkpt lat="50.703924" lon="17.712847">
        <ele>160.913446</ele>
        <time>2025-06-12T19:40:28.090Z</time>
      </trkpt>
      <trkpt lat="50.702701" lon="17.712720">
        <ele>162.889579</ele>
        <time>2025-06-12T19:41:22.517Z</time>
      </trkpt>
      <trkpt lat="50.702303" lon="17.712641">
        <ele>163.215737</ele>
        <time>2025-06-12T19:41:38.998Z</time>
      </trkpt>
      <trkpt lat="50.701104" lon="17.712558">
        <ele>164.191570</ele>
        <time>2025-06-12T19:42:25.637Z</time>
      </trkpt>
      <trkpt lat="50.700358" lon="17.712422">
        <ele>166.315375</ele>
        <time>2025-06-12T19:42:59.061Z</time>
      </trkpt>
      <trkpt lat="50.698826" lon="17.712258">
        <ele>171.887289</ele>
        <time>2025-06-12T19:44:28.388Z</time>
      </trkpt>
      <trkpt lat="50.696935" lon="17.712158">
        <ele>180.535097</ele>
        <time>2025-06-12T19:46:31.405Z</time>
      </trkpt>
      <trkpt lat="50.695650" lon="17.712108">
        <ele>184.333200</ele>
        <time>2025-06-12T19:47:32.653Z</time>
      </trkpt>
      <trkpt lat="50.693222" lon="17.712012">
        <ele>185.066789</ele>
        <time>2025-06-12T19:49:10.033Z</time>
      </trkpt>
      <trkpt lat="50.692371" lon="17.702078">
        <ele>177.303133</ele>
        <time>2025-06-12T19:52:43.634Z</time>
      </trkpt>
      <trkpt lat="50.692327" lon="17.702044">
        <ele>177.234572</ele>
        <time>2025-06-12T19:52:45.267Z</time>
      </trkpt>
      <trkpt lat="50.691590" lon="17.701441">
        <ele>175.976002</ele>
        <time>2025-06-12T19:53:13.235Z</time>
      </trkpt>
      <trkpt lat="50.691446" lon="17.701066">
        <ele>175.545465</ele>
        <time>2025-06-12T19:53:22.575Z</time>
      </trkpt>
      <trkpt lat="50.690770" lon="17.698924">
        <ele>172.743390</ele>
        <time>2025-06-12T19:54:12.729Z</time>
      </trkpt>
      <trkpt lat="50.690591" lon="17.698433">
        <ele>171.933152</ele>
        <time>2025-06-12T19:54:24.226Z</time>
      </trkpt>
      <trkpt lat="50.690454" lon="17.698100">
        <ele>171.365253</ele>
        <time>2025-06-12T19:54:32.299Z</time>
      </trkpt>
      <trkpt lat="50.689875" lon="17.697091">
        <ele>169.354792</ele>
        <time>2025-06-12T19:54:59.292Z</time>
      </trkpt>
      <trkpt lat="50.689681" lon="17.696790">
        <ele>168.685721</ele>
        <time>2025-06-12T19:55:07.658Z</time>
      </trkpt>
      <trkpt lat="50.689251" lon="17.696046">
        <ele>167.116470</ele>
        <time>2025-06-12T19:55:27.673Z</time>
      </trkpt>
      <trkpt lat="50.688965" lon="17.695608">
        <ele>166.136351</ele>
        <time>2025-06-12T19:55:40.488Z</time>
      </trkpt>
      <trkpt lat="50.688186" lon="17.694551">
        <ele>164.928021</ele>
        <time>2025-06-12T19:56:15.146Z</time>
      </trkpt>
      <trkpt lat="50.688185" lon="17.693920">
        <ele>164.564312</ele>
        <time>2025-06-12T19:56:29.724Z</time>
      </trkpt>
      <trkpt lat="50.688228" lon="17.693512">
        <ele>164.325910</ele>
        <time>2025-06-12T19:56:39.247Z</time>
      </trkpt>
      <trkpt lat="50.688376" lon="17.692821">
        <ele>163.874682</ele>
        <time>2025-06-12T19:56:55.789Z</time>
      </trkpt>
      <trkpt lat="50.688297" lon="17.692337">
        <ele>163.531171</ele>
        <time>2025-06-12T19:57:06.923Z</time>
      </trkpt>
      <trkpt lat="50.688115" lon="17.691720">
        <ele>163.063400</ele>
        <time>2025-06-12T19:57:21.781Z</time>
      </trkpt>
      <trkpt lat="50.687910" lon="17.691248">
        <ele>162.670086</ele>
        <time>2025-06-12T19:57:34.001Z</time>
      </trkpt>
      <trkpt lat="50.687223" lon="17.690413">
        <ele>161.786284</ele>
        <time>2025-06-12T19:58:02.869Z</time>
      </trkpt>
      <trkpt lat="50.686585" lon="17.689633">
        <ele>161.040125</ele>
        <time>2025-06-12T19:58:30.628Z</time>
      </trkpt>
      <trkpt lat="50.686306" lon="17.688914">
        <ele>160.546217</ele>
        <time>2025-06-12T19:58:49.777Z</time>
      </trkpt>
      <trkpt lat="50.686149" lon="17.688281">
        <ele>160.300265</ele>
        <time>2025-06-12T19:59:05.276Z</time>
      </trkpt>
      <trkpt lat="50.686048" lon="17.687976">
        <ele>160.199892</ele>
        <time>2025-06-12T19:59:13.170Z</time>
      </trkpt>
      <trkpt lat="50.685568" lon="17.687016">
        <ele>159.843210</ele>
        <time>2025-06-12T19:59:40.983Z</time>
      </trkpt>
      <trkpt lat="50.685178" lon="17.686354">
        <ele>159.472723</ele>
        <time>2025-06-12T20:00:01.511Z</time>
      </trkpt>
      <trkpt lat="50.684967" lon="17.685921">
        <ele>158.923823</ele>
        <time>2025-06-12T20:00:13.805Z</time>
      </trkpt>
      <trkpt lat="50.684654" lon="17.685127">
        <ele>157.984153</ele>
        <time>2025-06-12T20:00:33.875Z</time>
      </trkpt>
      <trkpt lat="50.684446" lon="17.684689">
        <ele>157.434125</ele>
        <time>2025-06-12T20:00:45.115Z</time>
      </trkpt>
      <trkpt lat="50.684165" lon="17.684097">
        <ele>156.671144</ele>
        <time>2025-06-12T20:00:59.818Z</time>
      </trkpt>
      <trkpt lat="50.684118" lon="17.683914">
        <ele>156.423791</ele>
        <time>2025-06-12T20:01:03.720Z</time>
      </trkpt>
      <trkpt lat="50.684016" lon="17.683497">
        <ele>155.863858</ele>
        <time>2025-06-12T20:01:12.569Z</time>
      </trkpt>
      <trkpt lat="50.683971" lon="17.682952">
        <ele>155.175385</ele>
        <time>2025-06-12T20:01:23.535Z</time>
      </trkpt>
      <trkpt lat="50.683852" lon="17.682520">
        <ele>154.585304</ele>
        <time>2025-06-12T20:01:33.141Z</time>
      </trkpt>
      <trkpt lat="50.683827" lon="17.682436">
        <ele>154.469049</ele>
        <time>2025-06-12T20:01:35.077Z</time>
      </trkpt>
      <trkpt lat="50.683716" lon="17.682059">
        <ele>153.948295</ele>
        <time>2025-06-12T20:01:40.273Z</time>
      </trkpt>
      <trkpt lat="50.683493" lon="17.681580">
        <ele>153.215855</ele>
        <time>2025-06-12T20:01:48.068Z</time>
      </trkpt>
      <trkpt lat="50.683333" lon="17.681484">
        <ele>153.253664</ele>
        <time>2025-06-12T20:01:51.785Z</time>
      </trkpt>
      <trkpt lat="50.683137" lon="17.681477">
        <ele>153.296968</ele>
        <time>2025-06-12T20:01:56.132Z</time>
      </trkpt>
      <trkpt lat="50.682932" lon="17.681525">
        <ele>153.342745</ele>
        <time>2025-06-12T20:02:00.826Z</time>
      </trkpt>
      <trkpt lat="50.682476" lon="17.681726">
        <ele>153.447323</ele>
        <time>2025-06-12T20:02:12.169Z</time>
      </trkpt>
      <trkpt lat="50.681963" lon="17.681846">
        <ele>153.561874</ele>
        <time>2025-06-12T20:02:25.943Z</time>
      </trkpt>
      <trkpt lat="50.681876" lon="17.681866">
        <ele>153.581294</ele>
        <time>2025-06-12T20:02:29.660Z</time>
      </trkpt>
      <trkpt lat="50.680893" lon="17.682075">
        <ele>153.947023</ele>
        <time>2025-06-12T20:02:59.506Z</time>
      </trkpt>
      <trkpt lat="50.680304" lon="17.682122">
        <ele>154.178650</ele>
        <time>2025-06-12T20:03:14.283Z</time>
      </trkpt>
      <trkpt lat="50.679966" lon="17.682057">
        <ele>154.312382</ele>
        <time>2025-06-12T20:03:21.267Z</time>
      </trkpt>
      <trkpt lat="50.679788" lon="17.681985">
        <ele>154.284392</ele>
        <time>2025-06-12T20:03:24.895Z</time>
      </trkpt>
      <trkpt lat="50.679428" lon="17.681678">
        <ele>154.201966</ele>
        <time>2025-06-12T20:03:33.201Z</time>
      </trkpt>
      <trkpt lat="50.679113" lon="17.681301">
        <ele>154.122332</ele>
        <time>2025-06-12T20:03:41.452Z</time>
      </trkpt>
      <trkpt lat="50.678986" lon="17.681120">
        <ele>154.087862</ele>
        <time>2025-06-12T20:03:45.474Z</time>
      </trkpt>
      <trkpt lat="50.678942" lon="17.680975">
        <ele>154.067342</ele>
        <time>2025-06-12T20:03:47.983Z</time>
      </trkpt>
      <trkpt lat="50.678930" lon="17.680796">
        <ele>154.044367</ele>
        <time>2025-06-12T20:03:50.946Z</time>
      </trkpt>
      <trkpt lat="50.678983" lon="17.679128">
        <ele>154.482893</ele>
        <time>2025-06-12T20:04:24.013Z</time>
      </trkpt>
      <trkpt lat="50.678887" lon="17.678848">
        <ele>154.654372</ele>
        <time>2025-06-12T20:04:30.623Z</time>
      </trkpt>
      <trkpt lat="50.678133" lon="17.678012">
        <ele>155.437672</ele>
        <time>2025-06-12T20:04:57.095Z</time>
      </trkpt>
      <trkpt lat="50.677800" lon="17.677444">
        <ele>155.383149</ele>
        <time>2025-06-12T20:05:08.992Z</time>
      </trkpt>
      <trkpt lat="50.677089" lon="17.675944">
        <ele>155.105185</ele>
        <time>2025-06-12T20:05:36.803Z</time>
      </trkpt>
      <trkpt lat="50.676458" lon="17.674843">
        <ele>155.534321</ele>
        <time>2025-06-12T20:05:59.270Z</time>
      </trkpt>
      <trkpt lat="50.676258" lon="17.674543">
        <ele>155.704316</ele>
        <time>2025-06-12T20:06:06.811Z</time>
      </trkpt>
      <trkpt lat="50.675826" lon="17.674434">
        <ele>155.973834</ele>
        <time>2025-06-12T20:06:19.495Z</time>
      </trkpt>
      <trkpt lat="50.675418" lon="17.674161">
        <ele>156.432602</ele>
        <time>2025-06-12T20:06:34.131Z</time>
      </trkpt>
      <trkpt lat="50.675357" lon="17.673529">
        <ele>157.300193</ele>
        <time>2025-06-12T20:06:50.142Z</time>
      </trkpt>
      <trkpt lat="50.675297" lon="17.673318">
        <ele>157.614052</ele>
        <time>2025-06-12T20:06:55.952Z</time>
      </trkpt>
      <trkpt lat="50.675152" lon="17.673014">
        <ele>158.130419</ele>
        <time>2025-06-12T20:07:05.423Z</time>
      </trkpt>
      <trkpt lat="50.675143" lon="17.672970">
        <ele>158.193166</ele>
        <time>2025-06-12T20:07:06.514Z</time>
      </trkpt>
      <trkpt lat="50.674873" lon="17.672491">
        <ele>159.063176</ele>
        <time>2025-06-12T20:07:21.770Z</time>
      </trkpt>
      <trkpt lat="50.673567" lon="17.670474">
        <ele>161.189483</ele>
        <time>2025-06-12T20:08:18.936Z</time>
      </trkpt>
      <trkpt lat="50.672428" lon="17.668696">
        <ele>161.576468</ele>
        <time>2025-06-12T20:08:56.115Z</time>
      </trkpt>
      <trkpt lat="50.672290" lon="17.668424">
        <ele>161.582468</ele>
        <time>2025-06-12T20:09:01.451Z</time>
      </trkpt>
      <trkpt lat="50.672077" lon="17.667918">
        <ele>161.592928</ele>
        <time>2025-06-12T20:09:12.243Z</time>
      </trkpt>
      <trkpt lat="50.671809" lon="17.667449">
        <ele>162.196886</ele>
        <time>2025-06-12T20:09:25.957Z</time>
      </trkpt>
      <trkpt lat="50.671536" lon="17.667084">
        <ele>162.751018</ele>
        <time>2025-06-12T20:09:38.601Z</time>
      </trkpt>
      <trkpt lat="50.671071" lon="17.666485">
        <ele>163.680622</ele>
        <time>2025-06-12T20:10:07.038Z</time>
      </trkpt>
      <trkpt lat="50.670441" lon="17.665573">
        <ele>164.482505</ele>
        <time>2025-06-12T20:10:31.364Z</time>
      </trkpt>
      <trkpt lat="50.669363" lon="17.663809">
        <ele>164.899253</ele>
        <time>2025-06-12T20:11:04.900Z</time>
      </trkpt>
      <trkpt lat="50.668944" lon="17.664800">
        <ele>165.176911</ele>
        <time>2025-06-12T20:11:34.771Z</time>
      </trkpt>
      <trkpt lat="50.668729" lon="17.665472">
        <ele>165.352365</ele>
        <time>2025-06-12T20:11:54.103Z</time>
      </trkpt>
      <trkpt lat="50.668674" lon="17.665926">
        <ele>165.460098</ele>
        <time>2025-06-12T20:12:05.863Z</time>
      </trkpt>
      <trkpt lat="50.666829" lon="17.665904">
        <ele>165.502358</ele>
        <time>2025-06-12T20:13:14.825Z</time>
      </trkpt>
      <trkpt lat="50.663909" lon="17.665869">
        <ele>163.491924</ele>
        <time>2025-06-12T20:14:57.367Z</time>
      </trkpt>
      <trkpt lat="50.663807" lon="17.661947">
        <ele>161.340661</ele>
        <time>2025-06-12T20:15:49.371Z</time>
      </trkpt>
      <trkpt lat="50.663753" lon="17.660838">
        <ele>161.173480</ele>
        <time>2025-06-12T20:16:04.897Z</time>
      </trkpt>
      <trkpt lat="50.663502" lon="17.658140">
        <ele>161.053157</ele>
        <time>2025-06-12T20:16:45.066Z</time>
      </trkpt>
      <trkpt lat="50.663435" lon="17.657733">
        <ele>161.093701</ele>
        <time>2025-06-12T20:16:51.458Z</time>
      </trkpt>
      <trkpt lat="50.663291" lon="17.657296">
        <ele>161.141189</ele>
        <time>2025-06-12T20:16:59.005Z</time>
      </trkpt>
      <trkpt lat="50.662523" lon="17.655471">
        <ele>161.347226</ele>
        <time>2025-06-12T20:17:33.023Z</time>
      </trkpt>
      <trkpt lat="50.662429" lon="17.655223">
        <ele>161.373819</ele>
        <time>2025-06-12T20:17:37.446Z</time>
      </trkpt>
      <trkpt lat="50.662405" lon="17.654802">
        <ele>161.412720</ele>
        <time>2025-06-12T20:17:43.850Z</time>
      </trkpt>
      <trkpt lat="50.662615" lon="17.651402">
        <ele>161.567401</ele>
        <time>2025-06-12T20:18:34.067Z</time>
      </trkpt>
      <trkpt lat="50.662608" lon="17.651053">
        <ele>161.576952</ele>
        <time>2025-06-12T20:18:39.353Z</time>
      </trkpt>
      <trkpt lat="50.662562" lon="17.650830">
        <ele>161.610978</ele>
        <time>2025-06-12T20:18:42.923Z</time>
      </trkpt>
      <trkpt lat="50.662439" lon="17.650460">
        <ele>161.675934</ele>
        <time>2025-06-12T20:18:49.339Z</time>
      </trkpt>
      <trkpt lat="50.661271" lon="17.647268">
        <ele>162.117032</ele>
        <time>2025-06-12T20:19:46.864Z</time>
      </trkpt>
      <trkpt lat="50.660681" lon="17.645783">
        <ele>162.206815</ele>
        <time>2025-06-12T20:20:12.339Z</time>
      </trkpt>
      <trkpt lat="50.660576" lon="17.645538">
        <ele>162.206605</ele>
        <time>2025-06-12T20:20:16.529Z</time>
      </trkpt>
      <trkpt lat="50.660469" lon="17.645368">
        <ele>162.206436</ele>
        <time>2025-06-12T20:20:19.911Z</time>
      </trkpt>
      <trkpt lat="50.659960" lon="17.644901">
        <ele>162.205778</ele>
        <time>2025-06-12T20:20:33.171Z</time>
      </trkpt>
      <trkpt lat="50.659493" lon="17.644620">
        <ele>162.205220</ele>
        <time>2025-06-12T20:20:44.922Z</time>
      </trkpt>
      <trkpt lat="50.659262" lon="17.644560">
        <ele>162.288714</ele>
        <time>2025-06-12T20:20:50.748Z</time>
      </trkpt>
      <trkpt lat="50.657683" lon="17.644376">
        <ele>163.441256</ele>
        <time>2025-06-12T20:21:34.253Z</time>
      </trkpt>
      <trkpt lat="50.656889" lon="17.644234">
        <ele>163.841488</ele>
        <time>2025-06-12T20:21:55.452Z</time>
      </trkpt>
      <trkpt lat="50.655870" lon="17.644152">
        <ele>164.319214</ele>
        <time>2025-06-12T20:22:20.937Z</time>
      </trkpt>
      <trkpt lat="50.655596" lon="17.644099">
        <ele>164.331660</ele>
        <time>2025-06-12T20:22:27.622Z</time>
      </trkpt>
      <trkpt lat="50.655513" lon="17.644613">
        <ele>164.289079</ele>
        <time>2025-06-12T20:22:35.398Z</time>
      </trkpt>
      <trkpt lat="50.655471" lon="17.645356">
        <ele>164.229195</ele>
        <time>2025-06-12T20:22:45.921Z</time>
      </trkpt>
      <trkpt lat="50.655428" lon="17.646102">
        <ele>164.169060</ele>
        <time>2025-06-12T20:22:56.123Z</time>
      </trkpt>
      <trkpt lat="50.655338" lon="17.646902">
        <ele>163.948664</ele>
        <time>2025-06-12T20:23:06.822Z</time>
      </trkpt>
      <trkpt lat="50.655211" lon="17.647882">
        <ele>163.368663</ele>
        <time>2025-06-12T20:23:19.457Z</time>
      </trkpt>
      <trkpt lat="50.655060" lon="17.648819">
        <ele>162.808065</ele>
        <time>2025-06-12T20:23:31.428Z</time>
      </trkpt>
      <trkpt lat="50.654962" lon="17.649017">
        <ele>162.662411</ele>
        <time>2025-06-12T20:23:34.577Z</time>
      </trkpt>
      <trkpt lat="50.654666" lon="17.649427">
        <ele>162.454850</ele>
        <time>2025-06-12T20:23:42.533Z</time>
      </trkpt>
      <trkpt lat="50.654567" lon="17.649583">
        <ele>162.434507</ele>
        <time>2025-06-12T20:23:45.421Z</time>
      </trkpt>
      <trkpt lat="50.654457" lon="17.649749">
        <ele>162.412376</ele>
        <time>2025-06-12T20:23:48.583Z</time>
      </trkpt>
      <trkpt lat="50.654177" lon="17.650170">
        <ele>162.356141</ele>
        <time>2025-06-12T20:23:56.776Z</time>
      </trkpt>
      <trkpt lat="50.654029" lon="17.650402">
        <ele>162.325808</ele>
        <time>2025-06-12T20:24:01.367Z</time>
      </trkpt>
      <trkpt lat="50.651148" lon="17.654855">
        <ele>163.624757</ele>
        <time>2025-06-12T20:25:40.106Z</time>
      </trkpt>
      <trkpt lat="50.650904" lon="17.655233">
        <ele>163.746064</ele>
        <time>2025-06-12T20:25:48.452Z</time>
      </trkpt>
      <trkpt lat="50.649351" lon="17.657634">
        <ele>164.299471</ele>
        <time>2025-06-12T20:26:38.159Z</time>
      </trkpt>
      <trkpt lat="50.649290" lon="17.657681">
        <ele>164.336912</ele>
        <time>2025-06-12T20:26:39.800Z</time>
      </trkpt>
      <trkpt lat="50.649379" lon="17.658200">
        <ele>164.524914</ele>
        <time>2025-06-12T20:26:48.242Z</time>
      </trkpt>
      <trkpt lat="50.649175" lon="17.658286">
        <ele>164.641367</ele>
        <time>2025-06-12T20:26:53.641Z</time>
      </trkpt>
      <trkpt lat="50.649102" lon="17.658419">
        <ele>164.702879</ele>
        <time>2025-06-12T20:26:56.539Z</time>
      </trkpt>
      <trkpt lat="50.648447" lon="17.660731">
        <ele>165.598085</ele>
        <time>2025-06-12T20:27:39.046Z</time>
      </trkpt>
      <trkpt lat="50.648340" lon="17.661080">
        <ele>165.736077</ele>
        <time>2025-06-12T20:27:45.024Z</time>
      </trkpt>
      <trkpt lat="50.648172" lon="17.661508">
        <ele>165.915260</ele>
        <time>2025-06-12T20:27:52.543Z</time>
      </trkpt>
      <trkpt lat="50.647766" lon="17.662221">
        <ele>166.056466</ele>
        <time>2025-06-12T20:28:06.094Z</time>
      </trkpt>
      <trkpt lat="50.645521" lon="17.665536">
        <ele>166.153214</ele>
        <time>2025-06-12T20:29:14.231Z</time>
      </trkpt>
      <trkpt lat="50.644581" lon="17.666702">
        <ele>166.814619</ele>
        <time>2025-06-12T20:29:44.063Z</time>
      </trkpt>
      <trkpt lat="50.644565" lon="17.666722">
        <ele>166.827542</ele>
        <time>2025-06-12T20:29:44.607Z</time>
      </trkpt>
      <trkpt lat="50.643095" lon="17.668499">
        <ele>168.144168</ele>
        <time>2025-06-12T20:30:33.681Z</time>
      </trkpt>
      <trkpt lat="50.641823" lon="17.670041">
        <ele>168.994749</ele>
        <time>2025-06-12T20:31:14.807Z</time>
      </trkpt>
      <trkpt lat="50.641663" lon="17.670236">
        <ele>169.065767</ele>
        <time>2025-06-12T20:31:19.396Z</time>
      </trkpt>
      <trkpt lat="50.641273" lon="17.670618">
        <ele>169.227007</ele>
        <time>2025-06-12T20:31:29.602Z</time>
      </trkpt>
      <trkpt lat="50.640707" lon="17.671047">
        <ele>169.361743</ele>
        <time>2025-06-12T20:31:43.340Z</time>
      </trkpt>
      <trkpt lat="50.639831" lon="17.671606">
        <ele>169.490509</ele>
        <time>2025-06-12T20:32:04.939Z</time>
      </trkpt>
      <trkpt lat="50.638649" lon="17.672398">
        <ele>169.612271</ele>
        <time>2025-06-12T20:32:35.563Z</time>
      </trkpt>
      <trkpt lat="50.638438" lon="17.672596">
        <ele>169.629977</ele>
        <time>2025-06-12T20:32:41.056Z</time>
      </trkpt>
      <trkpt lat="50.637377" lon="17.673831">
        <ele>169.497743</ele>
        <time>2025-06-12T20:33:09.677Z</time>
      </trkpt>
      <trkpt lat="50.637183" lon="17.674058">
        <ele>169.422954</ele>
        <time>2025-06-12T20:33:14.837Z</time>
      </trkpt>
      <trkpt lat="50.636923" lon="17.674432">
        <ele>169.313999</ele>
        <time>2025-06-12T20:33:22.316Z</time>
      </trkpt>
      <trkpt lat="50.636663" lon="17.674980">
        <ele>169.179627</ele>
        <time>2025-06-12T20:33:31.579Z</time>
      </trkpt>
      <trkpt lat="50.636419" lon="17.675707">
        <ele>169.016916</ele>
        <time>2025-06-12T20:33:42.681Z</time>
      </trkpt>
      <trkpt lat="50.634675" lon="17.680761">
        <ele>167.837077</ele>
        <time>2025-06-12T20:35:00.666Z</time>
      </trkpt>
      <trkpt lat="50.634456" lon="17.681585">
        <ele>167.581822</ele>
        <time>2025-06-12T20:35:12.673Z</time>
      </trkpt>
      <trkpt lat="50.634430" lon="17.681701">
        <ele>167.546671</ele>
        <time>2025-06-12T20:35:14.312Z</time>
      </trkpt>
      <trkpt lat="50.633899" lon="17.683958">
        <ele>166.749006</ele>
        <time>2025-06-12T20:35:46.012Z</time>
      </trkpt>
      <trkpt lat="50.633825" lon="17.684365">
        <ele>166.589766</ele>
        <time>2025-06-12T20:35:51.563Z</time>
      </trkpt>
      <trkpt lat="50.633790" lon="17.684838">
        <ele>166.410660</ele>
        <time>2025-06-12T20:35:57.773Z</time>
      </trkpt>
      <trkpt lat="50.633778" lon="17.685821">
        <ele>166.099305</ele>
        <time>2025-06-12T20:36:10.694Z</time>
      </trkpt>
      <trkpt lat="50.633754" lon="17.686123">
        <ele>166.052533</ele>
        <time>2025-06-12T20:36:14.716Z</time>
      </trkpt>
      <trkpt lat="50.633519" lon="17.687384">
        <ele>165.850561</ele>
        <time>2025-06-12T20:36:32.368Z</time>
      </trkpt>
      <trkpt lat="50.633434" lon="17.687632">
        <ele>165.807242</ele>
        <time>2025-06-12T20:36:36.276Z</time>
      </trkpt>
      <trkpt lat="50.633327" lon="17.687746">
        <ele>165.775954</ele>
        <time>2025-06-12T20:36:39.144Z</time>
      </trkpt>
      <trkpt lat="50.633257" lon="17.687774">
        <ele>165.758457</ele>
        <time>2025-06-12T20:36:40.785Z</time>
      </trkpt>
      <trkpt lat="50.633070" lon="17.687762">
        <ele>165.713113</ele>
        <time>2025-06-12T20:36:45.036Z</time>
      </trkpt>
      <trkpt lat="50.630555" lon="17.686972">
        <ele>166.685418</ele>
        <time>2025-06-12T20:37:47.206Z</time>
      </trkpt>
      <trkpt lat="50.628543" lon="17.686339">
        <ele>168.005415</ele>
        <time>2025-06-12T20:38:38.676Z</time>
      </trkpt>
      <trkpt lat="50.628399" lon="17.686295">
        <ele>168.121927</ele>
        <time>2025-06-12T20:38:42.629Z</time>
      </trkpt>
      <trkpt lat="50.627543" lon="17.686082">
        <ele>168.921720</ele>
        <time>2025-06-12T20:39:06.430Z</time>
      </trkpt>
      <trkpt lat="50.626840" lon="17.686030">
        <ele>169.882065</ele>
        <time>2025-06-12T20:39:26.837Z</time>
      </trkpt>
      <trkpt lat="50.626440" lon="17.685975">
        <ele>170.429964</ele>
        <time>2025-06-12T20:39:38.548Z</time>
      </trkpt>
      <trkpt lat="50.626223" lon="17.685846">
        <ele>170.746432</ele>
        <time>2025-06-12T20:39:45.396Z</time>
      </trkpt>
      <trkpt lat="50.625614" lon="17.685328">
        <ele>171.600722</ele>
        <time>2025-06-12T20:40:06.214Z</time>
      </trkpt>
      <trkpt lat="50.625297" lon="17.685213">
        <ele>171.975879</ele>
        <time>2025-06-12T20:40:15.896Z</time>
      </trkpt>
      <trkpt lat="50.624934" lon="17.685206">
        <ele>172.394562</ele>
        <time>2025-06-12T20:40:26.510Z</time>
      </trkpt>
      <trkpt lat="50.624003" lon="17.685457">
        <ele>173.115188</ele>
        <time>2025-06-12T20:40:51.207Z</time>
      </trkpt>
      <trkpt lat="50.623761" lon="17.685434">
        <ele>173.051225</ele>
        <time>2025-06-12T20:40:56.734Z</time>
      </trkpt>
      <trkpt lat="50.622391" lon="17.684773">
        <ele>172.718461</ele>
        <time>2025-06-12T20:41:26.346Z</time>
      </trkpt>
      <trkpt lat="50.622196" lon="17.684713">
        <ele>172.731793</ele>
        <time>2025-06-12T20:41:30.376Z</time>
      </trkpt>
      <trkpt lat="50.621811" lon="17.684681">
        <ele>172.757663</ele>
        <time>2025-06-12T20:41:38.450Z</time>
      </trkpt>
      <trkpt lat="50.621327" lon="17.684729">
        <ele>172.790204</ele>
        <time>2025-06-12T20:41:49.109Z</time>
      </trkpt>
      <trkpt lat="50.619701" lon="17.684997">
        <ele>173.953133</ele>
        <time>2025-06-12T20:42:32.819Z</time>
      </trkpt>
      <trkpt lat="50.618936" lon="17.685105">
        <ele>174.791526</ele>
        <time>2025-06-12T20:42:54.737Z</time>
      </trkpt>
      <trkpt lat="50.618765" lon="17.685064">
        <ele>175.136941</ele>
        <time>2025-06-12T20:42:59.872Z</time>
      </trkpt>
      <trkpt lat="50.618285" lon="17.684803">
        <ele>176.150941</ele>
        <time>2025-06-12T20:43:15.386Z</time>
      </trkpt>
      <trkpt lat="50.615499" lon="17.683129">
        <ele>182.514415</ele>
        <time>2025-06-12T20:44:56.369Z</time>
      </trkpt>
      <trkpt lat="50.613499" lon="17.681951">
        <ele>185.675506</ele>
        <time>2025-06-12T20:46:00.919Z</time>
      </trkpt>
      <trkpt lat="50.612608" lon="17.681576">
        <ele>186.334516</ele>
        <time>2025-06-12T20:46:24.125Z</time>
      </trkpt>
      <trkpt lat="50.610229" lon="17.680707">
        <ele>185.802071</ele>
        <time>2025-06-12T20:47:18.652Z</time>
      </trkpt>
      <trkpt lat="50.608766" lon="17.680335">
        <ele>181.846435</ele>
        <time>2025-06-12T20:47:44.344Z</time>
      </trkpt>
      <trkpt lat="50.608172" lon="17.680019">
        <ele>179.879267</ele>
        <time>2025-06-12T20:47:54.409Z</time>
      </trkpt>
      <trkpt lat="50.607901" lon="17.679871">
        <ele>178.941867</ele>
        <time>2025-06-12T20:47:59.026Z</time>
      </trkpt>
      <trkpt lat="50.607509" lon="17.679636">
        <ele>177.571101</ele>
        <time>2025-06-12T20:48:06.000Z</time>
      </trkpt>
      <trkpt lat="50.607104" lon="17.679258">
        <ele>176.032659</ele>
        <time>2025-06-12T20:48:14.464Z</time>
      </trkpt>
      <trkpt lat="50.606839" lon="17.680027">
        <ele>175.468062</ele>
        <time>2025-06-12T20:48:25.295Z</time>
      </trkpt>
      <trkpt lat="50.606343" lon="17.681339">
        <ele>175.159210</ele>
        <time>2025-06-12T20:48:47.386Z</time>
      </trkpt>
      <trkpt lat="50.606089" lon="17.681802">
        <ele>175.035437</ele>
        <time>2025-06-12T20:48:56.421Z</time>
      </trkpt>
      <trkpt lat="50.605851" lon="17.682119">
        <ele>175.161717</ele>
        <time>2025-06-12T20:49:03.908Z</time>
      </trkpt>
      <trkpt lat="50.605639" lon="17.682432">
        <ele>175.291670</ele>
        <time>2025-06-12T20:49:10.872Z</time>
      </trkpt>
      <trkpt lat="50.605137" lon="17.683297">
        <ele>175.624419</ele>
        <time>2025-06-12T20:49:28.633Z</time>
      </trkpt>
      <trkpt lat="50.605136" lon="17.683298">
        <ele>175.624949</ele>
        <time>2025-06-12T20:49:28.650Z</time>
      </trkpt>
      <trkpt lat="50.604751" lon="17.684083">
        <ele>176.066837</ele>
        <time>2025-06-12T20:49:44.939Z</time>
      </trkpt>
      <trkpt lat="50.604465" lon="17.684913">
        <ele>176.931155</ele>
        <time>2025-06-12T20:50:01.552Z</time>
      </trkpt>
      <trkpt lat="50.604293" lon="17.685586">
        <ele>177.595126</ele>
        <time>2025-06-12T20:50:15.418Z</time>
      </trkpt>
      <trkpt lat="50.603811" lon="17.688237">
        <ele>180.546663</ele>
        <time>2025-06-12T20:51:11.463Z</time>
      </trkpt>
      <trkpt lat="50.603799" lon="17.688587">
        <ele>180.948611</ele>
        <time>2025-06-12T20:51:18.216Z</time>
      </trkpt>
      <trkpt lat="50.603834" lon="17.688850">
        <ele>181.256765</ele>
        <time>2025-06-12T20:51:23.358Z</time>
      </trkpt>
      <trkpt lat="50.604257" lon="17.690041">
        <ele>182.877416</ele>
        <time>2025-06-12T20:51:49.360Z</time>
      </trkpt>
      <trkpt lat="50.604571" lon="17.690884">
        <ele>184.052755</ele>
        <time>2025-06-12T20:52:09.012Z</time>
      </trkpt>
      <trkpt lat="50.604724" lon="17.691360">
        <ele>184.694335</ele>
        <time>2025-06-12T20:52:20.587Z</time>
      </trkpt>
      <trkpt lat="50.604791" lon="17.691616">
        <ele>185.027305</ele>
        <time>2025-06-12T20:52:26.784Z</time>
      </trkpt>
      <trkpt lat="50.605001" lon="17.692864">
        <ele>186.707898</ele>
        <time>2025-06-12T20:52:53.313Z</time>
      </trkpt>
      <trkpt lat="50.605079" lon="17.693133">
        <ele>187.094001</ele>
        <time>2025-06-12T20:52:59.285Z</time>
      </trkpt>
      <trkpt lat="50.605376" lon="17.693915">
        <ele>188.283756</ele>
        <time>2025-06-12T20:53:18.289Z</time>
      </trkpt>
      <trkpt lat="50.605393" lon="17.693967">
        <ele>188.360120</ele>
        <time>2025-06-12T20:53:19.515Z</time>
      </trkpt>
      <trkpt lat="50.605038" lon="17.694337">
        <ele>189.090180</ele>
        <time>2025-06-12T20:53:33.212Z</time>
      </trkpt>
      <trkpt lat="50.604887" lon="17.694555">
        <ele>189.375310</ele>
        <time>2025-06-12T20:53:39.318Z</time>
      </trkpt>
      <trkpt lat="50.604781" lon="17.694617">
        <ele>189.532725</ele>
        <time>2025-06-12T20:53:44.428Z</time>
      </trkpt>
      <trkpt lat="50.604544" lon="17.695021">
        <ele>190.018834</ele>
        <time>2025-06-12T20:54:00.432Z</time>
      </trkpt>
      <trkpt lat="50.604423" lon="17.695328">
        <ele>190.338152</ele>
        <time>2025-06-12T20:54:11.080Z</time>
      </trkpt>
      <trkpt lat="50.603502" lon="17.698433">
        <ele>192.150891</ele>
        <time>2025-06-12T20:55:39.686Z</time>
      </trkpt>
      <trkpt lat="50.603268" lon="17.699152">
        <ele>192.246769</ele>
        <time>2025-06-12T20:55:59.140Z</time>
      </trkpt>
      <trkpt lat="50.603070" lon="17.699625">
        <ele>192.104989</ele>
        <time>2025-06-12T20:56:12.132Z</time>
      </trkpt>
      <trkpt lat="50.602088" lon="17.701449">
        <ele>191.788628</ele>
        <time>2025-06-12T20:57:05.159Z</time>
      </trkpt>
      <trkpt lat="50.603021" lon="17.704220">
        <ele>192.468076</ele>
        <time>2025-06-12T20:58:05.210Z</time>
      </trkpt>
      <trkpt lat="50.601724" lon="17.706217">
        <ele>191.405719</ele>
        <time>2025-06-12T20:58:45.206Z</time>
      </trkpt>
      <trkpt lat="50.600303" lon="17.708457">
        <ele>190.409711</ele>
        <time>2025-06-12T20:59:30.765Z</time>
      </trkpt>
      <trkpt lat="50.599621" lon="17.709528">
        <ele>190.677419</ele>
        <time>2025-06-12T20:59:58.723Z</time>
      </trkpt>
      <trkpt lat="50.598874" lon="17.710684">
        <ele>191.512331</ele>
        <time>2025-06-12T21:00:31.160Z</time>
      </trkpt>
      <trkpt lat="50.598765" lon="17.710853">
        <ele>191.645730</ele>
        <time>2025-06-12T21:00:35.690Z</time>
      </trkpt>
      <trkpt lat="50.596176" lon="17.714826">
        <ele>193.285125</ele>
        <time>2025-06-12T21:02:14.444Z</time>
      </trkpt>
      <trkpt lat="50.595407" lon="17.716005">
        <ele>193.311868</ele>
        <time>2025-06-12T21:02:38.946Z</time>
      </trkpt>
      <trkpt lat="50.594342" lon="17.717648">
        <ele>193.308844</ele>
        <time>2025-06-12T21:03:15.922Z</time>
      </trkpt>
      <trkpt lat="50.593517" lon="17.718931">
        <ele>194.121810</ele>
        <time>2025-06-12T21:03:50.235Z</time>
      </trkpt>
      <trkpt lat="50.590610" lon="17.723492">
        <ele>196.514102</ele>
        <time>2025-06-12T21:05:43.580Z</time>
      </trkpt>
      <trkpt lat="50.587195" lon="17.728856">
        <ele>197.572892</ele>
        <time>2025-06-12T21:07:49.046Z</time>
      </trkpt>
      <trkpt lat="50.586474" lon="17.729992">
        <ele>197.732403</ele>
        <time>2025-06-12T21:08:13.097Z</time>
      </trkpt>
      <trkpt lat="50.585542" lon="17.731460">
        <ele>198.190266</ele>
        <time>2025-06-12T21:08:48.905Z</time>
      </trkpt>
      <trkpt lat="50.585306" lon="17.731828">
        <ele>198.324001</ele>
        <time>2025-06-12T21:08:58.873Z</time>
      </trkpt>
      <trkpt lat="50.584601" lon="17.732899">
        <ele>198.747543</ele>
        <time>2025-06-12T21:09:25.742Z</time>
      </trkpt>
      <trkpt lat="50.583799" lon="17.734158">
        <ele>199.234011</ele>
        <time>2025-06-12T21:09:54.031Z</time>
      </trkpt>
      <trkpt lat="50.581842" lon="17.737275">
        <ele>200.251346</ele>
        <time>2025-06-12T21:11:11.034Z</time>
      </trkpt>
      <trkpt lat="50.580346" lon="17.739626">
        <ele>199.269207</ele>
        <time>2025-06-12T21:11:59.262Z</time>
      </trkpt>
      <trkpt lat="50.577853" lon="17.740032">
        <ele>198.484348</ele>
        <time>2025-06-12T21:13:00.794Z</time>
      </trkpt>
      <trkpt lat="50.575804" lon="17.740373">
        <ele>196.206753</ele>
        <time>2025-06-12T21:13:45.991Z</time>
      </trkpt>
      <trkpt lat="50.575294" lon="17.740451">
        <ele>195.434708</ele>
        <time>2025-06-12T21:13:56.568Z</time>
      </trkpt>
      <trkpt lat="50.574504" lon="17.740593">
        <ele>194.520355</ele>
        <time>2025-06-12T21:14:13.213Z</time>
      </trkpt>
      <trkpt lat="50.574007" lon="17.740802">
        <ele>194.032279</ele>
        <time>2025-06-12T21:14:24.622Z</time>
      </trkpt>
      <trkpt lat="50.572773" lon="17.741468">
        <ele>193.524939</ele>
        <time>2025-06-12T21:14:55.766Z</time>
      </trkpt>
      <trkpt lat="50.571684" lon="17.742140">
        <ele>194.030866</ele>
        <time>2025-06-12T21:15:27.765Z</time>
      </trkpt>
      <trkpt lat="50.571553" lon="17.742267">
        <ele>194.134630</ele>
        <time>2025-06-12T21:15:32.723Z</time>
      </trkpt>
      <trkpt lat="50.571230" lon="17.742724">
        <ele>194.624237</ele>
        <time>2025-06-12T21:15:47.521Z</time>
      </trkpt>
      <trkpt lat="50.570557" lon="17.743809">
        <ele>195.710249</ele>
        <time>2025-06-12T21:16:19.812Z</time>
      </trkpt>
      <trkpt lat="50.567069" lon="17.750566">
        <ele>194.387708</ele>
        <time>2025-06-12T21:19:39.346Z</time>
      </trkpt>
      <trkpt lat="50.564995" lon="17.754732">
        <ele>192.459642</ele>
        <time>2025-06-12T21:21:37.542Z</time>
      </trkpt>
      <trkpt lat="50.563240" lon="17.762281">
        <ele>193.281445</ele>
        <time>2025-06-12T21:24:52.409Z</time>
      </trkpt>
      <trkpt lat="50.562954" lon="17.762677">
        <ele>193.364291</ele>
        <time>2025-06-12T21:25:07.192Z</time>
      </trkpt>
      <trkpt lat="50.562721" lon="17.762759">
        <ele>193.416221</ele>
        <time>2025-06-12T21:25:16.645Z</time>
      </trkpt>
      <trkpt lat="50.561662" lon="17.763359">
        <ele>192.789099</ele>
        <time>2025-06-12T21:25:58.320Z</time>
      </trkpt>
      <trkpt lat="50.562101" lon="17.764653">
        <ele>192.077378</ele>
        <time>2025-06-12T21:26:18.467Z</time>
      </trkpt>
      <trkpt lat="50.562420" lon="17.765647">
        <ele>191.076399</ele>
        <time>2025-06-12T21:26:32.972Z</time>
      </trkpt>
      <trkpt lat="50.563874" lon="17.770202">
        <ele>187.835439</ele>
        <time>2025-06-12T21:27:45.107Z</time>
      </trkpt>
      <trkpt lat="50.564243" lon="17.771357">
        <ele>187.669074</ele>
        <time>2025-06-12T21:28:04.792Z</time>
      </trkpt>
      <trkpt lat="50.565779" lon="17.776192">
        <ele>189.085354</ele>
        <time>2025-06-12T21:29:41.259Z</time>
      </trkpt>
      <trkpt lat="50.566052" lon="17.777070">
        <ele>189.276710</ele>
        <time>2025-06-12T21:29:56.655Z</time>
      </trkpt>
      <trkpt lat="50.564244" lon="17.780786">
        <ele>187.280519</ele>
        <time>2025-06-12T21:31:03.847Z</time>
      </trkpt>
      <trkpt lat="50.564076" lon="17.781132">
        <ele>187.115773</ele>
        <time>2025-06-12T21:31:10.293Z</time>
      </trkpt>
      <trkpt lat="50.562229" lon="17.784930">
        <ele>186.891669</ele>
        <time>2025-06-12T21:32:24.538Z</time>
      </trkpt>
      <trkpt lat="50.559771" lon="17.789983">
        <ele>188.216779</ele>
        <time>2025-06-12T21:34:11.357Z</time>
      </trkpt>
      <trkpt lat="50.558084" lon="17.793451">
        <ele>189.989899</ele>
        <time>2025-06-12T21:35:32.554Z</time>
      </trkpt>
      <trkpt lat="50.555909" lon="17.798073">
        <ele>188.995468</ele>
        <time>2025-06-12T21:36:58.694Z</time>
      </trkpt>
      <trkpt lat="50.553741" lon="17.802511">
        <ele>187.560962</ele>
        <time>2025-06-12T21:38:22.467Z</time>
      </trkpt>
      <trkpt lat="50.552375" lon="17.805324">
        <ele>186.757838</ele>
        <time>2025-06-12T21:39:16.388Z</time>
      </trkpt>
      <trkpt lat="50.549680" lon="17.810906">
        <ele>184.658406</ele>
        <time>2025-06-12T21:40:59.611Z</time>
      </trkpt>
      <trkpt lat="50.547781" lon="17.814867">
        <ele>187.294357</ele>
        <time>2025-06-12T21:42:33.377Z</time>
      </trkpt>
      <trkpt lat="50.545538" lon="17.819511">
        <ele>189.982153</ele>
        <time>2025-06-12T21:44:17.953Z</time>
      </trkpt>
      <trkpt lat="50.545303" lon="17.819996">
        <ele>190.225554</ele>
        <time>2025-06-12T21:44:29.287Z</time>
      </trkpt>
      <trkpt lat="50.543589" lon="17.823542">
        <ele>190.373823</ele>
        <time>2025-06-12T21:45:42.109Z</time>
      </trkpt>
      <trkpt lat="50.542795" lon="17.825233">
        <ele>188.918658</ele>
        <time>2025-06-12T21:46:11.431Z</time>
      </trkpt>
      <trkpt lat="50.541626" lon="17.827676">
        <ele>185.505357</ele>
        <time>2025-06-12T21:46:50.814Z</time>
      </trkpt>
      <trkpt lat="50.541051" lon="17.828871">
        <ele>184.036222</ele>
        <time>2025-06-12T21:47:09.146Z</time>
      </trkpt>
      <trkpt lat="50.539236" lon="17.832664">
        <ele>184.229544</ele>
        <time>2025-06-12T21:48:20.474Z</time>
      </trkpt>
      <trkpt lat="50.537440" lon="17.836362">
        <ele>185.335630</ele>
        <time>2025-06-12T21:49:25.099Z</time>
      </trkpt>
      <trkpt lat="50.536481" lon="17.838390">
        <ele>189.144983</ele>
        <time>2025-06-12T21:50:27.070Z</time>
      </trkpt>
      <trkpt lat="50.535682" lon="17.840041">
        <ele>193.177551</ele>
        <time>2025-06-12T21:51:17.788Z</time>
      </trkpt>
      <trkpt lat="50.535469" lon="17.840488">
        <ele>194.025787</ele>
        <time>2025-06-12T21:51:30.187Z</time>
      </trkpt>
      <trkpt lat="50.533317" lon="17.844936">
        <ele>199.759308</ele>
        <time>2025-06-12T21:53:17.444Z</time>
      </trkpt>
      <trkpt lat="50.531460" lon="17.848787">
        <ele>200.765688</ele>
        <time>2025-06-12T21:54:32.086Z</time>
      </trkpt>
      <trkpt lat="50.531408" lon="17.848894">
        <ele>200.767008</ele>
        <time>2025-06-12T21:54:33.911Z</time>
      </trkpt>
      <trkpt lat="50.529601" lon="17.852642">
        <ele>197.417516</ele>
        <time>2025-06-12T21:55:32.006Z</time>
      </trkpt>
      <trkpt lat="50.529182" lon="17.853496">
        <ele>196.483390</ele>
        <time>2025-06-12T21:55:44.583Z</time>
      </trkpt>
      <trkpt lat="50.527794" lon="17.856377">
        <ele>194.593568</ele>
        <time>2025-06-12T21:56:31.587Z</time>
      </trkpt>
      <trkpt lat="50.527099" lon="17.857803">
        <ele>194.101843</ele>
        <time>2025-06-12T21:56:54.811Z</time>
      </trkpt>
      <trkpt lat="50.525533" lon="17.861066">
        <ele>194.779972</ele>
        <time>2025-06-12T21:57:58.338Z</time>
      </trkpt>
      <trkpt lat="50.525079" lon="17.862010">
        <ele>195.052324</ele>
        <time>2025-06-12T21:58:16.926Z</time>
      </trkpt>
      <trkpt lat="50.525012" lon="17.862152">
        <ele>195.093012</ele>
        <time>2025-06-12T21:58:19.644Z</time>
      </trkpt>
      <trkpt lat="50.524906" lon="17.862033">
        <ele>195.140145</ele>
        <time>2025-06-12T21:58:24.681Z</time>
      </trkpt>
      <trkpt lat="50.521193" lon="17.862537">
        <ele>195.196147</ele>
        <time>2025-06-12T21:59:57.287Z</time>
      </trkpt>
      <trkpt lat="50.520991" lon="17.862893">
        <ele>195.136057</ele>
        <time>2025-06-12T22:00:03.606Z</time>
      </trkpt>
      <trkpt lat="50.519089" lon="17.866592">
        <ele>193.701598</ele>
        <time>2025-06-12T22:01:06.160Z</time>
      </trkpt>
      <trkpt lat="50.518530" lon="17.867737">
        <ele>193.699764</ele>
        <time>2025-06-12T22:01:27.093Z</time>
      </trkpt>
      <trkpt lat="50.516404" lon="17.871887">
        <ele>195.459874</ele>
        <time>2025-06-12T22:02:52.343Z</time>
      </trkpt>
      <trkpt lat="50.515691" lon="17.873298">
        <ele>196.026101</ele>
        <time>2025-06-12T22:03:20.539Z</time>
      </trkpt>
      <trkpt lat="50.514305" lon="17.876037">
        <ele>197.283450</ele>
        <time>2025-06-12T22:04:16.182Z</time>
      </trkpt>
      <trkpt lat="50.513251" lon="17.878088">
        <ele>198.504027</ele>
        <time>2025-06-12T22:05:00.544Z</time>
      </trkpt>
      <trkpt lat="50.513120" lon="17.878347">
        <ele>198.602255</ele>
        <time>2025-06-12T22:05:05.904Z</time>
      </trkpt>
      <trkpt lat="50.512572" lon="17.879431">
        <ele>198.466800</ele>
        <time>2025-06-12T22:05:25.466Z</time>
      </trkpt>
      <trkpt lat="50.513038" lon="17.879501">
        <ele>198.394793</ele>
        <time>2025-06-12T22:05:42.245Z</time>
      </trkpt>
      <trkpt lat="50.513485" lon="17.879734">
        <ele>198.254658</ele>
        <time>2025-06-12T22:05:58.947Z</time>
      </trkpt>
      <trkpt lat="50.514397" lon="17.879944">
        <ele>197.367419</ele>
        <time>2025-06-12T22:06:31.408Z</time>
      </trkpt>
      <trkpt lat="50.515279" lon="17.880353">
        <ele>196.375049</ele>
        <time>2025-06-12T22:07:02.687Z</time>
      </trkpt>
      <trkpt lat="50.515965" lon="17.880910">
        <ele>194.976609</ele>
        <time>2025-06-12T22:07:27.804Z</time>
      </trkpt>
      <trkpt lat="50.517004" lon="17.881453">
        <ele>193.216733</ele>
        <time>2025-06-12T22:08:03.403Z</time>
      </trkpt>
      <trkpt lat="50.517673" lon="17.881592">
        <ele>192.768869</ele>
        <time>2025-06-12T22:08:26.875Z</time>
      </trkpt>
      <trkpt lat="50.519561" lon="17.882305">
        <ele>191.996732</ele>
        <time>2025-06-12T22:09:38.625Z</time>
      </trkpt>
      <trkpt lat="50.520383" lon="17.882619">
        <ele>191.869924</ele>
        <time>2025-06-12T22:10:08.959Z</time>
      </trkpt>
      <trkpt lat="50.521794" lon="17.883117">
        <ele>191.721657</ele>
        <time>2025-06-12T22:11:02.348Z</time>
      </trkpt>
      <trkpt lat="50.522609" lon="17.883272">
        <ele>191.544103</ele>
        <time>2025-06-12T22:11:32.631Z</time>
      </trkpt>
      <trkpt lat="50.523351" lon="17.883363">
        <ele>191.336181</ele>
        <time>2025-06-12T22:11:59.365Z</time>
      </trkpt>
      <trkpt lat="50.525331" lon="17.883760">
        <ele>190.745155</ele>
        <time>2025-06-12T22:13:11.153Z</time>
      </trkpt>
      <trkpt lat="50.525917" lon="17.884009">
        <ele>190.658997</ele>
        <time>2025-06-12T22:13:33.859Z</time>
      </trkpt>
      <trkpt lat="50.525770" lon="17.887543">
        <ele>190.588355</ele>
        <time>2025-06-12T22:14:58.070Z</time>
      </trkpt>
      <trkpt lat="50.525637" lon="17.890732">
        <ele>189.929519</ele>
        <time>2025-06-12T22:16:11.158Z</time>
      </trkpt>
      <trkpt lat="50.525507" lon="17.894151">
        <ele>189.225690</ele>
        <time>2025-06-12T22:17:28.527Z</time>
      </trkpt>
      <trkpt lat="50.525497" lon="17.894429">
        <ele>189.184279</ele>
        <time>2025-06-12T22:17:35.200Z</time>
      </trkpt>
      <trkpt lat="50.525390" lon="17.897155">
        <ele>190.175316</ele>
        <time>2025-06-12T22:18:46.342Z</time>
      </trkpt>
      <trkpt lat="50.525340" lon="17.898450">
        <ele>190.689229</ele>
        <time>2025-06-12T22:19:20.415Z</time>
      </trkpt>
      <trkpt lat="50.525196" lon="17.901608">
        <ele>191.275505</ele>
        <time>2025-06-12T22:20:39.282Z</time>
      </trkpt>
      <trkpt lat="50.524866" lon="17.909335">
        <ele>189.790810</ele>
        <time>2025-06-12T22:23:36.881Z</time>
      </trkpt>
      <trkpt lat="50.524750" lon="17.909622">
        <ele>189.631284</ele>
        <time>2025-06-12T22:23:41.328Z</time>
      </trkpt>
      <trkpt lat="50.524580" lon="17.910217">
        <ele>189.325298</ele>
        <time>2025-06-12T22:23:49.775Z</time>
      </trkpt>
      <trkpt lat="50.524161" lon="17.912212">
        <ele>188.586855</ele>
        <time>2025-06-12T22:24:18.448Z</time>
      </trkpt>
      <trkpt lat="50.523885" lon="17.911714">
        <ele>188.540831</ele>
        <time>2025-06-12T22:24:28.406Z</time>
      </trkpt>
      <trkpt lat="50.523601" lon="17.911293">
        <ele>188.498068</ele>
        <time>2025-06-12T22:24:37.866Z</time>
      </trkpt>
      <trkpt lat="50.523224" lon="17.910747">
        <ele>188.441914</ele>
        <time>2025-06-12T22:24:50.204Z</time>
      </trkpt>
      <trkpt lat="50.522848" lon="17.910301">
        <ele>188.218938</ele>
        <time>2025-06-12T22:25:00.708Z</time>
      </trkpt>
      <trkpt lat="50.521901" lon="17.911167">
        <ele>187.615503</ele>
        <time>2025-06-12T22:25:39.275Z</time>
      </trkpt>
      <trkpt lat="50.521168" lon="17.912265">
        <ele>187.170285</ele>
        <time>2025-06-12T22:26:14.799Z</time>
      </trkpt>
      <trkpt lat="50.521166" lon="17.912268">
        <ele>187.169208</ele>
        <time>2025-06-12T22:26:14.889Z</time>
      </trkpt>
      <trkpt lat="50.520975" lon="17.912629">
        <ele>187.052845</ele>
        <time>2025-06-12T22:26:25.760Z</time>
      </trkpt>
      <trkpt lat="50.520995" lon="17.912921">
        <ele>186.980077</ele>
        <time>2025-06-12T22:26:29.896Z</time>
      </trkpt>
      <trkpt lat="50.521257" lon="17.914879">
        <ele>186.409539</ele>
        <time>2025-06-12T22:26:57.762Z</time>
      </trkpt>
      <trkpt lat="50.521392" lon="17.915999">
        <ele>186.044849</ele>
        <time>2025-06-12T22:27:12.628Z</time>
      </trkpt>
      <trkpt lat="50.521403" lon="17.917216">
        <ele>185.634536</ele>
        <time>2025-06-12T22:27:28.162Z</time>
      </trkpt>
      <trkpt lat="50.521399" lon="17.917634">
        <ele>185.485293</ele>
        <time>2025-06-12T22:27:33.635Z</time>
      </trkpt>
      <trkpt lat="50.521539" lon="17.917652">
        <ele>185.406421</ele>
        <time>2025-06-12T22:27:37.563Z</time>
      </trkpt>
      <trkpt lat="50.521569" lon="17.917937">
        <ele>185.303291</ele>
        <time>2025-06-12T22:27:42.706Z</time>
      </trkpt>
      <trkpt lat="50.521616" lon="17.918095">
        <ele>185.241017</ele>
        <time>2025-06-12T22:27:45.827Z</time>
      </trkpt>
      <trkpt lat="50.521699" lon="17.918256">
        <ele>185.167020</ele>
        <time>2025-06-12T22:27:49.516Z</time>
      </trkpt>
      <trkpt lat="50.521817" lon="17.918330">
        <ele>185.095690</ele>
        <time>2025-06-12T22:27:53.105Z</time>
      </trkpt>
      <trkpt lat="50.522097" lon="17.918346">
        <ele>184.938365</ele>
        <time>2025-06-12T22:28:00.965Z</time>
      </trkpt>
      <trkpt lat="50.522546" lon="17.918469">
        <ele>184.773269</ele>
        <time>2025-06-12T22:28:13.805Z</time>
      </trkpt>
      <trkpt lat="50.523221" lon="17.918425">
        <ele>184.633709</ele>
        <time>2025-06-12T22:28:32.997Z</time>
      </trkpt>
      <trkpt lat="50.523229" lon="17.918003">
        <ele>184.578262</ele>
        <time>2025-06-12T22:28:40.636Z</time>
      </trkpt>
      <trkpt lat="50.523634" lon="17.918025">
        <ele>184.494548</ele>
        <time>2025-06-12T22:28:52.353Z</time>
      </trkpt>
      <trkpt lat="50.523229" lon="17.918003">
        <ele>184.466433</ele>
        <time>2025-06-12T22:29:04.484Z</time>
      </trkpt>
      <trkpt lat="50.523221" lon="17.918425">
        <ele>184.481479</ele>
        <time>2025-06-12T22:29:12.708Z</time>
      </trkpt>
      <trkpt lat="50.522546" lon="17.918469">
        <ele>184.519348</ele>
        <time>2025-06-12T22:29:33.184Z</time>
      </trkpt>
      <trkpt lat="50.522097" lon="17.918346">
        <ele>184.544895</ele>
        <time>2025-06-12T22:29:46.490Z</time>
      </trkpt>
      <trkpt lat="50.521817" lon="17.918330">
        <ele>184.488838</ele>
        <time>2025-06-12T22:29:54.558Z</time>
      </trkpt>
      <trkpt lat="50.521809" lon="17.918451">
        <ele>184.433486</ele>
        <time>2025-06-12T22:29:56.270Z</time>
      </trkpt>
      <trkpt lat="50.521799" lon="17.918583">
        <ele>184.373000</ele>
        <time>2025-06-12T22:29:58.128Z</time>
      </trkpt>
      <trkpt lat="50.521789" lon="17.918716">
        <ele>184.312063</ele>
        <time>2025-06-12T22:29:59.997Z</time>
      </trkpt>
      <trkpt lat="50.521698" lon="17.918712">
        <ele>184.246913</ele>
        <time>2025-06-12T22:30:01.914Z</time>
      </trkpt>
      <trkpt lat="50.521626" lon="17.918779">
        <ele>184.187044</ele>
        <time>2025-06-12T22:30:03.632Z</time>
      </trkpt>
      <trkpt lat="50.521554" lon="17.919113">
        <ele>184.026574</ele>
        <time>2025-06-12T22:30:08.246Z</time>
      </trkpt>
      <trkpt lat="50.521527" lon="17.919158">
        <ele>183.998421</ele>
        <time>2025-06-12T22:30:09.048Z</time>
      </trkpt>
      <trkpt lat="50.521475" lon="17.919169">
        <ele>183.960872</ele>
        <time>2025-06-12T22:30:10.095Z</time>
      </trkpt>
      <trkpt lat="50.521467" lon="17.919168">
        <ele>183.955129</ele>
        <time>2025-06-12T22:30:10.265Z</time>
      </trkpt>
      <trkpt lat="50.521410" lon="17.919143">
        <ele>183.912780</ele>
        <time>2025-06-12T22:30:11.870Z</time>
      </trkpt>
      <trkpt lat="50.521350" lon="17.919124">
        <ele>183.868979</ele>
        <time>2025-06-12T22:30:13.531Z</time>
      </trkpt>
      <trkpt lat="50.521331" lon="17.919242">
        <ele>183.813593</ele>
        <time>2025-06-12T22:30:15.093Z</time>
      </trkpt>
      <trkpt lat="50.521300" lon="17.919496">
        <ele>183.695911</ele>
        <time>2025-06-12T22:30:18.382Z</time>
      </trkpt>
      <trkpt lat="50.521307" lon="17.919646">
        <ele>183.627477</ele>
        <time>2025-06-12T22:30:20.271Z</time>
      </trkpt>
      <trkpt lat="50.521254" lon="17.920369">
        <ele>183.296327</ele>
        <time>2025-06-12T22:30:29.450Z</time>
      </trkpt>
      <trkpt lat="50.521224" lon="17.920950">
        <ele>182.970947</ele>
        <time>2025-06-12T22:30:36.856Z</time>
      </trkpt>
      <trkpt lat="50.520929" lon="17.925745">
        <ele>180.455723</ele>
        <time>2025-06-12T22:31:38.548Z</time>
      </trkpt>
      <trkpt lat="50.520424" lon="17.931903">
        <ele>179.151443</ele>
        <time>2025-06-12T22:33:02.854Z</time>
      </trkpt>
      <trkpt lat="50.520367" lon="17.932355">
        <ele>179.134635</ele>
        <time>2025-06-12T22:33:09.860Z</time>
      </trkpt>
      <trkpt lat="50.520272" lon="17.933049">
        <ele>179.108741</ele>
        <time>2025-06-12T22:33:20.910Z</time>
      </trkpt>
      <trkpt lat="50.519870" lon="17.934815">
        <ele>178.799474</ele>
        <time>2025-06-12T22:33:46.895Z</time>
      </trkpt>
      <trkpt lat="50.519668" lon="17.935667">
        <ele>178.278746</ele>
        <time>2025-06-12T22:33:58.284Z</time>
      </trkpt>
      <trkpt lat="50.519592" lon="17.936015">
        <ele>178.068029</ele>
        <time>2025-06-12T22:34:02.831Z</time>
      </trkpt>
      <trkpt lat="50.519385" lon="17.937021">
        <ele>177.462508</ele>
        <time>2025-06-12T22:34:16.440Z</time>
      </trkpt>
      <trkpt lat="50.519207" lon="17.938289">
        <ele>176.854587</ele>
        <time>2025-06-12T22:34:34.154Z</time>
      </trkpt>
      <trkpt lat="50.519078" lon="17.939131">
        <ele>176.452369</ele>
        <time>2025-06-12T22:34:46.091Z</time>
      </trkpt>
      <trkpt lat="50.518924" lon="17.939151">
        <ele>176.339505</ele>
        <time>2025-06-12T22:34:49.417Z</time>
      </trkpt>
      <trkpt lat="50.518745" lon="17.939110">
        <ele>176.207384</ele>
        <time>2025-06-12T22:34:53.291Z</time>
      </trkpt>
      <trkpt lat="50.517808" lon="17.939051">
        <ele>175.425542</ele>
        <time>2025-06-12T22:35:12.934Z</time>
      </trkpt>
      <trkpt lat="50.517403" lon="17.939132">
        <ele>175.079227</ele>
        <time>2025-06-12T22:35:21.327Z</time>
      </trkpt>
      <trkpt lat="50.517006" lon="17.939287">
        <ele>174.732243</ele>
        <time>2025-06-12T22:35:29.923Z</time>
      </trkpt>
      <trkpt lat="50.516436" lon="17.939694">
        <ele>174.321813</ele>
        <time>2025-06-12T22:35:43.669Z</time>
      </trkpt>
      <trkpt lat="50.516228" lon="17.939903">
        <ele>174.176190</ele>
        <time>2025-06-12T22:35:49.313Z</time>
      </trkpt>
      <trkpt lat="50.516046" lon="17.939978">
        <ele>174.065189</ele>
        <time>2025-06-12T22:35:53.548Z</time>
      </trkpt>
      <trkpt lat="50.515401" lon="17.940031">
        <ele>173.684136</ele>
        <time>2025-06-12T22:36:07.542Z</time>
      </trkpt>
      <trkpt lat="50.515191" lon="17.940136">
        <ele>173.554131</ele>
        <time>2025-06-12T22:36:12.131Z</time>
      </trkpt>
      <trkpt lat="50.514187" lon="17.940764">
        <ele>172.700398</ele>
        <time>2025-06-12T22:36:34.517Z</time>
      </trkpt>
      <trkpt lat="50.513399" lon="17.941265">
        <ele>172.104801</ele>
        <time>2025-06-12T22:36:52.621Z</time>
      </trkpt>
      <trkpt lat="50.512972" lon="17.941606">
        <ele>172.106471</ele>
        <time>2025-06-12T22:37:03.913Z</time>
      </trkpt>
      <trkpt lat="50.512553" lon="17.941942">
        <ele>172.108111</ele>
        <time>2025-06-12T22:37:15.225Z</time>
      </trkpt>
      <trkpt lat="50.512415" lon="17.942019">
        <ele>172.108622</ele>
        <time>2025-06-12T22:37:18.724Z</time>
      </trkpt>
      <trkpt lat="50.512254" lon="17.941997">
        <ele>172.109186</ele>
        <time>2025-06-12T22:37:22.573Z</time>
      </trkpt>
      <trkpt lat="50.512205" lon="17.941929">
        <ele>172.109414</ele>
        <time>2025-06-12T22:37:24.182Z</time>
      </trkpt>
      <trkpt lat="50.512157" lon="17.941758">
        <ele>172.109828</ele>
        <time>2025-06-12T22:37:27.045Z</time>
      </trkpt>
      <trkpt lat="50.512134" lon="17.941523">
        <ele>172.110356</ele>
        <time>2025-06-12T22:37:30.742Z</time>
      </trkpt>
      <trkpt lat="50.512218" lon="17.941116">
        <ele>172.082964</ele>
        <time>2025-06-12T22:37:37.485Z</time>
      </trkpt>
      <trkpt lat="50.512897" lon="17.938215">
        <ele>170.885036</ele>
        <time>2025-06-12T22:38:22.486Z</time>
      </trkpt>
      <trkpt lat="50.512675" lon="17.938112">
        <ele>170.243314</ele>
        <time>2025-06-12T22:38:26.900Z</time>
      </trkpt>
      <trkpt lat="50.512047" lon="17.937622">
        <ele>168.299652</ele>
        <time>2025-06-12T22:38:43.153Z</time>
      </trkpt>
      <trkpt lat="50.511542" lon="17.937429">
        <ele>166.858789</ele>
        <time>2025-06-12T22:38:54.721Z</time>
      </trkpt>
      <trkpt lat="50.511164" lon="17.937760">
        <ele>165.640151</ele>
        <time>2025-06-12T22:39:04.409Z</time>
      </trkpt>
      <trkpt lat="50.509882" lon="17.937415">
        <ele>161.975083</ele>
        <time>2025-06-12T22:39:45.373Z</time>
      </trkpt>
      <trkpt lat="50.509701" lon="17.937470">
        <ele>161.829969</ele>
        <time>2025-06-12T22:39:51.702Z</time>
      </trkpt>
      <trkpt lat="50.509265" lon="17.937759">
        <ele>162.150790</ele>
        <time>2025-06-12T22:40:08.617Z</time>
      </trkpt>
      <trkpt lat="50.509701" lon="17.937470">
        <ele>162.471611</ele>
        <time>2025-06-12T22:40:27.352Z</time>
      </trkpt>
      <trkpt lat="50.509882" lon="17.937415">
        <ele>162.596608</ele>
        <time>2025-06-12T22:40:35.153Z</time>
      </trkpt>
      <trkpt lat="50.511164" lon="17.937760">
        <ele>165.558804</ele>
        <time>2025-06-12T22:41:40.663Z</time>
      </trkpt>
      <trkpt lat="50.511542" lon="17.937429">
        <ele>167.068889</ele>
        <time>2025-06-12T22:42:02.746Z</time>
      </trkpt>
      <trkpt lat="50.512047" lon="17.937622">
        <ele>168.882783</ele>
        <time>2025-06-12T22:42:29.652Z</time>
      </trkpt>
      <trkpt lat="50.512675" lon="17.938112">
        <ele>170.194795</ele>
        <time>2025-06-12T22:43:02.369Z</time>
      </trkpt>
      <trkpt lat="50.512897" lon="17.938215">
        <ele>170.560815</ele>
        <time>2025-06-12T22:43:10.214Z</time>
      </trkpt>
      <trkpt lat="50.512218" lon="17.941116">
        <ele>172.058077</ele>
        <time>2025-06-12T22:43:56.653Z</time>
      </trkpt>
      <trkpt lat="50.512134" lon="17.941523">
        <ele>172.046873</ele>
        <time>2025-06-12T22:44:02.724Z</time>
      </trkpt>
      <trkpt lat="50.512157" lon="17.941758">
        <ele>172.040648</ele>
        <time>2025-06-12T22:44:06.106Z</time>
      </trkpt>
      <trkpt lat="50.512205" lon="17.941929">
        <ele>172.035754</ele>
        <time>2025-06-12T22:44:08.772Z</time>
      </trkpt>
      <trkpt lat="50.512254" lon="17.941997">
        <ele>172.033063</ele>
        <time>2025-06-12T22:44:10.224Z</time>
      </trkpt>
      <trkpt lat="50.512415" lon="17.942019">
        <ele>172.026409</ele>
        <time>2025-06-12T22:44:13.850Z</time>
      </trkpt>
      <trkpt lat="50.512553" lon="17.941942">
        <ele>172.029770</ele>
        <time>2025-06-12T22:44:17.137Z</time>
      </trkpt>
      <trkpt lat="50.512972" lon="17.941606">
        <ele>172.050555</ele>
        <time>2025-06-12T22:44:27.884Z</time>
      </trkpt>
      <trkpt lat="50.512553" lon="17.941942">
        <ele>172.071340</ele>
        <time>2025-06-12T22:44:39.019Z</time>
      </trkpt>
      <trkpt lat="50.512415" lon="17.942019">
        <ele>172.077812</ele>
        <time>2025-06-12T22:44:42.609Z</time>
      </trkpt>
      <trkpt lat="50.512254" lon="17.941997">
        <ele>172.084953</ele>
        <time>2025-06-12T22:44:46.560Z</time>
      </trkpt>
      <trkpt lat="50.512205" lon="17.941929">
        <ele>172.087841</ele>
        <time>2025-06-12T22:44:48.199Z</time>
      </trkpt>
      <trkpt lat="50.512157" lon="17.941758">
        <ele>172.093094</ele>
        <time>2025-06-12T22:44:51.104Z</time>
      </trkpt>
      <trkpt lat="50.512134" lon="17.941523">
        <ele>172.099776</ele>
        <time>2025-06-12T22:44:54.824Z</time>
      </trkpt>
      <trkpt lat="50.512218" lon="17.941116">
        <ele>172.077214</ele>
        <time>2025-06-12T22:45:01.567Z</time>
      </trkpt>
      <trkpt lat="50.512897" lon="17.938215">
        <ele>170.883888</ele>
        <time>2025-06-12T22:45:46.569Z</time>
      </trkpt>
      <trkpt lat="50.512675" lon="17.938112">
        <ele>170.241603</ele>
        <time>2025-06-12T22:45:50.983Z</time>
      </trkpt>
      <trkpt lat="50.512047" lon="17.937622">
        <ele>168.296235</ele>
        <time>2025-06-12T22:46:07.236Z</time>
      </trkpt>
      <trkpt lat="50.511542" lon="17.937429">
        <ele>166.854109</ele>
        <time>2025-06-12T22:46:18.804Z</time>
      </trkpt>
      <trkpt lat="50.511164" lon="17.937760">
        <ele>165.588883</ele>
        <time>2025-06-12T22:46:28.491Z</time>
      </trkpt>
      <trkpt lat="50.509882" lon="17.937415">
        <ele>161.779977</ele>
        <time>2025-06-12T22:47:09.329Z</time>
      </trkpt>
      <trkpt lat="50.509701" lon="17.937470">
        <ele>161.480055</ele>
        <time>2025-06-12T22:47:15.567Z</time>
      </trkpt>
      <trkpt lat="50.509265" lon="17.937759">
        <ele>161.152763</ele>
        <time>2025-06-12T22:47:31.883Z</time>
      </trkpt>
      <trkpt lat="50.509084" lon="17.937944">
        <ele>161.003436</ele>
        <time>2025-06-12T22:47:36.495Z</time>
      </trkpt>
      <trkpt lat="50.508899" lon="17.938058">
        <ele>160.865991</ele>
        <time>2025-06-12T22:47:40.850Z</time>
      </trkpt>
      <trkpt lat="50.508163" lon="17.938260">
        <ele>160.349186</ele>
        <time>2025-06-12T22:47:57.757Z</time>
      </trkpt>
      <trkpt lat="50.507698" lon="17.938337">
        <ele>160.369892</ele>
        <time>2025-06-12T22:48:08.918Z</time>
      </trkpt>
      <trkpt lat="50.506123" lon="17.938845">
        <ele>160.551332</ele>
        <time>2025-06-12T22:48:48.025Z</time>
      </trkpt>
      <trkpt lat="50.505959" lon="17.938925">
        <ele>160.535407</ele>
        <time>2025-06-12T22:48:51.878Z</time>
      </trkpt>
      <trkpt lat="50.505861" lon="17.938874">
        <ele>160.525833</ele>
        <time>2025-06-12T22:48:55.611Z</time>
      </trkpt>
      <trkpt lat="50.505734" lon="17.938934">
        <ele>160.513535</ele>
        <time>2025-06-12T22:49:00.409Z</time>
      </trkpt>
      <trkpt lat="50.505354" lon="17.939389">
        <ele>160.469238</ele>
        <time>2025-06-12T22:49:17.605Z</time>
      </trkpt>
      <trkpt lat="50.502435" lon="17.942648">
        <ele>160.352460</ele>
        <time>2025-06-12T22:51:30.385Z</time>
      </trkpt>
      <trkpt lat="50.502131" lon="17.942934">
        <ele>160.336983</ele>
        <time>2025-06-12T22:51:43.611Z</time>
      </trkpt>
      <trkpt lat="50.501848" lon="17.943102">
        <ele>160.323767</ele>
        <time>2025-06-12T22:51:54.795Z</time>
      </trkpt>
      <trkpt lat="50.501150" lon="17.943231">
        <ele>159.925831</ele>
        <time>2025-06-12T22:52:20.373Z</time>
      </trkpt>
      <trkpt lat="50.500407" lon="17.943300">
        <ele>159.472254</ele>
        <time>2025-06-12T22:52:46.518Z</time>
      </trkpt>
      <trkpt lat="50.498519" lon="17.942851">
        <ele>157.862771</ele>
        <time>2025-06-12T22:53:51.931Z</time>
      </trkpt>
      <trkpt lat="50.497915" lon="17.942711">
        <ele>157.614775</ele>
        <time>2025-06-12T22:54:13.859Z</time>
      </trkpt>
      <trkpt lat="50.497050" lon="17.942509">
        <ele>157.666325</ele>
        <time>2025-06-12T22:54:47.553Z</time>
      </trkpt>
      <trkpt lat="50.496256" lon="17.942513">
        <ele>157.725448</ele>
        <time>2025-06-12T22:55:17.694Z</time>
      </trkpt>
      <trkpt lat="50.495995" lon="17.942695">
        <ele>157.761188</ele>
        <time>2025-06-12T22:55:28.624Z</time>
      </trkpt>
      <trkpt lat="50.495744" lon="17.942687">
        <ele>157.792612</ele>
        <time>2025-06-12T22:55:38.162Z</time>
      </trkpt>
      <trkpt lat="50.495299" lon="17.942746">
        <ele>157.848511</ele>
        <time>2025-06-12T22:55:54.749Z</time>
      </trkpt>
      <trkpt lat="50.492920" lon="17.942850">
        <ele>158.085437</ele>
        <time>2025-06-12T22:57:23.693Z</time>
      </trkpt>
      <trkpt lat="50.490128" lon="17.943025">
        <ele>159.241595</ele>
        <time>2025-06-12T22:59:12.658Z</time>
      </trkpt>
      <trkpt lat="50.490095" lon="17.943082">
        <ele>159.268225</ele>
        <time>2025-06-12T22:59:14.593Z</time>
      </trkpt>
      <trkpt lat="50.489677" lon="17.943403">
        <ele>159.520900</ele>
        <time>2025-06-12T22:59:33.172Z</time>
      </trkpt>
      <trkpt lat="50.489525" lon="17.943583">
        <ele>159.624263</ele>
        <time>2025-06-12T22:59:40.805Z</time>
      </trkpt>
      <trkpt lat="50.488671" lon="17.945200">
        <ele>161.271776</ele>
        <time>2025-06-12T23:00:36.790Z</time>
      </trkpt>
      <trkpt lat="50.488129" lon="17.946329">
        <ele>162.764338</ele>
        <time>2025-06-12T23:01:19.223Z</time>
      </trkpt>
      <trkpt lat="50.487694" lon="17.947344">
        <ele>164.610682</ele>
        <time>2025-06-12T23:01:56.914Z</time>
      </trkpt>
      <trkpt lat="50.487247" lon="17.948889">
        <ele>166.983267</ele>
        <time>2025-06-12T23:02:51.761Z</time>
      </trkpt>
      <trkpt lat="50.487080" lon="17.949344">
        <ele>167.596909</ele>
        <time>2025-06-12T23:03:08.175Z</time>
      </trkpt>
      <trkpt lat="50.486976" lon="17.949185">
        <ele>167.863303</ele>
        <time>2025-06-12T23:03:14.024Z</time>
      </trkpt>
      <trkpt lat="50.486575" lon="17.950074">
        <ele>169.136370</ele>
        <time>2025-06-12T23:03:40.251Z</time>
      </trkpt>
      <trkpt lat="50.486459" lon="17.950387">
        <ele>169.559535</ele>
        <time>2025-06-12T23:03:48.416Z</time>
      </trkpt>
      <trkpt lat="50.486403" lon="17.950734">
        <ele>169.654448</ele>
        <time>2025-06-12T23:03:55.801Z</time>
      </trkpt>
      <trkpt lat="50.486396" lon="17.951090">
        <ele>169.671612</ele>
        <time>2025-06-12T23:04:02.238Z</time>
      </trkpt>
      <trkpt lat="50.486344" lon="17.951522">
        <ele>169.692800</ele>
        <time>2025-06-12T23:04:10.061Z</time>
      </trkpt>
      <trkpt lat="50.486057" lon="17.953228">
        <ele>169.782221</ele>
        <time>2025-06-12T23:04:42.041Z</time>
      </trkpt>
      <trkpt lat="50.485560" lon="17.955164">
        <ele>170.294535</ele>
        <time>2025-06-12T23:05:24.446Z</time>
      </trkpt>
      <trkpt lat="50.485264" lon="17.955781">
        <ele>170.482097</ele>
        <time>2025-06-12T23:05:40.162Z</time>
      </trkpt>
      <trkpt lat="50.485135" lon="17.956166">
        <ele>170.572723</ele>
        <time>2025-06-12T23:05:48.820Z</time>
      </trkpt>
      <trkpt lat="50.484775" lon="17.956788">
        <ele>170.747850</ele>
        <time>2025-06-12T23:06:05.216Z</time>
      </trkpt>
      <trkpt lat="50.484641" lon="17.956901">
        <ele>170.797629</ele>
        <time>2025-06-12T23:06:09.835Z</time>
      </trkpt>
      <trkpt lat="50.484404" lon="17.957252">
        <ele>170.904226</ele>
        <time>2025-06-12T23:06:19.763Z</time>
      </trkpt>
      <trkpt lat="50.484108" lon="17.957518">
        <ele>171.015839</ele>
        <time>2025-06-12T23:06:30.223Z</time>
      </trkpt>
      <trkpt lat="50.483388" lon="17.957830">
        <ele>170.710109</ele>
        <time>2025-06-12T23:06:53.474Z</time>
      </trkpt>
      <trkpt lat="50.483243" lon="17.957877">
        <ele>170.625955</ele>
        <time>2025-06-12T23:06:56.885Z</time>
      </trkpt>
      <trkpt lat="50.483071" lon="17.957984">
        <ele>170.520807</ele>
        <time>2025-06-12T23:07:01.039Z</time>
      </trkpt>
      <trkpt lat="50.482999" lon="17.958066">
        <ele>170.470265</ele>
        <time>2025-06-12T23:07:02.985Z</time>
      </trkpt>
      <trkpt lat="50.482910" lon="17.958184">
        <ele>170.404079</ele>
        <time>2025-06-12T23:07:05.499Z</time>
      </trkpt>
      <trkpt lat="50.482998" lon="17.958304">
        <ele>170.337854</ele>
        <time>2025-06-12T23:07:07.829Z</time>
      </trkpt>
      <trkpt lat="50.483051" lon="17.958374">
        <ele>170.298503</ele>
        <time>2025-06-12T23:07:09.188Z</time>
      </trkpt>
      <trkpt lat="50.483031" lon="17.958421">
        <ele>170.278053</ele>
        <time>2025-06-12T23:07:09.935Z</time>
      </trkpt>
      <trkpt lat="50.483491" lon="17.958953">
        <ele>169.708732</ele>
        <time>2025-06-12T23:07:21.202Z</time>
      </trkpt>
      <trkpt lat="50.483736" lon="17.959161">
        <ele>169.086469</ele>
        <time>2025-06-12T23:07:26.478Z</time>
      </trkpt>
      <trkpt lat="50.484067" lon="17.959379">
        <ele>168.284481</ele>
        <time>2025-06-12T23:07:33.070Z</time>
      </trkpt>
      <trkpt lat="50.486864" lon="17.960262">
        <ele>162.245811</ele>
        <time>2025-06-12T23:08:26.711Z</time>
      </trkpt>
      <trkpt lat="50.488502" lon="17.960770">
        <ele>162.537192</ele>
        <time>2025-06-12T23:09:04.652Z</time>
      </trkpt>
      <trkpt lat="50.489887" lon="17.961159">
        <ele>167.195863</ele>
        <time>2025-06-12T23:10:06.256Z</time>
      </trkpt>
      <trkpt lat="50.489883" lon="17.961197">
        <ele>167.282212</ele>
        <time>2025-06-12T23:10:07.335Z</time>
      </trkpt>
      <trkpt lat="50.489840" lon="17.961365">
        <ele>167.688178</ele>
        <time>2025-06-12T23:10:12.397Z</time>
      </trkpt>
      <trkpt lat="50.489647" lon="17.962214">
        <ele>169.445482</ele>
        <time>2025-06-12T23:10:36.023Z</time>
      </trkpt>
      <trkpt lat="50.489412" lon="17.963230">
        <ele>171.087872</ele>
        <time>2025-06-12T23:10:59.457Z</time>
      </trkpt>
      <trkpt lat="50.489348" lon="17.963492">
        <ele>171.514245</ele>
        <time>2025-06-12T23:11:05.109Z</time>
      </trkpt>
      <trkpt lat="50.489259" lon="17.963838">
        <ele>172.081241</ele>
        <time>2025-06-12T23:11:12.575Z</time>
      </trkpt>
      <trkpt lat="50.488879" lon="17.965028">
        <ele>173.854925</ele>
        <time>2025-06-12T23:11:38.776Z</time>
      </trkpt>
      <trkpt lat="50.488791" lon="17.965299">
        <ele>174.191757</ele>
        <time>2025-06-12T23:11:44.425Z</time>
      </trkpt>
      <trkpt lat="50.488783" lon="17.965323">
        <ele>174.221752</ele>
        <time>2025-06-12T23:11:44.911Z</time>
      </trkpt>
      <trkpt lat="50.488734" lon="17.965478">
        <ele>174.413362</ele>
        <time>2025-06-12T23:11:47.987Z</time>
      </trkpt>
      <trkpt lat="50.488706" lon="17.965565">
        <ele>174.521298</ele>
        <time>2025-06-12T23:11:49.780Z</time>
      </trkpt>
      <trkpt lat="50.488671" lon="17.965678">
        <ele>174.660433</ele>
        <time>2025-06-12T23:11:52.052Z</time>
      </trkpt>
      <trkpt lat="50.488473" lon="17.966297">
        <ele>175.427442</ele>
        <time>2025-06-12T23:12:04.989Z</time>
      </trkpt>
      <trkpt lat="50.488406" lon="17.966502">
        <ele>175.682584</ele>
        <time>2025-06-12T23:12:09.389Z</time>
      </trkpt>
      <trkpt lat="50.488348" lon="17.966683">
        <ele>175.906944</ele>
        <time>2025-06-12T23:12:13.499Z</time>
      </trkpt>
      <trkpt lat="50.488273" lon="17.966917">
        <ele>176.197015</ele>
        <time>2025-06-12T23:12:19.081Z</time>
      </trkpt>
      <trkpt lat="50.488238" lon="17.967026">
        <ele>176.332998</ele>
        <time>2025-06-12T23:12:21.794Z</time>
      </trkpt>
      <trkpt lat="50.488149" lon="17.967303">
        <ele>176.693255</ele>
        <time>2025-06-12T23:12:28.967Z</time>
      </trkpt>
      <trkpt lat="50.488008" lon="17.967750">
        <ele>177.272470</ele>
        <time>2025-06-12T23:12:40.415Z</time>
      </trkpt>
      <trkpt lat="50.487904" lon="17.967993">
        <ele>177.612464</ele>
        <time>2025-06-12T23:12:46.877Z</time>
      </trkpt>
      <trkpt lat="50.487784" lon="17.968201">
        <ele>177.938431</ele>
        <time>2025-06-12T23:12:52.931Z</time>
      </trkpt>
      <trkpt lat="50.487527" lon="17.968644">
        <ele>178.634428</ele>
        <time>2025-06-12T23:13:05.560Z</time>
      </trkpt>
      <trkpt lat="50.487197" lon="17.969213">
        <ele>179.528266</ele>
        <time>2025-06-12T23:13:19.427Z</time>
      </trkpt>
      <trkpt lat="50.487151" lon="17.969300">
        <ele>179.589138</ele>
        <time>2025-06-12T23:13:21.278Z</time>
      </trkpt>
      <trkpt lat="50.487068" lon="17.969487">
        <ele>179.554073</ele>
        <time>2025-06-12T23:13:24.800Z</time>
      </trkpt>
      <trkpt lat="50.486994" lon="17.969693">
        <ele>179.517692</ele>
        <time>2025-06-12T23:13:28.286Z</time>
      </trkpt>
      <trkpt lat="50.486978" lon="17.969736">
        <ele>179.510032</ele>
        <time>2025-06-12T23:13:28.986Z</time>
      </trkpt>
      <trkpt lat="50.486858" lon="17.970080">
        <ele>179.449699</ele>
        <time>2025-06-12T23:13:34.081Z</time>
      </trkpt>
      <trkpt lat="50.486799" lon="17.970200">
        <ele>179.426376</ele>
        <time>2025-06-12T23:13:35.965Z</time>
      </trkpt>
      <trkpt lat="50.486584" lon="17.970488">
        <ele>179.358094</ele>
        <time>2025-06-12T23:13:41.445Z</time>
      </trkpt>
      <trkpt lat="50.486401" lon="17.970702">
        <ele>179.302961</ele>
        <time>2025-06-12T23:13:45.951Z</time>
      </trkpt>
      <trkpt lat="50.486248" lon="17.970863">
        <ele>179.258455</ele>
        <time>2025-06-12T23:13:49.670Z</time>
      </trkpt>
      <trkpt lat="50.486347" lon="17.971089">
        <ele>179.216258</ele>
        <time>2025-06-12T23:13:53.479Z</time>
      </trkpt>
      <trkpt lat="50.486387" lon="17.971187">
        <ele>179.198352</ele>
        <time>2025-06-12T23:13:55.160Z</time>
      </trkpt>
      <trkpt lat="50.486512" lon="17.971465">
        <ele>179.204578</ele>
        <time>2025-06-12T23:14:00.349Z</time>
      </trkpt>
      <trkpt lat="50.486907" lon="17.972132">
        <ele>179.558072</ele>
        <time>2025-06-12T23:14:16.369Z</time>
      </trkpt>
      <trkpt lat="50.486970" lon="17.972241">
        <ele>179.615200</ele>
        <time>2025-06-12T23:14:18.956Z</time>
      </trkpt>
      <trkpt lat="50.487018" lon="17.972322">
        <ele>179.658141</ele>
        <time>2025-06-12T23:14:20.926Z</time>
      </trkpt>
      <trkpt lat="50.487158" lon="17.972564">
        <ele>179.785027</ele>
        <time>2025-06-12T23:14:26.858Z</time>
      </trkpt>
      <trkpt lat="50.487210" lon="17.972662">
        <ele>179.834530</ele>
        <time>2025-06-12T23:14:29.230Z</time>
      </trkpt>
      <trkpt lat="50.487730" lon="17.973659">
        <ele>180.249809</ele>
        <time>2025-06-12T23:14:51.205Z</time>
      </trkpt>
      <trkpt lat="50.487993" lon="17.974711">
        <ele>180.194572</ele>
        <time>2025-06-12T23:15:07.671Z</time>
      </trkpt>
      <trkpt lat="50.488455" lon="17.976691">
        <ele>179.774833</ele>
        <time>2025-06-12T23:15:37.756Z</time>
      </trkpt>
      <trkpt lat="50.488994" lon="17.978939">
        <ele>178.402273</ele>
        <time>2025-06-12T23:16:09.287Z</time>
      </trkpt>
      <trkpt lat="50.488543" lon="17.979197">
        <ele>177.968243</ele>
        <time>2025-06-12T23:16:18.557Z</time>
      </trkpt>
      <trkpt lat="50.488488" lon="17.979254">
        <ele>177.908666</ele>
        <time>2025-06-12T23:16:19.838Z</time>
      </trkpt>
      <trkpt lat="50.487909" lon="17.980179">
        <ele>177.162056</ele>
        <time>2025-06-12T23:16:36.315Z</time>
      </trkpt>
      <trkpt lat="50.487162" lon="17.981406">
        <ele>176.438407</ele>
        <time>2025-06-12T23:16:59.485Z</time>
      </trkpt>
      <trkpt lat="50.487118" lon="17.981480">
        <ele>176.401374</ele>
        <time>2025-06-12T23:17:00.845Z</time>
      </trkpt>
      <trkpt lat="50.487029" lon="17.981636">
        <ele>176.324760</ele>
        <time>2025-06-12T23:17:03.632Z</time>
      </trkpt>
      <trkpt lat="50.486867" lon="17.981397">
        <ele>176.197073</ele>
        <time>2025-06-12T23:17:08.248Z</time>
      </trkpt>
      <trkpt lat="50.486810" lon="17.981490">
        <ele>176.149857</ele>
        <time>2025-06-12T23:17:09.952Z</time>
      </trkpt>
      <trkpt lat="50.486715" lon="17.981614">
        <ele>176.078890</ele>
        <time>2025-06-12T23:17:12.477Z</time>
      </trkpt>
      <trkpt lat="50.486506" lon="17.981896">
        <ele>175.920592</ele>
        <time>2025-06-12T23:17:18.082Z</time>
      </trkpt>
      <trkpt lat="50.485262" lon="17.983554">
        <ele>174.475167</ele>
        <time>2025-06-12T23:17:50.496Z</time>
      </trkpt>
      <trkpt lat="50.484337" lon="17.984791">
        <ele>173.597796</ele>
        <time>2025-06-12T23:18:15.152Z</time>
      </trkpt>
      <trkpt lat="50.483867" lon="17.985420">
        <ele>173.189784</ele>
        <time>2025-06-12T23:18:28.087Z</time>
      </trkpt>
      <trkpt lat="50.483021" lon="17.986534">
        <ele>172.208197</ele>
        <time>2025-06-12T23:18:50.982Z</time>
      </trkpt>
      <trkpt lat="50.482914" lon="17.986722">
        <ele>172.053989</ele>
        <time>2025-06-12T23:18:54.118Z</time>
      </trkpt>
      <trkpt lat="50.482288" lon="17.988416">
        <ele>170.782353</ele>
        <time>2025-06-12T23:19:18.305Z</time>
      </trkpt>
      <trkpt lat="50.481587" lon="17.990301">
        <ele>169.227306</ele>
        <time>2025-06-12T23:19:45.591Z</time>
      </trkpt>
      <trkpt lat="50.481021" lon="17.991824">
        <ele>168.209243</ele>
        <time>2025-06-12T23:20:07.985Z</time>
      </trkpt>
      <trkpt lat="50.480912" lon="17.992002">
        <ele>168.066648</ele>
        <time>2025-06-12T23:20:11.127Z</time>
      </trkpt>
      <trkpt lat="50.480621" lon="17.992134">
        <ele>167.791900</ele>
        <time>2025-06-12T23:20:17.247Z</time>
      </trkpt>
      <trkpt lat="50.480567" lon="17.992290">
        <ele>167.689391</ele>
        <time>2025-06-12T23:20:19.563Z</time>
      </trkpt>
      <trkpt lat="50.480571" lon="17.992368">
        <ele>167.644220</ele>
        <time>2025-06-12T23:20:20.569Z</time>
      </trkpt>
      <trkpt lat="50.480630" lon="17.992582">
        <ele>167.561068</ele>
        <time>2025-06-12T23:20:23.609Z</time>
      </trkpt>
      <trkpt lat="50.480693" lon="17.992781">
        <ele>167.486838</ele>
        <time>2025-06-12T23:20:26.519Z</time>
      </trkpt>
      <trkpt lat="50.480124" lon="17.994242">
        <ele>166.914777</ele>
        <time>2025-06-12T23:21:05.226Z</time>
      </trkpt>
      <trkpt lat="50.477748" lon="18.000691">
        <ele>165.740445</ele>
        <time>2025-06-12T23:23:57.102Z</time>
      </trkpt>
      <trkpt lat="50.476986" lon="18.002455">
        <ele>165.950878</ele>
        <time>2025-06-12T23:24:50.703Z</time>
      </trkpt>
      <trkpt lat="50.476879" lon="18.002625">
        <ele>165.964337</ele>
        <time>2025-06-12T23:24:56.637Z</time>
      </trkpt>
      <trkpt lat="50.476810" lon="18.002779">
        <ele>165.974938</ele>
        <time>2025-06-12T23:25:01.301Z</time>
      </trkpt>
      <trkpt lat="50.476743" lon="18.003022">
        <ele>165.989845</ele>
        <time>2025-06-12T23:25:07.744Z</time>
      </trkpt>
      <trkpt lat="50.476731" lon="18.003309">
        <ele>166.006034</ele>
        <time>2025-06-12T23:25:14.692Z</time>
      </trkpt>
      <trkpt lat="50.476771" lon="18.003456">
        <ele>166.015033</ele>
        <time>2025-06-12T23:25:18.555Z</time>
      </trkpt>
      <trkpt lat="50.476876" lon="18.003661">
        <ele>166.029845</ele>
        <time>2025-06-12T23:25:24.797Z</time>
      </trkpt>
      <trkpt lat="50.478885" lon="18.006698">
        <ele>165.621420</ele>
        <time>2025-06-12T23:27:05.668Z</time>
      </trkpt>
      <trkpt lat="50.478905" lon="18.006728">
        <ele>165.626313</ele>
        <time>2025-06-12T23:27:06.706Z</time>
      </trkpt>
      <trkpt lat="50.478938" lon="18.006777">
        <ele>165.634347</ele>
        <time>2025-06-12T23:27:08.378Z</time>
      </trkpt>
      <trkpt lat="50.479947" lon="18.008262">
        <ele>165.886607</ele>
        <time>2025-06-12T23:28:01.588Z</time>
      </trkpt>
      <trkpt lat="50.480384" lon="18.008951">
        <ele>166.451128</ele>
        <time>2025-06-12T23:28:26.752Z</time>
      </trkpt>
      <trkpt lat="50.480648" lon="18.009443">
        <ele>166.824596</ele>
        <time>2025-06-12T23:28:43.015Z</time>
      </trkpt>
      <trkpt lat="50.480842" lon="18.009722">
        <ele>167.064414</ele>
        <time>2025-06-12T23:28:53.927Z</time>
      </trkpt>
      <trkpt lat="50.480894" lon="18.009906">
        <ele>167.181246</ele>
        <time>2025-06-12T23:28:59.362Z</time>
      </trkpt>
      <trkpt lat="50.480709" lon="18.010516">
        <ele>167.642885</ele>
        <time>2025-06-12T23:29:18.106Z</time>
      </trkpt>
      <trkpt lat="50.482613" lon="18.014297">
        <ele>173.308666</ele>
        <time>2025-06-12T23:30:59.632Z</time>
      </trkpt>
      <trkpt lat="50.484059" lon="18.017304">
        <ele>173.992587</ele>
        <time>2025-06-12T23:31:54.943Z</time>
      </trkpt>
      <trkpt lat="50.484780" lon="18.018931">
        <ele>172.684030</ele>
        <time>2025-06-12T23:32:19.079Z</time>
      </trkpt>
      <trkpt lat="50.485003" lon="18.019444">
        <ele>172.273992</ele>
        <time>2025-06-12T23:32:26.767Z</time>
      </trkpt>
      <trkpt lat="50.485250" lon="18.019157">
        <ele>172.155382</ele>
        <time>2025-06-12T23:32:33.001Z</time>
      </trkpt>
      <trkpt lat="50.485393" lon="18.019096">
        <ele>172.101341</ele>
        <time>2025-06-12T23:32:36.108Z</time>
      </trkpt>
      <trkpt lat="50.485865" lon="18.018995">
        <ele>171.927609</ele>
        <time>2025-06-12T23:32:46.462Z</time>
      </trkpt>
      <trkpt lat="50.485907" lon="18.018955">
        <ele>171.909698</ele>
        <time>2025-06-12T23:32:47.541Z</time>
      </trkpt>
      <trkpt lat="50.485937" lon="18.019080">
        <ele>171.878696</ele>
        <time>2025-06-12T23:32:49.408Z</time>
      </trkpt>
      <trkpt lat="50.486322" lon="18.019890">
        <ele>171.644077</ele>
        <time>2025-06-12T23:33:03.572Z</time>
      </trkpt>
      <trkpt lat="50.487219" lon="18.021787">
        <ele>171.227987</ele>
        <time>2025-06-12T23:33:35.684Z</time>
      </trkpt>
      <trkpt lat="50.487610" lon="18.022628">
        <ele>171.154505</ele>
        <time>2025-06-12T23:33:50.539Z</time>
      </trkpt>
      <trkpt lat="50.487869" lon="18.023057">
        <ele>171.200916</ele>
        <time>2025-06-12T23:33:59.233Z</time>
      </trkpt>
      <trkpt lat="50.488119" lon="18.023501">
        <ele>171.247444</ele>
        <time>2025-06-12T23:34:08.223Z</time>
      </trkpt>
      <trkpt lat="50.488219" lon="18.023685">
        <ele>171.266435</ele>
        <time>2025-06-12T23:34:11.930Z</time>
      </trkpt>
      <trkpt lat="50.488697" lon="18.024360">
        <ele>171.352576</ele>
        <time>2025-06-12T23:34:27.903Z</time>
      </trkpt>
      <trkpt lat="50.488951" lon="18.024721">
        <ele>171.512833</ele>
        <time>2025-06-12T23:34:36.697Z</time>
      </trkpt>
      <trkpt lat="50.489177" lon="18.025039">
        <ele>171.654786</ele>
        <time>2025-06-12T23:34:44.430Z</time>
      </trkpt>
      <trkpt lat="50.489601" lon="18.025634">
        <ele>171.920786</ele>
        <time>2025-06-12T23:34:59.316Z</time>
      </trkpt>
      <trkpt lat="50.489667" lon="18.025722">
        <ele>171.961288</ele>
        <time>2025-06-12T23:35:01.632Z</time>
      </trkpt>
      <trkpt lat="50.489872" lon="18.025354">
        <ele>172.106920</ele>
        <time>2025-06-12T23:35:09.713Z</time>
      </trkpt>
      <trkpt lat="50.490502" lon="18.024212">
        <ele>172.340168</ele>
        <time>2025-06-12T23:35:31.524Z</time>
      </trkpt>
      <trkpt lat="50.490565" lon="18.024097">
        <ele>172.359020</ele>
        <time>2025-06-12T23:35:33.805Z</time>
      </trkpt>
      <trkpt lat="50.490632" lon="18.023976">
        <ele>172.378946</ele>
        <time>2025-06-12T23:35:36.260Z</time>
      </trkpt>
      <trkpt lat="50.490935" lon="18.023429">
        <ele>172.469042</ele>
        <time>2025-06-12T23:35:47.217Z</time>
      </trkpt>
      <trkpt lat="50.491007" lon="18.023300">
        <ele>172.490360</ele>
        <time>2025-06-12T23:35:49.734Z</time>
      </trkpt>
      <trkpt lat="50.491120" lon="18.023091">
        <ele>172.524431</ele>
        <time>2025-06-12T23:35:53.623Z</time>
      </trkpt>
      <trkpt lat="50.491185" lon="18.022974">
        <ele>172.565474</ele>
        <time>2025-06-12T23:35:55.791Z</time>
      </trkpt>
      <trkpt lat="50.491354" lon="18.022656">
        <ele>172.764795</ele>
        <time>2025-06-12T23:36:01.523Z</time>
      </trkpt>
      <trkpt lat="50.491460" lon="18.022292">
        <ele>172.957364</ele>
        <time>2025-06-12T23:36:07.203Z</time>
      </trkpt>
      <trkpt lat="50.491587" lon="18.022263">
        <ele>173.054399</ele>
        <time>2025-06-12T23:36:10.351Z</time>
      </trkpt>
      <trkpt lat="50.491918" lon="18.021952">
        <ele>173.345978</ele>
        <time>2025-06-12T23:36:20.822Z</time>
      </trkpt>
      <trkpt lat="50.492070" lon="18.021884">
        <ele>173.465472</ele>
        <time>2025-06-12T23:36:25.186Z</time>
      </trkpt>
      <trkpt lat="50.492265" lon="18.021921">
        <ele>173.613986</ele>
        <time>2025-06-12T23:36:30.652Z</time>
      </trkpt>
      <trkpt lat="50.492348" lon="18.022004">
        <ele>173.688367</ele>
        <time>2025-06-12T23:36:33.470Z</time>
      </trkpt>
      <trkpt lat="50.492448" lon="18.022105">
        <ele>173.778242</ele>
        <time>2025-06-12T23:36:36.857Z</time>
      </trkpt>
      <trkpt lat="50.492942" lon="18.022780">
        <ele>174.606052</ele>
        <time>2025-06-12T23:36:56.081Z</time>
      </trkpt>
      <trkpt lat="50.492979" lon="18.022833">
        <ele>174.677322</ele>
        <time>2025-06-12T23:36:57.618Z</time>
      </trkpt>
      <trkpt lat="50.493215" lon="18.023181">
        <ele>175.138025</ele>
        <time>2025-06-12T23:37:07.741Z</time>
      </trkpt>
      <trkpt lat="50.493336" lon="18.023404">
        <ele>175.403494</ele>
        <time>2025-06-12T23:37:13.594Z</time>
      </trkpt>
      <trkpt lat="50.493429" lon="18.023553">
        <ele>175.592557</ele>
        <time>2025-06-12T23:37:17.669Z</time>
      </trkpt>
      <trkpt lat="50.493695" lon="18.023976">
        <ele>176.131268</ele>
        <time>2025-06-12T23:37:28.776Z</time>
      </trkpt>
      <trkpt lat="50.493800" lon="18.024144">
        <ele>176.344578</ele>
        <time>2025-06-12T23:37:32.952Z</time>
      </trkpt>
      <trkpt lat="50.494064" lon="18.024550">
        <ele>176.640665</ele>
        <time>2025-06-12T23:37:42.732Z</time>
      </trkpt>
      <trkpt lat="50.494487" lon="18.025288">
        <ele>177.040451</ele>
        <time>2025-06-12T23:37:59.238Z</time>
      </trkpt>
      <trkpt lat="50.494566" lon="18.025361">
        <ele>177.098425</ele>
        <time>2025-06-12T23:38:01.548Z</time>
      </trkpt>
      <trkpt lat="50.494703" lon="18.025433">
        <ele>177.189812</ele>
        <time>2025-06-12T23:38:05.114Z</time>
      </trkpt>
      <trkpt lat="50.495315" lon="18.025555">
        <ele>177.580087</ele>
        <time>2025-06-12T23:38:20.254Z</time>
      </trkpt>
      <trkpt lat="50.496349" lon="18.025740">
        <ele>177.606850</ele>
        <time>2025-06-12T23:38:43.578Z</time>
      </trkpt>
      <trkpt lat="50.496697" lon="18.025762">
        <ele>177.610965</ele>
        <time>2025-06-12T23:38:51.081Z</time>
      </trkpt>
      <trkpt lat="50.497408" lon="18.025714">
        <ele>177.601548</ele>
        <time>2025-06-12T23:39:06.627Z</time>
      </trkpt>
      <trkpt lat="50.497583" lon="18.025697">
        <ele>177.592405</ele>
        <time>2025-06-12T23:39:10.470Z</time>
      </trkpt>
      <trkpt lat="50.498062" lon="18.025648">
        <ele>177.567373</ele>
        <time>2025-06-12T23:39:21.115Z</time>
      </trkpt>
      <trkpt lat="50.498493" lon="18.025543">
        <ele>177.544629</ele>
        <time>2025-06-12T23:39:31.064Z</time>
      </trkpt>
      <trkpt lat="50.498585" lon="18.025507">
        <ele>177.539685</ele>
        <time>2025-06-12T23:39:33.201Z</time>
      </trkpt>
      <trkpt lat="50.498968" lon="18.025370">
        <ele>177.492530</ele>
        <time>2025-06-12T23:39:41.952Z</time>
      </trkpt>
      <trkpt lat="50.499271" lon="18.025261">
        <ele>177.336062</ele>
        <time>2025-06-12T23:39:48.699Z</time>
      </trkpt>
      <trkpt lat="50.499441" lon="18.025199">
        <ele>177.248214</ele>
        <time>2025-06-12T23:39:52.386Z</time>
      </trkpt>
      <trkpt lat="50.499841" lon="18.025055">
        <ele>177.041649</ele>
        <time>2025-06-12T23:40:00.942Z</time>
      </trkpt>
      <trkpt lat="50.500415" lon="18.024757">
        <ele>176.737359</ele>
        <time>2025-06-12T23:40:13.320Z</time>
      </trkpt>
      <trkpt lat="50.500868" lon="18.024500">
        <ele>176.483031</ele>
        <time>2025-06-12T23:40:23.117Z</time>
      </trkpt>
      <trkpt lat="50.501055" lon="18.024402">
        <ele>176.374121</ele>
        <time>2025-06-12T23:40:27.138Z</time>
      </trkpt>
      <trkpt lat="50.501580" lon="18.024193">
        <ele>176.074895</ele>
        <time>2025-06-12T23:40:38.419Z</time>
      </trkpt>
      <trkpt lat="50.502760" lon="18.024002">
        <ele>175.404584</ele>
        <time>2025-06-12T23:41:03.356Z</time>
      </trkpt>
      <trkpt lat="50.503471" lon="18.023851">
        <ele>174.979178</ele>
        <time>2025-06-12T23:41:17.998Z</time>
      </trkpt>
      <trkpt lat="50.504625" lon="18.023506">
        <ele>174.414691</ele>
        <time>2025-06-12T23:41:42.340Z</time>
      </trkpt>
      <trkpt lat="50.505696" lon="18.023124">
        <ele>174.077337</ele>
        <time>2025-06-12T23:42:06.316Z</time>
      </trkpt>
      <trkpt lat="50.507765" lon="18.022300">
        <ele>173.610042</ele>
        <time>2025-06-12T23:42:51.902Z</time>
      </trkpt>
      <trkpt lat="50.508293" lon="18.021842">
        <ele>174.128250</ele>
        <time>2025-06-12T23:43:05.628Z</time>
      </trkpt>
      <trkpt lat="50.508559" lon="18.021744">
        <ele>174.363032</ele>
        <time>2025-06-12T23:43:14.568Z</time>
      </trkpt>
      <trkpt lat="50.508829" lon="18.021858">
        <ele>174.603280</ele>
        <time>2025-06-12T23:43:24.212Z</time>
      </trkpt>
      <trkpt lat="50.509026" lon="18.022141">
        <ele>174.832588</ele>
        <time>2025-06-12T23:43:33.949Z</time>
      </trkpt>
      <trkpt lat="50.509386" lon="18.023124">
        <ele>176.027803</ele>
        <time>2025-06-12T23:43:57.597Z</time>
      </trkpt>
      <trkpt lat="50.510111" lon="18.025105">
        <ele>179.139312</ele>
        <time>2025-06-12T23:44:46.923Z</time>
      </trkpt>
      <trkpt lat="50.510868" lon="18.027215">
        <ele>182.043910</ele>
        <time>2025-06-12T23:45:34.525Z</time>
      </trkpt>
      <trkpt lat="50.511369" lon="18.028536">
        <ele>184.096326</ele>
        <time>2025-06-12T23:46:06.916Z</time>
      </trkpt>
      <trkpt lat="50.511530" lon="18.028918">
        <ele>184.720035</ele>
        <time>2025-06-12T23:46:16.844Z</time>
      </trkpt>
      <trkpt lat="50.512806" lon="18.031175">
        <ele>188.677413</ele>
        <time>2025-06-12T23:47:19.151Z</time>
      </trkpt>
      <trkpt lat="50.514187" lon="18.034115">
        <ele>193.344624</ele>
        <time>2025-06-12T23:48:33.773Z</time>
      </trkpt>
      <trkpt lat="50.514206" lon="18.034155">
        <ele>193.408292</ele>
        <time>2025-06-12T23:48:34.833Z</time>
      </trkpt>
      <trkpt lat="50.514541" lon="18.034839">
        <ele>194.556412</ele>
        <time>2025-06-12T23:48:53.147Z</time>
      </trkpt>
      <trkpt lat="50.514642" lon="18.035118">
        <ele>194.983678</ele>
        <time>2025-06-12T23:48:59.938Z</time>
      </trkpt>
      <trkpt lat="50.514721" lon="18.035413">
        <ele>195.409678</ele>
        <time>2025-06-12T23:49:06.721Z</time>
      </trkpt>
      <trkpt lat="50.514873" lon="18.036276">
        <ele>196.601453</ele>
        <time>2025-06-12T23:49:25.359Z</time>
      </trkpt>
      <trkpt lat="50.514881" lon="18.036327">
        <ele>196.671361</ele>
        <time>2025-06-12T23:49:26.472Z</time>
      </trkpt>
      <trkpt lat="50.515021" lon="18.037264">
        <ele>197.981286</ele>
        <time>2025-06-12T23:49:45.970Z</time>
      </trkpt>
      <trkpt lat="50.515263" lon="18.039143">
        <ele>200.630083</ele>
        <time>2025-06-12T23:50:26.266Z</time>
      </trkpt>
      <trkpt lat="50.515585" lon="18.040676">
        <ele>202.997314</ele>
        <time>2025-06-12T23:51:02.073Z</time>
      </trkpt>
      <trkpt lat="50.515795" lon="18.041507">
        <ele>204.328754</ele>
        <time>2025-06-12T23:51:22.124Z</time>
      </trkpt>
      <trkpt lat="50.515899" lon="18.041824">
        <ele>204.859867</ele>
        <time>2025-06-12T23:51:29.790Z</time>
      </trkpt>
      <trkpt lat="50.516136" lon="18.042319">
        <ele>205.572169</ele>
        <time>2025-06-12T23:51:42.565Z</time>
      </trkpt>
      <trkpt lat="50.518087" lon="18.046165">
        <ele>209.106229</ele>
        <time>2025-06-12T23:53:08.749Z</time>
      </trkpt>
      <trkpt lat="50.519113" lon="18.048189">
        <ele>209.731678</ele>
        <time>2025-06-12T23:53:49.571Z</time>
      </trkpt>
      <trkpt lat="50.520590" lon="18.051105">
        <ele>208.938041</ele>
        <time>2025-06-12T23:54:39.282Z</time>
      </trkpt>
      <trkpt lat="50.520748" lon="18.051417">
        <ele>208.672198</ele>
        <time>2025-06-12T23:54:44.831Z</time>
      </trkpt>
      <trkpt lat="50.520832" lon="18.051601">
        <ele>208.521227</ele>
        <time>2025-06-12T23:54:47.948Z</time>
      </trkpt>
      <trkpt lat="50.520960" lon="18.051703">
        <ele>208.370810</ele>
        <time>2025-06-12T23:54:51.035Z</time>
      </trkpt>
      <trkpt lat="50.520966" lon="18.051825">
        <ele>208.289257</ele>
        <time>2025-06-12T23:54:52.688Z</time>
      </trkpt>
      <trkpt lat="50.520993" lon="18.051903">
        <ele>208.230066</ele>
        <time>2025-06-12T23:54:53.906Z</time>
      </trkpt>
      <trkpt lat="50.522182" lon="18.054228">
        <ele>205.421062</ele>
        <time>2025-06-12T23:55:29.556Z</time>
      </trkpt>
      <trkpt lat="50.522481" lon="18.054854">
        <ele>204.457363</ele>
        <time>2025-06-12T23:55:38.345Z</time>
      </trkpt>
      <trkpt lat="50.523191" lon="18.056568">
        <ele>202.870815</ele>
        <time>2025-06-12T23:56:02.399Z</time>
      </trkpt>
      <trkpt lat="50.524986" lon="18.060933">
        <ele>202.605260</ele>
        <time>2025-06-12T23:57:18.926Z</time>
      </trkpt>
      <trkpt lat="50.525951" lon="18.062904">
        <ele>203.054875</ele>
        <time>2025-06-12T23:57:57.458Z</time>
      </trkpt>
      <trkpt lat="50.526008" lon="18.063084">
        <ele>203.071192</ele>
        <time>2025-06-12T23:58:00.525Z</time>
      </trkpt>
      <trkpt lat="50.526062" lon="18.063382">
        <ele>203.096335</ele>
        <time>2025-06-12T23:58:05.139Z</time>
      </trkpt>
      <trkpt lat="50.526129" lon="18.064214">
        <ele>203.164383</ele>
        <time>2025-06-12T23:58:17.074Z</time>
      </trkpt>
      <trkpt lat="50.526193" lon="18.064420">
        <ele>203.182987</ele>
        <time>2025-06-12T23:58:20.246Z</time>
      </trkpt>
      <trkpt lat="50.526319" lon="18.064539">
        <ele>203.201745</ele>
        <time>2025-06-12T23:58:23.495Z</time>
      </trkpt>
      <trkpt lat="50.526964" lon="18.064840">
        <ele>203.149341</ele>
        <time>2025-06-12T23:58:38.199Z</time>
      </trkpt>
      <trkpt lat="50.527185" lon="18.065042">
        <ele>203.101539</ele>
        <time>2025-06-12T23:58:43.638Z</time>
      </trkpt>
      <trkpt lat="50.527337" lon="18.065251">
        <ele>203.063784</ele>
        <time>2025-06-12T23:58:47.931Z</time>
      </trkpt>
      <trkpt lat="50.527424" lon="18.065354">
        <ele>203.043420</ele>
        <time>2025-06-12T23:58:50.233Z</time>
      </trkpt>
      <trkpt lat="50.527549" lon="18.065441">
        <ele>203.017857</ele>
        <time>2025-06-12T23:58:53.146Z</time>
      </trkpt>
      <trkpt lat="50.528212" lon="18.065665">
        <ele>202.898304</ele>
        <time>2025-06-12T23:59:07.960Z</time>
      </trkpt>
      <trkpt lat="50.528338" lon="18.065670">
        <ele>202.916388</ele>
        <time>2025-06-12T23:59:10.816Z</time>
      </trkpt>
      <trkpt lat="50.528481" lon="18.065631">
        <ele>202.937211</ele>
        <time>2025-06-12T23:59:14.061Z</time>
      </trkpt>
      <trkpt lat="50.528584" lon="18.065667">
        <ele>202.952350</ele>
        <time>2025-06-12T23:59:16.530Z</time>
      </trkpt>
      <trkpt lat="50.529041" lon="18.065651">
        <ele>203.017936</ele>
        <time>2025-06-12T23:59:27.647Z</time>
      </trkpt>
      <trkpt lat="50.529558" lon="18.065963">
        <ele>203.097386</ele>
        <time>2025-06-12T23:59:41.461Z</time>
      </trkpt>
      <trkpt lat="50.530128" lon="18.066398">
        <ele>203.028859</ele>
        <time>2025-06-12T23:59:56.991Z</time>
      </trkpt>
      <trkpt lat="50.531860" lon="18.067687">
        <ele>201.721395</ele>
        <time>2025-06-13T00:00:49.848Z</time>
      </trkpt>
      <trkpt lat="50.533393" lon="18.068759">
        <ele>199.440008</ele>
        <time>2025-06-13T00:01:32.569Z</time>
      </trkpt>
      <trkpt lat="50.533799" lon="18.069009">
        <ele>199.024375</ele>
        <time>2025-06-13T00:01:43.820Z</time>
      </trkpt>
      <trkpt lat="50.535357" lon="18.070065">
        <ele>197.654319</ele>
        <time>2025-06-13T00:02:30.693Z</time>
      </trkpt>
      <trkpt lat="50.535469" lon="18.070174">
        <ele>197.585427</ele>
        <time>2025-06-13T00:02:34.727Z</time>
      </trkpt>
      <trkpt lat="50.535520" lon="18.070170">
        <ele>197.558715</ele>
        <time>2025-06-13T00:02:35.960Z</time>
      </trkpt>
      <trkpt lat="50.536484" lon="18.070717">
        <ele>197.022638</ele>
        <time>2025-06-13T00:02:58.215Z</time>
      </trkpt>
      <trkpt lat="50.536816" lon="18.070830">
        <ele>196.189388</ele>
        <time>2025-06-13T00:03:04.720Z</time>
      </trkpt>
      <trkpt lat="50.537240" lon="18.070970">
        <ele>195.083811</ele>
        <time>2025-06-13T00:03:12.473Z</time>
      </trkpt>
      <trkpt lat="50.537802" lon="18.071101">
        <ele>193.633988</ele>
        <time>2025-06-13T00:03:21.974Z</time>
      </trkpt>
      <trkpt lat="50.537929" lon="18.071132">
        <ele>193.306019</ele>
        <time>2025-06-13T00:03:24.085Z</time>
      </trkpt>
      <trkpt lat="50.538582" lon="18.071438">
        <ele>192.319063</ele>
        <time>2025-06-13T00:03:35.765Z</time>
      </trkpt>
      <trkpt lat="50.538949" lon="18.071727">
        <ele>192.190764</ele>
        <time>2025-06-13T00:03:43.568Z</time>
      </trkpt>
      <trkpt lat="50.539165" lon="18.071949">
        <ele>192.110108</ele>
        <time>2025-06-13T00:03:48.894Z</time>
      </trkpt>
      <trkpt lat="50.540193" lon="18.073177">
        <ele>192.952418</ele>
        <time>2025-06-13T00:04:29.152Z</time>
      </trkpt>
      <trkpt lat="50.540307" lon="18.073347">
        <ele>193.297683</ele>
        <time>2025-06-13T00:04:34.760Z</time>
      </trkpt>
      <trkpt lat="50.540530" lon="18.073849">
        <ele>194.153352</ele>
        <time>2025-06-13T00:04:48.608Z</time>
      </trkpt>
      <trkpt lat="50.540499" lon="18.073936">
        <ele>194.292697</ele>
        <time>2025-06-13T00:04:50.786Z</time>
      </trkpt>
      <trkpt lat="50.540624" lon="18.073916">
        <ele>194.568896</ele>
        <time>2025-06-13T00:04:55.232Z</time>
      </trkpt>
      <trkpt lat="50.540819" lon="18.073810">
        <ele>195.022415</ele>
        <time>2025-06-13T00:05:02.380Z</time>
      </trkpt>
      <trkpt lat="50.541597" lon="18.073543">
        <ele>196.428544</ele>
        <time>2025-06-13T00:05:28.587Z</time>
      </trkpt>
      <trkpt lat="50.542175" lon="18.073449">
        <ele>197.246446</ele>
        <time>2025-06-13T00:05:45.666Z</time>
      </trkpt>
      <trkpt lat="50.542464" lon="18.073455">
        <ele>197.653265</ele>
        <time>2025-06-13T00:05:53.741Z</time>
      </trkpt>
      <trkpt lat="50.542931" lon="18.073388">
        <ele>198.313321</ele>
        <time>2025-06-13T00:06:06.235Z</time>
      </trkpt>
      <trkpt lat="50.543613" lon="18.073098">
        <ele>198.702670</ele>
        <time>2025-06-13T00:06:24.045Z</time>
      </trkpt>
      <trkpt lat="50.543703" lon="18.073071">
        <ele>198.750389</ele>
        <time>2025-06-13T00:06:26.333Z</time>
      </trkpt>
      <trkpt lat="50.543992" lon="18.073082">
        <ele>198.900952</ele>
        <time>2025-06-13T00:06:33.622Z</time>
      </trkpt>
      <trkpt lat="50.544561" lon="18.073202">
        <ele>199.199953</ele>
        <time>2025-06-13T00:06:48.029Z</time>
      </trkpt>
      <trkpt lat="50.545296" lon="18.073359">
        <ele>198.807967</ele>
        <time>2025-06-13T00:07:05.147Z</time>
      </trkpt>
      <trkpt lat="50.545380" lon="18.073365">
        <ele>198.738967</ele>
        <time>2025-06-13T00:07:07.007Z</time>
      </trkpt>
      <trkpt lat="50.547295" lon="18.072585">
        <ele>196.148810</ele>
        <time>2025-06-13T00:07:46.902Z</time>
      </trkpt>
      <trkpt lat="50.547916" lon="18.072362">
        <ele>194.896167</ele>
        <time>2025-06-13T00:07:58.865Z</time>
      </trkpt>
      <trkpt lat="50.548551" lon="18.072145">
        <ele>193.516792</ele>
        <time>2025-06-13T00:08:19.198Z</time>
      </trkpt>
      <trkpt lat="50.549205" lon="18.071995">
        <ele>192.014949</ele>
        <time>2025-06-13T00:08:39.833Z</time>
      </trkpt>
      <trkpt lat="50.551508" lon="18.071539">
        <ele>188.142101</ele>
        <time>2025-06-13T00:09:56.971Z</time>
      </trkpt>
      <trkpt lat="50.551697" lon="18.071555">
        <ele>187.887085</ele>
        <time>2025-06-13T00:10:03.779Z</time>
      </trkpt>
      <trkpt lat="50.551709" lon="18.071330">
        <ele>187.730473</ele>
        <time>2025-06-13T00:10:08.928Z</time>
      </trkpt>
      <trkpt lat="50.551676" lon="18.070745">
        <ele>187.504838</ele>
        <time>2025-06-13T00:10:22.428Z</time>
      </trkpt>
      <trkpt lat="50.551726" lon="18.070074">
        <ele>187.245281</ele>
        <time>2025-06-13T00:10:38.173Z</time>
      </trkpt>
      <trkpt lat="50.552053" lon="18.057074">
        <ele>182.176754</ele>
        <time>2025-06-13T00:15:30.445Z</time>
      </trkpt>
      <trkpt lat="50.554850" lon="18.056939">
        <ele>180.099626</ele>
        <time>2025-06-13T00:16:27.520Z</time>
      </trkpt>
      <trkpt lat="50.555199" lon="18.056857">
        <ele>179.815932</ele>
        <time>2025-06-13T00:16:34.655Z</time>
      </trkpt>
      <trkpt lat="50.555225" lon="18.056844">
        <ele>179.794000</ele>
        <time>2025-06-13T00:16:35.201Z</time>
      </trkpt>
      <trkpt lat="50.555423" lon="18.056708">
        <ele>179.620317</ele>
        <time>2025-06-13T00:16:39.566Z</time>
      </trkpt>
      <trkpt lat="50.561077" lon="18.051994">
        <ele>172.460498</ele>
        <time>2025-06-13T00:18:45.315Z</time>
      </trkpt>
      <trkpt lat="50.562133" lon="18.051109">
        <ele>171.299168</ele>
        <time>2025-06-13T00:19:08.503Z</time>
      </trkpt>
      <trkpt lat="50.564276" lon="18.049320">
        <ele>170.584890</ele>
        <time>2025-06-13T00:20:01.242Z</time>
      </trkpt>
      <trkpt lat="50.567933" lon="18.046352">
        <ele>170.489536</ele>
        <time>2025-06-13T00:21:33.089Z</time>
      </trkpt>
      <trkpt lat="50.568565" lon="18.045796">
        <ele>170.194358</ele>
        <time>2025-06-13T00:21:48.687Z</time>
      </trkpt>
      <trkpt lat="50.568852" lon="18.045567">
        <ele>169.965728</ele>
        <time>2025-06-13T00:21:55.423Z</time>
      </trkpt>
      <trkpt lat="50.569722" lon="18.045027">
        <ele>169.301219</ele>
        <time>2025-06-13T00:22:14.191Z</time>
      </trkpt>
      <trkpt lat="50.570532" lon="18.044578">
        <ele>168.560738</ele>
        <time>2025-06-13T00:22:31.006Z</time>
      </trkpt>
      <trkpt lat="50.570565" lon="18.044560">
        <ele>168.529500</ele>
        <time>2025-06-13T00:22:31.666Z</time>
      </trkpt>
      <trkpt lat="50.570607" lon="18.044382">
        <ele>168.421627</ele>
        <time>2025-06-13T00:22:34.041Z</time>
      </trkpt>
      <trkpt lat="50.572218" lon="18.043976">
        <ele>167.818291</ele>
        <time>2025-06-13T00:23:07.474Z</time>
      </trkpt>
      <trkpt lat="50.572770" lon="18.043820">
        <ele>168.005470</ele>
        <time>2025-06-13T00:23:21.974Z</time>
      </trkpt>
      <trkpt lat="50.573918" lon="18.043443">
        <ele>168.459043</ele>
        <time>2025-06-13T00:23:55.471Z</time>
      </trkpt>
      <trkpt lat="50.577095" lon="18.043229">
        <ele>169.122365</ele>
        <time>2025-06-13T00:25:53.153Z</time>
      </trkpt>
      <trkpt lat="50.577244" lon="18.043238">
        <ele>169.228806</ele>
        <time>2025-06-13T00:25:58.786Z</time>
      </trkpt>
      <trkpt lat="50.577642" lon="18.043286">
        <ele>169.513750</ele>
        <time>2025-06-13T00:26:14.402Z</time>
      </trkpt>
      <trkpt lat="50.579245" lon="18.043306">
        <ele>170.605599</ele>
        <time>2025-06-13T00:27:22.648Z</time>
      </trkpt>
      <trkpt lat="50.579870" lon="18.043376">
        <ele>170.994893</ele>
        <time>2025-06-13T00:27:48.268Z</time>
      </trkpt>
      <trkpt lat="50.580879" lon="18.043625">
        <ele>171.360797</ele>
        <time>2025-06-13T00:28:26.420Z</time>
      </trkpt>
      <trkpt lat="50.582154" lon="18.043966">
        <ele>171.329871</ele>
        <time>2025-06-13T00:29:13.749Z</time>
      </trkpt>
      <trkpt lat="50.584259" lon="18.044877">
        <ele>171.785173</ele>
        <time>2025-06-13T00:30:38.768Z</time>
      </trkpt>
      <trkpt lat="50.588576" lon="18.046737">
        <ele>171.334182</ele>
        <time>2025-06-13T00:33:21.769Z</time>
      </trkpt>
      <trkpt lat="50.591967" lon="18.048177">
        <ele>173.035493</ele>
        <time>2025-06-13T00:35:41.630Z</time>
      </trkpt>
      <trkpt lat="50.594039" lon="18.049086">
        <ele>174.159089</ele>
        <time>2025-06-13T00:37:08.504Z</time>
      </trkpt>
      <trkpt lat="50.596880" lon="18.050279">
        <ele>174.271817</ele>
        <time>2025-06-13T00:38:57.276Z</time>
      </trkpt>
      <trkpt lat="50.598860" lon="18.051130">
        <ele>173.679027</ele>
        <time>2025-06-13T00:40:12.577Z</time>
      </trkpt>
      <trkpt lat="50.598879" lon="18.054432">
        <ele>171.708547</ele>
        <time>2025-06-13T00:41:24.691Z</time>
      </trkpt>
      <trkpt lat="50.598913" lon="18.059834">
        <ele>167.661861</ele>
        <time>2025-06-13T00:43:18.977Z</time>
      </trkpt>
      <trkpt lat="50.598945" lon="18.065218">
        <ele>169.299874</ele>
        <time>2025-06-13T00:45:42.411Z</time>
      </trkpt>
      <trkpt lat="50.598984" lon="18.070632">
        <ele>169.813133</ele>
        <time>2025-06-13T00:47:46.193Z</time>
      </trkpt>
      <trkpt lat="50.598994" lon="18.076035">
        <ele>176.047689</ele>
        <time>2025-06-13T00:50:33.425Z</time>
      </trkpt>
      <trkpt lat="50.599027" lon="18.081331">
        <ele>179.936547</ele>
        <time>2025-06-13T00:52:55.396Z</time>
      </trkpt>
      <trkpt lat="50.599093" lon="18.086307">
        <ele>181.714683</ele>
        <time>2025-06-13T00:55:01.841Z</time>
      </trkpt>
      <trkpt lat="50.599052" lon="18.086842">
        <ele>181.550517</ele>
        <time>2025-06-13T00:55:13.962Z</time>
      </trkpt>
      <trkpt lat="50.599056" lon="18.086971">
        <ele>181.507672</ele>
        <time>2025-06-13T00:55:15.694Z</time>
      </trkpt>
      <trkpt lat="50.599070" lon="18.086999">
        <ele>181.495847</ele>
        <time>2025-06-13T00:55:16.172Z</time>
      </trkpt>
      <trkpt lat="50.599149" lon="18.095048">
        <ele>178.808132</ele>
        <time>2025-06-13T00:58:17.349Z</time>
      </trkpt>
      <trkpt lat="50.599557" lon="18.095520">
        <ele>178.580808</ele>
        <time>2025-06-13T00:58:36.211Z</time>
      </trkpt>
      <trkpt lat="50.600493" lon="18.096381">
        <ele>178.094053</ele>
        <time>2025-06-13T00:59:15.560Z</time>
      </trkpt>
      <trkpt lat="50.603332" lon="18.098150">
        <ele>173.907637</ele>
        <time>2025-06-13T01:00:57.543Z</time>
      </trkpt>
      <trkpt lat="50.603428" lon="18.098206">
        <ele>173.762646</ele>
        <time>2025-06-13T01:01:01.014Z</time>
      </trkpt>
      <trkpt lat="50.604027" lon="18.098111">
        <ele>172.943498</ele>
        <time>2025-06-13T01:01:21.408Z</time>
      </trkpt>
      <trkpt lat="50.604335" lon="18.098166">
        <ele>172.611959</ele>
        <time>2025-06-13T01:01:31.985Z</time>
      </trkpt>
      <trkpt lat="50.604748" lon="18.098494">
        <ele>172.117280</ele>
        <time>2025-06-13T01:01:47.874Z</time>
      </trkpt>
      <trkpt lat="50.604873" lon="18.098561">
        <ele>171.976059</ele>
        <time>2025-06-13T01:01:52.376Z</time>
      </trkpt>
      <trkpt lat="50.605435" lon="18.098804">
        <ele>171.352733</ele>
        <time>2025-06-13T01:02:12.423Z</time>
      </trkpt>
      <trkpt lat="50.605750" lon="18.098859">
        <ele>171.044990</ele>
        <time>2025-06-13T01:02:23.433Z</time>
      </trkpt>
      <trkpt lat="50.605862" lon="18.098800">
        <ele>170.954747</ele>
        <time>2025-06-13T01:02:27.568Z</time>
      </trkpt>
      <trkpt lat="50.606547" lon="18.097801">
        <ele>170.241492</ele>
        <time>2025-06-13T01:03:00.046Z</time>
      </trkpt>
      <trkpt lat="50.607360" lon="18.097032">
        <ele>169.699944</ele>
        <time>2025-06-13T01:03:33.520Z</time>
      </trkpt>
      <trkpt lat="50.608274" lon="18.096353">
        <ele>169.537573</ele>
        <time>2025-06-13T01:04:10.805Z</time>
      </trkpt>
      <trkpt lat="50.608764" lon="18.096127">
        <ele>169.456309</ele>
        <time>2025-06-13T01:04:30.287Z</time>
      </trkpt>
      <trkpt lat="50.609256" lon="18.095829">
        <ele>169.387505</ele>
        <time>2025-06-13T01:04:49.796Z</time>
      </trkpt>
      <trkpt lat="50.609673" lon="18.095687">
        <ele>169.331815</ele>
        <time>2025-06-13T01:05:05.368Z</time>
      </trkpt>
      <trkpt lat="50.610529" lon="18.095519">
        <ele>169.219232</ele>
        <time>2025-06-13T01:05:36.633Z</time>
      </trkpt>
      <trkpt lat="50.611130" lon="18.095336">
        <ele>169.139590</ele>
        <time>2025-06-13T01:05:58.961Z</time>
      </trkpt>
      <trkpt lat="50.612007" lon="18.095031">
        <ele>169.022739</ele>
        <time>2025-06-13T01:06:31.958Z</time>
      </trkpt>
      <trkpt lat="50.612529" lon="18.094738">
        <ele>169.029291</ele>
        <time>2025-06-13T01:06:52.379Z</time>
      </trkpt>
      <trkpt lat="50.612892" lon="18.094600">
        <ele>169.075710</ele>
        <time>2025-06-13T01:07:06.319Z</time>
      </trkpt>
      <trkpt lat="50.613660" lon="18.094509">
        <ele>169.171449</ele>
        <time>2025-06-13T01:07:36.130Z</time>
      </trkpt>
      <trkpt lat="50.613810" lon="18.094465">
        <ele>169.190416</ele>
        <time>2025-06-13T01:07:42.085Z</time>
      </trkpt>
      <trkpt lat="50.614425" lon="18.093948">
        <ele>168.950214</ele>
        <time>2025-06-13T01:08:07.978Z</time>
      </trkpt>
      <trkpt lat="50.614784" lon="18.093497">
        <ele>168.709356</ele>
        <time>2025-06-13T01:08:24.209Z</time>
      </trkpt>
      <trkpt lat="50.614954" lon="18.093351">
        <ele>168.607787</ele>
        <time>2025-06-13T01:08:30.948Z</time>
      </trkpt>
      <trkpt lat="50.615524" lon="18.092988">
        <ele>168.285258</ele>
        <time>2025-06-13T01:08:52.095Z</time>
      </trkpt>
      <trkpt lat="50.615782" lon="18.092787">
        <ele>168.206859</ele>
        <time>2025-06-13T01:09:02.020Z</time>
      </trkpt>
      <trkpt lat="50.617492" lon="18.090885">
        <ele>167.947495</ele>
        <time>2025-06-13T01:10:19.185Z</time>
      </trkpt>
      <trkpt lat="50.617603" lon="18.090778">
        <ele>167.975345</ele>
        <time>2025-06-13T01:10:24.184Z</time>
      </trkpt>
      <trkpt lat="50.617740" lon="18.090756">
        <ele>168.004821</ele>
        <time>2025-06-13T01:10:29.491Z</time>
      </trkpt>
      <trkpt lat="50.617814" lon="18.090403">
        <ele>168.055309</ele>
        <time>2025-06-13T01:10:35.032Z</time>
      </trkpt>
      <trkpt lat="50.618375" lon="18.089113">
        <ele>168.374338</ele>
        <time>2025-06-13T01:10:59.059Z</time>
      </trkpt>
      <trkpt lat="50.618498" lon="18.088780">
        <ele>168.530119</ele>
        <time>2025-06-13T01:11:05.141Z</time>
      </trkpt>
      <trkpt lat="50.619336" lon="18.085624">
        <ele>169.838901</ele>
        <time>2025-06-13T01:12:01.492Z</time>
      </trkpt>
      <trkpt lat="50.619432" lon="18.085290">
        <ele>169.967219</ele>
        <time>2025-06-13T01:12:07.393Z</time>
      </trkpt>
      <trkpt lat="50.619493" lon="18.085189">
        <ele>170.016018</ele>
        <time>2025-06-13T01:12:09.609Z</time>
      </trkpt>
      <trkpt lat="50.619914" lon="18.085095">
        <ele>170.250547</ele>
        <time>2025-06-13T01:12:19.820Z</time>
      </trkpt>
      <trkpt lat="50.620497" lon="18.085110">
        <ele>170.392599</ele>
        <time>2025-06-13T01:12:32.924Z</time>
      </trkpt>
      <trkpt lat="50.621287" lon="18.085164">
        <ele>170.473149</ele>
        <time>2025-06-13T01:12:51.356Z</time>
      </trkpt>
      <trkpt lat="50.621449" lon="18.085111">
        <ele>170.490003</ele>
        <time>2025-06-13T01:12:55.046Z</time>
      </trkpt>
      <trkpt lat="50.621542" lon="18.084947">
        <ele>170.504219</ele>
        <time>2025-06-13T01:12:58.139Z</time>
      </trkpt>
      <trkpt lat="50.621665" lon="18.084539">
        <ele>170.533413</ele>
        <time>2025-06-13T01:13:04.433Z</time>
      </trkpt>
      <trkpt lat="50.621803" lon="18.084344">
        <ele>170.534745</ele>
        <time>2025-06-13T01:13:08.531Z</time>
      </trkpt>
      <trkpt lat="50.622990" lon="18.083673">
        <ele>170.531723</ele>
        <time>2025-06-13T01:13:36.486Z</time>
      </trkpt>
      <trkpt lat="50.624335" lon="18.082815">
        <ele>170.592503</ele>
        <time>2025-06-13T01:14:09.274Z</time>
      </trkpt>
      <trkpt lat="50.624635" lon="18.082489">
        <ele>170.613276</ele>
        <time>2025-06-13T01:14:17.821Z</time>
      </trkpt>
      <trkpt lat="50.625064" lon="18.081824">
        <ele>170.511135</ele>
        <time>2025-06-13T01:14:31.199Z</time>
      </trkpt>
      <trkpt lat="50.625251" lon="18.081626">
        <ele>170.400576</ele>
        <time>2025-06-13T01:14:36.077Z</time>
      </trkpt>
      <trkpt lat="50.625357" lon="18.081545">
        <ele>170.342762</ele>
        <time>2025-06-13T01:14:38.587Z</time>
      </trkpt>
      <trkpt lat="50.626314" lon="18.081121">
        <ele>169.854883</ele>
        <time>2025-06-13T01:14:59.094Z</time>
      </trkpt>
      <trkpt lat="50.626577" lon="18.081023">
        <ele>169.703252</ele>
        <time>2025-06-13T01:15:04.493Z</time>
      </trkpt>
      <trkpt lat="50.626924" lon="18.080964">
        <ele>169.417310</ele>
        <time>2025-06-13T01:15:11.471Z</time>
      </trkpt>
      <trkpt lat="50.629377" lon="18.080402">
        <ele>167.619267</ele>
        <time>2025-06-13T01:16:01.780Z</time>
      </trkpt>
      <trkpt lat="50.630076" lon="18.080196">
        <ele>167.188953</ele>
        <time>2025-06-13T01:16:16.879Z</time>
      </trkpt>
      <trkpt lat="50.632173" lon="18.078868">
        <ele>166.452329</ele>
        <time>2025-06-13T01:17:04.991Z</time>
      </trkpt>
      <trkpt lat="50.632566" lon="18.078711">
        <ele>166.349795</ele>
        <time>2025-06-13T01:17:13.706Z</time>
      </trkpt>
      <trkpt lat="50.634039" lon="18.078323">
        <ele>166.093178</ele>
        <time>2025-06-13T01:17:46.025Z</time>
      </trkpt>
      <trkpt lat="50.634244" lon="18.078290">
        <ele>166.085550</ele>
        <time>2025-06-13T01:17:50.530Z</time>
      </trkpt>
      <trkpt lat="50.634323" lon="18.078314">
        <ele>166.082572</ele>
        <time>2025-06-13T01:17:52.303Z</time>
      </trkpt>
      <trkpt lat="50.634389" lon="18.078268">
        <ele>166.079900</ele>
        <time>2025-06-13T01:17:54.965Z</time>
      </trkpt>
      <trkpt lat="50.634437" lon="18.078169">
        <ele>166.076975</ele>
        <time>2025-06-13T01:17:57.881Z</time>
      </trkpt>
      <trkpt lat="50.634511" lon="18.077830">
        <ele>166.068557</ele>
        <time>2025-06-13T01:18:06.291Z</time>
      </trkpt>
      <trkpt lat="50.634910" lon="18.075330">
        <ele>166.383548</ele>
        <time>2025-06-13T01:19:08.601Z</time>
      </trkpt>
      <trkpt lat="50.635009" lon="18.074542">
        <ele>166.544777</ele>
        <time>2025-06-13T01:19:28.556Z</time>
      </trkpt>
      <trkpt lat="50.635191" lon="18.072539">
        <ele>167.067695</ele>
        <time>2025-06-13T01:20:19.088Z</time>
      </trkpt>
      <trkpt lat="50.635152" lon="18.071299">
        <ele>167.402587</ele>
        <time>2025-06-13T01:20:49.715Z</time>
      </trkpt>
      <trkpt lat="50.636127" lon="18.068031">
        <ele>168.372489</ele>
        <time>2025-06-13T01:22:19.333Z</time>
      </trkpt>
      <trkpt lat="50.636249" lon="18.067624">
        <ele>168.517321</ele>
        <time>2025-06-13T01:22:30.717Z</time>
      </trkpt>
      <trkpt lat="50.636419" lon="18.067167">
        <ele>168.687776</ele>
        <time>2025-06-13T01:22:44.117Z</time>
      </trkpt>
      <trkpt lat="50.637065" lon="18.065688">
        <ele>169.093839</ele>
        <time>2025-06-13T01:23:29.680Z</time>
      </trkpt>
      <trkpt lat="50.637106" lon="18.065461">
        <ele>169.118295</ele>
        <time>2025-06-13T01:23:35.199Z</time>
      </trkpt>
      <trkpt lat="50.637071" lon="18.064999">
        <ele>169.166505</ele>
        <time>2025-06-13T01:23:46.026Z</time>
      </trkpt>
      <trkpt lat="50.637915" lon="18.064989">
        <ele>169.304395</ele>
        <time>2025-06-13T01:24:05.682Z</time>
      </trkpt>
      <trkpt lat="50.638197" lon="18.064940">
        <ele>169.362705</ele>
        <time>2025-06-13T01:24:12.306Z</time>
      </trkpt>
      <trkpt lat="50.638459" lon="18.064962">
        <ele>169.417057</ele>
        <time>2025-06-13T01:24:18.336Z</time>
      </trkpt>
      <trkpt lat="50.638541" lon="18.064919">
        <ele>169.434959</ele>
        <time>2025-06-13T01:24:20.372Z</time>
      </trkpt>
      <trkpt lat="50.638803" lon="18.064554">
        <ele>169.507385</ele>
        <time>2025-06-13T01:24:29.066Z</time>
      </trkpt>
      <trkpt lat="50.638918" lon="18.064200">
        <ele>169.559640</ele>
        <time>2025-06-13T01:24:35.670Z</time>
      </trkpt>
      <trkpt lat="50.638976" lon="18.064103">
        <ele>169.577155</ele>
        <time>2025-06-13T01:24:37.866Z</time>
      </trkpt>
      <trkpt lat="50.639181" lon="18.063964">
        <ele>169.623382</ele>
        <time>2025-06-13T01:24:43.593Z</time>
      </trkpt>
      <trkpt lat="50.639517" lon="18.063594">
        <ele>169.622192</ele>
        <time>2025-06-13T01:24:59.334Z</time>
      </trkpt>
      <trkpt lat="50.640201" lon="18.063379">
        <ele>169.345830</ele>
        <time>2025-06-13T01:25:24.669Z</time>
      </trkpt>
      <trkpt lat="50.640800" lon="18.063261">
        <ele>169.106637</ele>
        <time>2025-06-13T01:25:45.912Z</time>
      </trkpt>
      <trkpt lat="50.640916" lon="18.063208">
        <ele>169.058782</ele>
        <time>2025-06-13T01:25:50.118Z</time>
      </trkpt>
      <trkpt lat="50.641052" lon="18.063073">
        <ele>168.995104</ele>
        <time>2025-06-13T01:25:55.699Z</time>
      </trkpt>
      <trkpt lat="50.641446" lon="18.062429">
        <ele>168.883636</ele>
        <time>2025-06-13T01:26:15.494Z</time>
      </trkpt>
      <trkpt lat="50.641878" lon="18.061618">
        <ele>168.771633</ele>
        <time>2025-06-13T01:26:39.651Z</time>
      </trkpt>
      <trkpt lat="50.642232" lon="18.060658">
        <ele>168.697103</ele>
        <time>2025-06-13T01:27:07.374Z</time>
      </trkpt>
      <trkpt lat="50.642814" lon="18.059508">
        <ele>169.102474</ele>
        <time>2025-06-13T01:27:45.900Z</time>
      </trkpt>
      <trkpt lat="50.642942" lon="18.059086">
        <ele>169.231356</ele>
        <time>2025-06-13T01:27:57.847Z</time>
      </trkpt>
      <trkpt lat="50.642997" lon="18.058831">
        <ele>169.305564</ele>
        <time>2025-06-13T01:28:04.550Z</time>
      </trkpt>
      <trkpt lat="50.645057" lon="18.054077">
        <ele>167.965658</ele>
        <time>2025-06-13T01:30:15.322Z</time>
      </trkpt>
      <trkpt lat="50.647459" lon="18.048646">
        <ele>165.532211</ele>
        <time>2025-06-13T01:32:44.232Z</time>
      </trkpt>
      <trkpt lat="50.648383" lon="18.046563">
        <ele>164.467919</ele>
        <time>2025-06-13T01:33:40.593Z</time>
      </trkpt>
      <trkpt lat="50.648637" lon="18.045977">
        <ele>164.417234</ele>
        <time>2025-06-13T01:33:56.822Z</time>
      </trkpt>
      <trkpt lat="50.648944" lon="18.045435">
        <ele>164.365341</ele>
        <time>2025-06-13T01:34:13.764Z</time>
      </trkpt>
      <trkpt lat="50.649746" lon="18.044545">
        <ele>164.214582</ele>
        <time>2025-06-13T01:34:51.729Z</time>
      </trkpt>
      <trkpt lat="50.650096" lon="18.044216">
        <ele>164.098740</ele>
        <time>2025-06-13T01:35:06.680Z</time>
      </trkpt>
      <trkpt lat="50.650170" lon="18.044089">
        <ele>164.067647</ele>
        <time>2025-06-13T01:35:10.655Z</time>
      </trkpt>
      <trkpt lat="50.650277" lon="18.044065">
        <ele>164.036920</ele>
        <time>2025-06-13T01:35:12.947Z</time>
      </trkpt>
      <trkpt lat="50.650367" lon="18.043979">
        <ele>164.007002</ele>
        <time>2025-06-13T01:35:15.170Z</time>
      </trkpt>
      <trkpt lat="50.650567" lon="18.043805">
        <ele>163.942063</ele>
        <time>2025-06-13T01:35:19.990Z</time>
      </trkpt>
      <trkpt lat="50.651046" lon="18.043426">
        <ele>163.789702</ele>
        <time>2025-06-13T01:35:31.091Z</time>
      </trkpt>
      <trkpt lat="50.651066" lon="18.043412">
        <ele>163.783481</ele>
        <time>2025-06-13T01:35:31.520Z</time>
      </trkpt>
      <trkpt lat="50.651041" lon="18.043356">
        <ele>163.771135</ele>
        <time>2025-06-13T01:35:32.435Z</time>
      </trkpt>
      <trkpt lat="50.651522" lon="18.042687">
        <ele>163.580942</ele>
        <time>2025-06-13T01:35:45.557Z</time>
      </trkpt>
      <trkpt lat="50.651995" lon="18.042028">
        <ele>163.393724</ele>
        <time>2025-06-13T01:35:59.242Z</time>
      </trkpt>
      <trkpt lat="50.652117" lon="18.041855">
        <ele>163.345057</ele>
        <time>2025-06-13T01:36:02.931Z</time>
      </trkpt>
      <trkpt lat="50.653209" lon="18.040319">
        <ele>163.274750</ele>
        <time>2025-06-13T01:36:36.110Z</time>
      </trkpt>
      <trkpt lat="50.653781" lon="18.039516">
        <ele>163.295625</ele>
        <time>2025-06-13T01:36:53.141Z</time>
      </trkpt>
      <trkpt lat="50.654005" lon="18.039210">
        <ele>163.278815</ele>
        <time>2025-06-13T01:36:59.687Z</time>
      </trkpt>
      <trkpt lat="50.654332" lon="18.038766">
        <ele>163.254340</ele>
        <time>2025-06-13T01:37:09.196Z</time>
      </trkpt>
      <trkpt lat="50.654626" lon="18.038351">
        <ele>163.231960</ele>
        <time>2025-06-13T01:37:17.955Z</time>
      </trkpt>
      <trkpt lat="50.655555" lon="18.037024">
        <ele>163.078882</ele>
        <time>2025-06-13T01:37:45.309Z</time>
      </trkpt>
      <trkpt lat="50.656202" lon="18.036163">
        <ele>162.922618</ele>
        <time>2025-06-13T01:38:03.519Z</time>
      </trkpt>
      <trkpt lat="50.656426" lon="18.035860">
        <ele>162.868146</ele>
        <time>2025-06-13T01:38:09.818Z</time>
      </trkpt>
      <trkpt lat="50.656555" lon="18.035818">
        <ele>162.917213</ele>
        <time>2025-06-13T01:38:12.652Z</time>
      </trkpt>
      <trkpt lat="50.656611" lon="18.035799">
        <ele>162.942942</ele>
        <time>2025-06-13T01:38:13.883Z</time>
      </trkpt>
      <trkpt lat="50.657094" lon="18.035265">
        <ele>163.207873</ele>
        <time>2025-06-13T01:38:27.268Z</time>
      </trkpt>
      <trkpt lat="50.657175" lon="18.035271">
        <ele>163.244296</ele>
        <time>2025-06-13T01:38:29.197Z</time>
      </trkpt>
      <trkpt lat="50.657219" lon="18.035220">
        <ele>163.268821</ele>
        <time>2025-06-13T01:38:30.554Z</time>
      </trkpt>
      <trkpt lat="50.657426" lon="18.035003">
        <ele>163.380459</ele>
        <time>2025-06-13T01:38:36.719Z</time>
      </trkpt>
      <trkpt lat="50.657462" lon="18.035041">
        <ele>163.399916</ele>
        <time>2025-06-13T01:38:37.830Z</time>
      </trkpt>
      <trkpt lat="50.659080" lon="18.033321">
        <ele>164.751208</ele>
        <time>2025-06-13T01:39:31.876Z</time>
      </trkpt>
      <trkpt lat="50.660027" lon="18.032297">
        <ele>164.803403</ele>
        <time>2025-06-13T01:39:58.399Z</time>
      </trkpt>
      <trkpt lat="50.661289" lon="18.030937">
        <ele>164.208925</ele>
        <time>2025-06-13T01:40:28.862Z</time>
      </trkpt>
      <trkpt lat="50.661674" lon="18.030585">
        <ele>164.110521</ele>
        <time>2025-06-13T01:40:38.201Z</time>
      </trkpt>
      <trkpt lat="50.663354" lon="18.029419">
        <ele>164.164912</ele>
        <time>2025-06-13T01:41:21.899Z</time>
      </trkpt>
      <trkpt lat="50.663355" lon="18.029356">
        <ele>164.176420</ele>
        <time>2025-06-13T01:41:23.434Z</time>
      </trkpt>
      <trkpt lat="50.665818" lon="18.027654">
        <ele>164.611122</ele>
        <time>2025-06-13T01:42:26.364Z</time>
      </trkpt>
      <trkpt lat="50.666581" lon="18.027128">
        <ele>163.415397</ele>
        <time>2025-06-13T01:42:43.169Z</time>
      </trkpt>
      <trkpt lat="50.666975" lon="18.026888">
        <ele>162.808896</ele>
        <time>2025-06-13T01:42:50.949Z</time>
      </trkpt>
      <trkpt lat="50.667098" lon="18.026831">
        <ele>162.624803</ele>
        <time>2025-06-13T01:42:53.263Z</time>
      </trkpt>
      <trkpt lat="50.667375" lon="18.026810">
        <ele>162.226564</ele>
        <time>2025-06-13T01:42:58.186Z</time>
      </trkpt>
      <trkpt lat="50.667557" lon="18.026926">
        <ele>161.954822</ele>
        <time>2025-06-13T01:43:01.655Z</time>
      </trkpt>
      <trkpt lat="50.667707" lon="18.027120">
        <ele>161.697296</ele>
        <time>2025-06-13T01:43:05.070Z</time>
      </trkpt>
      <trkpt lat="50.668144" lon="18.027779">
        <ele>160.894664</ele>
        <time>2025-06-13T01:43:16.147Z</time>
      </trkpt>
      <trkpt lat="50.668415" lon="18.028145">
        <ele>160.421023</ele>
        <time>2025-06-13T01:43:23.205Z</time>
      </trkpt>
      <trkpt lat="50.668709" lon="18.028394">
        <ele>159.977981</ele>
        <time>2025-06-13T01:43:30.280Z</time>
      </trkpt>
      <trkpt lat="50.668918" lon="18.028547">
        <ele>159.687143</ele>
        <time>2025-06-13T01:43:35.403Z</time>
      </trkpt>
      <trkpt lat="50.669735" lon="18.029144">
        <ele>159.445370</ele>
        <time>2025-06-13T01:43:56.010Z</time>
      </trkpt>
      <trkpt lat="50.669986" lon="18.029328">
        <ele>159.371051</ele>
        <time>2025-06-13T01:44:01.908Z</time>
      </trkpt>
      <trkpt lat="50.670004" lon="18.029259">
        <ele>159.358352</ele>
        <time>2025-06-13T01:44:03.227Z</time>
      </trkpt>
      <trkpt lat="50.670073" lon="18.029098">
        <ele>159.325275</ele>
        <time>2025-06-13T01:44:05.891Z</time>
      </trkpt>
      <trkpt lat="50.670567" lon="18.027337">
        <ele>158.986639</ele>
        <time>2025-06-13T01:44:32.084Z</time>
      </trkpt>
      <trkpt lat="50.671229" lon="18.024909">
        <ele>158.687093</ele>
        <time>2025-06-13T01:45:10.708Z</time>
      </trkpt>
      <trkpt lat="50.671271" lon="18.024695">
        <ele>158.684317</ele>
        <time>2025-06-13T01:45:14.017Z</time>
      </trkpt>
      <trkpt lat="50.671271" lon="18.024690">
        <ele>158.684255</ele>
        <time>2025-06-13T01:45:14.081Z</time>
      </trkpt>
      <trkpt lat="50.671310" lon="18.024137">
        <ele>158.677360</ele>
        <time>2025-06-13T01:45:22.320Z</time>
      </trkpt>
      <trkpt lat="50.671294" lon="18.023387">
        <ele>158.668060</ele>
        <time>2025-06-13T01:45:33.210Z</time>
      </trkpt>
      <trkpt lat="50.671275" lon="18.023029">
        <ele>158.706333</ele>
        <time>2025-06-13T01:45:38.293Z</time>
      </trkpt>
      <trkpt lat="50.671242" lon="18.022386">
        <ele>158.977109</ele>
        <time>2025-06-13T01:45:48.008Z</time>
      </trkpt>
      <trkpt lat="50.671275" lon="18.021309">
        <ele>159.429696</ele>
        <time>2025-06-13T01:46:06.449Z</time>
      </trkpt>
      <trkpt lat="50.671347" lon="18.020021">
        <ele>159.945721</ele>
        <time>2025-06-13T01:46:30.137Z</time>
      </trkpt>
      <trkpt lat="50.671366" lon="18.020023">
        <ele>159.955439</ele>
        <time>2025-06-13T01:46:30.663Z</time>
      </trkpt>
      <trkpt lat="50.671403" lon="18.020027">
        <ele>159.974366</ele>
        <time>2025-06-13T01:46:31.666Z</time>
      </trkpt>
      <trkpt lat="50.671438" lon="18.020031">
        <ele>159.992275</ele>
        <time>2025-06-13T01:46:32.616Z</time>
      </trkpt>
      <trkpt lat="50.671454" lon="18.020033">
        <ele>160.000466</ele>
        <time>2025-06-13T01:46:33.180Z</time>
      </trkpt>
      <trkpt lat="50.671465" lon="18.019829">
        <ele>160.066686</ele>
        <time>2025-06-13T01:46:37.756Z</time>
      </trkpt>
      <trkpt lat="50.671494" lon="18.019284">
        <ele>160.243580</ele>
        <time>2025-06-13T01:46:49.824Z</time>
      </trkpt>
      <trkpt lat="50.671584" lon="18.018675">
        <ele>160.445838</ele>
        <time>2025-06-13T01:46:59.640Z</time>
      </trkpt>
      <trkpt lat="50.671627" lon="18.018393">
        <ele>160.539650</ele>
        <time>2025-06-13T01:47:03.767Z</time>
      </trkpt>
      <trkpt lat="50.671656" lon="18.017864">
        <ele>160.711388</ele>
        <time>2025-06-13T01:47:11.527Z</time>
      </trkpt>
      <trkpt lat="50.671875" lon="18.013873">
        <ele>159.389532</ele>
        <time>2025-06-13T01:48:03.827Z</time>
      </trkpt>
      <trkpt lat="50.672263" lon="18.006616">
        <ele>156.837796</ele>
        <time>2025-06-13T01:49:38.871Z</time>
      </trkpt>
      <trkpt lat="50.672615" lon="18.000399">
        <ele>159.669425</ele>
        <time>2025-06-13T01:51:24.232Z</time>
      </trkpt>
      <trkpt lat="50.672634" lon="18.000003">
        <ele>159.649825</ele>
        <time>2025-06-13T01:51:30.740Z</time>
      </trkpt>
      <trkpt lat="50.672627" lon="17.999441">
        <ele>159.622083</ele>
        <time>2025-06-13T01:51:39.577Z</time>
      </trkpt>
      <trkpt lat="50.672664" lon="17.998948">
        <ele>159.597582</ele>
        <time>2025-06-13T01:51:46.529Z</time>
      </trkpt>
      <trkpt lat="50.672708" lon="17.998110">
        <ele>159.556082</ele>
        <time>2025-06-13T01:51:57.482Z</time>
      </trkpt>
      <trkpt lat="50.672744" lon="17.998167">
        <ele>159.552110</ele>
        <time>2025-06-13T01:51:58.538Z</time>
      </trkpt>
      <trkpt lat="50.672788" lon="17.997971">
        <ele>159.494255</ele>
        <time>2025-06-13T01:52:03.044Z</time>
      </trkpt>
      <trkpt lat="50.672822" lon="17.997542">
        <ele>159.101691</ele>
        <time>2025-06-13T01:52:12.308Z</time>
      </trkpt>
      <trkpt lat="50.672972" lon="17.996464">
        <ele>158.099560</ele>
        <time>2025-06-13T01:52:35.381Z</time>
      </trkpt>
      <trkpt lat="50.673110" lon="17.996122">
        <ele>157.731426</ele>
        <time>2025-06-13T01:52:43.751Z</time>
      </trkpt>
      <trkpt lat="50.673808" lon="17.995359">
        <ele>156.780435</ele>
        <time>2025-06-13T01:53:12.387Z</time>
      </trkpt>
      <trkpt lat="50.676484" lon="17.995101">
        <ele>155.770045</ele>
        <time>2025-06-13T01:54:28.144Z</time>
      </trkpt>
      <trkpt lat="50.676616" lon="17.995047">
        <ele>155.754997</ele>
        <time>2025-06-13T01:54:32.238Z</time>
      </trkpt>
      <trkpt lat="50.676849" lon="17.994905">
        <ele>155.727434</ele>
        <time>2025-06-13T01:54:39.851Z</time>
      </trkpt>
      <trkpt lat="50.677894" lon="17.994643">
        <ele>155.989514</ele>
        <time>2025-06-13T01:55:13.602Z</time>
      </trkpt>
      <trkpt lat="50.678396" lon="17.994477">
        <ele>156.163154</ele>
        <time>2025-06-13T01:55:30.113Z</time>
      </trkpt>
      <trkpt lat="50.679138" lon="17.994172">
        <ele>156.317432</ele>
        <time>2025-06-13T01:55:52.334Z</time>
      </trkpt>
      <trkpt lat="50.679699" lon="17.993912">
        <ele>156.325913</ele>
        <time>2025-06-13T01:56:05.288Z</time>
      </trkpt>
      <trkpt lat="50.680027" lon="17.993699">
        <ele>156.331058</ele>
        <time>2025-06-13T01:56:13.261Z</time>
      </trkpt>
      <trkpt lat="50.680081" lon="17.993558">
        <ele>156.332572</ele>
        <time>2025-06-13T01:56:15.562Z</time>
      </trkpt>
      <trkpt lat="50.680225" lon="17.993153">
        <ele>156.336841</ele>
        <time>2025-06-13T01:56:24.138Z</time>
      </trkpt>
      <trkpt lat="50.680542" lon="17.993406">
        <ele>156.263511</ele>
        <time>2025-06-13T01:56:34.694Z</time>
      </trkpt>
      <trkpt lat="50.681140" lon="17.992966">
        <ele>156.037271</ele>
        <time>2025-06-13T01:56:54.714Z</time>
      </trkpt>
      <trkpt lat="50.681963" lon="17.992247">
        <ele>155.711943</ele>
        <time>2025-06-13T01:57:20.258Z</time>
      </trkpt>
      <trkpt lat="50.682881" lon="17.991346">
        <ele>155.201283</ele>
        <time>2025-06-13T01:57:49.647Z</time>
      </trkpt>
      <trkpt lat="50.683919" lon="17.990225">
        <ele>154.875231</ele>
        <time>2025-06-13T01:58:18.039Z</time>
      </trkpt>
      <trkpt lat="50.684266" lon="17.990198">
        <ele>154.876968</ele>
        <time>2025-06-13T01:58:26.280Z</time>
      </trkpt>
      <trkpt lat="50.684261" lon="17.989884">
        <ele>154.877963</ele>
        <time>2025-06-13T01:58:30.793Z</time>
      </trkpt>
      <trkpt lat="50.684305" lon="17.989710">
        <ele>154.878556</ele>
        <time>2025-06-13T01:58:33.445Z</time>
      </trkpt>
      <trkpt lat="50.684434" lon="17.989517">
        <ele>154.879445</ele>
        <time>2025-06-13T01:58:37.333Z</time>
      </trkpt>
      <trkpt lat="50.684755" lon="17.989077">
        <ele>154.874157</ele>
        <time>2025-06-13T01:58:46.398Z</time>
      </trkpt>
      <trkpt lat="50.684792" lon="17.989019">
        <ele>154.861933</ele>
        <time>2025-06-13T01:58:47.492Z</time>
      </trkpt>
      <trkpt lat="50.685496" lon="17.987942">
        <ele>154.632124</ele>
        <time>2025-06-13T01:59:08.259Z</time>
      </trkpt>
      <trkpt lat="50.686178" lon="17.986773">
        <ele>154.484364</ele>
        <time>2025-06-13T01:59:30.302Z</time>
      </trkpt>
      <trkpt lat="50.686898" lon="17.985429">
        <ele>154.585096</ele>
        <time>2025-06-13T01:59:56.182Z</time>
      </trkpt>
      <trkpt lat="50.687683" lon="17.983600">
        <ele>154.613245</ele>
        <time>2025-06-13T02:00:27.790Z</time>
      </trkpt>
      <trkpt lat="50.688084" lon="17.982538">
        <ele>154.606067</ele>
        <time>2025-06-13T02:00:45.004Z</time>
      </trkpt>
      <trkpt lat="50.688614" lon="17.980923">
        <ele>154.498528</ele>
        <time>2025-06-13T02:01:10.420Z</time>
      </trkpt>
      <trkpt lat="50.688856" lon="17.979984">
        <ele>154.437266</ele>
        <time>2025-06-13T02:01:24.529Z</time>
      </trkpt>
      <trkpt lat="50.689221" lon="17.978381">
        <ele>154.158522</ele>
        <time>2025-06-13T02:01:47.788Z</time>
      </trkpt>
      <trkpt lat="50.689314" lon="17.977962">
        <ele>154.084483</ele>
        <time>2025-06-13T02:01:53.792Z</time>
      </trkpt>
      <trkpt lat="50.689737" lon="17.975975">
        <ele>153.725444</ele>
        <time>2025-06-13T02:02:31.351Z</time>
      </trkpt>
      <trkpt lat="50.690289" lon="17.973784">
        <ele>153.536021</ele>
        <time>2025-06-13T02:03:13.968Z</time>
      </trkpt>
      <trkpt lat="50.691133" lon="17.971064">
        <ele>153.930542</ele>
        <time>2025-06-13T02:04:13.471Z</time>
      </trkpt>
      <trkpt lat="50.691941" lon="17.968893">
        <ele>154.587876</ele>
        <time>2025-06-13T02:05:02.843Z</time>
      </trkpt>
      <trkpt lat="50.692235" lon="17.968159">
        <ele>154.887557</ele>
        <time>2025-06-13T02:05:20.491Z</time>
      </trkpt>
      <trkpt lat="50.693452" lon="17.965107">
        <ele>156.365563</ele>
        <time>2025-06-13T02:06:34.990Z</time>
      </trkpt>
      <trkpt lat="50.693563" lon="17.964979">
        <ele>156.461763</ele>
        <time>2025-06-13T02:06:39.486Z</time>
      </trkpt>
      <trkpt lat="50.693606" lon="17.964942">
        <ele>156.496036</ele>
        <time>2025-06-13T02:06:41.082Z</time>
      </trkpt>
      <trkpt lat="50.693677" lon="17.964793">
        <ele>156.583418</ele>
        <time>2025-06-13T02:06:44.977Z</time>
      </trkpt>
      <trkpt lat="50.694307" lon="17.963216">
        <ele>157.889676</ele>
        <time>2025-06-13T02:07:25.155Z</time>
      </trkpt>
      <trkpt lat="50.694706" lon="17.962369">
        <ele>158.651078</ele>
        <time>2025-06-13T02:07:49.527Z</time>
      </trkpt>
      <trkpt lat="50.695489" lon="17.960852">
        <ele>160.454774</ele>
        <time>2025-06-13T02:08:35.350Z</time>
      </trkpt>
      <trkpt lat="50.695582" lon="17.960779">
        <ele>160.605905</ele>
        <time>2025-06-13T02:08:39.237Z</time>
      </trkpt>
      <trkpt lat="50.695988" lon="17.960698">
        <ele>161.180332</ele>
        <time>2025-06-13T02:08:51.932Z</time>
      </trkpt>
      <trkpt lat="50.696223" lon="17.960624">
        <ele>161.226240</ele>
        <time>2025-06-13T02:08:59.269Z</time>
      </trkpt>
      <trkpt lat="50.697231" lon="17.960063">
        <ele>161.431001</ele>
        <time>2025-06-13T02:09:27.159Z</time>
      </trkpt>
      <trkpt lat="50.697904" lon="17.959660">
        <ele>161.049612</ele>
        <time>2025-06-13T02:09:41.752Z</time>
      </trkpt>
      <trkpt lat="50.697987" lon="17.959563">
        <ele>160.851615</ele>
        <time>2025-06-13T02:09:43.765Z</time>
      </trkpt>
      <trkpt lat="50.698119" lon="17.959286">
        <ele>160.430636</ele>
        <time>2025-06-13T02:09:47.979Z</time>
      </trkpt>
      <trkpt lat="50.698143" lon="17.959220">
        <ele>160.338212</ele>
        <time>2025-06-13T02:09:48.887Z</time>
      </trkpt>
      <trkpt lat="50.698166" lon="17.959153">
        <ele>160.245662</ele>
        <time>2025-06-13T02:09:50.057Z</time>
      </trkpt>
      <trkpt lat="50.698185" lon="17.959059">
        <ele>160.125831</ele>
        <time>2025-06-13T02:09:51.600Z</time>
      </trkpt>
      <trkpt lat="50.698175" lon="17.958883">
        <ele>159.911228</ele>
        <time>2025-06-13T02:09:53.871Z</time>
      </trkpt>
      <trkpt lat="50.697898" lon="17.957238">
        <ele>157.907662</ele>
        <time>2025-06-13T02:10:15.766Z</time>
      </trkpt>
      <trkpt lat="50.697913" lon="17.957152">
        <ele>157.829416</ele>
        <time>2025-06-13T02:10:16.948Z</time>
      </trkpt>
      <trkpt lat="50.698565" lon="17.955778">
        <ele>156.323462</ele>
        <time>2025-06-13T02:10:40.164Z</time>
      </trkpt>
      <trkpt lat="50.698940" lon="17.954819">
        <ele>155.540559</ele>
        <time>2025-06-13T02:10:56.267Z</time>
      </trkpt>
      <trkpt lat="50.699714" lon="17.952225">
        <ele>155.188757</ele>
        <time>2025-06-13T02:11:40.613Z</time>
      </trkpt>
      <trkpt lat="50.701266" lon="17.946898">
        <ele>155.625270</ele>
        <time>2025-06-13T02:13:15.935Z</time>
      </trkpt>
      <trkpt lat="50.701632" lon="17.945496">
        <ele>155.386187</ele>
        <time>2025-06-13T02:13:39.112Z</time>
      </trkpt>
      <trkpt lat="50.701765" lon="17.945048">
        <ele>155.308180</ele>
        <time>2025-06-13T02:13:46.425Z</time>
      </trkpt>
      <trkpt lat="50.701947" lon="17.944681">
        <ele>155.181170</ele>
        <time>2025-06-13T02:13:53.220Z</time>
      </trkpt>
      <trkpt lat="50.702161" lon="17.943902">
        <ele>154.700898</ele>
        <time>2025-06-13T02:14:05.375Z</time>
      </trkpt>
      <trkpt lat="50.702513" lon="17.942523">
        <ele>153.859961</ele>
        <time>2025-06-13T02:14:26.293Z</time>
      </trkpt>
      <trkpt lat="50.703104" lon="17.939860">
        <ele>152.710794</ele>
        <time>2025-06-13T02:15:06.908Z</time>
      </trkpt>
      <trkpt lat="50.703570" lon="17.937441">
        <ele>152.775618</ele>
        <time>2025-06-13T02:15:47.756Z</time>
      </trkpt>
      <trkpt lat="50.703874" lon="17.935482">
        <ele>153.016725</ele>
        <time>2025-06-13T02:16:21.497Z</time>
      </trkpt>
      <trkpt lat="50.703905" lon="17.935367">
        <ele>153.032944</ele>
        <time>2025-06-13T02:16:23.497Z</time>
      </trkpt>
      <trkpt lat="50.703980" lon="17.935232">
        <ele>153.056247</ele>
        <time>2025-06-13T02:16:26.294Z</time>
      </trkpt>
      <trkpt lat="50.704203" lon="17.935049">
        <ele>153.107742</ele>
        <time>2025-06-13T02:16:32.639Z</time>
      </trkpt>
      <trkpt lat="50.704351" lon="17.935532">
        <ele>153.177369</ele>
        <time>2025-06-13T02:16:40.652Z</time>
      </trkpt>
      <trkpt lat="50.704388" lon="17.935502">
        <ele>153.185891</ele>
        <time>2025-06-13T02:16:43.551Z</time>
      </trkpt>
      <trkpt lat="50.704391" lon="17.935514">
        <ele>153.187565</ele>
        <time>2025-06-13T02:16:43.804Z</time>
      </trkpt>
      <trkpt lat="50.704597" lon="17.936129">
        <ele>153.212621</ele>
        <time>2025-06-13T02:16:56.909Z</time>
      </trkpt>
      <trkpt lat="50.704608" lon="17.936163">
        <ele>153.212459</ele>
        <time>2025-06-13T02:16:57.621Z</time>
      </trkpt>
      <trkpt lat="50.704758" lon="17.936408">
        <ele>153.211013</ele>
        <time>2025-06-13T02:17:03.935Z</time>
      </trkpt>
      <trkpt lat="50.704850" lon="17.936389">
        <ele>153.210391</ele>
        <time>2025-06-13T02:17:06.607Z</time>
      </trkpt>
      <trkpt lat="50.704886" lon="17.936440">
        <ele>153.210067</ele>
        <time>2025-06-13T02:17:09.941Z</time>
      </trkpt>
      <trkpt lat="50.705046" lon="17.936127">
        <ele>153.208360</ele>
        <time>2025-06-13T02:17:15.561Z</time>
      </trkpt>
      <trkpt lat="50.705104" lon="17.935951">
        <ele>153.207518</ele>
        <time>2025-06-13T02:17:18.330Z</time>
      </trkpt>
      <trkpt lat="50.705152" lon="17.935689">
        <ele>153.206361</ele>
        <time>2025-06-13T02:17:22.167Z</time>
      </trkpt>
      <trkpt lat="50.705160" lon="17.935388">
        <ele>153.205083</ele>
        <time>2025-06-13T02:17:26.521Z</time>
      </trkpt>
      <trkpt lat="50.705128" lon="17.935116">
        <ele>153.203909</ele>
        <time>2025-06-13T02:17:30.440Z</time>
      </trkpt>
      <trkpt lat="50.704814" lon="17.933866">
        <ele>153.103408</ele>
        <time>2025-06-13T02:17:48.817Z</time>
      </trkpt>
      <trkpt lat="50.704777" lon="17.933390">
        <ele>153.057850</ele>
        <time>2025-06-13T02:17:55.507Z</time>
      </trkpt>
      <trkpt lat="50.704810" lon="17.933100">
        <ele>153.029860</ele>
        <time>2025-06-13T02:17:59.587Z</time>
      </trkpt>
      <trkpt lat="50.704959" lon="17.932709">
        <ele>152.986511</ele>
        <time>2025-06-13T02:18:05.917Z</time>
      </trkpt>
      <trkpt lat="50.705156" lon="17.932334">
        <ele>152.940226</ele>
        <time>2025-06-13T02:18:12.649Z</time>
      </trkpt>
      <trkpt lat="50.705325" lon="17.932023">
        <ele>152.919124</ele>
        <time>2025-06-13T02:18:18.355Z</time>
      </trkpt>
      <trkpt lat="50.706739" lon="17.929543">
        <ele>152.794463</ele>
        <time>2025-06-13T02:19:04.933Z</time>
      </trkpt>
      <trkpt lat="50.706996" lon="17.929175">
        <ele>152.780548</ele>
        <time>2025-06-13T02:19:12.527Z</time>
      </trkpt>
      <trkpt lat="50.707831" lon="17.928116">
        <ele>152.777923</ele>
        <time>2025-06-13T02:19:36.229Z</time>
      </trkpt>
      <trkpt lat="50.708369" lon="17.927335">
        <ele>152.952956</ele>
        <time>2025-06-13T02:19:53.259Z</time>
      </trkpt>
      <trkpt lat="50.708923" lon="17.926519">
        <ele>153.134407</ele>
        <time>2025-06-13T02:20:11.399Z</time>
      </trkpt>
      <trkpt lat="50.709494" lon="17.925680">
        <ele>153.295312</ele>
        <time>2025-06-13T02:20:30.181Z</time>
      </trkpt>
      <trkpt lat="50.709579" lon="17.925552">
        <ele>153.318487</ele>
        <time>2025-06-13T02:20:32.977Z</time>
      </trkpt>
      <trkpt lat="50.710745" lon="17.923836">
        <ele>153.504645</ele>
        <time>2025-06-13T02:21:09.372Z</time>
      </trkpt>
      <trkpt lat="50.710961" lon="17.923511">
        <ele>153.490801</ele>
        <time>2025-06-13T02:21:15.979Z</time>
      </trkpt>
      <trkpt lat="50.711178" lon="17.923191">
        <ele>153.477024</ele>
        <time>2025-06-13T02:21:22.548Z</time>
      </trkpt>
      <trkpt lat="50.711621" lon="17.922537">
        <ele>153.448883</ele>
        <time>2025-06-13T02:21:35.694Z</time>
      </trkpt>
      <trkpt lat="50.711864" lon="17.922179">
        <ele>153.367083</ele>
        <time>2025-06-13T02:21:42.814Z</time>
      </trkpt>
      <trkpt lat="50.712061" lon="17.921872">
        <ele>153.284099</ele>
        <time>2025-06-13T02:21:48.773Z</time>
      </trkpt>
      <trkpt lat="50.712266" lon="17.921487">
        <ele>153.188596</ele>
        <time>2025-06-13T02:21:55.594Z</time>
      </trkpt>
      <trkpt lat="50.712267" lon="17.921485">
        <ele>153.188112</ele>
        <time>2025-06-13T02:21:55.632Z</time>
      </trkpt>
      <trkpt lat="50.712391" lon="17.921183">
        <ele>153.119776</ele>
        <time>2025-06-13T02:22:00.489Z</time>
      </trkpt>
      <trkpt lat="50.712700" lon="17.920181">
        <ele>152.908179</ele>
        <time>2025-06-13T02:22:15.375Z</time>
      </trkpt>
      <trkpt lat="50.712722" lon="17.920107">
        <ele>152.895847</ele>
        <time>2025-06-13T02:22:16.471Z</time>
      </trkpt>
      <trkpt lat="50.713197" lon="17.918433">
        <ele>152.628821</ele>
        <time>2025-06-13T02:22:41.526Z</time>
      </trkpt>
      <trkpt lat="50.713410" lon="17.917781">
        <ele>152.522025</ele>
        <time>2025-06-13T02:22:51.623Z</time>
      </trkpt>
      <trkpt lat="50.713706" lon="17.917046">
        <ele>152.454520</ele>
        <time>2025-06-13T02:23:03.652Z</time>
      </trkpt>
      <trkpt lat="50.713706" lon="17.917045">
        <ele>152.454462</ele>
        <time>2025-06-13T02:23:03.659Z</time>
      </trkpt>
      <trkpt lat="50.714241" lon="17.915968">
        <ele>152.376236</ele>
        <time>2025-06-13T02:23:22.854Z</time>
      </trkpt>
      <trkpt lat="50.714805" lon="17.914851">
        <ele>152.230038</ele>
        <time>2025-06-13T02:23:42.767Z</time>
      </trkpt>
      <trkpt lat="50.714851" lon="17.914757">
        <ele>152.211047</ele>
        <time>2025-06-13T02:23:44.407Z</time>
      </trkpt>
      <trkpt lat="50.715812" lon="17.912872">
        <ele>151.818007</ele>
        <time>2025-06-13T02:24:17.187Z</time>
      </trkpt>
      <trkpt lat="50.716065" lon="17.912458">
        <ele>151.715147</ele>
        <time>2025-06-13T02:24:25.094Z</time>
      </trkpt>
      <trkpt lat="50.716067" lon="17.912454">
        <ele>151.714236</ele>
        <time>2025-06-13T02:24:25.161Z</time>
      </trkpt>
      <trkpt lat="50.716758" lon="17.911436">
        <ele>151.447437</ele>
        <time>2025-06-13T02:24:45.511Z</time>
      </trkpt>
      <trkpt lat="50.716834" lon="17.911326">
        <ele>151.418331</ele>
        <time>2025-06-13T02:24:47.697Z</time>
      </trkpt>
      <trkpt lat="50.717179" lon="17.910804">
        <ele>151.232132</ele>
        <time>2025-06-13T02:24:57.837Z</time>
      </trkpt>
      <trkpt lat="50.717542" lon="17.910298">
        <ele>151.013068</ele>
        <time>2025-06-13T02:25:07.961Z</time>
      </trkpt>
      <trkpt lat="50.717722" lon="17.910119">
        <ele>150.916825</ele>
        <time>2025-06-13T02:25:12.370Z</time>
      </trkpt>
      <trkpt lat="50.718192" lon="17.909827">
        <ele>150.688305</ele>
        <time>2025-06-13T02:25:22.853Z</time>
      </trkpt>
      <trkpt lat="50.718383" lon="17.909610">
        <ele>150.581848</ele>
        <time>2025-06-13T02:25:27.793Z</time>
      </trkpt>
      <trkpt lat="50.719518" lon="17.907625">
        <ele>150.346855</ele>
        <time>2025-06-13T02:26:04.583Z</time>
      </trkpt>
      <trkpt lat="50.719669" lon="17.907193">
        <ele>150.415562</ele>
        <time>2025-06-13T02:26:11.770Z</time>
      </trkpt>
      <trkpt lat="50.719747" lon="17.906554">
        <ele>150.666471</ele>
        <time>2025-06-13T02:26:21.519Z</time>
      </trkpt>
      <trkpt lat="50.719810" lon="17.906270">
        <ele>150.782496</ele>
        <time>2025-06-13T02:26:26.232Z</time>
      </trkpt>
      <trkpt lat="50.720112" lon="17.905375">
        <ele>151.173519</ele>
        <time>2025-06-13T02:26:43.372Z</time>
      </trkpt>
      <trkpt lat="50.720120" lon="17.905337">
        <ele>151.188959</ele>
        <time>2025-06-13T02:26:44.073Z</time>
      </trkpt>
      <trkpt lat="50.720159" lon="17.904942">
        <ele>151.343094</ele>
        <time>2025-06-13T02:26:50.885Z</time>
      </trkpt>
      <trkpt lat="50.720160" lon="17.904271">
        <ele>151.482887</ele>
        <time>2025-06-13T02:27:02.200Z</time>
      </trkpt>
      <trkpt lat="50.720158" lon="17.903904">
        <ele>151.531224</ele>
        <time>2025-06-13T02:27:08.575Z</time>
      </trkpt>
      <trkpt lat="50.720143" lon="17.903272">
        <ele>151.614520</ele>
        <time>2025-06-13T02:27:19.165Z</time>
      </trkpt>
      <trkpt lat="50.720139" lon="17.903140">
        <ele>151.631925</ele>
        <time>2025-06-13T02:27:21.250Z</time>
      </trkpt>
      <trkpt lat="50.720084" lon="17.902759">
        <ele>151.683392</ele>
        <time>2025-06-13T02:27:27.117Z</time>
      </trkpt>
      <trkpt lat="50.720178" lon="17.902659">
        <ele>151.706968</ele>
        <time>2025-06-13T02:27:29.585Z</time>
      </trkpt>
      <trkpt lat="50.720380" lon="17.902353">
        <ele>151.765192</ele>
        <time>2025-06-13T02:27:35.327Z</time>
      </trkpt>
      <trkpt lat="50.720405" lon="17.902318">
        <ele>151.772141</ele>
        <time>2025-06-13T02:27:35.988Z</time>
      </trkpt>
      <trkpt lat="50.720691" lon="17.901952">
        <ele>151.795359</ele>
        <time>2025-06-13T02:27:43.015Z</time>
      </trkpt>
      <trkpt lat="50.720786" lon="17.901826">
        <ele>151.795359</ele>
        <time>2025-06-13T02:27:45.386Z</time>
      </trkpt>
      <trkpt lat="50.720806" lon="17.901799">
        <ele>151.795359</ele>
        <time>2025-06-13T02:27:45.885Z</time>
      </trkpt>
      <trkpt lat="50.720821" lon="17.901777">
        <ele>151.795359</ele>
        <time>2025-06-13T02:27:46.281Z</time>
      </trkpt>
      <trkpt lat="50.721036" lon="17.901497">
        <ele>151.795359</ele>
        <time>2025-06-13T02:27:51.590Z</time>
      </trkpt>
      <trkpt lat="50.721423" lon="17.901073">
        <ele>151.795359</ele>
        <time>2025-06-13T02:28:00.444Z</time>
      </trkpt>
      <trkpt lat="50.721351" lon="17.900883">
        <ele>151.795359</ele>
        <time>2025-06-13T02:28:03.223Z</time>
      </trkpt>
    </trkseg>
  </trk>
</gpx>